unique id,value,lon,lat,municipality name,province name,region
8120,119.1613312,120.9375020505428,14.012500475207576,Agoncillo,Batangas,Region IV-A (Calabarzon)
8121,122.656189,120.91250205011892,13.987500474359749,Agoncillo,Batangas,Region IV-A (Calabarzon)
8122,120.7507248,120.9375020505428,13.987500474359749,Agoncillo,Batangas,Region IV-A (Calabarzon)
8123,123.6909103,120.91250205011892,13.96250047351192,Agoncillo,Batangas,Region IV-A (Calabarzon)
8124,121.3153076,120.9375020505428,13.96250047351192,Agoncillo,Batangas,Region IV-A (Calabarzon)
8125,124.9017716,120.91250205011892,13.937500472664087,Agoncillo,Batangas,Region IV-A (Calabarzon)
8126,122.1408691,120.9375020505428,13.937500472664087,Agoncillo,Batangas,Region IV-A (Calabarzon)
8127,121.9733582,121.01250205181447,13.887500470968432,Alitagtag,Batangas,Region IV-A (Calabarzon)
8128,122.2276917,121.01250205181447,13.862500470120604,Alitagtag,Batangas,Region IV-A (Calabarzon)
8129,121.3966217,121.03750205223837,13.862500470120604,Alitagtag,Batangas,Region IV-A (Calabarzon)
8130,127.4385834,120.81250204842338,14.037500476055406,Balayan,Batangas,Region IV-A (Calabarzon)
8131,128.2784729,120.78750204799948,14.012500475207576,Balayan,Batangas,Region IV-A (Calabarzon)
8132,130.010376,120.68750204630392,13.987500474359749,Balayan,Batangas,Region IV-A (Calabarzon)
8133,129.5269928,120.7625020475756,13.987500474359749,Balayan,Batangas,Region IV-A (Calabarzon)
8134,130.1428223,120.68750204630392,13.96250047351192,Balayan,Batangas,Region IV-A (Calabarzon)
8135,130.2741547,120.71250204672782,13.96250047351192,Balayan,Batangas,Region IV-A (Calabarzon)
8136,130.0942688,120.7375020471517,13.96250047351192,Balayan,Batangas,Region IV-A (Calabarzon)
8137,130.0908203,120.7625020475756,13.96250047351192,Balayan,Batangas,Region IV-A (Calabarzon)
8138,128.8184662,120.68750204630392,13.937500472664087,Balayan,Batangas,Region IV-A (Calabarzon)
8139,128.9746246,120.71250204672782,13.937500472664087,Balayan,Batangas,Region IV-A (Calabarzon)
8140,129.6616974,120.7375020471517,13.937500472664087,Balayan,Batangas,Region IV-A (Calabarzon)
8141,129.6582489,120.7625020475756,13.937500472664087,Balayan,Batangas,Region IV-A (Calabarzon)
8142,128.4380951,120.68750204630392,13.912500471816262,Balayan,Batangas,Region IV-A (Calabarzon)
8143,113.4456406,121.01250205181447,14.012500475207576,Balete,Batangas,Region IV-A (Calabarzon)
8144,109.5892944,121.11250205351,14.012500475207576,Balete,Batangas,Region IV-A (Calabarzon)
8145,109.2021408,121.1375020539339,14.012500475207576,Balete,Batangas,Region IV-A (Calabarzon)
8146,120.7971268,121.08750205308613,13.837500469272776,Batangas City (Capital),Batangas,Region IV-A (Calabarzon)
8147,121.6274109,121.06250205266224,13.812500468424949,Batangas City (Capital),Batangas,Region IV-A (Calabarzon)
8148,121.2121353,121.08750205308613,13.812500468424949,Batangas City (Capital),Batangas,Region IV-A (Calabarzon)
8149,123.3500366,121.03750205223837,13.787500467577118,Batangas City (Capital),Batangas,Region IV-A (Calabarzon)
8150,121.5543747,121.06250205266224,13.787500467577118,Batangas City (Capital),Batangas,Region IV-A (Calabarzon)
8151,121.1688919,121.08750205308613,13.787500467577118,Batangas City (Capital),Batangas,Region IV-A (Calabarzon)
8152,120.696907,121.11250205351,13.787500467577118,Batangas City (Capital),Batangas,Region IV-A (Calabarzon)
8153,120.3005753,121.1375020539339,13.787500467577118,Batangas City (Capital),Batangas,Region IV-A (Calabarzon)
8154,122.6842194,121.06250205266224,13.762500466729287,Batangas City (Capital),Batangas,Region IV-A (Calabarzon)
8155,121.5823288,121.08750205308613,13.762500466729287,Batangas City (Capital),Batangas,Region IV-A (Calabarzon)
8156,120.9408493,121.11250205351,13.762500466729287,Batangas City (Capital),Batangas,Region IV-A (Calabarzon)
8157,119.5841446,121.1375020539339,13.762500466729287,Batangas City (Capital),Batangas,Region IV-A (Calabarzon)
8158,119.9327698,121.16250205435777,13.762500466729287,Batangas City (Capital),Batangas,Region IV-A (Calabarzon)
8159,122.6330414,121.06250205266224,13.73750046588146,Batangas City (Capital),Batangas,Region IV-A (Calabarzon)
8160,121.2326889,121.08750205308613,13.73750046588146,Batangas City (Capital),Batangas,Region IV-A (Calabarzon)
8161,120.631134,121.11250205351,13.73750046588146,Batangas City (Capital),Batangas,Region IV-A (Calabarzon)
8162,119.8069,121.1375020539339,13.73750046588146,Batangas City (Capital),Batangas,Region IV-A (Calabarzon)
8163,120.1878815,121.16250205435777,13.73750046588146,Batangas City (Capital),Batangas,Region IV-A (Calabarzon)
8164,121.2808609,121.06250205266224,13.712500465033632,Batangas City (Capital),Batangas,Region IV-A (Calabarzon)
8165,120.9143219,121.08750205308613,13.712500465033632,Batangas City (Capital),Batangas,Region IV-A (Calabarzon)
8166,120.5292282,121.11250205351,13.712500465033632,Batangas City (Capital),Batangas,Region IV-A (Calabarzon)
8167,120.24646,121.1375020539339,13.712500465033632,Batangas City (Capital),Batangas,Region IV-A (Calabarzon)
8168,119.0955963,121.16250205435777,13.712500465033632,Batangas City (Capital),Batangas,Region IV-A (Calabarzon)
8169,120.9341965,121.06250205266224,13.687500464185804,Batangas City (Capital),Batangas,Region IV-A (Calabarzon)
8170,120.7320252,121.08750205308613,13.687500464185804,Batangas City (Capital),Batangas,Region IV-A (Calabarzon)
8171,120.4323807,121.11250205351,13.687500464185804,Batangas City (Capital),Batangas,Region IV-A (Calabarzon)
8172,120.1464768,121.1375020539339,13.687500464185804,Batangas City (Capital),Batangas,Region IV-A (Calabarzon)
8173,119.2917099,121.16250205435777,13.687500464185804,Batangas City (Capital),Batangas,Region IV-A (Calabarzon)
8174,120.9120636,121.06250205266224,13.662500463337974,Batangas City (Capital),Batangas,Region IV-A (Calabarzon)
8175,120.6595078,121.08750205308613,13.662500463337974,Batangas City (Capital),Batangas,Region IV-A (Calabarzon)
8176,120.3104477,121.11250205351,13.662500463337974,Batangas City (Capital),Batangas,Region IV-A (Calabarzon)
8177,119.1343765,121.1375020539339,13.662500463337974,Batangas City (Capital),Batangas,Region IV-A (Calabarzon)
8178,120.0760803,121.16250205435777,13.662500463337974,Batangas City (Capital),Batangas,Region IV-A (Calabarzon)
8179,119.7886658,121.03750205223837,13.637500462490149,Batangas City (Capital),Batangas,Region IV-A (Calabarzon)
8180,119.7314682,121.06250205266224,13.637500462490149,Batangas City (Capital),Batangas,Region IV-A (Calabarzon)
8181,118.3198471,121.08750205308613,13.637500462490149,Batangas City (Capital),Batangas,Region IV-A (Calabarzon)
8182,118.0523071,121.11250205351,13.637500462490149,Batangas City (Capital),Batangas,Region IV-A (Calabarzon)
8183,118.504158,121.1375020539339,13.637500462490149,Batangas City (Capital),Batangas,Region IV-A (Calabarzon)
8184,113.1409226,121.06250205266224,13.56250045994666,Batangas City (Capital),Batangas,Region IV-A (Calabarzon)
8185,114.1356964,121.08750205308613,13.56250045994666,Batangas City (Capital),Batangas,Region IV-A (Calabarzon)
8186,108.6772003,121.08750205308613,13.53750045909883,Batangas City (Capital),Batangas,Region IV-A (Calabarzon)
8187,124.0785523,120.98750205139056,13.837500469272776,Bauan,Batangas,Region IV-A (Calabarzon)
8188,123.3048172,121.01250205181447,13.837500469272776,Bauan,Batangas,Region IV-A (Calabarzon)
8189,124.5998535,120.96250205096668,13.812500468424949,Bauan,Batangas,Region IV-A (Calabarzon)
8190,124.3732605,120.98750205139056,13.812500468424949,Bauan,Batangas,Region IV-A (Calabarzon)
8191,125.0922928,120.9375020505428,13.787500467577118,Bauan,Batangas,Region IV-A (Calabarzon)
8192,124.3550644,120.96250205096668,13.787500467577118,Bauan,Batangas,Region IV-A (Calabarzon)
8193,124.2178192,120.98750205139056,13.787500467577118,Bauan,Batangas,Region IV-A (Calabarzon)
8194,123.6848602,121.01250205181447,13.787500467577118,Bauan,Batangas,Region IV-A (Calabarzon)
8195,125.827858,120.83750204884724,14.037500476055406,City of Calaca,Batangas,Region IV-A (Calabarzon)
8196,127.5933456,120.81250204842338,14.012500475207576,City of Calaca,Batangas,Region IV-A (Calabarzon)
8197,127.2962036,120.83750204884724,14.012500475207576,City of Calaca,Batangas,Region IV-A (Calabarzon)
8198,123.3548889,120.86250204927114,14.012500475207576,City of Calaca,Batangas,Region IV-A (Calabarzon)
8199,128.7096405,120.78750204799948,13.987500474359749,City of Calaca,Batangas,Region IV-A (Calabarzon)
8200,128.1988068,120.81250204842338,13.987500474359749,City of Calaca,Batangas,Region IV-A (Calabarzon)
8201,128.0291443,120.83750204884724,13.987500474359749,City of Calaca,Batangas,Region IV-A (Calabarzon)
8202,124.361908,120.86250204927114,13.987500474359749,City of Calaca,Batangas,Region IV-A (Calabarzon)
8203,129.1885834,120.78750204799948,13.96250047351192,City of Calaca,Batangas,Region IV-A (Calabarzon)
8204,128.740036,120.81250204842338,13.96250047351192,City of Calaca,Batangas,Region IV-A (Calabarzon)
8205,128.0471649,120.83750204884724,13.96250047351192,City of Calaca,Batangas,Region IV-A (Calabarzon)
8206,126.7966538,120.86250204927114,13.96250047351192,City of Calaca,Batangas,Region IV-A (Calabarzon)
8207,128.6994324,120.78750204799948,13.937500472664087,City of Calaca,Batangas,Region IV-A (Calabarzon)
8208,128.3263397,120.81250204842338,13.937500472664087,City of Calaca,Batangas,Region IV-A (Calabarzon)
8209,128.1221008,120.83750204884724,13.937500472664087,City of Calaca,Batangas,Region IV-A (Calabarzon)
8210,128.2794037,120.63750204545616,13.912500471816262,Calatagan,Batangas,Region IV-A (Calabarzon)
8211,128.3980408,120.66250204588005,13.912500471816262,Calatagan,Batangas,Region IV-A (Calabarzon)
8212,127.7094345,120.63750204545616,13.887500470968432,Calatagan,Batangas,Region IV-A (Calabarzon)
8213,127.7952576,120.66250204588005,13.887500470968432,Calatagan,Batangas,Region IV-A (Calabarzon)
8214,127.9711456,120.68750204630392,13.887500470968432,Calatagan,Batangas,Region IV-A (Calabarzon)
8215,127.0749588,120.63750204545616,13.862500470120604,Calatagan,Batangas,Region IV-A (Calabarzon)
8216,126.8240585,120.66250204588005,13.862500470120604,Calatagan,Batangas,Region IV-A (Calabarzon)
8217,127.6352692,120.68750204630392,13.862500470120604,Calatagan,Batangas,Region IV-A (Calabarzon)
8218,127.8402481,120.71250204672782,13.862500470120604,Calatagan,Batangas,Region IV-A (Calabarzon)
8219,126.1599731,120.63750204545616,13.837500469272776,Calatagan,Batangas,Region IV-A (Calabarzon)
8220,125.2174454,120.63750204545616,13.812500468424949,Calatagan,Batangas,Region IV-A (Calabarzon)
8221,125.0,120.66250204588005,13.812500468424949,Calatagan,Batangas,Region IV-A (Calabarzon)
8222,124.4686127,120.66250204588005,13.787500467577118,Calatagan,Batangas,Region IV-A (Calabarzon)
8223,117.0153198,121.03750205223837,13.937500472664087,Cuenca,Batangas,Region IV-A (Calabarzon)
8224,116.8081741,121.06250205266224,13.937500472664087,Cuenca,Batangas,Region IV-A (Calabarzon)
8225,119.8937149,121.03750205223837,13.912500471816262,Cuenca,Batangas,Region IV-A (Calabarzon)
8226,117.6625977,121.06250205266224,13.912500471816262,Cuenca,Batangas,Region IV-A (Calabarzon)
8227,121.529274,121.03750205223837,13.887500470968432,Cuenca,Batangas,Region IV-A (Calabarzon)
8228,119.304863,121.06250205266224,13.887500470968432,Cuenca,Batangas,Region IV-A (Calabarzon)
8229,117.9869614,121.1375020539339,13.862500470120604,Ibaan,Batangas,Region IV-A (Calabarzon)
8230,120.1016083,121.11250205351,13.837500469272776,Ibaan,Batangas,Region IV-A (Calabarzon)
8231,118.8824081,121.1375020539339,13.837500469272776,Ibaan,Batangas,Region IV-A (Calabarzon)
8232,119.0933075,121.16250205435777,13.837500469272776,Ibaan,Batangas,Region IV-A (Calabarzon)
8233,120.7201538,121.11250205351,13.812500468424949,Ibaan,Batangas,Region IV-A (Calabarzon)
8234,120.3160095,121.1375020539339,13.812500468424949,Ibaan,Batangas,Region IV-A (Calabarzon)
8235,118.8313522,121.16250205435777,13.812500468424949,Ibaan,Batangas,Region IV-A (Calabarzon)
8236,118.803154,121.16250205435777,13.787500467577118,Ibaan,Batangas,Region IV-A (Calabarzon)
8237,122.8683243,120.86250204927114,14.062500476903235,Laurel,Batangas,Region IV-A (Calabarzon)
8238,118.7311096,120.88750204969504,14.062500476903235,Laurel,Batangas,Region IV-A (Calabarzon)
8239,117.5109482,120.91250205011892,14.062500476903235,Laurel,Batangas,Region IV-A (Calabarzon)
8240,124.0941315,120.86250204927114,14.037500476055406,Laurel,Batangas,Region IV-A (Calabarzon)
8241,121.9951401,120.88750204969504,14.037500476055406,Laurel,Batangas,Region IV-A (Calabarzon)
8242,120.8547363,120.91250205011892,14.037500476055406,Laurel,Batangas,Region IV-A (Calabarzon)
8243,116.3364716,120.9375020505428,14.037500476055406,Laurel,Batangas,Region IV-A (Calabarzon)
8244,121.4221115,120.91250205011892,14.012500475207576,Laurel,Batangas,Region IV-A (Calabarzon)
8245,122.1546478,120.88750204969504,14.012500475207576,Lemery,Batangas,Region IV-A (Calabarzon)
8246,123.2353363,120.88750204969504,13.987500474359749,Lemery,Batangas,Region IV-A (Calabarzon)
8247,124.3761368,120.88750204969504,13.96250047351192,Lemery,Batangas,Region IV-A (Calabarzon)
8248,126.8709259,120.86250204927114,13.937500472664087,Lemery,Batangas,Region IV-A (Calabarzon)
8249,125.4746323,120.88750204969504,13.937500472664087,Lemery,Batangas,Region IV-A (Calabarzon)
8250,126.5182343,120.86250204927114,13.912500471816262,Lemery,Batangas,Region IV-A (Calabarzon)
8251,125.8486176,120.88750204969504,13.912500471816262,Lemery,Batangas,Region IV-A (Calabarzon)
8252,125.5060577,120.91250205011892,13.912500471816262,Lemery,Batangas,Region IV-A (Calabarzon)
8253,126.0652924,120.91250205011892,13.887500470968432,Lemery,Batangas,Region IV-A (Calabarzon)
8254,130.5075073,120.63750204545616,14.037500476055406,Lian,Batangas,Region IV-A (Calabarzon)
8255,130.2330017,120.66250204588005,14.037500476055406,Lian,Batangas,Region IV-A (Calabarzon)
8256,130.0653229,120.68750204630392,14.037500476055406,Lian,Batangas,Region IV-A (Calabarzon)
8257,129.8769989,120.63750204545616,14.012500475207576,Lian,Batangas,Region IV-A (Calabarzon)
8258,129.9140167,120.66250204588005,14.012500475207576,Lian,Batangas,Region IV-A (Calabarzon)
8259,129.8395691,120.63750204545616,13.987500474359749,Lian,Batangas,Region IV-A (Calabarzon)
8260,129.9208221,120.66250204588005,13.987500474359749,Lian,Batangas,Region IV-A (Calabarzon)
8261,130.4311218,120.61250204503229,13.96250047351192,Lian,Batangas,Region IV-A (Calabarzon)
8262,129.8339233,120.63750204545616,13.96250047351192,Lian,Batangas,Region IV-A (Calabarzon)
8263,129.6382904,120.66250204588005,13.96250047351192,Lian,Batangas,Region IV-A (Calabarzon)
8264,129.2321014,120.63750204545616,13.937500472664087,Lian,Batangas,Region IV-A (Calabarzon)
8265,129.037674,120.66250204588005,13.937500472664087,Lian,Batangas,Region IV-A (Calabarzon)
8266,107.8307877,121.18750205478167,14.012500475207576,Lipa City,Batangas,Region IV-A (Calabarzon)
8267,110.967392,121.1375020539339,13.987500474359749,Lipa City,Batangas,Region IV-A (Calabarzon)
8268,109.9639511,121.16250205435777,13.987500474359749,Lipa City,Batangas,Region IV-A (Calabarzon)
8269,109.7068939,121.18750205478167,13.987500474359749,Lipa City,Batangas,Region IV-A (Calabarzon)
8270,110.0373154,121.23750205562946,13.987500474359749,Lipa City,Batangas,Region IV-A (Calabarzon)
8271,112.8958435,121.1375020539339,13.96250047351192,Lipa City,Batangas,Region IV-A (Calabarzon)
8272,112.5827866,121.16250205435777,13.96250047351192,Lipa City,Batangas,Region IV-A (Calabarzon)
8273,111.4565506,121.18750205478167,13.96250047351192,Lipa City,Batangas,Region IV-A (Calabarzon)
8274,111.5622101,121.21250205520556,13.96250047351192,Lipa City,Batangas,Region IV-A (Calabarzon)
8275,113.0362854,121.23750205562946,13.96250047351192,Lipa City,Batangas,Region IV-A (Calabarzon)
8276,116.0681381,121.08750205308613,13.937500472664087,Lipa City,Batangas,Region IV-A (Calabarzon)
8277,115.4850388,121.11250205351,13.937500472664087,Lipa City,Batangas,Region IV-A (Calabarzon)
8278,113.9702683,121.1375020539339,13.937500472664087,Lipa City,Batangas,Region IV-A (Calabarzon)
8279,113.6547928,121.16250205435777,13.937500472664087,Lipa City,Batangas,Region IV-A (Calabarzon)
8280,113.5658188,121.18750205478167,13.937500472664087,Lipa City,Batangas,Region IV-A (Calabarzon)
8281,113.5960693,121.21250205520556,13.937500472664087,Lipa City,Batangas,Region IV-A (Calabarzon)
8282,113.596611,121.23750205562946,13.937500472664087,Lipa City,Batangas,Region IV-A (Calabarzon)
8283,116.4916992,121.1375020539339,13.912500471816262,Lipa City,Batangas,Region IV-A (Calabarzon)
8284,115.1283264,121.16250205435777,13.912500471816262,Lipa City,Batangas,Region IV-A (Calabarzon)
8285,115.1482239,121.18750205478167,13.912500471816262,Lipa City,Batangas,Region IV-A (Calabarzon)
8286,115.1147995,121.21250205520556,13.912500471816262,Lipa City,Batangas,Region IV-A (Calabarzon)
8287,115.0526123,121.23750205562946,13.912500471816262,Lipa City,Batangas,Region IV-A (Calabarzon)
8288,118.0316162,121.1375020539339,13.887500470968432,Lipa City,Batangas,Region IV-A (Calabarzon)
8289,116.8391876,121.16250205435777,13.887500470968432,Lipa City,Batangas,Region IV-A (Calabarzon)
8290,116.79496,121.18750205478167,13.887500470968432,Lipa City,Batangas,Region IV-A (Calabarzon)
8291,117.2879334,121.26250205605332,13.887500470968432,Lipa City,Batangas,Region IV-A (Calabarzon)
8292,118.0742798,121.16250205435777,13.862500470120604,Lipa City,Batangas,Region IV-A (Calabarzon)
8293,119.0630112,121.18750205478167,13.712500465033632,Lobo,Batangas,Region IV-A (Calabarzon)
8294,118.4767761,121.23750205562946,13.712500465033632,Lobo,Batangas,Region IV-A (Calabarzon)
8295,117.389473,121.28750205647722,13.712500465033632,Lobo,Batangas,Region IV-A (Calabarzon)
8296,119.4298935,121.18750205478167,13.687500464185804,Lobo,Batangas,Region IV-A (Calabarzon)
8297,119.1351395,121.21250205520556,13.687500464185804,Lobo,Batangas,Region IV-A (Calabarzon)
8298,118.8780212,121.23750205562946,13.687500464185804,Lobo,Batangas,Region IV-A (Calabarzon)
8299,117.836319,121.26250205605332,13.687500464185804,Lobo,Batangas,Region IV-A (Calabarzon)
8300,117.753273,121.28750205647722,13.687500464185804,Lobo,Batangas,Region IV-A (Calabarzon)
8301,118.1124954,121.31250205690112,13.687500464185804,Lobo,Batangas,Region IV-A (Calabarzon)
8302,118.2052383,121.337502057325,13.687500464185804,Lobo,Batangas,Region IV-A (Calabarzon)
8303,119.8715439,121.18750205478167,13.662500463337974,Lobo,Batangas,Region IV-A (Calabarzon)
8304,119.4870987,121.21250205520556,13.662500463337974,Lobo,Batangas,Region IV-A (Calabarzon)
8305,118.5930634,121.23750205562946,13.662500463337974,Lobo,Batangas,Region IV-A (Calabarzon)
8306,118.4935761,121.26250205605332,13.662500463337974,Lobo,Batangas,Region IV-A (Calabarzon)
8307,118.1551361,121.28750205647722,13.662500463337974,Lobo,Batangas,Region IV-A (Calabarzon)
8308,118.2381744,121.31250205690112,13.662500463337974,Lobo,Batangas,Region IV-A (Calabarzon)
8309,117.7776871,121.337502057325,13.662500463337974,Lobo,Batangas,Region IV-A (Calabarzon)
8310,118.3907166,121.21250205520556,13.637500462490149,Lobo,Batangas,Region IV-A (Calabarzon)
8311,118.3450623,121.23750205562946,13.637500462490149,Lobo,Batangas,Region IV-A (Calabarzon)
8312,118.245575,121.26250205605332,13.637500462490149,Lobo,Batangas,Region IV-A (Calabarzon)
8313,117.4395676,121.28750205647722,13.637500462490149,Lobo,Batangas,Region IV-A (Calabarzon)
8314,117.510109,121.31250205690112,13.637500462490149,Lobo,Batangas,Region IV-A (Calabarzon)
8315,117.3132553,121.26250205605332,13.612500461642316,Lobo,Batangas,Region IV-A (Calabarzon)
8316,117.1627579,121.28750205647722,13.612500461642316,Lobo,Batangas,Region IV-A (Calabarzon)
8317,124.5312042,120.9375020505428,13.762500466729287,Mabini,Batangas,Region IV-A (Calabarzon)
8318,123.1354675,120.91250205011892,13.73750046588146,Mabini,Batangas,Region IV-A (Calabarzon)
8319,123.9745026,120.9375020505428,13.73750046588146,Mabini,Batangas,Region IV-A (Calabarzon)
8320,122.7016678,120.88750204969504,13.712500465033632,Mabini,Batangas,Region IV-A (Calabarzon)
8321,122.7168732,120.91250205011892,13.712500465033632,Mabini,Batangas,Region IV-A (Calabarzon)
8322,104.8361282,121.16250205435777,14.062500476903235,Malvar,Batangas,Region IV-A (Calabarzon)
8323,108.8622284,121.11250205351,14.037500476055406,Malvar,Batangas,Region IV-A (Calabarzon)
8324,107.2654343,121.1375020539339,14.037500476055406,Malvar,Batangas,Region IV-A (Calabarzon)
8325,106.4083405,121.16250205435777,14.037500476055406,Malvar,Batangas,Region IV-A (Calabarzon)
8326,107.946167,121.16250205435777,14.012500475207576,Malvar,Batangas,Region IV-A (Calabarzon)
8327,111.4952393,121.08750205308613,13.987500474359749,Mataasnakahoy,Batangas,Region IV-A (Calabarzon)
8328,111.1333542,121.11250205351,13.987500474359749,Mataasnakahoy,Batangas,Region IV-A (Calabarzon)
8329,113.0302124,121.08750205308613,13.96250047351192,Mataasnakahoy,Batangas,Region IV-A (Calabarzon)
8330,112.4813156,121.11250205351,13.96250047351192,Mataasnakahoy,Batangas,Region IV-A (Calabarzon)
8331,0.0,120.58750204460839,14.237500482838035,Nasugbu,Batangas,Region IV-A (Calabarzon)
8332,128.908783,120.58750204460839,14.212500481990208,Nasugbu,Batangas,Region IV-A (Calabarzon)
8333,128.7851105,120.61250204503229,14.212500481990208,Nasugbu,Batangas,Region IV-A (Calabarzon)
8334,128.0407867,120.63750204545616,14.212500481990208,Nasugbu,Batangas,Region IV-A (Calabarzon)
8335,129.3443451,120.61250204503229,14.18750048114238,Nasugbu,Batangas,Region IV-A (Calabarzon)
8336,128.612442,120.63750204545616,14.18750048114238,Nasugbu,Batangas,Region IV-A (Calabarzon)
8337,129.5321045,120.61250204503229,14.16250048029455,Nasugbu,Batangas,Region IV-A (Calabarzon)
8338,128.8113403,120.63750204545616,14.16250048029455,Nasugbu,Batangas,Region IV-A (Calabarzon)
8339,128.4224091,120.66250204588005,14.16250048029455,Nasugbu,Batangas,Region IV-A (Calabarzon)
8340,127.2376785,120.68750204630392,14.16250048029455,Nasugbu,Batangas,Region IV-A (Calabarzon)
8341,130.3039246,120.61250204503229,14.137500479446722,Nasugbu,Batangas,Region IV-A (Calabarzon)
8342,129.2150269,120.63750204545616,14.137500479446722,Nasugbu,Batangas,Region IV-A (Calabarzon)
8343,128.8157196,120.66250204588005,14.137500479446722,Nasugbu,Batangas,Region IV-A (Calabarzon)
8344,128.7574768,120.68750204630392,14.137500479446722,Nasugbu,Batangas,Region IV-A (Calabarzon)
8345,129.6304627,120.63750204545616,14.112500478598893,Nasugbu,Batangas,Region IV-A (Calabarzon)
8346,128.9991303,120.66250204588005,14.112500478598893,Nasugbu,Batangas,Region IV-A (Calabarzon)
8347,128.8947449,120.68750204630392,14.112500478598893,Nasugbu,Batangas,Region IV-A (Calabarzon)
8348,128.7172852,120.71250204672782,14.112500478598893,Nasugbu,Batangas,Region IV-A (Calabarzon)
8349,128.5171967,120.7375020471517,14.112500478598893,Nasugbu,Batangas,Region IV-A (Calabarzon)
8350,126.5833206,120.7625020475756,14.112500478598893,Nasugbu,Batangas,Region IV-A (Calabarzon)
8351,129.8312378,120.63750204545616,14.087500477751064,Nasugbu,Batangas,Region IV-A (Calabarzon)
8352,129.2601013,120.66250204588005,14.087500477751064,Nasugbu,Batangas,Region IV-A (Calabarzon)
8353,129.141922,120.68750204630392,14.087500477751064,Nasugbu,Batangas,Region IV-A (Calabarzon)
8354,129.0514832,120.71250204672782,14.087500477751064,Nasugbu,Batangas,Region IV-A (Calabarzon)
8355,129.0290985,120.7375020471517,14.087500477751064,Nasugbu,Batangas,Region IV-A (Calabarzon)
8356,127.1845322,120.7625020475756,14.087500477751064,Nasugbu,Batangas,Region IV-A (Calabarzon)
8357,125.8058167,120.78750204799948,14.087500477751064,Nasugbu,Batangas,Region IV-A (Calabarzon)
8358,124.8863602,120.81250204842338,14.087500477751064,Nasugbu,Batangas,Region IV-A (Calabarzon)
8359,124.5438843,120.83750204884724,14.087500477751064,Nasugbu,Batangas,Region IV-A (Calabarzon)
8360,130.3773956,120.63750204545616,14.062500476903235,Nasugbu,Batangas,Region IV-A (Calabarzon)
8361,130.0756531,120.66250204588005,14.062500476903235,Nasugbu,Batangas,Region IV-A (Calabarzon)
8362,129.5991669,120.68750204630392,14.062500476903235,Nasugbu,Batangas,Region IV-A (Calabarzon)
8363,129.5414276,120.71250204672782,14.062500476903235,Nasugbu,Batangas,Region IV-A (Calabarzon)
8364,125.6007538,120.81250204842338,14.062500476903235,Nasugbu,Batangas,Region IV-A (Calabarzon)
8365,124.633194,120.83750204884724,14.062500476903235,Nasugbu,Batangas,Region IV-A (Calabarzon)
8366,116.6615067,121.21250205520556,13.887500470968432,Padre Garcia,Batangas,Region IV-A (Calabarzon)
8367,116.5855179,121.23750205562946,13.887500470968432,Padre Garcia,Batangas,Region IV-A (Calabarzon)
8368,116.7999878,121.21250205520556,13.862500470120604,Padre Garcia,Batangas,Region IV-A (Calabarzon)
8369,117.0184631,121.23750205562946,13.862500470120604,Padre Garcia,Batangas,Region IV-A (Calabarzon)
8370,117.0342712,121.26250205605332,13.862500470120604,Padre Garcia,Batangas,Region IV-A (Calabarzon)
8371,117.5363998,121.28750205647722,13.862500470120604,Padre Garcia,Batangas,Region IV-A (Calabarzon)
8372,117.0632248,121.18750205478167,13.862500470120604,Rosario,Batangas,Region IV-A (Calabarzon)
8373,118.7706451,121.31250205690112,13.862500470120604,Rosario,Batangas,Region IV-A (Calabarzon)
8374,119.9471893,121.337502057325,13.862500470120604,Rosario,Batangas,Region IV-A (Calabarzon)
8375,118.2127914,121.18750205478167,13.837500469272776,Rosario,Batangas,Region IV-A (Calabarzon)
8376,117.889122,121.21250205520556,13.837500469272776,Rosario,Batangas,Region IV-A (Calabarzon)
8377,117.6893234,121.23750205562946,13.837500469272776,Rosario,Batangas,Region IV-A (Calabarzon)
8378,117.7052307,121.26250205605332,13.837500469272776,Rosario,Batangas,Region IV-A (Calabarzon)
8379,117.6192398,121.28750205647722,13.837500469272776,Rosario,Batangas,Region IV-A (Calabarzon)
8380,118.8723831,121.31250205690112,13.837500469272776,Rosario,Batangas,Region IV-A (Calabarzon)
8381,120.3047028,121.337502057325,13.837500469272776,Rosario,Batangas,Region IV-A (Calabarzon)
8382,118.8296585,121.18750205478167,13.812500468424949,Rosario,Batangas,Region IV-A (Calabarzon)
8383,118.5675278,121.21250205520556,13.812500468424949,Rosario,Batangas,Region IV-A (Calabarzon)
8384,118.36483,121.23750205562946,13.812500468424949,Rosario,Batangas,Region IV-A (Calabarzon)
8385,118.0368729,121.26250205605332,13.812500468424949,Rosario,Batangas,Region IV-A (Calabarzon)
8386,118.1603317,121.28750205647722,13.812500468424949,Rosario,Batangas,Region IV-A (Calabarzon)
8387,119.3375015,121.31250205690112,13.812500468424949,Rosario,Batangas,Region IV-A (Calabarzon)
8388,118.1951065,121.23750205562946,13.787500467577118,Rosario,Batangas,Region IV-A (Calabarzon)
8389,117.7975006,121.26250205605332,13.787500467577118,Rosario,Batangas,Region IV-A (Calabarzon)
8390,117.9171982,121.28750205647722,13.787500467577118,Rosario,Batangas,Region IV-A (Calabarzon)
8391,118.9832382,121.31250205690112,13.787500467577118,Rosario,Batangas,Region IV-A (Calabarzon)
8392,118.0873032,121.28750205647722,13.762500466729287,Rosario,Batangas,Region IV-A (Calabarzon)
8393,118.9488907,121.31250205690112,13.762500466729287,Rosario,Batangas,Region IV-A (Calabarzon)
8394,117.4835205,121.28750205647722,13.73750046588146,Rosario,Batangas,Region IV-A (Calabarzon)
8395,118.1166611,121.31250205690112,13.73750046588146,Rosario,Batangas,Region IV-A (Calabarzon)
8396,117.9919357,121.31250205690112,13.712500465033632,Rosario,Batangas,Region IV-A (Calabarzon)
8397,118.2722778,121.337502057325,13.712500465033632,Rosario,Batangas,Region IV-A (Calabarzon)
8398,117.3681183,121.08750205308613,13.912500471816262,San Jose,Batangas,Region IV-A (Calabarzon)
8399,116.9267654,121.11250205351,13.912500471816262,San Jose,Batangas,Region IV-A (Calabarzon)
8400,118.8356934,121.08750205308613,13.887500470968432,San Jose,Batangas,Region IV-A (Calabarzon)
8401,118.3585815,121.11250205351,13.887500470968432,San Jose,Batangas,Region IV-A (Calabarzon)
8402,121.2210846,121.06250205266224,13.862500470120604,San Jose,Batangas,Region IV-A (Calabarzon)
8403,119.2981644,121.08750205308613,13.862500470120604,San Jose,Batangas,Region IV-A (Calabarzon)
8404,118.6106796,121.11250205351,13.862500470120604,San Jose,Batangas,Region IV-A (Calabarzon)
8405,122.1637573,121.06250205266224,13.837500469272776,San Jose,Batangas,Region IV-A (Calabarzon)
8406,120.0308991,121.36250205774888,13.862500470120604,San Juan,Batangas,Region IV-A (Calabarzon)
8407,120.3889008,121.36250205774888,13.837500469272776,San Juan,Batangas,Region IV-A (Calabarzon)
8408,119.9356232,121.38750205817276,13.837500469272776,San Juan,Batangas,Region IV-A (Calabarzon)
8409,119.9845581,121.41250205859664,13.837500469272776,San Juan,Batangas,Region IV-A (Calabarzon)
8410,120.0091095,121.337502057325,13.812500468424949,San Juan,Batangas,Region IV-A (Calabarzon)
8411,120.5395737,121.36250205774888,13.812500468424949,San Juan,Batangas,Region IV-A (Calabarzon)
8412,120.4252167,121.38750205817276,13.812500468424949,San Juan,Batangas,Region IV-A (Calabarzon)
8413,120.4466553,121.41250205859664,13.812500468424949,San Juan,Batangas,Region IV-A (Calabarzon)
8414,120.5799179,121.43750205902055,13.812500468424949,San Juan,Batangas,Region IV-A (Calabarzon)
8415,119.4507828,121.337502057325,13.787500467577118,San Juan,Batangas,Region IV-A (Calabarzon)
8416,119.9197922,121.36250205774888,13.787500467577118,San Juan,Batangas,Region IV-A (Calabarzon)
8417,119.942688,121.38750205817276,13.787500467577118,San Juan,Batangas,Region IV-A (Calabarzon)
8418,119.9351044,121.41250205859664,13.787500467577118,San Juan,Batangas,Region IV-A (Calabarzon)
8419,119.0165176,121.337502057325,13.762500466729287,San Juan,Batangas,Region IV-A (Calabarzon)
8420,119.0179672,121.36250205774888,13.762500466729287,San Juan,Batangas,Region IV-A (Calabarzon)
8421,119.7153168,121.38750205817276,13.762500466729287,San Juan,Batangas,Region IV-A (Calabarzon)
8422,119.7017441,121.41250205859664,13.762500466729287,San Juan,Batangas,Region IV-A (Calabarzon)
8423,118.5401993,121.337502057325,13.73750046588146,San Juan,Batangas,Region IV-A (Calabarzon)
8424,118.5415497,121.36250205774888,13.73750046588146,San Juan,Batangas,Region IV-A (Calabarzon)
8425,118.027565,121.38750205817276,13.73750046588146,San Juan,Batangas,Region IV-A (Calabarzon)
8426,117.9907303,121.41250205859664,13.73750046588146,San Juan,Batangas,Region IV-A (Calabarzon)
8427,118.299736,121.43750205902055,13.73750046588146,San Juan,Batangas,Region IV-A (Calabarzon)
8428,117.9309387,121.36250205774888,13.712500465033632,San Juan,Batangas,Region IV-A (Calabarzon)
8429,117.7997284,121.38750205817276,13.712500465033632,San Juan,Batangas,Region IV-A (Calabarzon)
8430,117.7412338,121.41250205859664,13.712500465033632,San Juan,Batangas,Region IV-A (Calabarzon)
8431,117.7655716,121.43750205902055,13.712500465033632,San Juan,Batangas,Region IV-A (Calabarzon)
8432,117.8148041,121.36250205774888,13.687500464185804,San Juan,Batangas,Region IV-A (Calabarzon)
8433,117.7492523,121.38750205817276,13.687500464185804,San Juan,Batangas,Region IV-A (Calabarzon)
8434,117.6527023,121.41250205859664,13.687500464185804,San Juan,Batangas,Region IV-A (Calabarzon)
8435,117.5412064,121.43750205902055,13.687500464185804,San Juan,Batangas,Region IV-A (Calabarzon)
8436,116.738533,121.46250205944445,13.687500464185804,San Juan,Batangas,Region IV-A (Calabarzon)
8437,117.7130203,121.36250205774888,13.662500463337974,San Juan,Batangas,Region IV-A (Calabarzon)
8438,125.2129517,120.9375020505428,13.837500469272776,San Luis,Batangas,Region IV-A (Calabarzon)
8439,124.924118,120.96250205096668,13.837500469272776,San Luis,Batangas,Region IV-A (Calabarzon)
8440,125.564003,120.91250205011892,13.812500468424949,San Luis,Batangas,Region IV-A (Calabarzon)
8441,125.3800659,120.9375020505428,13.812500468424949,San Luis,Batangas,Region IV-A (Calabarzon)
8442,114.6259384,120.98750205139056,14.012500475207576,San Nicolas,Batangas,Region IV-A (Calabarzon)
8443,116.1589966,120.98750205139056,13.987500474359749,San Nicolas,Batangas,Region IV-A (Calabarzon)
8444,124.1275559,120.9375020505428,13.912500471816262,San Nicolas,Batangas,Region IV-A (Calabarzon)
8445,121.83004,120.96250205096668,13.912500471816262,San Nicolas,Batangas,Region IV-A (Calabarzon)
8446,122.3400116,121.03750205223837,13.837500469272776,San Pascual,Batangas,Region IV-A (Calabarzon)
8447,123.791214,121.01250205181447,13.812500468424949,San Pascual,Batangas,Region IV-A (Calabarzon)
8448,123.4535599,121.03750205223837,13.812500468424949,San Pascual,Batangas,Region IV-A (Calabarzon)
8449,124.4318619,120.96250205096668,13.862500470120604,Santa Teresita,Batangas,Region IV-A (Calabarzon)
8450,123.1133575,120.98750205139056,13.862500470120604,Santa Teresita,Batangas,Region IV-A (Calabarzon)
8451,102.9794235,121.1375020539339,14.137500479446722,City of Sto. Tomas,Batangas,Region IV-A (Calabarzon)
8452,101.878067,121.16250205435777,14.137500479446722,City of Sto. Tomas,Batangas,Region IV-A (Calabarzon)
8453,103.2630768,121.16250205435777,14.112500478598893,City of Sto. Tomas,Batangas,Region IV-A (Calabarzon)
8454,103.0561905,121.18750205478167,14.112500478598893,City of Sto. Tomas,Batangas,Region IV-A (Calabarzon)
8455,103.8359375,121.16250205435777,14.087500477751064,City of Sto. Tomas,Batangas,Region IV-A (Calabarzon)
8456,103.4616547,121.18750205478167,14.087500477751064,City of Sto. Tomas,Batangas,Region IV-A (Calabarzon)
8457,104.2765732,121.18750205478167,14.062500476903235,City of Sto. Tomas,Batangas,Region IV-A (Calabarzon)
8458,107.2429886,121.18750205478167,14.037500476055406,City of Sto. Tomas,Batangas,Region IV-A (Calabarzon)
8459,107.6174088,121.21250205520556,14.037500476055406,City of Sto. Tomas,Batangas,Region IV-A (Calabarzon)
8460,108.0486069,121.21250205520556,14.012500475207576,City of Sto. Tomas,Batangas,Region IV-A (Calabarzon)
8461,109.8343506,121.21250205520556,13.987500474359749,City of Sto. Tomas,Batangas,Region IV-A (Calabarzon)
8462,125.1876755,120.9375020505428,13.887500470968432,Taal,Batangas,Region IV-A (Calabarzon)
8463,123.1410523,120.96250205096668,13.887500470968432,Taal,Batangas,Region IV-A (Calabarzon)
8464,124.8441467,120.9375020505428,13.862500470120604,Taal,Batangas,Region IV-A (Calabarzon)
8465,103.4950562,121.03750205223837,14.137500479446722,Talisay,Batangas,Region IV-A (Calabarzon)
8466,108.1830139,120.98750205139056,14.112500478598893,Talisay,Batangas,Region IV-A (Calabarzon)
8467,107.0621338,121.01250205181447,14.112500478598893,Talisay,Batangas,Region IV-A (Calabarzon)
8468,106.1678238,121.03750205223837,14.112500478598893,Talisay,Batangas,Region IV-A (Calabarzon)
8469,109.7393875,120.96250205096668,14.087500477751064,Talisay,Batangas,Region IV-A (Calabarzon)
8470,109.0025864,120.98750205139056,14.087500477751064,Talisay,Batangas,Region IV-A (Calabarzon)
8471,112.6318512,121.01250205181447,14.037500476055406,Talisay,Batangas,Region IV-A (Calabarzon)
8472,103.3538742,121.06250205266224,14.137500479446722,City of Tanauan,Batangas,Region IV-A (Calabarzon)
8473,103.6162872,121.08750205308613,14.137500479446722,City of Tanauan,Batangas,Region IV-A (Calabarzon)
8474,103.5977707,121.11250205351,14.137500479446722,City of Tanauan,Batangas,Region IV-A (Calabarzon)
8475,104.0675354,121.06250205266224,14.112500478598893,City of Tanauan,Batangas,Region IV-A (Calabarzon)
8476,104.1123962,121.08750205308613,14.112500478598893,City of Tanauan,Batangas,Region IV-A (Calabarzon)
8477,104.0418625,121.11250205351,14.112500478598893,City of Tanauan,Batangas,Region IV-A (Calabarzon)
8478,103.8912048,121.1375020539339,14.112500478598893,City of Tanauan,Batangas,Region IV-A (Calabarzon)
8479,105.0036697,121.06250205266224,14.087500477751064,City of Tanauan,Batangas,Region IV-A (Calabarzon)
8480,104.7570801,121.08750205308613,14.087500477751064,City of Tanauan,Batangas,Region IV-A (Calabarzon)
8481,104.5848846,121.11250205351,14.087500477751064,City of Tanauan,Batangas,Region IV-A (Calabarzon)
8482,104.5340653,121.1375020539339,14.087500477751064,City of Tanauan,Batangas,Region IV-A (Calabarzon)
8483,105.5642014,121.08750205308613,14.062500476903235,City of Tanauan,Batangas,Region IV-A (Calabarzon)
8484,105.2447128,121.11250205351,14.062500476903235,City of Tanauan,Batangas,Region IV-A (Calabarzon)
8485,105.8907013,121.1375020539339,14.062500476903235,City of Tanauan,Batangas,Region IV-A (Calabarzon)
8486,109.281662,121.06250205266224,14.037500476055406,City of Tanauan,Batangas,Region IV-A (Calabarzon)
8487,109.2442551,121.08750205308613,14.037500476055406,City of Tanauan,Batangas,Region IV-A (Calabarzon)
8488,118.7797775,121.18750205478167,13.787500467577118,Taysan,Batangas,Region IV-A (Calabarzon)
8489,118.4686203,121.21250205520556,13.787500467577118,Taysan,Batangas,Region IV-A (Calabarzon)
8490,119.1939011,121.18750205478167,13.762500466729287,Taysan,Batangas,Region IV-A (Calabarzon)
8491,118.722023,121.21250205520556,13.762500466729287,Taysan,Batangas,Region IV-A (Calabarzon)
8492,117.8902817,121.23750205562946,13.762500466729287,Taysan,Batangas,Region IV-A (Calabarzon)
8493,117.8114014,121.26250205605332,13.762500466729287,Taysan,Batangas,Region IV-A (Calabarzon)
8494,119.2101898,121.18750205478167,13.73750046588146,Taysan,Batangas,Region IV-A (Calabarzon)
8495,118.7303772,121.21250205520556,13.73750046588146,Taysan,Batangas,Region IV-A (Calabarzon)
8496,118.1099701,121.23750205562946,13.73750046588146,Taysan,Batangas,Region IV-A (Calabarzon)
8497,118.0308304,121.26250205605332,13.73750046588146,Taysan,Batangas,Region IV-A (Calabarzon)
8498,118.7360916,121.21250205520556,13.712500465033632,Taysan,Batangas,Region IV-A (Calabarzon)
8499,117.4535294,121.26250205605332,13.712500465033632,Taysan,Batangas,Region IV-A (Calabarzon)
8500,119.80159,120.86250204927114,13.662500463337974,Tingloy,Batangas,Region IV-A (Calabarzon)
8501,118.0282745,120.88750204969504,13.637500462490149,Tingloy,Batangas,Region IV-A (Calabarzon)
8502,117.9780808,120.91250205011892,13.637500462490149,Tingloy,Batangas,Region IV-A (Calabarzon)
8503,119.4292908,120.9375020505428,13.637500462490149,Tingloy,Batangas,Region IV-A (Calabarzon)
8504,129.4741211,120.7375020471517,14.062500476903235,Tuy,Batangas,Region IV-A (Calabarzon)
8505,129.3714142,120.7625020475756,14.062500476903235,Tuy,Batangas,Region IV-A (Calabarzon)
8506,126.6196899,120.78750204799948,14.062500476903235,Tuy,Batangas,Region IV-A (Calabarzon)
8507,130.0600433,120.71250204672782,14.037500476055406,Tuy,Batangas,Region IV-A (Calabarzon)
8508,129.9866486,120.7375020471517,14.037500476055406,Tuy,Batangas,Region IV-A (Calabarzon)
8509,129.8837738,120.7625020475756,14.037500476055406,Tuy,Batangas,Region IV-A (Calabarzon)
8510,128.3486023,120.78750204799948,14.037500476055406,Tuy,Batangas,Region IV-A (Calabarzon)
8511,129.899704,120.68750204630392,14.012500475207576,Tuy,Batangas,Region IV-A (Calabarzon)
8512,129.9218292,120.71250204672782,14.012500475207576,Tuy,Batangas,Region IV-A (Calabarzon)
8513,129.9677734,120.7375020471517,14.012500475207576,Tuy,Batangas,Region IV-A (Calabarzon)
8514,129.315033,120.7625020475756,14.012500475207576,Tuy,Batangas,Region IV-A (Calabarzon)
8515,130.0787048,120.71250204672782,13.987500474359749,Tuy,Batangas,Region IV-A (Calabarzon)
8516,130.1078033,120.7375020471517,13.987500474359749,Tuy,Batangas,Region IV-A (Calabarzon)
