unique id,value,lon,lat,municipality name,province name,region
8517,119.5042419,120.83750204884724,14.16250048029455,Alfonso,Cavite,Region IV-A (Calabarzon)
8518,120.5414505,120.83750204884724,14.137500479446722,Alfonso,Cavite,Region IV-A (Calabarzon)
8519,118.7178192,120.86250204927114,14.137500479446722,Alfonso,Cavite,Region IV-A (Calabarzon)
8520,125.2904587,120.78750204799948,14.112500478598893,Alfonso,Cavite,Region IV-A (Calabarzon)
8521,124.2597656,120.81250204842338,14.112500478598893,Alfonso,Cavite,Region IV-A (Calabarzon)
8522,123.6232452,120.83750204884724,14.112500478598893,Alfonso,Cavite,Region IV-A (Calabarzon)
8523,118.1380081,120.86250204927114,14.112500478598893,Alfonso,Cavite,Region IV-A (Calabarzon)
8524,119.1213608,120.86250204927114,14.087500477751064,Alfonso,Cavite,Region IV-A (Calabarzon)
8525,117.567131,120.88750204969504,14.087500477751064,Alfonso,Cavite,Region IV-A (Calabarzon)
8526,112.4472656,120.91250205011892,14.212500481990208,Amadeo,Cavite,Region IV-A (Calabarzon)
8527,112.3582535,120.91250205011892,14.18750048114238,Amadeo,Cavite,Region IV-A (Calabarzon)
8528,110.149292,120.9375020505428,14.18750048114238,Amadeo,Cavite,Region IV-A (Calabarzon)
8529,108.8334885,120.9375020505428,14.16250048029455,Amadeo,Cavite,Region IV-A (Calabarzon)
8530,109.8274078,120.9375020505428,14.137500479446722,Amadeo,Cavite,Region IV-A (Calabarzon)
8531,115.762619,120.9375020505428,14.462500490468496,Bacoor City,Cavite,Region IV-A (Calabarzon)
8532,115.6902847,120.96250205096668,14.462500490468496,Bacoor City,Cavite,Region IV-A (Calabarzon)
8533,115.4801331,120.9375020505428,14.437500489620668,Bacoor City,Cavite,Region IV-A (Calabarzon)
8534,115.3152161,120.96250205096668,14.437500489620668,Bacoor City,Cavite,Region IV-A (Calabarzon)
8535,114.6275177,120.96250205096668,14.41250048877284,Bacoor City,Cavite,Region IV-A (Calabarzon)
8536,114.6454468,120.98750205139056,14.41250048877284,Bacoor City,Cavite,Region IV-A (Calabarzon)
8537,114.0960159,120.98750205139056,14.38750048792501,Bacoor City,Cavite,Region IV-A (Calabarzon)
8538,113.3301468,120.98750205139056,14.362500487077185,Bacoor City,Cavite,Region IV-A (Calabarzon)
8539,108.3029099,121.03750205223837,14.312500485381523,Carmona,Cavite,Region IV-A (Calabarzon)
8540,108.2108078,121.06250205266224,14.312500485381523,Carmona,Cavite,Region IV-A (Calabarzon)
8541,107.0921249,121.01250205181447,14.287500484533696,Carmona,Cavite,Region IV-A (Calabarzon)
8542,106.5202484,121.03750205223837,14.287500484533696,Carmona,Cavite,Region IV-A (Calabarzon)
8543,121.2802429,120.58750204460839,14.38750048792501,Cavite City,Cavite,Region IV-A (Calabarzon)
8544,112.8807678,120.96250205096668,14.362500487077185,City of Dasmariñas,Cavite,Region IV-A (Calabarzon)
8545,112.3255844,120.9375020505428,14.337500486229352,City of Dasmariñas,Cavite,Region IV-A (Calabarzon)
8546,111.5643692,120.96250205096668,14.337500486229352,City of Dasmariñas,Cavite,Region IV-A (Calabarzon)
8547,109.620491,120.98750205139056,14.337500486229352,City of Dasmariñas,Cavite,Region IV-A (Calabarzon)
8548,112.2008209,120.9375020505428,14.312500485381523,City of Dasmariñas,Cavite,Region IV-A (Calabarzon)
8549,109.257576,120.96250205096668,14.312500485381523,City of Dasmariñas,Cavite,Region IV-A (Calabarzon)
8550,108.9330063,120.98750205139056,14.312500485381523,City of Dasmariñas,Cavite,Region IV-A (Calabarzon)
8551,111.0567551,120.9375020505428,14.287500484533696,City of Dasmariñas,Cavite,Region IV-A (Calabarzon)
8552,107.9120026,120.96250205096668,14.287500484533696,City of Dasmariñas,Cavite,Region IV-A (Calabarzon)
8553,107.751091,120.98750205139056,14.287500484533696,City of Dasmariñas,Cavite,Region IV-A (Calabarzon)
8554,108.1867905,120.9375020505428,14.262500483685866,City of Dasmariñas,Cavite,Region IV-A (Calabarzon)
8555,106.7690048,120.98750205139056,14.262500483685866,City of Dasmariñas,Cavite,Region IV-A (Calabarzon)
8556,121.7605133,120.78750204799948,14.212500481990208,General Emilio Aguinaldo,Cavite,Region IV-A (Calabarzon)
8557,122.1656189,120.78750204799948,14.18750048114238,General Emilio Aguinaldo,Cavite,Region IV-A (Calabarzon)
8558,121.0754547,120.81250204842338,14.18750048114238,General Emilio Aguinaldo,Cavite,Region IV-A (Calabarzon)
8559,122.6870728,120.78750204799948,14.16250048029455,General Emilio Aguinaldo,Cavite,Region IV-A (Calabarzon)
8560,121.3060837,120.81250204842338,14.16250048029455,General Emilio Aguinaldo,Cavite,Region IV-A (Calabarzon)
8561,123.6940842,120.81250204842338,14.137500479446722,General Emilio Aguinaldo,Cavite,Region IV-A (Calabarzon)
8562,115.8427963,120.88750204969504,14.41250048877284,City of General Trias,Cavite,Region IV-A (Calabarzon)
8563,115.8090057,120.88750204969504,14.38750048792501,City of General Trias,Cavite,Region IV-A (Calabarzon)
8564,116.0044022,120.88750204969504,14.362500487077185,City of General Trias,Cavite,Region IV-A (Calabarzon)
8565,115.5292664,120.91250205011892,14.362500487077185,City of General Trias,Cavite,Region IV-A (Calabarzon)
8566,114.9130554,120.88750204969504,14.337500486229352,City of General Trias,Cavite,Region IV-A (Calabarzon)
8567,114.2907715,120.91250205011892,14.337500486229352,City of General Trias,Cavite,Region IV-A (Calabarzon)
8568,114.5160599,120.88750204969504,14.312500485381523,City of General Trias,Cavite,Region IV-A (Calabarzon)
8569,113.9718552,120.91250205011892,14.312500485381523,City of General Trias,Cavite,Region IV-A (Calabarzon)
8570,113.3148041,120.91250205011892,14.287500484533696,City of General Trias,Cavite,Region IV-A (Calabarzon)
8571,112.6108322,120.91250205011892,14.262500483685866,City of General Trias,Cavite,Region IV-A (Calabarzon)
8572,112.4116898,120.91250205011892,14.237500482838035,City of General Trias,Cavite,Region IV-A (Calabarzon)
8573,115.5517349,120.91250205011892,14.437500489620668,Imus City,Cavite,Region IV-A (Calabarzon)
8574,115.0696945,120.9375020505428,14.41250048877284,Imus City,Cavite,Region IV-A (Calabarzon)
8575,115.5801926,120.91250205011892,14.38750048792501,Imus City,Cavite,Region IV-A (Calabarzon)
8576,114.6076355,120.9375020505428,14.38750048792501,Imus City,Cavite,Region IV-A (Calabarzon)
8577,114.0129242,120.96250205096668,14.38750048792501,Imus City,Cavite,Region IV-A (Calabarzon)
8578,113.4942703,120.9375020505428,14.362500487077185,Imus City,Cavite,Region IV-A (Calabarzon)
8579,117.3896179,120.83750204884724,14.237500482838035,Indang,Cavite,Region IV-A (Calabarzon)
8580,116.0840912,120.86250204927114,14.237500482838035,Indang,Cavite,Region IV-A (Calabarzon)
8581,120.0716553,120.83750204884724,14.212500481990208,Indang,Cavite,Region IV-A (Calabarzon)
8582,114.5630798,120.86250204927114,14.212500481990208,Indang,Cavite,Region IV-A (Calabarzon)
8583,113.3528748,120.88750204969504,14.212500481990208,Indang,Cavite,Region IV-A (Calabarzon)
8584,120.5333481,120.83750204884724,14.18750048114238,Indang,Cavite,Region IV-A (Calabarzon)
8585,114.795166,120.86250204927114,14.18750048114238,Indang,Cavite,Region IV-A (Calabarzon)
8586,113.3182678,120.88750204969504,14.18750048114238,Indang,Cavite,Region IV-A (Calabarzon)
8587,117.7285614,120.86250204927114,14.16250048029455,Indang,Cavite,Region IV-A (Calabarzon)
8588,113.8292007,120.88750204969504,14.16250048029455,Indang,Cavite,Region IV-A (Calabarzon)
8589,112.449501,120.91250205011892,14.16250048029455,Indang,Cavite,Region IV-A (Calabarzon)
8590,115.4366989,120.88750204969504,14.437500489620668,Kawit,Cavite,Region IV-A (Calabarzon)
8591,115.8135681,120.91250205011892,14.41250048877284,Kawit,Cavite,Region IV-A (Calabarzon)
8592,126.4064941,120.7375020471517,14.18750048114238,Magallanes,Cavite,Region IV-A (Calabarzon)
8593,123.6216812,120.7625020475756,14.18750048114238,Magallanes,Cavite,Region IV-A (Calabarzon)
8594,126.8653641,120.71250204672782,14.16250048029455,Magallanes,Cavite,Region IV-A (Calabarzon)
8595,126.1857147,120.7375020471517,14.16250048029455,Magallanes,Cavite,Region IV-A (Calabarzon)
8596,125.9620514,120.7625020475756,14.16250048029455,Magallanes,Cavite,Region IV-A (Calabarzon)
8597,128.442688,120.71250204672782,14.137500479446722,Magallanes,Cavite,Region IV-A (Calabarzon)
8598,126.9690476,120.7375020471517,14.137500479446722,Magallanes,Cavite,Region IV-A (Calabarzon)
8599,126.7454605,120.7625020475756,14.137500479446722,Magallanes,Cavite,Region IV-A (Calabarzon)
8600,125.0506668,120.78750204799948,14.137500479446722,Magallanes,Cavite,Region IV-A (Calabarzon)
8601,122.5972748,120.7375020471517,14.287500484533696,Maragondon,Cavite,Region IV-A (Calabarzon)
8602,123.6107864,120.71250204672782,14.262500483685866,Maragondon,Cavite,Region IV-A (Calabarzon)
8603,122.7687836,120.7375020471517,14.262500483685866,Maragondon,Cavite,Region IV-A (Calabarzon)
8604,122.5102158,120.7625020475756,14.262500483685866,Maragondon,Cavite,Region IV-A (Calabarzon)
8605,120.2955399,120.78750204799948,14.262500483685866,Maragondon,Cavite,Region IV-A (Calabarzon)
8606,126.015419,120.68750204630392,14.237500482838035,Maragondon,Cavite,Region IV-A (Calabarzon)
8607,125.4707794,120.71250204672782,14.237500482838035,Maragondon,Cavite,Region IV-A (Calabarzon)
8608,123.5025406,120.7375020471517,14.237500482838035,Maragondon,Cavite,Region IV-A (Calabarzon)
8609,123.243988,120.7625020475756,14.237500482838035,Maragondon,Cavite,Region IV-A (Calabarzon)
8610,121.5769577,120.78750204799948,14.237500482838035,Maragondon,Cavite,Region IV-A (Calabarzon)
8611,120.3813934,120.81250204842338,14.237500482838035,Maragondon,Cavite,Region IV-A (Calabarzon)
8612,126.6310654,120.66250204588005,14.212500481990208,Maragondon,Cavite,Region IV-A (Calabarzon)
8613,126.3905487,120.68750204630392,14.212500481990208,Maragondon,Cavite,Region IV-A (Calabarzon)
8614,126.0313339,120.71250204672782,14.212500481990208,Maragondon,Cavite,Region IV-A (Calabarzon)
8615,125.6686249,120.7375020471517,14.212500481990208,Maragondon,Cavite,Region IV-A (Calabarzon)
8616,122.8610306,120.7625020475756,14.212500481990208,Maragondon,Cavite,Region IV-A (Calabarzon)
8617,120.7633057,120.81250204842338,14.212500481990208,Maragondon,Cavite,Region IV-A (Calabarzon)
8618,127.2007294,120.66250204588005,14.18750048114238,Maragondon,Cavite,Region IV-A (Calabarzon)
8619,126.8928375,120.68750204630392,14.18750048114238,Maragondon,Cavite,Region IV-A (Calabarzon)
8620,126.5919418,120.71250204672782,14.18750048114238,Maragondon,Cavite,Region IV-A (Calabarzon)
8621,116.4736862,120.88750204969504,14.137500479446722,Mendez (Mendez-Nuñez),Cavite,Region IV-A (Calabarzon)
8622,115.0941391,120.91250205011892,14.137500479446722,Mendez (Mendez-Nuñez),Cavite,Region IV-A (Calabarzon)
8623,116.7996445,120.88750204969504,14.112500478598893,Mendez (Mendez-Nuñez),Cavite,Region IV-A (Calabarzon)
8624,119.1314087,120.78750204799948,14.337500486229352,Naic,Cavite,Region IV-A (Calabarzon)
8625,121.6100845,120.7375020471517,14.312500485381523,Naic,Cavite,Region IV-A (Calabarzon)
8626,119.5182419,120.7625020475756,14.312500485381523,Naic,Cavite,Region IV-A (Calabarzon)
8627,119.1781921,120.78750204799948,14.312500485381523,Naic,Cavite,Region IV-A (Calabarzon)
8628,120.3905487,120.7625020475756,14.287500484533696,Naic,Cavite,Region IV-A (Calabarzon)
8629,119.694191,120.78750204799948,14.287500484533696,Naic,Cavite,Region IV-A (Calabarzon)
8630,119.0198517,120.81250204842338,14.287500484533696,Naic,Cavite,Region IV-A (Calabarzon)
8631,119.1727448,120.81250204842338,14.262500483685866,Naic,Cavite,Region IV-A (Calabarzon)
8632,117.1405411,120.83750204884724,14.262500483685866,Naic,Cavite,Region IV-A (Calabarzon)
8633,115.9335403,120.86250204927114,14.41250048877284,Rosario,Cavite,Region IV-A (Calabarzon)
8634,107.1026688,120.96250205096668,14.262500483685866,Silang,Cavite,Region IV-A (Calabarzon)
8635,105.8115616,121.01250205181447,14.262500483685866,Silang,Cavite,Region IV-A (Calabarzon)
8636,103.7801743,121.03750205223837,14.262500483685866,Silang,Cavite,Region IV-A (Calabarzon)
8637,107.8252182,120.9375020505428,14.237500482838035,Silang,Cavite,Region IV-A (Calabarzon)
8638,106.7437515,120.96250205096668,14.237500482838035,Silang,Cavite,Region IV-A (Calabarzon)
8639,105.243454,120.98750205139056,14.237500482838035,Silang,Cavite,Region IV-A (Calabarzon)
8640,104.216156,121.01250205181447,14.237500482838035,Silang,Cavite,Region IV-A (Calabarzon)
8641,102.9125519,121.03750205223837,14.237500482838035,Silang,Cavite,Region IV-A (Calabarzon)
8642,110.0214768,120.9375020505428,14.212500481990208,Silang,Cavite,Region IV-A (Calabarzon)
8643,105.5165024,120.96250205096668,14.212500481990208,Silang,Cavite,Region IV-A (Calabarzon)
8644,105.1248016,120.98750205139056,14.212500481990208,Silang,Cavite,Region IV-A (Calabarzon)
8645,104.1917648,121.01250205181447,14.212500481990208,Silang,Cavite,Region IV-A (Calabarzon)
8646,103.5541534,121.03750205223837,14.212500481990208,Silang,Cavite,Region IV-A (Calabarzon)
8647,105.6597672,120.96250205096668,14.18750048114238,Silang,Cavite,Region IV-A (Calabarzon)
8648,105.1413498,120.98750205139056,14.18750048114238,Silang,Cavite,Region IV-A (Calabarzon)
8649,104.0869217,121.01250205181447,14.18750048114238,Silang,Cavite,Region IV-A (Calabarzon)
8650,107.8011856,120.96250205096668,14.16250048029455,Silang,Cavite,Region IV-A (Calabarzon)
8651,105.4228058,120.98750205139056,14.16250048029455,Silang,Cavite,Region IV-A (Calabarzon)
8652,104.07901,121.01250205181447,14.16250048029455,Silang,Cavite,Region IV-A (Calabarzon)
8653,108.8082581,120.96250205096668,14.137500479446722,Silang,Cavite,Region IV-A (Calabarzon)
8654,107.6946106,120.98750205139056,14.137500479446722,Tagaytay City,Cavite,Region IV-A (Calabarzon)
8655,106.3175278,121.01250205181447,14.137500479446722,Tagaytay City,Cavite,Region IV-A (Calabarzon)
8656,115.8388367,120.91250205011892,14.112500478598893,Tagaytay City,Cavite,Region IV-A (Calabarzon)
8657,113.4792252,120.9375020505428,14.112500478598893,Tagaytay City,Cavite,Region IV-A (Calabarzon)
8658,108.6186142,120.96250205096668,14.112500478598893,Tagaytay City,Cavite,Region IV-A (Calabarzon)
8659,116.6609345,120.91250205011892,14.087500477751064,Tagaytay City,Cavite,Region IV-A (Calabarzon)
8660,114.6003723,120.9375020505428,14.087500477751064,Tagaytay City,Cavite,Region IV-A (Calabarzon)
8661,116.796196,120.83750204884724,14.38750048792501,Tanza,Cavite,Region IV-A (Calabarzon)
8662,116.0437622,120.86250204927114,14.38750048792501,Tanza,Cavite,Region IV-A (Calabarzon)
8663,117.4351654,120.81250204842338,14.362500487077185,Tanza,Cavite,Region IV-A (Calabarzon)
8664,117.1717453,120.83750204884724,14.362500487077185,Tanza,Cavite,Region IV-A (Calabarzon)
8665,116.7787018,120.86250204927114,14.362500487077185,Tanza,Cavite,Region IV-A (Calabarzon)
8666,118.6936569,120.81250204842338,14.337500486229352,Tanza,Cavite,Region IV-A (Calabarzon)
8667,117.5041962,120.83750204884724,14.337500486229352,Tanza,Cavite,Region IV-A (Calabarzon)
8668,116.986351,120.86250204927114,14.337500486229352,Tanza,Cavite,Region IV-A (Calabarzon)
8669,118.7595673,120.81250204842338,14.312500485381523,Tanza,Cavite,Region IV-A (Calabarzon)
8670,118.4188614,120.83750204884724,14.312500485381523,Tanza,Cavite,Region IV-A (Calabarzon)
8671,115.1965179,120.86250204927114,14.312500485381523,Tanza,Cavite,Region IV-A (Calabarzon)
8672,126.0661774,120.63750204545616,14.262500483685866,Ternate,Cavite,Region IV-A (Calabarzon)
8673,125.712738,120.66250204588005,14.262500483685866,Ternate,Cavite,Region IV-A (Calabarzon)
8674,124.1558075,120.68750204630392,14.262500483685866,Ternate,Cavite,Region IV-A (Calabarzon)
8675,126.798378,120.63750204545616,14.237500482838035,Ternate,Cavite,Region IV-A (Calabarzon)
8676,126.4435196,120.66250204588005,14.237500482838035,Ternate,Cavite,Region IV-A (Calabarzon)
8677,118.5310516,120.83750204884724,14.287500484533696,Trece Martires City (Capital),Cavite,Region IV-A (Calabarzon)
8678,114.8606567,120.86250204927114,14.287500484533696,Trece Martires City (Capital),Cavite,Region IV-A (Calabarzon)
8679,114.0301437,120.88750204969504,14.287500484533696,Trece Martires City (Capital),Cavite,Region IV-A (Calabarzon)
8680,115.8369904,120.86250204927114,14.262500483685866,Trece Martires City (Capital),Cavite,Region IV-A (Calabarzon)
8681,113.7385101,120.88750204969504,14.262500483685866,Trece Martires City (Capital),Cavite,Region IV-A (Calabarzon)
8682,113.629921,120.88750204969504,14.237500482838035,Trece Martires City (Capital),Cavite,Region IV-A (Calabarzon)
8683,108.4635239,121.01250205181447,14.312500485381523,Gen. Mariano Alvarez,Cavite,Region IV-A (Calabarzon)
