unique id,value,lon,lat,municipality name,province name,region
8684,104.7006302,121.21250205520556,14.062500476903235,Alaminos,Laguna,Region IV-A (Calabarzon)
8685,106.3771744,121.23750205562946,14.062500476903235,Alaminos,Laguna,Region IV-A (Calabarzon)
8686,106.5609055,121.26250205605332,14.062500476903235,Alaminos,Laguna,Region IV-A (Calabarzon)
8687,107.6989136,121.23750205562946,14.037500476055406,Alaminos,Laguna,Region IV-A (Calabarzon)
8688,107.8835831,121.26250205605332,14.037500476055406,Alaminos,Laguna,Region IV-A (Calabarzon)
8689,108.1335907,121.23750205562946,14.012500475207576,Alaminos,Laguna,Region IV-A (Calabarzon)
8690,109.8497009,121.26250205605332,14.012500475207576,Alaminos,Laguna,Region IV-A (Calabarzon)
8691,105.0205231,121.26250205605332,14.18750048114238,Bay,Laguna,Region IV-A (Calabarzon)
8692,105.2215118,121.28750205647722,14.18750048114238,Bay,Laguna,Region IV-A (Calabarzon)
8693,105.0026627,121.28750205647722,14.16250048029455,Bay,Laguna,Region IV-A (Calabarzon)
8694,103.8938599,121.26250205605332,14.137500479446722,Bay,Laguna,Region IV-A (Calabarzon)
8695,103.4214401,121.21250205520556,14.112500478598893,Bay,Laguna,Region IV-A (Calabarzon)
8696,103.6635132,121.23750205562946,14.112500478598893,Bay,Laguna,Region IV-A (Calabarzon)
8697,103.7874451,121.21250205520556,14.087500477751064,Bay,Laguna,Region IV-A (Calabarzon)
8698,110.0457764,121.06250205266224,14.337500486229352,City of Biñan,Laguna,Region IV-A (Calabarzon)
8699,109.0431747,121.08750205308613,14.337500486229352,City of Biñan,Laguna,Region IV-A (Calabarzon)
8700,108.2568741,121.08750205308613,14.312500485381523,City of Biñan,Laguna,Region IV-A (Calabarzon)
8701,106.3687744,121.06250205266224,14.287500484533696,City of Biñan,Laguna,Region IV-A (Calabarzon)
8702,106.9869766,121.1375020539339,14.287500484533696,Cabuyao City,Laguna,Region IV-A (Calabarzon)
8703,105.0940704,121.1375020539339,14.262500483685866,Cabuyao City,Laguna,Region IV-A (Calabarzon)
8704,104.1701813,121.16250205435777,14.262500483685866,Cabuyao City,Laguna,Region IV-A (Calabarzon)
8705,103.0946884,121.11250205351,14.237500482838035,Cabuyao City,Laguna,Region IV-A (Calabarzon)
8706,103.9742203,121.1375020539339,14.237500482838035,Cabuyao City,Laguna,Region IV-A (Calabarzon)
8707,103.0620804,121.16250205435777,14.237500482838035,Cabuyao City,Laguna,Region IV-A (Calabarzon)
8708,102.4727783,121.06250205266224,14.212500481990208,City of Calamba,Laguna,Region IV-A (Calabarzon)
8709,102.5947037,121.08750205308613,14.212500481990208,City of Calamba,Laguna,Region IV-A (Calabarzon)
8710,102.7465973,121.11250205351,14.212500481990208,City of Calamba,Laguna,Region IV-A (Calabarzon)
8711,102.8851547,121.1375020539339,14.212500481990208,City of Calamba,Laguna,Region IV-A (Calabarzon)
8712,103.2874069,121.16250205435777,14.212500481990208,City of Calamba,Laguna,Region IV-A (Calabarzon)
8713,103.4110184,121.03750205223837,14.18750048114238,City of Calamba,Laguna,Region IV-A (Calabarzon)
8714,102.265213,121.06250205266224,14.18750048114238,City of Calamba,Laguna,Region IV-A (Calabarzon)
8715,102.334137,121.08750205308613,14.18750048114238,City of Calamba,Laguna,Region IV-A (Calabarzon)
8716,102.4119949,121.11250205351,14.18750048114238,City of Calamba,Laguna,Region IV-A (Calabarzon)
8717,102.4642563,121.1375020539339,14.18750048114238,City of Calamba,Laguna,Region IV-A (Calabarzon)
8718,102.7730255,121.16250205435777,14.18750048114238,City of Calamba,Laguna,Region IV-A (Calabarzon)
8719,102.7726517,121.03750205223837,14.16250048029455,City of Calamba,Laguna,Region IV-A (Calabarzon)
8720,102.6313095,121.06250205266224,14.16250048029455,City of Calamba,Laguna,Region IV-A (Calabarzon)
8721,102.3057098,121.08750205308613,14.16250048029455,City of Calamba,Laguna,Region IV-A (Calabarzon)
8722,102.3563538,121.11250205351,14.16250048029455,City of Calamba,Laguna,Region IV-A (Calabarzon)
8723,102.7252731,121.1375020539339,14.16250048029455,City of Calamba,Laguna,Region IV-A (Calabarzon)
8724,101.6703796,121.16250205435777,14.16250048029455,City of Calamba,Laguna,Region IV-A (Calabarzon)
8725,102.3894806,121.18750205478167,14.16250048029455,City of Calamba,Laguna,Region IV-A (Calabarzon)
8726,104.4404984,121.31250205690112,14.18750048114238,Calauan,Laguna,Region IV-A (Calabarzon)
8727,104.3449402,121.31250205690112,14.16250048029455,Calauan,Laguna,Region IV-A (Calabarzon)
8728,103.8444901,121.337502057325,14.16250048029455,Calauan,Laguna,Region IV-A (Calabarzon)
8729,105.5669098,121.28750205647722,14.137500479446722,Calauan,Laguna,Region IV-A (Calabarzon)
8730,105.1526337,121.31250205690112,14.137500479446722,Calauan,Laguna,Region IV-A (Calabarzon)
8731,104.503746,121.337502057325,14.137500479446722,Calauan,Laguna,Region IV-A (Calabarzon)
8732,105.5463486,121.26250205605332,14.112500478598893,Calauan,Laguna,Region IV-A (Calabarzon)
8733,105.8973084,121.28750205647722,14.112500478598893,Calauan,Laguna,Region IV-A (Calabarzon)
8734,105.6180039,121.31250205690112,14.112500478598893,Calauan,Laguna,Region IV-A (Calabarzon)
8735,104.1194077,121.23750205562946,14.087500477751064,Calauan,Laguna,Region IV-A (Calabarzon)
8736,106.030365,121.26250205605332,14.087500477751064,Calauan,Laguna,Region IV-A (Calabarzon)
8737,88.00991058,121.5125020602922,14.287500484533696,Cavinti,Laguna,Region IV-A (Calabarzon)
8738,87.28838348,121.53750206071608,14.287500484533696,Cavinti,Laguna,Region IV-A (Calabarzon)
8739,90.08984375,121.48750205986832,14.262500483685866,Cavinti,Laguna,Region IV-A (Calabarzon)
8740,88.33843994,121.5125020602922,14.262500483685866,Cavinti,Laguna,Region IV-A (Calabarzon)
8741,85.52976227,121.53750206071608,14.262500483685866,Cavinti,Laguna,Region IV-A (Calabarzon)
8742,85.26528931,121.56250206113998,14.262500483685866,Cavinti,Laguna,Region IV-A (Calabarzon)
8743,82.82072449,121.58750206156385,14.262500483685866,Cavinti,Laguna,Region IV-A (Calabarzon)
8744,82.14234924,121.61250206198775,14.262500483685866,Cavinti,Laguna,Region IV-A (Calabarzon)
8745,91.3804245,121.48750205986832,14.237500482838035,Cavinti,Laguna,Region IV-A (Calabarzon)
8746,89.72888184,121.5125020602922,14.237500482838035,Cavinti,Laguna,Region IV-A (Calabarzon)
8747,86.39992523,121.53750206071608,14.237500482838035,Cavinti,Laguna,Region IV-A (Calabarzon)
8748,86.13686371,121.56250206113998,14.237500482838035,Cavinti,Laguna,Region IV-A (Calabarzon)
8749,84.86804199,121.58750206156385,14.237500482838035,Cavinti,Laguna,Region IV-A (Calabarzon)
8750,84.16899872,121.61250206198775,14.237500482838035,Cavinti,Laguna,Region IV-A (Calabarzon)
8751,86.28379822,121.56250206113998,14.212500481990208,Cavinti,Laguna,Region IV-A (Calabarzon)
8752,85.94261169,121.58750206156385,14.212500481990208,Cavinti,Laguna,Region IV-A (Calabarzon)
8753,88.07683563,121.48750205986832,14.512500492164154,Famy,Laguna,Region IV-A (Calabarzon)
8754,90.43113708,121.46250205944445,14.487500491316323,Famy,Laguna,Region IV-A (Calabarzon)
8755,88.98905945,121.48750205986832,14.487500491316323,Famy,Laguna,Region IV-A (Calabarzon)
8756,87.49078369,121.5125020602922,14.487500491316323,Famy,Laguna,Region IV-A (Calabarzon)
8757,94.38912964,121.46250205944445,14.462500490468496,Famy,Laguna,Region IV-A (Calabarzon)
8758,89.06349182,121.48750205986832,14.337500486229352,Kalayaan,Laguna,Region IV-A (Calabarzon)
8759,86.97208405,121.5125020602922,14.337500486229352,Kalayaan,Laguna,Region IV-A (Calabarzon)
8760,83.60944366,121.53750206071608,14.337500486229352,Kalayaan,Laguna,Region IV-A (Calabarzon)
8761,83.35134125,121.56250206113998,14.337500486229352,Kalayaan,Laguna,Region IV-A (Calabarzon)
8762,81.48001099,121.58750206156385,14.337500486229352,Kalayaan,Laguna,Region IV-A (Calabarzon)
8763,86.60503387,121.53750206071608,14.312500485381523,Kalayaan,Laguna,Region IV-A (Calabarzon)
8764,81.95877075,121.56250206113998,14.312500485381523,Kalayaan,Laguna,Region IV-A (Calabarzon)
8765,100.7377014,121.38750205817276,14.212500481990208,Liliw,Laguna,Region IV-A (Calabarzon)
8766,100.2583313,121.41250205859664,14.18750048114238,Liliw,Laguna,Region IV-A (Calabarzon)
8767,98.85234833,121.43750205902055,14.16250048029455,Liliw,Laguna,Region IV-A (Calabarzon)
8768,100.4269257,121.43750205902055,14.137500479446722,Liliw,Laguna,Region IV-A (Calabarzon)
8769,100.2279892,121.46250205944445,14.112500478598893,Liliw,Laguna,Region IV-A (Calabarzon)
8770,101.3071899,121.46250205944445,14.087500477751064,Liliw,Laguna,Region IV-A (Calabarzon)
8771,103.3912354,121.23750205562946,14.18750048114238,Los Baños,Laguna,Region IV-A (Calabarzon)
8772,102.9606857,121.21250205520556,14.16250048029455,Los Baños,Laguna,Region IV-A (Calabarzon)
8773,103.7806473,121.23750205562946,14.16250048029455,Los Baños,Laguna,Region IV-A (Calabarzon)
8774,103.9255066,121.26250205605332,14.16250048029455,Los Baños,Laguna,Region IV-A (Calabarzon)
8775,102.7366028,121.18750205478167,14.137500479446722,Los Baños,Laguna,Region IV-A (Calabarzon)
8776,103.2755661,121.21250205520556,14.137500479446722,Los Baños,Laguna,Region IV-A (Calabarzon)
8777,103.7491379,121.23750205562946,14.137500479446722,Los Baños,Laguna,Region IV-A (Calabarzon)
8778,93.71736145,121.46250205944445,14.212500481990208,Luisiana,Laguna,Region IV-A (Calabarzon)
8779,92.41191101,121.48750205986832,14.212500481990208,Luisiana,Laguna,Region IV-A (Calabarzon)
8780,91.28707886,121.5125020602922,14.212500481990208,Luisiana,Laguna,Region IV-A (Calabarzon)
8781,90.41492462,121.53750206071608,14.212500481990208,Luisiana,Laguna,Region IV-A (Calabarzon)
8782,93.72992706,121.48750205986832,14.18750048114238,Luisiana,Laguna,Region IV-A (Calabarzon)
8783,92.72867584,121.5125020602922,14.18750048114238,Luisiana,Laguna,Region IV-A (Calabarzon)
8784,91.99243927,121.53750206071608,14.18750048114238,Luisiana,Laguna,Region IV-A (Calabarzon)
8785,87.80955505,121.56250206113998,14.18750048114238,Luisiana,Laguna,Region IV-A (Calabarzon)
8786,87.23209381,121.58750206156385,14.18750048114238,Luisiana,Laguna,Region IV-A (Calabarzon)
8787,92.96743011,121.5125020602922,14.16250048029455,Luisiana,Laguna,Region IV-A (Calabarzon)
8788,90.71742249,121.56250206113998,14.16250048029455,Luisiana,Laguna,Region IV-A (Calabarzon)
8789,87.8522644,121.58750206156385,14.16250048029455,Luisiana,Laguna,Region IV-A (Calabarzon)
8790,97.28723907,121.43750205902055,14.312500485381523,Lumban,Laguna,Region IV-A (Calabarzon)
8791,90.42638397,121.46250205944445,14.312500485381523,Lumban,Laguna,Region IV-A (Calabarzon)
8792,88.82733154,121.48750205986832,14.312500485381523,Lumban,Laguna,Region IV-A (Calabarzon)
8793,87.39156342,121.5125020602922,14.312500485381523,Lumban,Laguna,Region IV-A (Calabarzon)
8794,81.61598206,121.58750206156385,14.312500485381523,Lumban,Laguna,Region IV-A (Calabarzon)
8795,97.71340942,121.43750205902055,14.287500484533696,Lumban,Laguna,Region IV-A (Calabarzon)
8796,90.88577271,121.46250205944445,14.287500484533696,Lumban,Laguna,Region IV-A (Calabarzon)
8797,89.33142853,121.48750205986832,14.287500484533696,Lumban,Laguna,Region IV-A (Calabarzon)
8798,82.63702393,121.56250206113998,14.287500484533696,Lumban,Laguna,Region IV-A (Calabarzon)
8799,82.19378662,121.58750206156385,14.287500484533696,Lumban,Laguna,Region IV-A (Calabarzon)
8800,81.71417999,121.61250206198775,14.287500484533696,Lumban,Laguna,Region IV-A (Calabarzon)
8801,103.6891251,121.38750205817276,14.462500490468496,Mabitac,Laguna,Region IV-A (Calabarzon)
8802,102.9821014,121.38750205817276,14.437500489620668,Mabitac,Laguna,Region IV-A (Calabarzon)
8803,99.61422729,121.41250205859664,14.437500489620668,Mabitac,Laguna,Region IV-A (Calabarzon)
8804,95.93193817,121.43750205902055,14.437500489620668,Mabitac,Laguna,Region IV-A (Calabarzon)
8805,102.8425217,121.38750205817276,14.41250048877284,Mabitac,Laguna,Region IV-A (Calabarzon)
8806,100.1022644,121.41250205859664,14.41250048877284,Mabitac,Laguna,Region IV-A (Calabarzon)
8807,99.03116608,121.43750205902055,14.41250048877284,Mabitac,Laguna,Region IV-A (Calabarzon)
8808,99.26725769,121.41250205859664,14.212500481990208,Magdalena,Laguna,Region IV-A (Calabarzon)
8809,98.78551483,121.43750205902055,14.212500481990208,Magdalena,Laguna,Region IV-A (Calabarzon)
8810,99.92469025,121.43750205902055,14.18750048114238,Magdalena,Laguna,Region IV-A (Calabarzon)
8811,95.02828979,121.46250205944445,14.18750048114238,Majayjay,Laguna,Region IV-A (Calabarzon)
8812,97.68751526,121.46250205944445,14.16250048029455,Majayjay,Laguna,Region IV-A (Calabarzon)
8813,94.25378418,121.48750205986832,14.16250048029455,Majayjay,Laguna,Region IV-A (Calabarzon)
8814,99.31629181,121.46250205944445,14.137500479446722,Majayjay,Laguna,Region IV-A (Calabarzon)
8815,98.10224152,121.48750205986832,14.137500479446722,Majayjay,Laguna,Region IV-A (Calabarzon)
8816,96.89311218,121.5125020602922,14.137500479446722,Majayjay,Laguna,Region IV-A (Calabarzon)
8817,99.32784271,121.48750205986832,14.112500478598893,Majayjay,Laguna,Region IV-A (Calabarzon)
8818,98.49928284,121.5125020602922,14.112500478598893,Majayjay,Laguna,Region IV-A (Calabarzon)
8819,100.1859665,121.48750205986832,14.087500477751064,Majayjay,Laguna,Region IV-A (Calabarzon)
8820,101.3922424,121.38750205817276,14.18750048114238,Nagcarlan,Laguna,Region IV-A (Calabarzon)
8821,103.8272476,121.36250205774888,14.16250048029455,Nagcarlan,Laguna,Region IV-A (Calabarzon)
8822,101.4929657,121.38750205817276,14.16250048029455,Nagcarlan,Laguna,Region IV-A (Calabarzon)
8823,100.2956772,121.41250205859664,14.16250048029455,Nagcarlan,Laguna,Region IV-A (Calabarzon)
8824,104.486557,121.36250205774888,14.137500479446722,Nagcarlan,Laguna,Region IV-A (Calabarzon)
8825,103.7854919,121.38750205817276,14.137500479446722,Nagcarlan,Laguna,Region IV-A (Calabarzon)
8826,102.7814636,121.41250205859664,14.137500479446722,Nagcarlan,Laguna,Region IV-A (Calabarzon)
8827,104.0373993,121.41250205859664,14.112500478598893,Nagcarlan,Laguna,Region IV-A (Calabarzon)
8828,103.6993256,121.43750205902055,14.112500478598893,Nagcarlan,Laguna,Region IV-A (Calabarzon)
8829,104.7206192,121.43750205902055,14.087500477751064,Nagcarlan,Laguna,Region IV-A (Calabarzon)
8830,87.52449036,121.5125020602922,14.38750048792501,Paete,Laguna,Region IV-A (Calabarzon)
8831,86.72532654,121.53750206071608,14.38750048792501,Paete,Laguna,Region IV-A (Calabarzon)
8832,81.90761566,121.56250206113998,14.38750048792501,Paete,Laguna,Region IV-A (Calabarzon)
8833,89.27875519,121.48750205986832,14.362500487077185,Paete,Laguna,Region IV-A (Calabarzon)
8834,87.14525604,121.5125020602922,14.362500487077185,Paete,Laguna,Region IV-A (Calabarzon)
8835,83.5006485,121.53750206071608,14.362500487077185,Paete,Laguna,Region IV-A (Calabarzon)
8836,83.26010895,121.56250206113998,14.362500487077185,Paete,Laguna,Region IV-A (Calabarzon)
8837,95.58673096,121.43750205902055,14.262500483685866,Pagsanjan,Laguna,Region IV-A (Calabarzon)
8838,94.09954834,121.46250205944445,14.262500483685866,Pagsanjan,Laguna,Region IV-A (Calabarzon)
8839,95.77788544,121.43750205902055,14.237500482838035,Pagsanjan,Laguna,Region IV-A (Calabarzon)
8840,94.28859711,121.46250205944445,14.237500482838035,Pagsanjan,Laguna,Region IV-A (Calabarzon)
8841,87.77095795,121.5125020602922,14.41250048877284,Pakil,Laguna,Region IV-A (Calabarzon)
8842,87.05912781,121.53750206071608,14.41250048877284,Pakil,Laguna,Region IV-A (Calabarzon)
8843,102.3030167,121.38750205817276,14.38750048792501,Pakil,Laguna,Region IV-A (Calabarzon)
8844,89.05286407,121.48750205986832,14.38750048792501,Pakil,Laguna,Region IV-A (Calabarzon)
8845,102.4049072,121.38750205817276,14.362500487077185,Pakil,Laguna,Region IV-A (Calabarzon)
8846,87.34976959,121.5125020602922,14.462500490468496,Pangil,Laguna,Region IV-A (Calabarzon)
8847,89.55706787,121.48750205986832,14.437500489620668,Pangil,Laguna,Region IV-A (Calabarzon)
8848,87.44883728,121.5125020602922,14.437500489620668,Pangil,Laguna,Region IV-A (Calabarzon)
8849,84.76664734,121.53750206071608,14.437500489620668,Pangil,Laguna,Region IV-A (Calabarzon)
8850,90.92483521,121.46250205944445,14.41250048877284,Pangil,Laguna,Region IV-A (Calabarzon)
8851,89.29357147,121.48750205986832,14.41250048877284,Pangil,Laguna,Region IV-A (Calabarzon)
8852,90.60848236,121.46250205944445,14.38750048792501,Pangil,Laguna,Region IV-A (Calabarzon)
8853,104.4253922,121.36250205774888,14.262500483685866,Pila,Laguna,Region IV-A (Calabarzon)
8854,103.8030243,121.36250205774888,14.237500482838035,Pila,Laguna,Region IV-A (Calabarzon)
8855,103.2018814,121.36250205774888,14.212500481990208,Pila,Laguna,Region IV-A (Calabarzon)
8856,104.7617798,121.38750205817276,14.112500478598893,Rizal,Laguna,Region IV-A (Calabarzon)
8857,104.7682266,121.41250205859664,14.087500477751064,Rizal,Laguna,Region IV-A (Calabarzon)
8858,105.5290451,121.337502057325,14.112500478598893,San Pablo City,Laguna,Region IV-A (Calabarzon)
8859,105.8749771,121.36250205774888,14.112500478598893,San Pablo City,Laguna,Region IV-A (Calabarzon)
8860,106.321579,121.28750205647722,14.087500477751064,San Pablo City,Laguna,Region IV-A (Calabarzon)
8861,106.1421433,121.31250205690112,14.087500477751064,San Pablo City,Laguna,Region IV-A (Calabarzon)
8862,106.3033371,121.337502057325,14.087500477751064,San Pablo City,Laguna,Region IV-A (Calabarzon)
8863,106.7233582,121.36250205774888,14.087500477751064,San Pablo City,Laguna,Region IV-A (Calabarzon)
8864,105.431488,121.38750205817276,14.087500477751064,San Pablo City,Laguna,Region IV-A (Calabarzon)
8865,107.1486511,121.28750205647722,14.062500476903235,San Pablo City,Laguna,Region IV-A (Calabarzon)
8866,107.4002457,121.31250205690112,14.062500476903235,San Pablo City,Laguna,Region IV-A (Calabarzon)
8867,108.8082504,121.337502057325,14.062500476903235,San Pablo City,Laguna,Region IV-A (Calabarzon)
8868,108.8920136,121.36250205774888,14.062500476903235,San Pablo City,Laguna,Region IV-A (Calabarzon)
8869,106.9978485,121.38750205817276,14.062500476903235,San Pablo City,Laguna,Region IV-A (Calabarzon)
8870,106.3666992,121.41250205859664,14.062500476903235,San Pablo City,Laguna,Region IV-A (Calabarzon)
8871,109.868248,121.28750205647722,14.037500476055406,San Pablo City,Laguna,Region IV-A (Calabarzon)
8872,110.3234863,121.31250205690112,14.037500476055406,San Pablo City,Laguna,Region IV-A (Calabarzon)
8873,110.5843201,121.337502057325,14.037500476055406,San Pablo City,Laguna,Region IV-A (Calabarzon)
8874,110.6688843,121.36250205774888,14.037500476055406,San Pablo City,Laguna,Region IV-A (Calabarzon)
8875,110.7638474,121.38750205817276,14.037500476055406,San Pablo City,Laguna,Region IV-A (Calabarzon)
8876,110.3367081,121.28750205647722,14.012500475207576,San Pablo City,Laguna,Region IV-A (Calabarzon)
8877,110.5674515,121.31250205690112,14.012500475207576,San Pablo City,Laguna,Region IV-A (Calabarzon)
8878,110.7890625,121.337502057325,14.012500475207576,San Pablo City,Laguna,Region IV-A (Calabarzon)
8879,111.714386,121.26250205605332,13.987500474359749,San Pablo City,Laguna,Region IV-A (Calabarzon)
8880,112.0275955,121.28750205647722,13.987500474359749,San Pablo City,Laguna,Region IV-A (Calabarzon)
8881,112.5312195,121.31250205690112,13.987500474359749,San Pablo City,Laguna,Region IV-A (Calabarzon)
8882,112.0381851,121.03750205223837,14.362500487077185,City of San Pedro,Laguna,Region IV-A (Calabarzon)
8883,112.0687103,121.06250205266224,14.362500487077185,City of San Pedro,Laguna,Region IV-A (Calabarzon)
8884,109.1478348,121.01250205181447,14.337500486229352,City of San Pedro,Laguna,Region IV-A (Calabarzon)
8885,110.0156403,121.03750205223837,14.337500486229352,City of San Pedro,Laguna,Region IV-A (Calabarzon)
8886,98.41433716,121.41250205859664,14.287500484533696,Santa Cruz (Capital),Laguna,Region IV-A (Calabarzon)
8887,100.7764359,121.38750205817276,14.262500483685866,Santa Cruz (Capital),Laguna,Region IV-A (Calabarzon)
8888,98.66094971,121.41250205859664,14.262500483685866,Santa Cruz (Capital),Laguna,Region IV-A (Calabarzon)
8889,100.1914673,121.38750205817276,14.237500482838035,Santa Cruz (Capital),Laguna,Region IV-A (Calabarzon)
8890,98.19921112,121.41250205859664,14.237500482838035,Santa Cruz (Capital),Laguna,Region IV-A (Calabarzon)
8891,90.75869751,121.46250205944445,14.562500493859812,Santa Maria,Laguna,Region IV-A (Calabarzon)
8892,97.14874268,121.41250205859664,14.537500493011985,Santa Maria,Laguna,Region IV-A (Calabarzon)
8893,92.03559113,121.43750205902055,14.537500493011985,Santa Maria,Laguna,Region IV-A (Calabarzon)
8894,91.76231384,121.46250205944445,14.537500493011985,Santa Maria,Laguna,Region IV-A (Calabarzon)
8895,102.0799484,121.38750205817276,14.512500492164154,Santa Maria,Laguna,Region IV-A (Calabarzon)
8896,98.99277496,121.41250205859664,14.512500492164154,Santa Maria,Laguna,Region IV-A (Calabarzon)
8897,97.50002289,121.43750205902055,14.512500492164154,Santa Maria,Laguna,Region IV-A (Calabarzon)
8898,89.24577332,121.46250205944445,14.512500492164154,Santa Maria,Laguna,Region IV-A (Calabarzon)
8899,103.4816361,121.38750205817276,14.487500491316323,Santa Maria,Laguna,Region IV-A (Calabarzon)
8900,100.5024185,121.41250205859664,14.487500491316323,Santa Maria,Laguna,Region IV-A (Calabarzon)
8901,99.14364624,121.43750205902055,14.487500491316323,Santa Maria,Laguna,Region IV-A (Calabarzon)
8902,100.2102737,121.41250205859664,14.462500490468496,Santa Maria,Laguna,Region IV-A (Calabarzon)
8903,95.43753815,121.43750205902055,14.462500490468496,Santa Maria,Laguna,Region IV-A (Calabarzon)
8904,108.5118027,121.11250205351,14.312500485381523,City of Santa Rosa,Laguna,Region IV-A (Calabarzon)
8905,106.7274551,121.08750205308613,14.287500484533696,City of Santa Rosa,Laguna,Region IV-A (Calabarzon)
8906,106.9605942,121.11250205351,14.287500484533696,City of Santa Rosa,Laguna,Region IV-A (Calabarzon)
8907,103.7296295,121.06250205266224,14.262500483685866,City of Santa Rosa,Laguna,Region IV-A (Calabarzon)
8908,105.3303452,121.08750205308613,14.262500483685866,City of Santa Rosa,Laguna,Region IV-A (Calabarzon)
8909,105.6369171,121.11250205351,14.262500483685866,City of Santa Rosa,Laguna,Region IV-A (Calabarzon)
8910,102.8618622,121.06250205266224,14.237500482838035,City of Santa Rosa,Laguna,Region IV-A (Calabarzon)
8911,102.8251267,121.08750205308613,14.237500482838035,City of Santa Rosa,Laguna,Region IV-A (Calabarzon)
8912,86.60373688,121.5125020602922,14.512500492164154,Siniloan,Laguna,Region IV-A (Calabarzon)
8913,86.98107147,121.53750206071608,14.487500491316323,Siniloan,Laguna,Region IV-A (Calabarzon)
8914,89.44490051,121.48750205986832,14.462500490468496,Siniloan,Laguna,Region IV-A (Calabarzon)
8915,94.69606781,121.46250205944445,14.437500489620668,Siniloan,Laguna,Region IV-A (Calabarzon)
8916,103.9351883,121.337502057325,14.237500482838035,Victoria,Laguna,Region IV-A (Calabarzon)
8917,104.5739517,121.31250205690112,14.212500481990208,Victoria,Laguna,Region IV-A (Calabarzon)
8918,104.109642,121.337502057325,14.212500481990208,Victoria,Laguna,Region IV-A (Calabarzon)
8919,104.1270828,121.337502057325,14.18750048114238,Victoria,Laguna,Region IV-A (Calabarzon)
8920,103.3028488,121.36250205774888,14.18750048114238,Victoria,Laguna,Region IV-A (Calabarzon)
