unique id,value,lon,lat,municipality name,province name,region
10047,120.1650314,121.16250205435777,14.537500493011985,Angono,Rizal,Region IV-A (Calabarzon)
10048,118.5182648,121.18750205478167,14.537500493011985,Angono,Rizal,Region IV-A (Calabarzon)
10049,102.3338318,121.26250205605332,14.762500500642442,City of Antipolo,Rizal,Region IV-A (Calabarzon)
10050,95.4716568,121.28750205647722,14.762500500642442,City of Antipolo,Rizal,Region IV-A (Calabarzon)
10051,104.9449158,121.26250205605332,14.737500499794614,City of Antipolo,Rizal,Region IV-A (Calabarzon)
10052,102.0248642,121.28750205647722,14.737500499794614,City of Antipolo,Rizal,Region IV-A (Calabarzon)
10053,94.51716614,121.31250205690112,14.737500499794614,City of Antipolo,Rizal,Region IV-A (Calabarzon)
10054,105.0135193,121.26250205605332,14.712500498946785,City of Antipolo,Rizal,Region IV-A (Calabarzon)
10055,103.6694641,121.28750205647722,14.712500498946785,City of Antipolo,Rizal,Region IV-A (Calabarzon)
10056,97.15339661,121.31250205690112,14.712500498946785,City of Antipolo,Rizal,Region IV-A (Calabarzon)
10057,111.9572678,121.23750205562946,14.687500498098956,City of Antipolo,Rizal,Region IV-A (Calabarzon)
10058,106.5117798,121.26250205605332,14.687500498098956,City of Antipolo,Rizal,Region IV-A (Calabarzon)
10059,105.0002823,121.28750205647722,14.687500498098956,City of Antipolo,Rizal,Region IV-A (Calabarzon)
10060,98.75246429,121.31250205690112,14.687500498098956,City of Antipolo,Rizal,Region IV-A (Calabarzon)
10061,114.0898056,121.18750205478167,14.662500497251129,City of Antipolo,Rizal,Region IV-A (Calabarzon)
10062,113.9565353,121.21250205520556,14.662500497251129,City of Antipolo,Rizal,Region IV-A (Calabarzon)
10063,113.3815689,121.23750205562946,14.662500497251129,City of Antipolo,Rizal,Region IV-A (Calabarzon)
10064,113.0952988,121.26250205605332,14.662500497251129,City of Antipolo,Rizal,Region IV-A (Calabarzon)
10065,107.6887207,121.28750205647722,14.662500497251129,City of Antipolo,Rizal,Region IV-A (Calabarzon)
10066,101.1968536,121.31250205690112,14.662500497251129,City of Antipolo,Rizal,Region IV-A (Calabarzon)
10067,124.5934067,121.1375020539339,14.637500496403298,City of Antipolo,Rizal,Region IV-A (Calabarzon)
10068,118.7801056,121.16250205435777,14.637500496403298,City of Antipolo,Rizal,Region IV-A (Calabarzon)
10069,116.5259247,121.18750205478167,14.637500496403298,City of Antipolo,Rizal,Region IV-A (Calabarzon)
10070,116.5593338,121.21250205520556,14.637500496403298,City of Antipolo,Rizal,Region IV-A (Calabarzon)
10071,115.7540741,121.23750205562946,14.637500496403298,City of Antipolo,Rizal,Region IV-A (Calabarzon)
10072,115.4644318,121.26250205605332,14.637500496403298,City of Antipolo,Rizal,Region IV-A (Calabarzon)
10073,113.4414063,121.28750205647722,14.637500496403298,City of Antipolo,Rizal,Region IV-A (Calabarzon)
10074,107.1251068,121.31250205690112,14.637500496403298,City of Antipolo,Rizal,Region IV-A (Calabarzon)
10075,123.0416336,121.1375020539339,14.612500495555468,City of Antipolo,Rizal,Region IV-A (Calabarzon)
10076,119.1302872,121.16250205435777,14.612500495555468,City of Antipolo,Rizal,Region IV-A (Calabarzon)
10077,116.4337387,121.18750205478167,14.612500495555468,City of Antipolo,Rizal,Region IV-A (Calabarzon)
10078,116.5159073,121.21250205520556,14.612500495555468,City of Antipolo,Rizal,Region IV-A (Calabarzon)
10079,116.5918121,121.23750205562946,14.612500495555468,City of Antipolo,Rizal,Region IV-A (Calabarzon)
10080,107.7266541,121.31250205690112,14.612500495555468,City of Antipolo,Rizal,Region IV-A (Calabarzon)
10081,120.5208054,121.16250205435777,14.58750049470764,City of Antipolo,Rizal,Region IV-A (Calabarzon)
10082,118.4389725,121.18750205478167,14.58750049470764,City of Antipolo,Rizal,Region IV-A (Calabarzon)
10083,118.6280747,121.21250205520556,14.58750049470764,City of Antipolo,Rizal,Region IV-A (Calabarzon)
10084,120.4274979,121.18750205478167,14.562500493859812,City of Antipolo,Rizal,Region IV-A (Calabarzon)
10085,114.3190308,121.26250205605332,14.612500495555468,Baras,Rizal,Region IV-A (Calabarzon)
10086,113.461586,121.28750205647722,14.612500495555468,Baras,Rizal,Region IV-A (Calabarzon)
10087,116.6134644,121.26250205605332,14.58750049470764,Baras,Rizal,Region IV-A (Calabarzon)
10088,115.8287277,121.28750205647722,14.58750049470764,Baras,Rizal,Region IV-A (Calabarzon)
10089,120.5084534,121.26250205605332,14.562500493859812,Baras,Rizal,Region IV-A (Calabarzon)
10090,118.3393402,121.28750205647722,14.562500493859812,Baras,Rizal,Region IV-A (Calabarzon)
10091,119.8986511,121.26250205605332,14.537500493011985,Baras,Rizal,Region IV-A (Calabarzon)
10092,117.9761887,121.28750205647722,14.537500493011985,Baras,Rizal,Region IV-A (Calabarzon)
10093,119.3143539,121.26250205605332,14.512500492164154,Baras,Rizal,Region IV-A (Calabarzon)
10094,120.7178726,121.16250205435777,14.512500492164154,Binangonan,Rizal,Region IV-A (Calabarzon)
10095,119.350708,121.18750205478167,14.512500492164154,Binangonan,Rizal,Region IV-A (Calabarzon)
10096,119.9937744,121.18750205478167,14.487500491316323,Binangonan,Rizal,Region IV-A (Calabarzon)
10097,120.2705612,121.21250205520556,14.487500491316323,Binangonan,Rizal,Region IV-A (Calabarzon)
10098,119.7202911,121.21250205520556,14.462500490468496,Binangonan,Rizal,Region IV-A (Calabarzon)
10099,116.2042847,121.21250205520556,14.437500489620668,Binangonan,Rizal,Region IV-A (Calabarzon)
10100,109.3451309,121.23750205562946,14.312500485381523,Binangonan,Rizal,Region IV-A (Calabarzon)
10101,122.4517822,121.11250205351,14.612500495555468,Cainta,Rizal,Region IV-A (Calabarzon)
10102,122.8022461,121.11250205351,14.58750049470764,Cainta,Rizal,Region IV-A (Calabarzon)
10103,123.3126373,121.1375020539339,14.58750049470764,Cainta,Rizal,Region IV-A (Calabarzon)
10104,123.3223953,121.11250205351,14.562500493859812,Cainta,Rizal,Region IV-A (Calabarzon)
10105,113.3557282,121.23750205562946,14.362500487077185,Cardona,Rizal,Region IV-A (Calabarzon)
10106,111.7164307,121.23750205562946,14.337500486229352,Cardona,Rizal,Region IV-A (Calabarzon)
10107,111.757309,121.26250205605332,14.337500486229352,Cardona,Rizal,Region IV-A (Calabarzon)
10108,107.7640305,121.337502057325,14.362500487077185,Jala-jala,Rizal,Region IV-A (Calabarzon)
10109,107.4779663,121.36250205774888,14.362500487077185,Jala-jala,Rizal,Region IV-A (Calabarzon)
10110,106.8884964,121.337502057325,14.337500486229352,Jala-jala,Rizal,Region IV-A (Calabarzon)
10111,106.6014252,121.36250205774888,14.337500486229352,Jala-jala,Rizal,Region IV-A (Calabarzon)
10112,107.6442261,121.31250205690112,14.312500485381523,Jala-jala,Rizal,Region IV-A (Calabarzon)
10113,107.1491013,121.31250205690112,14.287500484533696,Jala-jala,Rizal,Region IV-A (Calabarzon)
10114,104.5665665,121.18750205478167,14.8125005023381,Rodriguez (Montalban),Rizal,Region IV-A (Calabarzon)
10115,103.396843,121.21250205520556,14.8125005023381,Rodriguez (Montalban),Rizal,Region IV-A (Calabarzon)
10116,102.3293839,121.23750205562946,14.8125005023381,Rodriguez (Montalban),Rizal,Region IV-A (Calabarzon)
10117,93.66134644,121.26250205605332,14.8125005023381,Rodriguez (Montalban),Rizal,Region IV-A (Calabarzon)
10118,91.91608429,121.28750205647722,14.8125005023381,Rodriguez (Montalban),Rizal,Region IV-A (Calabarzon)
10119,85.35199738,121.31250205690112,14.8125005023381,Rodriguez (Montalban),Rizal,Region IV-A (Calabarzon)
10120,122.5481339,121.1375020539339,14.787500501490271,Rodriguez (Montalban),Rizal,Region IV-A (Calabarzon)
10121,111.4008255,121.16250205435777,14.787500501490271,Rodriguez (Montalban),Rizal,Region IV-A (Calabarzon)
10122,106.7087555,121.18750205478167,14.787500501490271,Rodriguez (Montalban),Rizal,Region IV-A (Calabarzon)
10123,105.7070847,121.21250205520556,14.787500501490271,Rodriguez (Montalban),Rizal,Region IV-A (Calabarzon)
10124,104.9725876,121.23750205562946,14.787500501490271,Rodriguez (Montalban),Rizal,Region IV-A (Calabarzon)
10125,96.28855896,121.26250205605332,14.787500501490271,Rodriguez (Montalban),Rizal,Region IV-A (Calabarzon)
10126,94.29722595,121.28750205647722,14.787500501490271,Rodriguez (Montalban),Rizal,Region IV-A (Calabarzon)
10127,87.6595993,121.31250205690112,14.787500501490271,Rodriguez (Montalban),Rizal,Region IV-A (Calabarzon)
10128,122.3461151,121.1375020539339,14.762500500642442,Rodriguez (Montalban),Rizal,Region IV-A (Calabarzon)
10129,113.788971,121.16250205435777,14.762500500642442,Rodriguez (Montalban),Rizal,Region IV-A (Calabarzon)
10130,107.276474,121.18750205478167,14.762500500642442,Rodriguez (Montalban),Rizal,Region IV-A (Calabarzon)
10131,106.0275421,121.21250205520556,14.762500500642442,Rodriguez (Montalban),Rizal,Region IV-A (Calabarzon)
10132,103.0042419,121.23750205562946,14.762500500642442,Rodriguez (Montalban),Rizal,Region IV-A (Calabarzon)
10133,122.8899002,121.1375020539339,14.737500499794614,Rodriguez (Montalban),Rizal,Region IV-A (Calabarzon)
10134,114.8742905,121.16250205435777,14.737500499794614,Rodriguez (Montalban),Rizal,Region IV-A (Calabarzon)
10135,110.7421951,121.18750205478167,14.737500499794614,Rodriguez (Montalban),Rizal,Region IV-A (Calabarzon)
10136,109.6794815,121.21250205520556,14.737500499794614,Rodriguez (Montalban),Rizal,Region IV-A (Calabarzon)
10137,105.621254,121.23750205562946,14.737500499794614,Rodriguez (Montalban),Rizal,Region IV-A (Calabarzon)
10138,123.1421204,121.1375020539339,14.712500498946785,Rodriguez (Montalban),Rizal,Region IV-A (Calabarzon)
10139,115.71978,121.16250205435777,14.712500498946785,Rodriguez (Montalban),Rizal,Region IV-A (Calabarzon)
10140,111.9462967,121.18750205478167,14.712500498946785,Rodriguez (Montalban),Rizal,Region IV-A (Calabarzon)
10141,111.3551178,121.21250205520556,14.712500498946785,Rodriguez (Montalban),Rizal,Region IV-A (Calabarzon)
10142,110.7550125,121.23750205562946,14.712500498946785,Rodriguez (Montalban),Rizal,Region IV-A (Calabarzon)
10143,119.991745,121.23750205562946,14.537500493011985,Morong,Rizal,Region IV-A (Calabarzon)
10144,119.6312866,121.21250205520556,14.512500492164154,Morong,Rizal,Region IV-A (Calabarzon)
10145,119.981987,121.23750205562946,14.512500492164154,Morong,Rizal,Region IV-A (Calabarzon)
10146,115.6961594,121.31250205690112,14.487500491316323,Pililla,Rizal,Region IV-A (Calabarzon)
10147,113.7275391,121.337502057325,14.487500491316323,Pililla,Rizal,Region IV-A (Calabarzon)
10148,107.8013306,121.36250205774888,14.487500491316323,Pililla,Rizal,Region IV-A (Calabarzon)
10149,110.8493424,121.337502057325,14.462500490468496,Pililla,Rizal,Region IV-A (Calabarzon)
10150,110.4292603,121.36250205774888,14.462500490468496,Pililla,Rizal,Region IV-A (Calabarzon)
10151,110.5520172,121.337502057325,14.437500489620668,Pililla,Rizal,Region IV-A (Calabarzon)
10152,110.1292496,121.36250205774888,14.437500489620668,Pililla,Rizal,Region IV-A (Calabarzon)
10153,107.1025009,121.36250205774888,14.41250048877284,Pililla,Rizal,Region IV-A (Calabarzon)
10154,110.3032074,121.337502057325,14.38750048792501,Pililla,Rizal,Region IV-A (Calabarzon)
10155,106.2413254,121.36250205774888,14.38750048792501,Pililla,Rizal,Region IV-A (Calabarzon)
10156,122.7924957,121.11250205351,14.687500498098956,San Mateo,Rizal,Region IV-A (Calabarzon)
10157,123.2367401,121.1375020539339,14.687500498098956,San Mateo,Rizal,Region IV-A (Calabarzon)
10158,116.014389,121.16250205435777,14.687500498098956,San Mateo,Rizal,Region IV-A (Calabarzon)
10159,112.3481979,121.18750205478167,14.687500498098956,San Mateo,Rizal,Region IV-A (Calabarzon)
10160,112.0750046,121.21250205520556,14.687500498098956,San Mateo,Rizal,Region IV-A (Calabarzon)
10161,124.3867645,121.1375020539339,14.662500497251129,San Mateo,Rizal,Region IV-A (Calabarzon)
10162,117.8622818,121.16250205435777,14.662500497251129,San Mateo,Rizal,Region IV-A (Calabarzon)
10163,88.01550293,121.31250205690112,14.762500500642442,Tanay,Rizal,Region IV-A (Calabarzon)
10164,93.31536102,121.337502057325,14.712500498946785,Tanay,Rizal,Region IV-A (Calabarzon)
10165,95.64081573,121.337502057325,14.687500498098956,Tanay,Rizal,Region IV-A (Calabarzon)
10166,86.91093445,121.36250205774888,14.687500498098956,Tanay,Rizal,Region IV-A (Calabarzon)
10167,83.89225769,121.38750205817276,14.687500498098956,Tanay,Rizal,Region IV-A (Calabarzon)
10168,96.51184845,121.337502057325,14.662500497251129,Tanay,Rizal,Region IV-A (Calabarzon)
10169,95.78587341,121.36250205774888,14.662500497251129,Tanay,Rizal,Region IV-A (Calabarzon)
10170,86.66801453,121.38750205817276,14.662500497251129,Tanay,Rizal,Region IV-A (Calabarzon)
10171,100.3906784,121.337502057325,14.637500496403298,Tanay,Rizal,Region IV-A (Calabarzon)
10172,99.65423584,121.36250205774888,14.637500496403298,Tanay,Rizal,Region IV-A (Calabarzon)
10173,93.3536911,121.38750205817276,14.637500496403298,Tanay,Rizal,Region IV-A (Calabarzon)
10174,104.66996,121.337502057325,14.612500495555468,Tanay,Rizal,Region IV-A (Calabarzon)
10175,97.0483551,121.36250205774888,14.612500495555468,Tanay,Rizal,Region IV-A (Calabarzon)
10176,93.56138611,121.38750205817276,14.612500495555468,Tanay,Rizal,Region IV-A (Calabarzon)
10177,90.71453857,121.41250205859664,14.612500495555468,Tanay,Rizal,Region IV-A (Calabarzon)
10178,88.96214294,121.43750205902055,14.612500495555468,Tanay,Rizal,Region IV-A (Calabarzon)
10179,110.6451645,121.31250205690112,14.58750049470764,Tanay,Rizal,Region IV-A (Calabarzon)
10180,108.0510101,121.337502057325,14.58750049470764,Tanay,Rizal,Region IV-A (Calabarzon)
10181,100.3698502,121.36250205774888,14.58750049470764,Tanay,Rizal,Region IV-A (Calabarzon)
10182,96.28816223,121.38750205817276,14.58750049470764,Tanay,Rizal,Region IV-A (Calabarzon)
10183,93.29917145,121.41250205859664,14.58750049470764,Tanay,Rizal,Region IV-A (Calabarzon)
10184,91.81811523,121.43750205902055,14.58750049470764,Tanay,Rizal,Region IV-A (Calabarzon)
10185,113.3244171,121.31250205690112,14.562500493859812,Tanay,Rizal,Region IV-A (Calabarzon)
10186,108.7471619,121.337502057325,14.562500493859812,Tanay,Rizal,Region IV-A (Calabarzon)
10187,108.1503372,121.36250205774888,14.562500493859812,Tanay,Rizal,Region IV-A (Calabarzon)
10188,99.31253052,121.38750205817276,14.562500493859812,Tanay,Rizal,Region IV-A (Calabarzon)
10189,95.39057159,121.41250205859664,14.562500493859812,Tanay,Rizal,Region IV-A (Calabarzon)
10190,91.03746033,121.43750205902055,14.562500493859812,Tanay,Rizal,Region IV-A (Calabarzon)
10191,113.1141357,121.31250205690112,14.537500493011985,Tanay,Rizal,Region IV-A (Calabarzon)
10192,109.1097488,121.337502057325,14.537500493011985,Tanay,Rizal,Region IV-A (Calabarzon)
10193,108.5130158,121.36250205774888,14.537500493011985,Tanay,Rizal,Region IV-A (Calabarzon)
10194,100.9961624,121.38750205817276,14.537500493011985,Tanay,Rizal,Region IV-A (Calabarzon)
10195,118.7285919,121.28750205647722,14.512500492164154,Tanay,Rizal,Region IV-A (Calabarzon)
10196,114.5027237,121.31250205690112,14.512500492164154,Tanay,Rizal,Region IV-A (Calabarzon)
10197,112.4412308,121.337502057325,14.512500492164154,Tanay,Rizal,Region IV-A (Calabarzon)
10198,106.4647522,121.36250205774888,14.512500492164154,Tanay,Rizal,Region IV-A (Calabarzon)
10199,119.478302,121.28750205647722,14.487500491316323,Tanay,Rizal,Region IV-A (Calabarzon)
10200,124.6755524,121.1375020539339,14.562500493859812,Taytay,Rizal,Region IV-A (Calabarzon)
10201,121.0560074,121.16250205435777,14.562500493859812,Taytay,Rizal,Region IV-A (Calabarzon)
10202,121.24823,121.11250205351,14.537500493011985,Taytay,Rizal,Region IV-A (Calabarzon)
10203,123.7563171,121.1375020539339,14.537500493011985,Taytay,Rizal,Region IV-A (Calabarzon)
10204,118.7773361,121.23750205562946,14.58750049470764,Teresa,Rizal,Region IV-A (Calabarzon)
10205,120.7794113,121.21250205520556,14.562500493859812,Teresa,Rizal,Region IV-A (Calabarzon)
10206,120.6015625,121.23750205562946,14.562500493859812,Teresa,Rizal,Region IV-A (Calabarzon)
10207,118.9096375,121.21250205520556,14.537500493011985,Teresa,Rizal,Region IV-A (Calabarzon)
