unique id,value,lon,lat,municipality name,province name,region
15181,111.4272156,123.96250210183312,9.66250032768536,Alburquerque,Bohol,Region VII (Central Visayas)
15182,112.1987152,123.96250210183312,9.637500326837532,Alburquerque,Bohol,Region VII (Central Visayas)
15183,112.644043,123.96250210183312,9.612500325989703,Alburquerque,Bohol,Region VII (Central Visayas)
15184,109.6017761,124.4125021094631,9.912500336163648,Alicia,Bohol,Region VII (Central Visayas)
15185,109.8465729,124.437502109887,9.912500336163648,Alicia,Bohol,Region VII (Central Visayas)
15186,111.1729507,124.46250211031088,9.912500336163648,Alicia,Bohol,Region VII (Central Visayas)
15187,109.065712,124.3875021090392,9.88750033531582,Alicia,Bohol,Region VII (Central Visayas)
15188,109.5702744,124.4125021094631,9.88750033531582,Alicia,Bohol,Region VII (Central Visayas)
15189,109.8292313,124.437502109887,9.88750033531582,Alicia,Bohol,Region VII (Central Visayas)
15190,111.1718903,124.46250211031088,9.88750033531582,Alicia,Bohol,Region VII (Central Visayas)
15191,108.8719254,124.3875021090392,9.862500334467992,Alicia,Bohol,Region VII (Central Visayas)
15192,109.5478516,124.4125021094631,9.862500334467992,Alicia,Bohol,Region VII (Central Visayas)
15193,110.3032227,124.437502109887,9.862500334467992,Alicia,Bohol,Region VII (Central Visayas)
15194,110.7016754,124.46250211031088,9.862500334467992,Alicia,Bohol,Region VII (Central Visayas)
15195,112.5796051,124.53750211158254,9.787500331924504,Anda,Bohol,Region VII (Central Visayas)
15196,112.7618179,124.56250211200641,9.787500331924504,Anda,Bohol,Region VII (Central Visayas)
15197,112.6732178,124.58750211243031,9.787500331924504,Anda,Bohol,Region VII (Central Visayas)
15198,112.3029709,124.51250211115864,9.762500331076676,Anda,Bohol,Region VII (Central Visayas)
15199,112.9381027,124.53750211158254,9.762500331076676,Anda,Bohol,Region VII (Central Visayas)
15200,113.0817795,124.56250211200641,9.762500331076676,Anda,Bohol,Region VII (Central Visayas)
15201,112.8100433,124.58750211243031,9.762500331076676,Anda,Bohol,Region VII (Central Visayas)
15202,113.1114273,124.53750211158254,9.737500330228848,Anda,Bohol,Region VII (Central Visayas)
15203,113.2553711,124.56250211200641,9.737500330228848,Anda,Bohol,Region VII (Central Visayas)
15204,106.43676,123.88750210056148,9.812500332772334,Antequera,Bohol,Region VII (Central Visayas)
15205,106.4395065,123.91250210098536,9.812500332772334,Antequera,Bohol,Region VII (Central Visayas)
15206,105.7963028,123.93750210140924,9.812500332772334,Antequera,Bohol,Region VII (Central Visayas)
15207,106.9900818,123.88750210056148,9.787500331924504,Antequera,Bohol,Region VII (Central Visayas)
15208,107.0151672,123.91250210098536,9.787500331924504,Antequera,Bohol,Region VII (Central Visayas)
15209,106.5523682,123.93750210140924,9.787500331924504,Antequera,Bohol,Region VII (Central Visayas)
15210,107.4930344,123.91250210098536,9.762500331076676,Antequera,Bohol,Region VII (Central Visayas)
15211,107.7679443,123.93750210140924,9.762500331076676,Antequera,Bohol,Region VII (Central Visayas)
15212,111.343689,123.91250210098536,9.66250032768536,Baclayon,Bohol,Region VII (Central Visayas)
15213,112.7715759,123.88750210056148,9.637500326837532,Baclayon,Bohol,Region VII (Central Visayas)
15214,112.9289627,123.91250210098536,9.637500326837532,Baclayon,Bohol,Region VII (Central Visayas)
15215,112.4156036,123.93750210140924,9.637500326837532,Baclayon,Bohol,Region VII (Central Visayas)
15216,105.412529,124.0375021031048,9.812500332772334,Balilihan,Bohol,Region VII (Central Visayas)
15217,106.2890015,123.96250210183312,9.787500331924504,Balilihan,Bohol,Region VII (Central Visayas)
15218,106.166893,123.98750210225703,9.787500331924504,Balilihan,Bohol,Region VII (Central Visayas)
15219,105.9720535,124.01250210268093,9.787500331924504,Balilihan,Bohol,Region VII (Central Visayas)
15220,105.9738083,124.0375021031048,9.787500331924504,Balilihan,Bohol,Region VII (Central Visayas)
15221,105.7514191,124.06250210352869,9.787500331924504,Balilihan,Bohol,Region VII (Central Visayas)
15222,107.481041,123.96250210183312,9.762500331076676,Balilihan,Bohol,Region VII (Central Visayas)
15223,106.5823669,123.98750210225703,9.762500331076676,Balilihan,Bohol,Region VII (Central Visayas)
15224,106.2854157,124.01250210268093,9.762500331076676,Balilihan,Bohol,Region VII (Central Visayas)
15225,108.538002,123.96250210183312,9.737500330228848,Balilihan,Bohol,Region VII (Central Visayas)
15226,109.1783066,123.98750210225703,9.737500330228848,Balilihan,Bohol,Region VII (Central Visayas)
15227,108.864418,124.01250210268093,9.737500330228848,Balilihan,Bohol,Region VII (Central Visayas)
15228,109.6418915,123.96250210183312,9.71250032938102,Balilihan,Bohol,Region VII (Central Visayas)
15229,109.6851349,123.98750210225703,9.71250032938102,Balilihan,Bohol,Region VII (Central Visayas)
15230,103.6947479,124.11250210437646,9.862500334467992,Batuan,Bohol,Region VII (Central Visayas)
15231,104.7590561,124.11250210437646,9.83750033362016,Batuan,Bohol,Region VII (Central Visayas)
15232,104.0303421,124.13750210480033,9.83750033362016,Batuan,Bohol,Region VII (Central Visayas)
15233,105.225296,124.08750210395256,9.812500332772334,Batuan,Bohol,Region VII (Central Visayas)
15234,105.1593399,124.11250210437646,9.812500332772334,Batuan,Bohol,Region VII (Central Visayas)
15235,105.0378494,124.13750210480033,9.812500332772334,Batuan,Bohol,Region VII (Central Visayas)
15236,105.4511108,124.08750210395256,9.787500331924504,Batuan,Bohol,Region VII (Central Visayas)
15237,105.2981339,124.11250210437646,9.787500331924504,Batuan,Bohol,Region VII (Central Visayas)
15238,105.3046036,124.13750210480033,9.787500331924504,Batuan,Bohol,Region VII (Central Visayas)
15239,105.998169,124.16250210522423,9.762500331076676,Batuan,Bohol,Region VII (Central Visayas)
15240,107.4371643,124.18750210564812,9.737500330228848,Batuan,Bohol,Region VII (Central Visayas)
15241,105.6035461,124.08750210395256,9.762500331076676,Bilar,Bohol,Region VII (Central Visayas)
15242,105.3392029,124.11250210437646,9.762500331076676,Bilar,Bohol,Region VII (Central Visayas)
15243,105.7936249,124.13750210480033,9.762500331076676,Bilar,Bohol,Region VII (Central Visayas)
15244,107.9511337,124.08750210395256,9.737500330228848,Bilar,Bohol,Region VII (Central Visayas)
15245,107.6668472,124.11250210437646,9.737500330228848,Bilar,Bohol,Region VII (Central Visayas)
15246,106.6567841,124.13750210480033,9.737500330228848,Bilar,Bohol,Region VII (Central Visayas)
15247,106.8631744,124.16250210522423,9.737500330228848,Bilar,Bohol,Region VII (Central Visayas)
15248,108.4583206,124.08750210395256,9.71250032938102,Bilar,Bohol,Region VII (Central Visayas)
15249,108.2250443,124.11250210437646,9.71250032938102,Bilar,Bohol,Region VII (Central Visayas)
15250,108.038147,124.13750210480033,9.71250032938102,Bilar,Bohol,Region VII (Central Visayas)
15251,107.7819519,124.16250210522423,9.71250032938102,Bilar,Bohol,Region VII (Central Visayas)
15252,109.0698166,124.08750210395256,9.68750032853319,Bilar,Bohol,Region VII (Central Visayas)
15253,108.8399353,124.11250210437646,9.68750032853319,Bilar,Bohol,Region VII (Central Visayas)
15254,108.8149185,124.13750210480033,9.68750032853319,Bilar,Bohol,Region VII (Central Visayas)
15255,109.4843063,124.08750210395256,9.66250032768536,Bilar,Bohol,Region VII (Central Visayas)
15256,109.2066193,124.11250210437646,9.66250032768536,Bilar,Bohol,Region VII (Central Visayas)
15257,109.5685883,124.13750210480033,9.66250032768536,Bilar,Bohol,Region VII (Central Visayas)
15258,111.1495285,124.08750210395256,9.637500326837532,Bilar,Bohol,Region VII (Central Visayas)
15259,110.8891449,124.11250210437646,9.637500326837532,Bilar,Bohol,Region VII (Central Visayas)
15260,111.4574738,124.08750210395256,9.612500325989703,Bilar,Bohol,Region VII (Central Visayas)
15261,108.8992462,124.11250210437646,10.087500342098451,Buenavista,Bohol,Region VII (Central Visayas)
15262,108.9149323,124.13750210480033,10.087500342098451,Buenavista,Bohol,Region VII (Central Visayas)
15263,108.1624222,124.11250210437646,10.062500341250622,Buenavista,Bohol,Region VII (Central Visayas)
15264,108.0167389,124.13750210480033,10.062500341250622,Buenavista,Bohol,Region VII (Central Visayas)
15265,107.9910812,124.16250210522423,10.062500341250622,Buenavista,Bohol,Region VII (Central Visayas)
15266,108.6035156,124.18750210564812,10.062500341250622,Buenavista,Bohol,Region VII (Central Visayas)
15267,108.7599411,124.21250210607202,10.062500341250622,Buenavista,Bohol,Region VII (Central Visayas)
15268,107.5805512,124.13750210480033,10.037500340402794,Buenavista,Bohol,Region VII (Central Visayas)
15269,107.5552673,124.16250210522423,10.037500340402794,Buenavista,Bohol,Region VII (Central Visayas)
15270,107.6357422,124.18750210564812,10.037500340402794,Buenavista,Bohol,Region VII (Central Visayas)
15271,107.8095779,124.21250210607202,10.037500340402794,Buenavista,Bohol,Region VII (Central Visayas)
15272,106.8886108,124.16250210522423,10.012500339554965,Buenavista,Bohol,Region VII (Central Visayas)
15273,106.9857636,124.18750210564812,10.012500339554965,Buenavista,Bohol,Region VII (Central Visayas)
15274,103.6416931,123.88750210056148,9.912500336163648,Calape,Bohol,Region VII (Central Visayas)
15275,103.6160965,123.91250210098536,9.912500336163648,Calape,Bohol,Region VII (Central Visayas)
15276,104.112175,123.8375020997137,9.88750033531582,Calape,Bohol,Region VII (Central Visayas)
15277,103.8802414,123.8625021001376,9.88750033531582,Calape,Bohol,Region VII (Central Visayas)
15278,103.8304215,123.88750210056148,9.88750033531582,Calape,Bohol,Region VII (Central Visayas)
15279,103.4584122,123.93750210140924,9.88750033531582,Calape,Bohol,Region VII (Central Visayas)
15280,104.3548203,123.8625021001376,9.862500334467992,Calape,Bohol,Region VII (Central Visayas)
15281,104.0227585,123.88750210056148,9.862500334467992,Calape,Bohol,Region VII (Central Visayas)
15282,103.9980393,123.91250210098536,9.862500334467992,Calape,Bohol,Region VII (Central Visayas)
15283,105.9548798,123.88750210056148,9.83750033362016,Calape,Bohol,Region VII (Central Visayas)
15284,105.9412003,123.91250210098536,9.83750033362016,Calape,Bohol,Region VII (Central Visayas)
15285,109.8878632,124.4125021094631,9.83750033362016,Candijay,Bohol,Region VII (Central Visayas)
15286,110.4263229,124.437502109887,9.83750033362016,Candijay,Bohol,Region VII (Central Visayas)
15287,110.8782044,124.46250211031088,9.83750033362016,Candijay,Bohol,Region VII (Central Visayas)
15288,111.7922134,124.48750211073477,9.83750033362016,Candijay,Bohol,Region VII (Central Visayas)
15289,111.9673767,124.51250211115864,9.83750033362016,Candijay,Bohol,Region VII (Central Visayas)
15290,112.2446213,124.53750211158254,9.83750033362016,Candijay,Bohol,Region VII (Central Visayas)
15291,111.6703949,124.46250211031088,9.812500332772334,Candijay,Bohol,Region VII (Central Visayas)
15292,111.9482575,124.48750211073477,9.812500332772334,Candijay,Bohol,Region VII (Central Visayas)
15293,112.0596848,124.51250211115864,9.812500332772334,Candijay,Bohol,Region VII (Central Visayas)
15294,112.3856506,124.53750211158254,9.812500332772334,Candijay,Bohol,Region VII (Central Visayas)
15295,112.574173,124.56250211200641,9.812500332772334,Candijay,Bohol,Region VII (Central Visayas)
15296,112.101593,124.48750211073477,9.787500331924504,Candijay,Bohol,Region VII (Central Visayas)
15297,104.6690064,124.16250210522423,9.912500336163648,Carmen,Bohol,Region VII (Central Visayas)
15298,103.9579697,124.13750210480033,9.88750033531582,Carmen,Bohol,Region VII (Central Visayas)
15299,104.6681595,124.16250210522423,9.88750033531582,Carmen,Bohol,Region VII (Central Visayas)
15300,104.8934403,124.18750210564812,9.88750033531582,Carmen,Bohol,Region VII (Central Visayas)
15301,105.0133896,124.21250210607202,9.88750033531582,Carmen,Bohol,Region VII (Central Visayas)
15302,105.1043167,124.23750210649588,9.88750033531582,Carmen,Bohol,Region VII (Central Visayas)
15303,103.8844681,124.13750210480033,9.862500334467992,Carmen,Bohol,Region VII (Central Visayas)
15304,104.1938629,124.16250210522423,9.862500334467992,Carmen,Bohol,Region VII (Central Visayas)
15305,104.6099625,124.18750210564812,9.862500334467992,Carmen,Bohol,Region VII (Central Visayas)
15306,104.7470474,124.21250210607202,9.862500334467992,Carmen,Bohol,Region VII (Central Visayas)
15307,105.0526581,124.23750210649588,9.862500334467992,Carmen,Bohol,Region VII (Central Visayas)
15308,105.1079483,124.26250210691978,9.862500334467992,Carmen,Bohol,Region VII (Central Visayas)
15309,104.3660507,124.16250210522423,9.83750033362016,Carmen,Bohol,Region VII (Central Visayas)
15310,105.1727219,124.18750210564812,9.83750033362016,Carmen,Bohol,Region VII (Central Visayas)
15311,105.274559,124.21250210607202,9.83750033362016,Carmen,Bohol,Region VII (Central Visayas)
15312,105.0037231,124.23750210649588,9.83750033362016,Carmen,Bohol,Region VII (Central Visayas)
15313,105.0588913,124.26250210691978,9.83750033362016,Carmen,Bohol,Region VII (Central Visayas)
15314,105.2530975,124.16250210522423,9.812500332772334,Carmen,Bohol,Region VII (Central Visayas)
15315,105.5012207,124.18750210564812,9.812500332772334,Carmen,Bohol,Region VII (Central Visayas)
15316,105.5463409,124.21250210607202,9.812500332772334,Carmen,Bohol,Region VII (Central Visayas)
15317,105.5246887,124.23750210649588,9.812500332772334,Carmen,Bohol,Region VII (Central Visayas)
15318,105.4406204,124.16250210522423,9.787500331924504,Carmen,Bohol,Region VII (Central Visayas)
15319,105.4983292,124.18750210564812,9.787500331924504,Carmen,Bohol,Region VII (Central Visayas)
15320,105.4923935,124.21250210607202,9.787500331924504,Carmen,Bohol,Region VII (Central Visayas)
15321,105.546402,124.23750210649588,9.787500331924504,Carmen,Bohol,Region VII (Central Visayas)
15322,105.4274597,124.18750210564812,9.762500331076676,Carmen,Bohol,Region VII (Central Visayas)
15323,105.3797684,124.21250210607202,9.762500331076676,Carmen,Bohol,Region VII (Central Visayas)
15324,107.3657608,124.21250210607202,9.737500330228848,Carmen,Bohol,Region VII (Central Visayas)
15325,103.445549,124.01250210268093,9.88750033531582,Catigbian,Bohol,Region VII (Central Visayas)
15326,103.5194168,124.0375021031048,9.88750033531582,Catigbian,Bohol,Region VII (Central Visayas)
15327,103.4217606,123.98750210225703,9.862500334467992,Catigbian,Bohol,Region VII (Central Visayas)
15328,103.425766,124.01250210268093,9.862500334467992,Catigbian,Bohol,Region VII (Central Visayas)
15329,103.7082672,124.0375021031048,9.862500334467992,Catigbian,Bohol,Region VII (Central Visayas)
15330,103.7099609,124.06250210352869,9.862500334467992,Catigbian,Bohol,Region VII (Central Visayas)
15331,103.679306,124.08750210395256,9.862500334467992,Catigbian,Bohol,Region VII (Central Visayas)
15332,105.1593094,123.98750210225703,9.83750033362016,Catigbian,Bohol,Region VII (Central Visayas)
15333,105.0793991,124.01250210268093,9.83750033362016,Catigbian,Bohol,Region VII (Central Visayas)
15334,104.1780014,124.0375021031048,9.83750033362016,Catigbian,Bohol,Region VII (Central Visayas)
15335,104.1798096,124.06250210352869,9.83750033362016,Catigbian,Bohol,Region VII (Central Visayas)
15336,104.8088684,124.08750210395256,9.83750033362016,Catigbian,Bohol,Region VII (Central Visayas)
15337,105.6537323,123.98750210225703,9.812500332772334,Catigbian,Bohol,Region VII (Central Visayas)
15338,105.5563812,124.01250210268093,9.812500332772334,Catigbian,Bohol,Region VII (Central Visayas)
15339,105.2181931,124.06250210352869,9.812500332772334,Catigbian,Bohol,Region VII (Central Visayas)
15340,104.2724457,124.01250210268093,9.962500337859309,Clarin,Bohol,Region VII (Central Visayas)
15341,104.184021,124.0375021031048,9.962500337859309,Clarin,Bohol,Region VII (Central Visayas)
15342,104.225975,124.06250210352869,9.962500337859309,Clarin,Bohol,Region VII (Central Visayas)
15343,103.6447525,124.01250210268093,9.937500337011478,Clarin,Bohol,Region VII (Central Visayas)
15344,103.6627502,124.0375021031048,9.937500337011478,Clarin,Bohol,Region VII (Central Visayas)
15345,103.7045212,124.06250210352869,9.937500337011478,Clarin,Bohol,Region VII (Central Visayas)
15346,103.3451233,124.0375021031048,9.912500336163648,Clarin,Bohol,Region VII (Central Visayas)
15347,109.8389053,123.93750210140924,9.71250032938102,Corella,Bohol,Region VII (Central Visayas)
15348,110.94104,123.91250210098536,9.68750032853319,Corella,Bohol,Region VII (Central Visayas)
15349,110.5701065,123.93750210140924,9.68750032853319,Corella,Bohol,Region VII (Central Visayas)
15350,111.65522,123.93750210140924,9.66250032768536,Corella,Bohol,Region VII (Central Visayas)
15351,110.0461502,123.91250210098536,9.737500330228848,Cortes,Bohol,Region VII (Central Visayas)
15352,108.8275223,123.93750210140924,9.737500330228848,Cortes,Bohol,Region VII (Central Visayas)
15353,110.2508164,123.8625021001376,9.71250032938102,Cortes,Bohol,Region VII (Central Visayas)
15354,110.3819199,123.88750210056148,9.71250032938102,Cortes,Bohol,Region VII (Central Visayas)
15355,110.4477463,123.91250210098536,9.71250032938102,Cortes,Bohol,Region VII (Central Visayas)
15356,106.113678,124.26250210691978,9.937500337011478,Dagohoy,Bohol,Region VII (Central Visayas)
15357,106.4899674,124.28750210734368,9.937500337011478,Dagohoy,Bohol,Region VII (Central Visayas)
15358,104.9143753,124.18750210564812,9.912500336163648,Dagohoy,Bohol,Region VII (Central Visayas)
15359,105.069397,124.21250210607202,9.912500336163648,Dagohoy,Bohol,Region VII (Central Visayas)
15360,105.2068787,124.23750210649588,9.912500336163648,Dagohoy,Bohol,Region VII (Central Visayas)
15361,105.9825211,124.26250210691978,9.912500336163648,Dagohoy,Bohol,Region VII (Central Visayas)
15362,106.1048584,124.28750210734368,9.912500336163648,Dagohoy,Bohol,Region VII (Central Visayas)
15363,106.8808136,124.31250210776756,9.912500336163648,Dagohoy,Bohol,Region VII (Central Visayas)
15364,107.3114853,124.33750210819144,9.912500336163648,Dagohoy,Bohol,Region VII (Central Visayas)
15365,105.8642731,124.26250210691978,9.88750033531582,Dagohoy,Bohol,Region VII (Central Visayas)
15366,106.0161285,124.28750210734368,9.88750033531582,Dagohoy,Bohol,Region VII (Central Visayas)
15367,106.7902527,124.31250210776756,9.88750033531582,Dagohoy,Bohol,Region VII (Central Visayas)
15368,105.66642,124.28750210734368,9.862500334467992,Dagohoy,Bohol,Region VII (Central Visayas)
15369,107.12603,124.21250210607202,10.012500339554965,Danao,Bohol,Region VII (Central Visayas)
15370,106.0530167,124.16250210522423,9.987500338707136,Danao,Bohol,Region VII (Central Visayas)
15371,106.2789383,124.18750210564812,9.987500338707136,Danao,Bohol,Region VII (Central Visayas)
15372,106.4436874,124.21250210607202,9.987500338707136,Danao,Bohol,Region VII (Central Visayas)
15373,106.5522842,124.23750210649588,9.987500338707136,Danao,Bohol,Region VII (Central Visayas)
15374,105.3263931,124.16250210522423,9.962500337859309,Danao,Bohol,Region VII (Central Visayas)
15375,106.0945816,124.18750210564812,9.962500337859309,Danao,Bohol,Region VII (Central Visayas)
15376,106.3405762,124.21250210607202,9.962500337859309,Danao,Bohol,Region VII (Central Visayas)
15377,106.594223,124.23750210649588,9.962500337859309,Danao,Bohol,Region VII (Central Visayas)
15378,106.6719132,124.26250210691978,9.962500337859309,Danao,Bohol,Region VII (Central Visayas)
15379,104.7678375,124.16250210522423,9.937500337011478,Danao,Bohol,Region VII (Central Visayas)
15380,105.2419739,124.18750210564812,9.937500337011478,Danao,Bohol,Region VII (Central Visayas)
15381,105.4830933,124.21250210607202,9.937500337011478,Danao,Bohol,Region VII (Central Visayas)
15382,106.0362396,124.23750210649588,9.937500337011478,Danao,Bohol,Region VII (Central Visayas)
15383,112.2030411,123.8375020997137,9.637500326837532,Dauis,Bohol,Region VII (Central Visayas)
15384,112.1838379,123.8125020992898,9.612500325989703,Dauis,Bohol,Region VII (Central Visayas)
15385,112.2613983,123.8375020997137,9.612500325989703,Dauis,Bohol,Region VII (Central Visayas)
15386,112.9033966,123.8625021001376,9.612500325989703,Dauis,Bohol,Region VII (Central Visayas)
15387,112.278923,123.8125020992898,9.587500325141876,Dauis,Bohol,Region VII (Central Visayas)
15388,112.4243393,123.8375020997137,9.587500325141876,Dauis,Bohol,Region VII (Central Visayas)
15389,107.9135742,124.18750210564812,9.71250032938102,Dimiao,Bohol,Region VII (Central Visayas)
15390,108.5270157,124.16250210522423,9.68750032853319,Dimiao,Bohol,Region VII (Central Visayas)
15391,109.7175293,124.16250210522423,9.66250032768536,Dimiao,Bohol,Region VII (Central Visayas)
15392,110.3851318,124.13750210480033,9.637500326837532,Dimiao,Bohol,Region VII (Central Visayas)
15393,110.5698471,124.16250210522423,9.637500326837532,Dimiao,Bohol,Region VII (Central Visayas)
15394,111.1371613,124.13750210480033,9.612500325989703,Dimiao,Bohol,Region VII (Central Visayas)
15395,110.8781052,124.16250210522423,9.612500325989703,Dimiao,Bohol,Region VII (Central Visayas)
15396,108.0551071,124.36250210861532,9.762500331076676,Duero,Bohol,Region VII (Central Visayas)
15397,110.0577164,124.4125021094631,9.762500331076676,Duero,Bohol,Region VII (Central Visayas)
15398,108.6761246,124.36250210861532,9.737500330228848,Duero,Bohol,Region VII (Central Visayas)
15399,110.5530853,124.3875021090392,9.737500330228848,Duero,Bohol,Region VII (Central Visayas)
15400,111.2947998,124.4125021094631,9.737500330228848,Duero,Bohol,Region VII (Central Visayas)
15401,110.8265457,124.3875021090392,9.71250032938102,Duero,Bohol,Region VII (Central Visayas)
15402,111.1170197,124.3875021090392,9.68750032853319,Duero,Bohol,Region VII (Central Visayas)
15403,107.7891541,124.26250210691978,9.71250032938102,Garcia Hernandez,Bohol,Region VII (Central Visayas)
15404,107.9369049,124.28750210734368,9.71250032938102,Garcia Hernandez,Bohol,Region VII (Central Visayas)
15405,108.4908676,124.26250210691978,9.68750032853319,Garcia Hernandez,Bohol,Region VII (Central Visayas)
15406,108.4781418,124.28750210734368,9.68750032853319,Garcia Hernandez,Bohol,Region VII (Central Visayas)
15407,109.3695831,124.26250210691978,9.66250032768536,Garcia Hernandez,Bohol,Region VII (Central Visayas)
15408,108.8288193,124.28750210734368,9.66250032768536,Garcia Hernandez,Bohol,Region VII (Central Visayas)
15409,109.585144,124.31250210776756,9.66250032768536,Garcia Hernandez,Bohol,Region VII (Central Visayas)
15410,110.2015915,124.26250210691978,9.637500326837532,Garcia Hernandez,Bohol,Region VII (Central Visayas)
15411,110.3715973,124.28750210734368,9.637500326837532,Garcia Hernandez,Bohol,Region VII (Central Visayas)
15412,111.0585175,124.31250210776756,9.637500326837532,Garcia Hernandez,Bohol,Region VII (Central Visayas)
15413,110.6980362,124.26250210691978,9.612500325989703,Garcia Hernandez,Bohol,Region VII (Central Visayas)
15414,110.7515106,124.28750210734368,9.612500325989703,Garcia Hernandez,Bohol,Region VII (Central Visayas)
15415,109.9926605,124.4125021094631,9.812500332772334,Guindulman,Bohol,Region VII (Central Visayas)
15416,110.2356873,124.437502109887,9.812500332772334,Guindulman,Bohol,Region VII (Central Visayas)
15417,109.3968887,124.3875021090392,9.787500331924504,Guindulman,Bohol,Region VII (Central Visayas)
15418,110.0124588,124.4125021094631,9.787500331924504,Guindulman,Bohol,Region VII (Central Visayas)
15419,110.3132706,124.437502109887,9.787500331924504,Guindulman,Bohol,Region VII (Central Visayas)
15420,111.8478851,124.46250211031088,9.787500331924504,Guindulman,Bohol,Region VII (Central Visayas)
15421,112.1846695,124.51250211115864,9.787500331924504,Guindulman,Bohol,Region VII (Central Visayas)
15422,109.2802353,124.3875021090392,9.762500331076676,Guindulman,Bohol,Region VII (Central Visayas)
15423,111.0960693,124.437502109887,9.762500331076676,Guindulman,Bohol,Region VII (Central Visayas)
15424,111.7637634,124.46250211031088,9.762500331076676,Guindulman,Bohol,Region VII (Central Visayas)
15425,112.2109985,124.48750211073477,9.762500331076676,Guindulman,Bohol,Region VII (Central Visayas)
15426,111.4595261,124.437502109887,9.737500330228848,Guindulman,Bohol,Region VII (Central Visayas)
15427,112.1292191,124.46250211031088,9.737500330228848,Guindulman,Bohol,Region VII (Central Visayas)
15428,112.9722366,124.51250211115864,9.737500330228848,Guindulman,Bohol,Region VII (Central Visayas)
15429,0.0,123.98750210225703,10.11250034294628,Inabanga,Bohol,Region VII (Central Visayas)
15430,107.4731369,124.06250210352869,10.062500341250622,Inabanga,Bohol,Region VII (Central Visayas)
15431,106.9489059,124.06250210352869,10.037500340402794,Inabanga,Bohol,Region VII (Central Visayas)
15432,106.8342896,124.08750210395256,10.037500340402794,Inabanga,Bohol,Region VII (Central Visayas)
15433,106.9512787,124.11250210437646,10.037500340402794,Inabanga,Bohol,Region VII (Central Visayas)
15434,105.9258804,124.06250210352869,10.012500339554965,Inabanga,Bohol,Region VII (Central Visayas)
15435,105.9868927,124.08750210395256,10.012500339554965,Inabanga,Bohol,Region VII (Central Visayas)
15436,106.0954971,124.11250210437646,10.012500339554965,Inabanga,Bohol,Region VII (Central Visayas)
15437,106.2175446,124.13750210480033,10.012500339554965,Inabanga,Bohol,Region VII (Central Visayas)
15438,104.8856354,124.06250210352869,9.987500338707136,Inabanga,Bohol,Region VII (Central Visayas)
15439,105.087944,124.08750210395256,9.987500338707136,Inabanga,Bohol,Region VII (Central Visayas)
15440,105.2267304,124.11250210437646,9.987500338707136,Inabanga,Bohol,Region VII (Central Visayas)
15441,105.2752609,124.13750210480033,9.987500338707136,Inabanga,Bohol,Region VII (Central Visayas)
15442,104.9008637,124.08750210395256,9.962500337859309,Inabanga,Bohol,Region VII (Central Visayas)
15443,105.0750809,124.11250210437646,9.962500337859309,Inabanga,Bohol,Region VII (Central Visayas)
15444,105.1372299,124.13750210480033,9.962500337859309,Inabanga,Bohol,Region VII (Central Visayas)
15445,107.9668427,124.33750210819144,9.762500331076676,Jagna,Bohol,Region VII (Central Visayas)
15446,107.4546738,124.28750210734368,9.737500330228848,Jagna,Bohol,Region VII (Central Visayas)
15447,108.5877533,124.33750210819144,9.737500330228848,Jagna,Bohol,Region VII (Central Visayas)
15448,108.7714157,124.31250210776756,9.71250032938102,Jagna,Bohol,Region VII (Central Visayas)
15449,109.1081162,124.33750210819144,9.71250032938102,Jagna,Bohol,Region VII (Central Visayas)
15450,109.8208771,124.36250210861532,9.71250032938102,Jagna,Bohol,Region VII (Central Visayas)
15451,109.2132492,124.31250210776756,9.68750032853319,Jagna,Bohol,Region VII (Central Visayas)
15452,109.6496811,124.33750210819144,9.68750032853319,Jagna,Bohol,Region VII (Central Visayas)
15453,110.3213043,124.36250210861532,9.68750032853319,Jagna,Bohol,Region VII (Central Visayas)
15454,110.7492371,124.33750210819144,9.66250032768536,Jagna,Bohol,Region VII (Central Visayas)
15455,110.7805481,124.36250210861532,9.66250032768536,Jagna,Bohol,Region VII (Central Visayas)
15456,111.376236,124.3875021090392,9.66250032768536,Jagna,Bohol,Region VII (Central Visayas)
15457,111.4065552,124.33750210819144,9.637500326837532,Jagna,Bohol,Region VII (Central Visayas)
15458,111.5097275,124.21250210607202,10.187500345489768,Getafe,Bohol,Region VII (Central Visayas)
15459,0.0,124.16250210522423,10.162500344641938,Getafe,Bohol,Region VII (Central Visayas)
15460,110.2444534,124.16250210522423,10.137500343794107,Getafe,Bohol,Region VII (Central Visayas)
15461,109.9820786,124.18750210564812,10.137500343794107,Getafe,Bohol,Region VII (Central Visayas)
15462,110.0878525,124.21250210607202,10.137500343794107,Getafe,Bohol,Region VII (Central Visayas)
15463,109.7822113,124.13750210480033,10.11250034294628,Getafe,Bohol,Region VII (Central Visayas)
15464,109.8971634,124.16250210522423,10.11250034294628,Getafe,Bohol,Region VII (Central Visayas)
15465,109.8085022,124.18750210564812,10.11250034294628,Getafe,Bohol,Region VII (Central Visayas)
15466,109.8954773,124.21250210607202,10.11250034294628,Getafe,Bohol,Region VII (Central Visayas)
15467,109.1481323,124.16250210522423,10.087500342098451,Getafe,Bohol,Region VII (Central Visayas)
15468,109.1954575,124.18750210564812,10.087500342098451,Getafe,Bohol,Region VII (Central Visayas)
15469,109.2996979,124.21250210607202,10.087500342098451,Getafe,Bohol,Region VII (Central Visayas)
15470,111.2634583,124.11250210437646,9.612500325989703,Lila,Bohol,Region VII (Central Visayas)
15471,112.3506928,123.98750210225703,9.637500326837532,Loay,Bohol,Region VII (Central Visayas)
15472,112.6119537,123.98750210225703,9.612500325989703,Loay,Bohol,Region VII (Central Visayas)
15473,112.3637085,124.01250210268093,9.612500325989703,Loay,Bohol,Region VII (Central Visayas)
15474,112.2031403,124.0375021031048,9.612500325989703,Loay,Bohol,Region VII (Central Visayas)
15475,110.3849793,124.01250210268093,9.66250032768536,Loboc,Bohol,Region VII (Central Visayas)
15476,110.7703934,124.0375021031048,9.66250032768536,Loboc,Bohol,Region VII (Central Visayas)
15477,110.730278,124.06250210352869,9.66250032768536,Loboc,Bohol,Region VII (Central Visayas)
15478,112.0611191,124.01250210268093,9.637500326837532,Loboc,Bohol,Region VII (Central Visayas)
15479,111.5288162,124.0375021031048,9.637500326837532,Loboc,Bohol,Region VII (Central Visayas)
15480,111.488739,124.06250210352869,9.637500326837532,Loboc,Bohol,Region VII (Central Visayas)
15481,111.6898041,124.06250210352869,9.612500325989703,Loboc,Bohol,Region VII (Central Visayas)
15482,105.0148468,123.76250209844204,9.88750033531582,Loon,Bohol,Region VII (Central Visayas)
15483,104.4212723,123.78750209886594,9.88750033531582,Loon,Bohol,Region VII (Central Visayas)
15484,104.360672,123.8375020997137,9.862500334467992,Loon,Bohol,Region VII (Central Visayas)
15485,105.8037186,123.8125020992898,9.83750033362016,Loon,Bohol,Region VII (Central Visayas)
15486,105.1069336,123.8375020997137,9.83750033362016,Loon,Bohol,Region VII (Central Visayas)
15487,105.1012116,123.8625021001376,9.83750033362016,Loon,Bohol,Region VII (Central Visayas)
15488,106.2220841,123.8125020992898,9.812500332772334,Loon,Bohol,Region VII (Central Visayas)
15489,106.1635056,123.8375020997137,9.812500332772334,Loon,Bohol,Region VII (Central Visayas)
15490,106.3343201,123.8625021001376,9.812500332772334,Loon,Bohol,Region VII (Central Visayas)
15491,106.7106247,123.78750209886594,9.787500331924504,Loon,Bohol,Region VII (Central Visayas)
15492,106.7095413,123.8125020992898,9.787500331924504,Loon,Bohol,Region VII (Central Visayas)
15493,106.8671951,123.8375020997137,9.787500331924504,Loon,Bohol,Region VII (Central Visayas)
15494,106.9873276,123.78750209886594,9.762500331076676,Loon,Bohol,Region VII (Central Visayas)
15495,107.1246643,123.8125020992898,9.762500331076676,Loon,Bohol,Region VII (Central Visayas)
15496,111.6747894,124.53750211158254,9.962500337859309,Mabini,Bohol,Region VII (Central Visayas)
15497,111.2251053,124.48750211073477,9.937500337011478,Mabini,Bohol,Region VII (Central Visayas)
15498,111.3924179,124.51250211115864,9.937500337011478,Mabini,Bohol,Region VII (Central Visayas)
15499,111.8911133,124.53750211158254,9.937500337011478,Mabini,Bohol,Region VII (Central Visayas)
15500,111.3866348,124.48750211073477,9.912500336163648,Mabini,Bohol,Region VII (Central Visayas)
15501,111.5118256,124.51250211115864,9.912500336163648,Mabini,Bohol,Region VII (Central Visayas)
15502,111.8255005,124.53750211158254,9.912500336163648,Mabini,Bohol,Region VII (Central Visayas)
15503,112.3210297,124.56250211200641,9.912500336163648,Mabini,Bohol,Region VII (Central Visayas)
15504,111.3891525,124.48750211073477,9.88750033531582,Mabini,Bohol,Region VII (Central Visayas)
15505,111.5200577,124.51250211115864,9.88750033531582,Mabini,Bohol,Region VII (Central Visayas)
15506,111.8410721,124.53750211158254,9.88750033531582,Mabini,Bohol,Region VII (Central Visayas)
15507,112.3214951,124.56250211200641,9.88750033531582,Mabini,Bohol,Region VII (Central Visayas)
15508,111.3883362,124.48750211073477,9.862500334467992,Mabini,Bohol,Region VII (Central Visayas)
15509,111.5726624,124.51250211115864,9.862500334467992,Mabini,Bohol,Region VII (Central Visayas)
15510,112.2110367,124.56250211200641,9.862500334467992,Mabini,Bohol,Region VII (Central Visayas)
15511,107.069458,123.8625021001376,9.787500331924504,Maribojoc,Bohol,Region VII (Central Visayas)
15512,108.1029205,123.8375020997137,9.762500331076676,Maribojoc,Bohol,Region VII (Central Visayas)
15513,108.1408234,123.8625021001376,9.762500331076676,Maribojoc,Bohol,Region VII (Central Visayas)
15514,107.4411774,123.88750210056148,9.762500331076676,Maribojoc,Bohol,Region VII (Central Visayas)
15515,109.4103088,123.8125020992898,9.737500330228848,Maribojoc,Bohol,Region VII (Central Visayas)
15516,109.0800324,123.8625021001376,9.737500330228848,Maribojoc,Bohol,Region VII (Central Visayas)
15517,109.9751434,123.88750210056148,9.737500330228848,Maribojoc,Bohol,Region VII (Central Visayas)
15518,112.001976,123.78750209886594,9.612500325989703,Panglao,Bohol,Region VII (Central Visayas)
15519,110.7242889,123.73750209801815,9.587500325141876,Panglao,Bohol,Region VII (Central Visayas)
15520,111.7766342,123.76250209844204,9.587500325141876,Panglao,Bohol,Region VII (Central Visayas)
15521,112.0519714,123.78750209886594,9.587500325141876,Panglao,Bohol,Region VII (Central Visayas)
15522,111.7667465,123.76250209844204,9.562500324294046,Panglao,Bohol,Region VII (Central Visayas)
15523,112.2733383,123.78750209886594,9.562500324294046,Panglao,Bohol,Region VII (Central Visayas)
15524,108.4926758,124.36250210861532,9.912500336163648,Pilar,Bohol,Region VII (Central Visayas)
15525,107.1883926,124.33750210819144,9.88750033531582,Pilar,Bohol,Region VII (Central Visayas)
15526,108.3827591,124.36250210861532,9.88750033531582,Pilar,Bohol,Region VII (Central Visayas)
15527,106.5723953,124.31250210776756,9.862500334467992,Pilar,Bohol,Region VII (Central Visayas)
15528,107.3773651,124.33750210819144,9.862500334467992,Pilar,Bohol,Region VII (Central Visayas)
15529,107.4890289,124.36250210861532,9.862500334467992,Pilar,Bohol,Region VII (Central Visayas)
15530,106.8059769,124.31250210776756,9.83750033362016,Pilar,Bohol,Region VII (Central Visayas)
15531,107.3648911,124.33750210819144,9.83750033362016,Pilar,Bohol,Region VII (Central Visayas)
15532,107.4764252,124.36250210861532,9.83750033362016,Pilar,Bohol,Region VII (Central Visayas)
15533,109.1765366,124.3875021090392,9.83750033362016,Pilar,Bohol,Region VII (Central Visayas)
15534,107.4039688,124.33750210819144,9.812500332772334,Pilar,Bohol,Region VII (Central Visayas)
15535,108.5714035,124.36250210861532,9.812500332772334,Pilar,Bohol,Region VII (Central Visayas)
15536,109.4167175,124.3875021090392,9.812500332772334,Pilar,Bohol,Region VII (Central Visayas)
15537,108.516922,124.36250210861532,9.787500331924504,Pilar,Bohol,Region VII (Central Visayas)
15538,110.3645554,124.53750211158254,10.11250034294628,President Carlos P. Garcia (Pitogo),Bohol,Region VII (Central Visayas)
15539,110.6257401,124.56250211200641,10.11250034294628,President Carlos P. Garcia (Pitogo),Bohol,Region VII (Central Visayas)
15540,110.7032623,124.58750211243031,10.11250034294628,President Carlos P. Garcia (Pitogo),Bohol,Region VII (Central Visayas)
15541,110.5939255,124.53750211158254,10.087500342098451,President Carlos P. Garcia (Pitogo),Bohol,Region VII (Central Visayas)
15542,110.992836,124.58750211243031,10.087500342098451,President Carlos P. Garcia (Pitogo),Bohol,Region VII (Central Visayas)
15543,110.9383698,124.53750211158254,10.062500341250622,President Carlos P. Garcia (Pitogo),Bohol,Region VII (Central Visayas)
15544,104.1336212,124.08750210395256,9.937500337011478,Sagbayan (Borja),Bohol,Region VII (Central Visayas)
15545,104.2933197,124.11250210437646,9.937500337011478,Sagbayan (Borja),Bohol,Region VII (Central Visayas)
15546,104.5089951,124.13750210480033,9.937500337011478,Sagbayan (Borja),Bohol,Region VII (Central Visayas)
15547,103.6100235,124.06250210352869,9.912500336163648,Sagbayan (Borja),Bohol,Region VII (Central Visayas)
15548,103.7748871,124.08750210395256,9.912500336163648,Sagbayan (Borja),Bohol,Region VII (Central Visayas)
15549,103.8829804,124.11250210437646,9.912500336163648,Sagbayan (Borja),Bohol,Region VII (Central Visayas)
15550,103.9267426,124.13750210480033,9.912500336163648,Sagbayan (Borja),Bohol,Region VII (Central Visayas)
15551,103.7556076,124.06250210352869,9.88750033531582,Sagbayan (Borja),Bohol,Region VII (Central Visayas)
15552,103.8604279,124.08750210395256,9.88750033531582,Sagbayan (Borja),Bohol,Region VII (Central Visayas)
15553,103.9290619,124.11250210437646,9.88750033531582,Sagbayan (Borja),Bohol,Region VII (Central Visayas)
15554,103.8096848,123.91250210098536,9.88750033531582,San Isidro,Bohol,Region VII (Central Visayas)
15555,103.3684311,123.96250210183312,9.88750033531582,San Isidro,Bohol,Region VII (Central Visayas)
15556,103.802803,123.93750210140924,9.862500334467992,San Isidro,Bohol,Region VII (Central Visayas)
15557,103.5992127,123.96250210183312,9.862500334467992,San Isidro,Bohol,Region VII (Central Visayas)
15558,104.5364533,123.93750210140924,9.83750033362016,San Isidro,Bohol,Region VII (Central Visayas)
15559,104.2941895,123.96250210183312,9.83750033362016,San Isidro,Bohol,Region VII (Central Visayas)
15560,105.5530548,123.96250210183312,9.812500332772334,San Isidro,Bohol,Region VII (Central Visayas)
15561,108.4870606,124.33750210819144,10.012500339554965,San Miguel,Bohol,Region VII (Central Visayas)
15562,109.4231415,124.36250210861532,10.012500339554965,San Miguel,Bohol,Region VII (Central Visayas)
15563,109.6237946,124.3875021090392,10.012500339554965,San Miguel,Bohol,Region VII (Central Visayas)
15564,107.3122253,124.26250210691978,9.987500338707136,San Miguel,Bohol,Region VII (Central Visayas)
15565,107.4593124,124.28750210734368,9.987500338707136,San Miguel,Bohol,Region VII (Central Visayas)
15566,107.8935547,124.31250210776756,9.987500338707136,San Miguel,Bohol,Region VII (Central Visayas)
15567,108.1298981,124.33750210819144,9.987500338707136,San Miguel,Bohol,Region VII (Central Visayas)
15568,109.081543,124.36250210861532,9.987500338707136,San Miguel,Bohol,Region VII (Central Visayas)
15569,109.496872,124.3875021090392,9.987500338707136,San Miguel,Bohol,Region VII (Central Visayas)
15570,107.3301468,124.28750210734368,9.962500337859309,San Miguel,Bohol,Region VII (Central Visayas)
15571,107.8352203,124.31250210776756,9.962500337859309,San Miguel,Bohol,Region VII (Central Visayas)
15572,108.3446655,124.33750210819144,9.962500337859309,San Miguel,Bohol,Region VII (Central Visayas)
15573,108.4383469,124.36250210861532,9.962500337859309,San Miguel,Bohol,Region VII (Central Visayas)
15574,107.1649857,124.31250210776756,9.937500337011478,San Miguel,Bohol,Region VII (Central Visayas)
15575,108.0677185,124.33750210819144,9.937500337011478,San Miguel,Bohol,Region VII (Central Visayas)
15576,106.8653336,124.0375021031048,9.762500331076676,Sevilla,Bohol,Region VII (Central Visayas)
15577,106.8276062,124.06250210352869,9.762500331076676,Sevilla,Bohol,Region VII (Central Visayas)
15578,107.8470459,124.0375021031048,9.737500330228848,Sevilla,Bohol,Region VII (Central Visayas)
15579,107.8095093,124.06250210352869,9.737500330228848,Sevilla,Bohol,Region VII (Central Visayas)
15580,109.1653824,124.0375021031048,9.71250032938102,Sevilla,Bohol,Region VII (Central Visayas)
15581,108.716919,124.06250210352869,9.71250032938102,Sevilla,Bohol,Region VII (Central Visayas)
15582,109.9340744,124.0375021031048,9.68750032853319,Sevilla,Bohol,Region VII (Central Visayas)
15583,109.4833527,124.06250210352869,9.68750032853319,Sevilla,Bohol,Region VII (Central Visayas)
15584,105.8355255,124.28750210734368,9.83750033362016,Sierra Bullones,Bohol,Region VII (Central Visayas)
15585,105.9209442,124.26250210691978,9.812500332772334,Sierra Bullones,Bohol,Region VII (Central Visayas)
15586,106.0845566,124.28750210734368,9.812500332772334,Sierra Bullones,Bohol,Region VII (Central Visayas)
15587,106.9847717,124.31250210776756,9.812500332772334,Sierra Bullones,Bohol,Region VII (Central Visayas)
15588,105.9091415,124.26250210691978,9.787500331924504,Sierra Bullones,Bohol,Region VII (Central Visayas)
15589,105.9617081,124.28750210734368,9.787500331924504,Sierra Bullones,Bohol,Region VII (Central Visayas)
15590,106.8697586,124.31250210776756,9.787500331924504,Sierra Bullones,Bohol,Region VII (Central Visayas)
15591,107.3695374,124.33750210819144,9.787500331924504,Sierra Bullones,Bohol,Region VII (Central Visayas)
15592,105.9355316,124.23750210649588,9.762500331076676,Sierra Bullones,Bohol,Region VII (Central Visayas)
15593,105.9459534,124.26250210691978,9.762500331076676,Sierra Bullones,Bohol,Region VII (Central Visayas)
15594,105.7692413,124.28750210734368,9.762500331076676,Sierra Bullones,Bohol,Region VII (Central Visayas)
15595,106.7343597,124.31250210776756,9.762500331076676,Sierra Bullones,Bohol,Region VII (Central Visayas)
15596,106.6443863,124.23750210649588,9.737500330228848,Sierra Bullones,Bohol,Region VII (Central Visayas)
15597,106.6548004,124.26250210691978,9.737500330228848,Sierra Bullones,Bohol,Region VII (Central Visayas)
15598,108.418457,124.31250210776756,9.737500330228848,Sierra Bullones,Bohol,Region VII (Central Visayas)
15599,109.3958664,124.01250210268093,9.71250032938102,Sikatuna,Bohol,Region VII (Central Visayas)
15600,110.4083481,123.96250210183312,9.68750032853319,Sikatuna,Bohol,Region VII (Central Visayas)
15601,110.2829361,123.98750210225703,9.68750032853319,Sikatuna,Bohol,Region VII (Central Visayas)
15602,109.9996567,124.01250210268093,9.68750032853319,Sikatuna,Bohol,Region VII (Central Visayas)
15603,110.6914063,123.98750210225703,9.66250032768536,Sikatuna,Bohol,Region VII (Central Visayas)
15604,110.8516693,123.8625021001376,9.68750032853319,Tagbilaran City (Capital),Bohol,Region VII (Central Visayas)
15605,110.8504028,123.88750210056148,9.68750032853319,Tagbilaran City (Capital),Bohol,Region VII (Central Visayas)
15606,111.5969086,123.8625021001376,9.66250032768536,Tagbilaran City (Capital),Bohol,Region VII (Central Visayas)
15607,111.1998978,123.88750210056148,9.66250032768536,Tagbilaran City (Capital),Bohol,Region VII (Central Visayas)
15608,112.2435532,123.8625021001376,9.637500326837532,Tagbilaran City (Capital),Bohol,Region VII (Central Visayas)
15609,111.5540543,124.23750210649588,10.187500345489768,Talibon,Bohol,Region VII (Central Visayas)
15610,111.4450913,124.31250210776756,10.162500344641938,Talibon,Bohol,Region VII (Central Visayas)
15611,110.6662903,124.23750210649588,10.137500343794107,Talibon,Bohol,Region VII (Central Visayas)
15612,110.703476,124.26250210691978,10.137500343794107,Talibon,Bohol,Region VII (Central Visayas)
15613,110.7116547,124.28750210734368,10.137500343794107,Talibon,Bohol,Region VII (Central Visayas)
15614,110.4553757,124.31250210776756,10.137500343794107,Talibon,Bohol,Region VII (Central Visayas)
15615,110.8512573,124.33750210819144,10.137500343794107,Talibon,Bohol,Region VII (Central Visayas)
15616,110.0044861,124.23750210649588,10.11250034294628,Talibon,Bohol,Region VII (Central Visayas)
15617,110.5201492,124.26250210691978,10.11250034294628,Talibon,Bohol,Region VII (Central Visayas)
15618,110.5754929,124.28750210734368,10.11250034294628,Talibon,Bohol,Region VII (Central Visayas)
15619,110.2870941,124.31250210776756,10.11250034294628,Talibon,Bohol,Region VII (Central Visayas)
15620,110.226593,124.33750210819144,10.11250034294628,Talibon,Bohol,Region VII (Central Visayas)
15621,109.3496323,124.23750210649588,10.087500342098451,Talibon,Bohol,Region VII (Central Visayas)
15622,109.8747253,124.26250210691978,10.087500342098451,Talibon,Bohol,Region VII (Central Visayas)
15623,110.0008011,124.28750210734368,10.087500342098451,Talibon,Bohol,Region VII (Central Visayas)
15624,109.8540421,124.31250210776756,10.087500342098451,Talibon,Bohol,Region VII (Central Visayas)
15625,108.7706223,124.23750210649588,10.062500341250622,Talibon,Bohol,Region VII (Central Visayas)
15626,108.8230972,124.26250210691978,10.062500341250622,Talibon,Bohol,Region VII (Central Visayas)
15627,109.7992325,124.33750210819144,10.087500342098451,Trinidad,Bohol,Region VII (Central Visayas)
15628,110.4691238,124.36250210861532,10.087500342098451,Trinidad,Bohol,Region VII (Central Visayas)
15629,110.3518906,124.3875021090392,10.087500342098451,Trinidad,Bohol,Region VII (Central Visayas)
15630,109.4381104,124.28750210734368,10.062500341250622,Trinidad,Bohol,Region VII (Central Visayas)
15631,109.472786,124.31250210776756,10.062500341250622,Trinidad,Bohol,Region VII (Central Visayas)
15632,109.5527649,124.33750210819144,10.062500341250622,Trinidad,Bohol,Region VII (Central Visayas)
15633,109.6223602,124.36250210861532,10.062500341250622,Trinidad,Bohol,Region VII (Central Visayas)
15634,110.1466522,124.3875021090392,10.062500341250622,Trinidad,Bohol,Region VII (Central Visayas)
15635,108.4503784,124.23750210649588,10.037500340402794,Trinidad,Bohol,Region VII (Central Visayas)
15636,108.5028534,124.26250210691978,10.037500340402794,Trinidad,Bohol,Region VII (Central Visayas)
15637,108.7107086,124.28750210734368,10.037500340402794,Trinidad,Bohol,Region VII (Central Visayas)
15638,108.757019,124.31250210776756,10.037500340402794,Trinidad,Bohol,Region VII (Central Visayas)
15639,109.3043518,124.33750210819144,10.037500340402794,Trinidad,Bohol,Region VII (Central Visayas)
15640,109.3739014,124.36250210861532,10.037500340402794,Trinidad,Bohol,Region VII (Central Visayas)
15641,109.6982727,124.3875021090392,10.037500340402794,Trinidad,Bohol,Region VII (Central Visayas)
15642,107.2709122,124.23750210649588,10.012500339554965,Trinidad,Bohol,Region VII (Central Visayas)
15643,108.0159454,124.26250210691978,10.012500339554965,Trinidad,Bohol,Region VII (Central Visayas)
15644,108.1077271,124.28750210734368,10.012500339554965,Trinidad,Bohol,Region VII (Central Visayas)
15645,108.3209,124.31250210776756,10.012500339554965,Trinidad,Bohol,Region VII (Central Visayas)
15646,104.153595,123.98750210225703,9.962500337859309,Tubigon,Bohol,Region VII (Central Visayas)
15647,103.2552338,123.93750210140924,9.937500337011478,Tubigon,Bohol,Region VII (Central Visayas)
15648,103.130333,123.96250210183312,9.937500337011478,Tubigon,Bohol,Region VII (Central Visayas)
15649,103.5134964,123.98750210225703,9.937500337011478,Tubigon,Bohol,Region VII (Central Visayas)
15650,103.1953812,123.93750210140924,9.912500336163648,Tubigon,Bohol,Region VII (Central Visayas)
15651,103.1154556,123.96250210183312,9.912500336163648,Tubigon,Bohol,Region VII (Central Visayas)
15652,103.2013702,123.98750210225703,9.912500336163648,Tubigon,Bohol,Region VII (Central Visayas)
15653,103.3001633,124.01250210268093,9.912500336163648,Tubigon,Bohol,Region VII (Central Visayas)
15654,103.3738632,123.98750210225703,9.88750033531582,Tubigon,Bohol,Region VII (Central Visayas)
15655,110.3926315,124.4125021094631,10.087500342098451,Ubay,Bohol,Region VII (Central Visayas)
15656,0.0,124.51250211115864,10.087500342098451,Ubay,Bohol,Region VII (Central Visayas)
15657,110.338562,124.4125021094631,10.062500341250622,Ubay,Bohol,Region VII (Central Visayas)
15658,110.5992279,124.437502109887,10.062500341250622,Ubay,Bohol,Region VII (Central Visayas)
15659,110.4814072,124.46250211031088,10.062500341250622,Ubay,Bohol,Region VII (Central Visayas)
15660,110.831871,124.51250211115864,10.062500341250622,Ubay,Bohol,Region VII (Central Visayas)
15661,109.9133377,124.4125021094631,10.037500340402794,Ubay,Bohol,Region VII (Central Visayas)
15662,110.5029984,124.437502109887,10.037500340402794,Ubay,Bohol,Region VII (Central Visayas)
15663,110.3853149,124.46250211031088,10.037500340402794,Ubay,Bohol,Region VII (Central Visayas)
15664,110.6302795,124.48750211073477,10.037500340402794,Ubay,Bohol,Region VII (Central Visayas)
15665,110.7285004,124.51250211115864,10.037500340402794,Ubay,Bohol,Region VII (Central Visayas)
15666,110.9467163,124.53750211158254,10.037500340402794,Ubay,Bohol,Region VII (Central Visayas)
15667,109.8547287,124.4125021094631,10.012500339554965,Ubay,Bohol,Region VII (Central Visayas)
15668,110.0428238,124.437502109887,10.012500339554965,Ubay,Bohol,Region VII (Central Visayas)
15669,110.8175659,124.46250211031088,10.012500339554965,Ubay,Bohol,Region VII (Central Visayas)
15670,110.8721466,124.48750211073477,10.012500339554965,Ubay,Bohol,Region VII (Central Visayas)
15671,110.9550018,124.51250211115864,10.012500339554965,Ubay,Bohol,Region VII (Central Visayas)
15672,111.0765076,124.53750211158254,10.012500339554965,Ubay,Bohol,Region VII (Central Visayas)
15673,109.8295746,124.4125021094631,9.987500338707136,Ubay,Bohol,Region VII (Central Visayas)
15674,110.0201111,124.437502109887,9.987500338707136,Ubay,Bohol,Region VII (Central Visayas)
15675,110.9587555,124.46250211031088,9.987500338707136,Ubay,Bohol,Region VII (Central Visayas)
15676,111.0969238,124.48750211073477,9.987500338707136,Ubay,Bohol,Region VII (Central Visayas)
15677,111.1997604,124.51250211115864,9.987500338707136,Ubay,Bohol,Region VII (Central Visayas)
15678,111.4240723,124.53750211158254,9.987500338707136,Ubay,Bohol,Region VII (Central Visayas)
15679,111.9680862,124.56250211200641,9.987500338707136,Ubay,Bohol,Region VII (Central Visayas)
15680,109.3965225,124.3875021090392,9.962500337859309,Ubay,Bohol,Region VII (Central Visayas)
15681,109.8365173,124.4125021094631,9.962500337859309,Ubay,Bohol,Region VII (Central Visayas)
15682,110.3861923,124.437502109887,9.962500337859309,Ubay,Bohol,Region VII (Central Visayas)
15683,110.5840149,124.46250211031088,9.962500337859309,Ubay,Bohol,Region VII (Central Visayas)
15684,111.0728607,124.48750211073477,9.962500337859309,Ubay,Bohol,Region VII (Central Visayas)
15685,111.229599,124.51250211115864,9.962500337859309,Ubay,Bohol,Region VII (Central Visayas)
15686,108.1612778,124.36250210861532,9.937500337011478,Ubay,Bohol,Region VII (Central Visayas)
15687,109.1300125,124.3875021090392,9.937500337011478,Ubay,Bohol,Region VII (Central Visayas)
15688,109.6384735,124.4125021094631,9.937500337011478,Ubay,Bohol,Region VII (Central Visayas)
15689,110.4046631,124.437502109887,9.937500337011478,Ubay,Bohol,Region VII (Central Visayas)
15690,110.6651306,124.46250211031088,9.937500337011478,Ubay,Bohol,Region VII (Central Visayas)
15691,109.1292191,124.3875021090392,9.912500336163648,Ubay,Bohol,Region VII (Central Visayas)
15692,107.8571701,124.21250210607202,9.71250032938102,Valencia,Bohol,Region VII (Central Visayas)
15693,107.7314835,124.23750210649588,9.71250032938102,Valencia,Bohol,Region VII (Central Visayas)
15694,108.4799347,124.18750210564812,9.68750032853319,Valencia,Bohol,Region VII (Central Visayas)
15695,108.4158173,124.21250210607202,9.68750032853319,Valencia,Bohol,Region VII (Central Visayas)
15696,108.4415131,124.23750210649588,9.68750032853319,Valencia,Bohol,Region VII (Central Visayas)
15697,108.8776321,124.18750210564812,9.66250032768536,Valencia,Bohol,Region VII (Central Visayas)
15698,108.7836304,124.21250210607202,9.66250032768536,Valencia,Bohol,Region VII (Central Visayas)
15699,109.3707809,124.23750210649588,9.66250032768536,Valencia,Bohol,Region VII (Central Visayas)
15700,110.5715179,124.18750210564812,9.637500326837532,Valencia,Bohol,Region VII (Central Visayas)
15701,110.4718933,124.21250210607202,9.637500326837532,Valencia,Bohol,Region VII (Central Visayas)
15702,110.2027969,124.23750210649588,9.637500326837532,Valencia,Bohol,Region VII (Central Visayas)
15703,110.9531403,124.18750210564812,9.612500325989703,Valencia,Bohol,Region VII (Central Visayas)
15704,110.8772659,124.21250210607202,9.612500325989703,Valencia,Bohol,Region VII (Central Visayas)
15705,110.7959366,124.23750210649588,9.612500325989703,Valencia,Bohol,Region VII (Central Visayas)
15706,110.8958054,124.36250210861532,10.137500343794107,Bien Unido,Bohol,Region VII (Central Visayas)
15707,110.8794785,124.36250210861532,10.11250034294628,Bien Unido,Bohol,Region VII (Central Visayas)
15708,110.5503693,124.3875021090392,10.11250034294628,Bien Unido,Bohol,Region VII (Central Visayas)
