unique id,value,lon,lat,municipality name,province name,region
17613,99.61618042,124.9875021192125,10.76250036498983,Abuyog,Leyte,Region VIII (Eastern Visayas)
17614,98.97964478,124.9875021192125,10.737500364142,Abuyog,Leyte,Region VIII (Eastern Visayas)
17615,99.10158539,125.0125021196364,10.737500364142,Abuyog,Leyte,Region VIII (Eastern Visayas)
17616,98.90047455,124.96250211878862,10.712500363294172,Abuyog,Leyte,Region VIII (Eastern Visayas)
17617,98.91542816,124.9875021192125,10.712500363294172,Abuyog,Leyte,Region VIII (Eastern Visayas)
17618,98.95334625,125.0125021196364,10.712500363294172,Abuyog,Leyte,Region VIII (Eastern Visayas)
17619,99.01194763,125.03750212006028,10.712500363294172,Abuyog,Leyte,Region VIII (Eastern Visayas)
17620,98.51445007,124.96250211878862,10.687500362446343,Abuyog,Leyte,Region VIII (Eastern Visayas)
17621,98.48841858,124.9875021192125,10.687500362446343,Abuyog,Leyte,Region VIII (Eastern Visayas)
17622,98.43720245,125.0125021196364,10.687500362446343,Abuyog,Leyte,Region VIII (Eastern Visayas)
17623,98.36763763,125.03750212006028,10.687500362446343,Abuyog,Leyte,Region VIII (Eastern Visayas)
17624,100.6536713,125.06250212048418,10.687500362446343,Abuyog,Leyte,Region VIII (Eastern Visayas)
17625,101.7010956,125.08750212090804,10.687500362446343,Abuyog,Leyte,Region VIII (Eastern Visayas)
17626,98.38109589,124.96250211878862,10.662500361598514,Abuyog,Leyte,Region VIII (Eastern Visayas)
17627,97.94385529,125.0125021196364,10.662500361598514,Abuyog,Leyte,Region VIII (Eastern Visayas)
17628,97.72285461,125.03750212006028,10.662500361598514,Abuyog,Leyte,Region VIII (Eastern Visayas)
17629,99.61404419,125.06250212048418,10.662500361598514,Abuyog,Leyte,Region VIII (Eastern Visayas)
17630,101.1257553,125.08750212090804,10.662500361598514,Abuyog,Leyte,Region VIII (Eastern Visayas)
17631,97.90559387,125.0125021196364,10.637500360750686,Abuyog,Leyte,Region VIII (Eastern Visayas)
17632,97.56710815,125.03750212006028,10.637500360750686,Abuyog,Leyte,Region VIII (Eastern Visayas)
17633,99.45532227,125.06250212048418,10.637500360750686,Abuyog,Leyte,Region VIII (Eastern Visayas)
17634,100.6325226,125.08750212090804,10.637500360750686,Abuyog,Leyte,Region VIII (Eastern Visayas)
17635,100.8761978,125.11250212133194,10.637500360750686,Abuyog,Leyte,Region VIII (Eastern Visayas)
17636,101.8314362,125.13750212175584,10.637500360750686,Abuyog,Leyte,Region VIII (Eastern Visayas)
17637,97.51404572,125.03750212006028,10.612500359902857,Abuyog,Leyte,Region VIII (Eastern Visayas)
17638,99.33666992,125.06250212048418,10.612500359902857,Abuyog,Leyte,Region VIII (Eastern Visayas)
17639,100.3231354,125.08750212090804,10.612500359902857,Abuyog,Leyte,Region VIII (Eastern Visayas)
17640,100.4792023,125.11250212133194,10.612500359902857,Abuyog,Leyte,Region VIII (Eastern Visayas)
17641,101.1529923,125.13750212175584,10.612500359902857,Abuyog,Leyte,Region VIII (Eastern Visayas)
17642,97.27280426,125.03750212006028,10.587500359055028,Abuyog,Leyte,Region VIII (Eastern Visayas)
17643,99.06101227,125.06250212048418,10.587500359055028,Abuyog,Leyte,Region VIII (Eastern Visayas)
17644,99.99466705,125.08750212090804,10.587500359055028,Abuyog,Leyte,Region VIII (Eastern Visayas)
17645,100.1144104,125.11250212133194,10.587500359055028,Abuyog,Leyte,Region VIII (Eastern Visayas)
17646,100.8245087,125.13750212175584,10.587500359055028,Abuyog,Leyte,Region VIII (Eastern Visayas)
17647,97.31246948,125.03750212006028,10.5625003582072,Abuyog,Leyte,Region VIII (Eastern Visayas)
17648,99.15133667,125.06250212048418,10.5625003582072,Abuyog,Leyte,Region VIII (Eastern Visayas)
17649,100.0197372,125.08750212090804,10.5625003582072,Abuyog,Leyte,Region VIII (Eastern Visayas)
17650,97.72059631,125.03750212006028,10.53750035735937,Abuyog,Leyte,Region VIII (Eastern Visayas)
17651,99.56022644,125.06250212048418,10.53750035735937,Abuyog,Leyte,Region VIII (Eastern Visayas)
17652,104.0931854,124.91250211794085,11.287500382794237,Alangalang,Leyte,Region VIII (Eastern Visayas)
17653,98.17295074,124.81250211624528,11.262500381946406,Alangalang,Leyte,Region VIII (Eastern Visayas)
17654,100.9972611,124.86250211709309,11.262500381946406,Alangalang,Leyte,Region VIII (Eastern Visayas)
17655,103.5490952,124.88750211751696,11.262500381946406,Alangalang,Leyte,Region VIII (Eastern Visayas)
17656,96.5901947,124.81250211624528,11.237500381098576,Alangalang,Leyte,Region VIII (Eastern Visayas)
17657,99.70552826,124.83750211666919,11.237500381098576,Alangalang,Leyte,Region VIII (Eastern Visayas)
17658,100.2715759,124.86250211709309,11.237500381098576,Alangalang,Leyte,Region VIII (Eastern Visayas)
17659,101.8799362,124.88750211751696,11.237500381098576,Alangalang,Leyte,Region VIII (Eastern Visayas)
17660,103.0522919,124.91250211794085,11.237500381098576,Alangalang,Leyte,Region VIII (Eastern Visayas)
17661,106.108635,124.93750211836472,11.237500381098576,Alangalang,Leyte,Region VIII (Eastern Visayas)
17662,96.1388092,124.81250211624528,11.212500380250749,Alangalang,Leyte,Region VIII (Eastern Visayas)
17663,97.25628662,124.83750211666919,11.212500380250749,Alangalang,Leyte,Region VIII (Eastern Visayas)
17664,101.1027222,124.86250211709309,11.212500380250749,Alangalang,Leyte,Region VIII (Eastern Visayas)
17665,101.7212906,124.88750211751696,11.212500380250749,Alangalang,Leyte,Region VIII (Eastern Visayas)
17666,102.6222,124.91250211794085,11.212500380250749,Alangalang,Leyte,Region VIII (Eastern Visayas)
17667,96.65886688,124.83750211666919,11.18750037940292,Alangalang,Leyte,Region VIII (Eastern Visayas)
17668,100.4902649,124.86250211709309,11.18750037940292,Alangalang,Leyte,Region VIII (Eastern Visayas)
17669,101.3043747,124.88750211751696,11.18750037940292,Alangalang,Leyte,Region VIII (Eastern Visayas)
17670,102.2588882,124.91250211794085,11.18750037940292,Alangalang,Leyte,Region VIII (Eastern Visayas)
17671,97.66733551,124.86250211709309,11.162500378555087,Alangalang,Leyte,Region VIII (Eastern Visayas)
17672,100.6755905,124.88750211751696,11.162500378555087,Alangalang,Leyte,Region VIII (Eastern Visayas)
17673,100.1810608,124.68750211412586,10.987500372620287,Albuera,Leyte,Region VIII (Eastern Visayas)
17674,99.2115097,124.71250211454976,10.987500372620287,Albuera,Leyte,Region VIII (Eastern Visayas)
17675,101.0964127,124.68750211412586,10.96250037177246,Albuera,Leyte,Region VIII (Eastern Visayas)
17676,99.66133881,124.71250211454976,10.96250037177246,Albuera,Leyte,Region VIII (Eastern Visayas)
17677,103.3031082,124.68750211412586,10.937500370924631,Albuera,Leyte,Region VIII (Eastern Visayas)
17678,101.8919678,124.71250211454976,10.937500370924631,Albuera,Leyte,Region VIII (Eastern Visayas)
17679,102.7907486,124.71250211454976,10.912500370076804,Albuera,Leyte,Region VIII (Eastern Visayas)
17680,102.0816193,124.73750211497364,10.912500370076804,Albuera,Leyte,Region VIII (Eastern Visayas)
17681,103.6053085,124.71250211454976,10.887500369228974,Albuera,Leyte,Region VIII (Eastern Visayas)
17682,103.0622788,124.73750211497364,10.887500369228974,Albuera,Leyte,Region VIII (Eastern Visayas)
17683,101.9869919,124.73750211497364,10.862500368381143,Albuera,Leyte,Region VIII (Eastern Visayas)
17684,102.7153397,124.88750211751696,11.437500387881208,Babatngon,Leyte,Region VIII (Eastern Visayas)
17685,99.05794525,124.81250211624528,11.41250038703338,Babatngon,Leyte,Region VIII (Eastern Visayas)
17686,99.68732452,124.83750211666919,11.41250038703338,Babatngon,Leyte,Region VIII (Eastern Visayas)
17687,103.0044861,124.88750211751696,11.41250038703338,Babatngon,Leyte,Region VIII (Eastern Visayas)
17688,103.5755463,124.91250211794085,11.41250038703338,Babatngon,Leyte,Region VIII (Eastern Visayas)
17689,104.0575028,124.93750211836472,11.41250038703338,Babatngon,Leyte,Region VIII (Eastern Visayas)
17690,106.5607376,124.96250211878862,11.41250038703338,Babatngon,Leyte,Region VIII (Eastern Visayas)
17691,99.45832062,124.83750211666919,11.38750038618555,Babatngon,Leyte,Region VIII (Eastern Visayas)
17692,102.3678818,124.86250211709309,11.38750038618555,Babatngon,Leyte,Region VIII (Eastern Visayas)
17693,102.9200363,124.88750211751696,11.38750038618555,Babatngon,Leyte,Region VIII (Eastern Visayas)
17694,103.5609207,124.91250211794085,11.38750038618555,Babatngon,Leyte,Region VIII (Eastern Visayas)
17695,104.0922394,124.93750211836472,11.38750038618555,Babatngon,Leyte,Region VIII (Eastern Visayas)
17696,106.6419601,124.96250211878862,11.38750038618555,Babatngon,Leyte,Region VIII (Eastern Visayas)
17697,103.0255432,124.88750211751696,11.362500385337722,Babatngon,Leyte,Region VIII (Eastern Visayas)
17698,103.9792404,124.91250211794085,11.362500385337722,Babatngon,Leyte,Region VIII (Eastern Visayas)
17699,105.7196274,124.93750211836472,11.362500385337722,Babatngon,Leyte,Region VIII (Eastern Visayas)
17700,105.9705963,124.96250211878862,11.362500385337722,Babatngon,Leyte,Region VIII (Eastern Visayas)
17701,102.8712692,124.88750211751696,11.337500384489893,Babatngon,Leyte,Region VIII (Eastern Visayas)
17702,103.8847733,124.91250211794085,11.337500384489893,Babatngon,Leyte,Region VIII (Eastern Visayas)
17703,95.98018646,124.76250211539752,11.337500384489893,Barugo,Leyte,Region VIII (Eastern Visayas)
17704,97.20210266,124.7875021158214,11.337500384489893,Barugo,Leyte,Region VIII (Eastern Visayas)
17705,94.15944672,124.73750211497364,11.312500383642064,Barugo,Leyte,Region VIII (Eastern Visayas)
17706,96.40176392,124.76250211539752,11.312500383642064,Barugo,Leyte,Region VIII (Eastern Visayas)
17707,97.08683777,124.7875021158214,11.312500383642064,Barugo,Leyte,Region VIII (Eastern Visayas)
17708,97.69564819,124.81250211624528,11.312500383642064,Barugo,Leyte,Region VIII (Eastern Visayas)
17709,93.79454041,124.73750211497364,11.287500382794237,Barugo,Leyte,Region VIII (Eastern Visayas)
17710,96.27542877,124.76250211539752,11.287500382794237,Barugo,Leyte,Region VIII (Eastern Visayas)
17711,97.19702148,124.7875021158214,11.287500382794237,Barugo,Leyte,Region VIII (Eastern Visayas)
17712,97.22896576,124.7875021158214,11.262500381946406,Barugo,Leyte,Region VIII (Eastern Visayas)
17713,110.1712875,124.83750211666919,10.362500351424568,Bato,Leyte,Region VIII (Eastern Visayas)
17714,110.1466904,124.86250211709309,10.362500351424568,Bato,Leyte,Region VIII (Eastern Visayas)
17715,108.987114,124.88750211751696,10.362500351424568,Bato,Leyte,Region VIII (Eastern Visayas)
17716,110.2688446,124.7875021158214,10.33750035057674,Bato,Leyte,Region VIII (Eastern Visayas)
17717,110.5088348,124.81250211624528,10.33750035057674,Bato,Leyte,Region VIII (Eastern Visayas)
17718,110.6847229,124.83750211666919,10.33750035057674,Bato,Leyte,Region VIII (Eastern Visayas)
17719,110.6601028,124.86250211709309,10.33750035057674,Bato,Leyte,Region VIII (Eastern Visayas)
17720,110.6032715,124.88750211751696,10.33750035057674,Bato,Leyte,Region VIII (Eastern Visayas)
17721,111.4695511,124.81250211624528,10.312500349728912,Bato,Leyte,Region VIII (Eastern Visayas)
17722,111.6259689,124.83750211666919,10.312500349728912,Bato,Leyte,Region VIII (Eastern Visayas)
17723,111.8075485,124.86250211709309,10.312500349728912,Bato,Leyte,Region VIII (Eastern Visayas)
17724,111.7104492,124.88750211751696,10.312500349728912,Bato,Leyte,Region VIII (Eastern Visayas)
17725,102.7316742,124.76250211539752,10.837500367533316,City of Baybay,Leyte,Region VIII (Eastern Visayas)
17726,100.867981,124.7875021158214,10.837500367533316,City of Baybay,Leyte,Region VIII (Eastern Visayas)
17727,101.004631,124.7875021158214,10.812500366685487,City of Baybay,Leyte,Region VIII (Eastern Visayas)
17728,100.1765518,124.81250211624528,10.812500366685487,City of Baybay,Leyte,Region VIII (Eastern Visayas)
17729,99.74001312,124.83750211666919,10.812500366685487,City of Baybay,Leyte,Region VIII (Eastern Visayas)
17730,101.2435837,124.7875021158214,10.787500365837658,City of Baybay,Leyte,Region VIII (Eastern Visayas)
17731,100.498848,124.81250211624528,10.787500365837658,City of Baybay,Leyte,Region VIII (Eastern Visayas)
17732,100.238678,124.83750211666919,10.787500365837658,City of Baybay,Leyte,Region VIII (Eastern Visayas)
17733,101.6082535,124.7875021158214,10.76250036498983,City of Baybay,Leyte,Region VIII (Eastern Visayas)
17734,100.6479645,124.81250211624528,10.76250036498983,City of Baybay,Leyte,Region VIII (Eastern Visayas)
17735,99.59449768,124.83750211666919,10.76250036498983,City of Baybay,Leyte,Region VIII (Eastern Visayas)
17736,99.51460266,124.86250211709309,10.76250036498983,City of Baybay,Leyte,Region VIII (Eastern Visayas)
17737,101.6918716,124.81250211624528,10.737500364142,City of Baybay,Leyte,Region VIII (Eastern Visayas)
17738,100.1434479,124.83750211666919,10.737500364142,City of Baybay,Leyte,Region VIII (Eastern Visayas)
17739,100.0337143,124.86250211709309,10.737500364142,City of Baybay,Leyte,Region VIII (Eastern Visayas)
17740,101.9389725,124.81250211624528,10.712500363294172,City of Baybay,Leyte,Region VIII (Eastern Visayas)
17741,101.5744095,124.83750211666919,10.712500363294172,City of Baybay,Leyte,Region VIII (Eastern Visayas)
17742,99.44615936,124.86250211709309,10.712500363294172,City of Baybay,Leyte,Region VIII (Eastern Visayas)
17743,101.9996338,124.81250211624528,10.687500362446343,City of Baybay,Leyte,Region VIII (Eastern Visayas)
17744,101.6734695,124.83750211666919,10.687500362446343,City of Baybay,Leyte,Region VIII (Eastern Visayas)
17745,99.51299286,124.86250211709309,10.687500362446343,City of Baybay,Leyte,Region VIII (Eastern Visayas)
17746,101.9282303,124.81250211624528,10.662500361598514,City of Baybay,Leyte,Region VIII (Eastern Visayas)
17747,100.6947937,124.83750211666919,10.662500361598514,City of Baybay,Leyte,Region VIII (Eastern Visayas)
17748,100.5166473,124.86250211709309,10.662500361598514,City of Baybay,Leyte,Region VIII (Eastern Visayas)
17749,102.5454788,124.81250211624528,10.637500360750686,City of Baybay,Leyte,Region VIII (Eastern Visayas)
17750,101.054039,124.83750211666919,10.637500360750686,City of Baybay,Leyte,Region VIII (Eastern Visayas)
17751,100.8760071,124.86250211709309,10.637500360750686,City of Baybay,Leyte,Region VIII (Eastern Visayas)
17752,99.86231232,124.88750211751696,10.637500360750686,City of Baybay,Leyte,Region VIII (Eastern Visayas)
17753,102.943161,124.7875021158214,10.612500359902857,City of Baybay,Leyte,Region VIII (Eastern Visayas)
17754,102.4751587,124.81250211624528,10.612500359902857,City of Baybay,Leyte,Region VIII (Eastern Visayas)
17755,102.0575867,124.83750211666919,10.612500359902857,City of Baybay,Leyte,Region VIII (Eastern Visayas)
17756,99.89438629,124.86250211709309,10.612500359902857,City of Baybay,Leyte,Region VIII (Eastern Visayas)
17757,99.59631348,124.88750211751696,10.612500359902857,City of Baybay,Leyte,Region VIII (Eastern Visayas)
17758,99.51036072,124.91250211794085,10.612500359902857,City of Baybay,Leyte,Region VIII (Eastern Visayas)
17759,102.7808991,124.7875021158214,10.587500359055028,City of Baybay,Leyte,Region VIII (Eastern Visayas)
17760,102.3389435,124.81250211624528,10.587500359055028,City of Baybay,Leyte,Region VIII (Eastern Visayas)
17761,101.9445953,124.83750211666919,10.587500359055028,City of Baybay,Leyte,Region VIII (Eastern Visayas)
17762,99.77938843,124.86250211709309,10.587500359055028,City of Baybay,Leyte,Region VIII (Eastern Visayas)
17763,99.4289856,124.88750211751696,10.587500359055028,City of Baybay,Leyte,Region VIII (Eastern Visayas)
17764,99.30323029,124.91250211794085,10.587500359055028,City of Baybay,Leyte,Region VIII (Eastern Visayas)
17765,102.953392,124.7875021158214,10.5625003582072,City of Baybay,Leyte,Region VIII (Eastern Visayas)
17766,102.364708,124.81250211624528,10.5625003582072,City of Baybay,Leyte,Region VIII (Eastern Visayas)
17767,101.2376099,124.83750211666919,10.5625003582072,City of Baybay,Leyte,Region VIII (Eastern Visayas)
17768,101.0369721,124.86250211709309,10.5625003582072,City of Baybay,Leyte,Region VIII (Eastern Visayas)
17769,99.62931061,124.88750211751696,10.5625003582072,City of Baybay,Leyte,Region VIII (Eastern Visayas)
17770,99.355896,124.91250211794085,10.5625003582072,City of Baybay,Leyte,Region VIII (Eastern Visayas)
17771,96.503479,124.88750211751696,11.012500373468118,Burauen,Leyte,Region VIII (Eastern Visayas)
17772,97.42119598,124.91250211794085,11.012500373468118,Burauen,Leyte,Region VIII (Eastern Visayas)
17773,98.02953339,124.93750211836472,11.012500373468118,Burauen,Leyte,Region VIII (Eastern Visayas)
17774,96.24984741,124.7875021158214,10.987500372620287,Burauen,Leyte,Region VIII (Eastern Visayas)
17775,95.70445251,124.81250211624528,10.987500372620287,Burauen,Leyte,Region VIII (Eastern Visayas)
17776,95.92795563,124.83750211666919,10.987500372620287,Burauen,Leyte,Region VIII (Eastern Visayas)
17777,96.08275604,124.86250211709309,10.987500372620287,Burauen,Leyte,Region VIII (Eastern Visayas)
17778,96.39344788,124.88750211751696,10.987500372620287,Burauen,Leyte,Region VIII (Eastern Visayas)
17779,97.32212067,124.91250211794085,10.987500372620287,Burauen,Leyte,Region VIII (Eastern Visayas)
17780,97.89659119,124.93750211836472,10.987500372620287,Burauen,Leyte,Region VIII (Eastern Visayas)
17781,98.1841507,124.73750211497364,10.96250037177246,Burauen,Leyte,Region VIII (Eastern Visayas)
17782,98.75687408,124.76250211539752,10.96250037177246,Burauen,Leyte,Region VIII (Eastern Visayas)
17783,96.58983612,124.7875021158214,10.96250037177246,Burauen,Leyte,Region VIII (Eastern Visayas)
17784,95.72528076,124.81250211624528,10.96250037177246,Burauen,Leyte,Region VIII (Eastern Visayas)
17785,95.84476471,124.83750211666919,10.96250037177246,Burauen,Leyte,Region VIII (Eastern Visayas)
17786,96.02267456,124.86250211709309,10.96250037177246,Burauen,Leyte,Region VIII (Eastern Visayas)
17787,96.18772888,124.88750211751696,10.96250037177246,Burauen,Leyte,Region VIII (Eastern Visayas)
17788,97.30115509,124.91250211794085,10.96250037177246,Burauen,Leyte,Region VIII (Eastern Visayas)
17789,99.15735626,124.73750211497364,10.937500370924631,Burauen,Leyte,Region VIII (Eastern Visayas)
17790,99.73908234,124.76250211539752,10.937500370924631,Burauen,Leyte,Region VIII (Eastern Visayas)
17791,98.35564423,124.7875021158214,10.937500370924631,Burauen,Leyte,Region VIII (Eastern Visayas)
17792,97.39826965,124.81250211624528,10.937500370924631,Burauen,Leyte,Region VIII (Eastern Visayas)
17793,96.21565247,124.83750211666919,10.937500370924631,Burauen,Leyte,Region VIII (Eastern Visayas)
17794,96.39463806,124.86250211709309,10.937500370924631,Burauen,Leyte,Region VIII (Eastern Visayas)
17795,96.61016846,124.88750211751696,10.937500370924631,Burauen,Leyte,Region VIII (Eastern Visayas)
17796,97.66049194,124.91250211794085,10.937500370924631,Burauen,Leyte,Region VIII (Eastern Visayas)
17797,98.90626526,124.93750211836472,10.937500370924631,Burauen,Leyte,Region VIII (Eastern Visayas)
17798,98.82738495,124.76250211539752,10.912500370076804,Burauen,Leyte,Region VIII (Eastern Visayas)
17799,98.55541992,124.7875021158214,10.912500370076804,Burauen,Leyte,Region VIII (Eastern Visayas)
17800,97.81259155,124.81250211624528,10.912500370076804,Burauen,Leyte,Region VIII (Eastern Visayas)
17801,97.65473938,124.83750211666919,10.912500370076804,Burauen,Leyte,Region VIII (Eastern Visayas)
17802,96.47840881,124.86250211709309,10.912500370076804,Burauen,Leyte,Region VIII (Eastern Visayas)
17803,99.52292633,124.76250211539752,10.887500369228974,Burauen,Leyte,Region VIII (Eastern Visayas)
17804,98.95402527,124.7875021158214,10.887500369228974,Burauen,Leyte,Region VIII (Eastern Visayas)
17805,98.12756348,124.81250211624528,10.887500369228974,Burauen,Leyte,Region VIII (Eastern Visayas)
17806,97.90722656,124.83750211666919,10.887500369228974,Burauen,Leyte,Region VIII (Eastern Visayas)
17807,96.63667297,124.86250211709309,10.887500369228974,Burauen,Leyte,Region VIII (Eastern Visayas)
17808,102.0330048,124.76250211539752,10.862500368381143,Burauen,Leyte,Region VIII (Eastern Visayas)
17809,99.38504028,124.7875021158214,10.862500368381143,Burauen,Leyte,Region VIII (Eastern Visayas)
17810,98.18222809,124.81250211624528,10.862500368381143,Burauen,Leyte,Region VIII (Eastern Visayas)
17811,97.28872681,124.83750211666919,10.862500368381143,Burauen,Leyte,Region VIII (Eastern Visayas)
17812,99.66401672,124.81250211624528,10.837500367533316,Burauen,Leyte,Region VIII (Eastern Visayas)
17813,97.86693573,124.83750211666919,10.837500367533316,Burauen,Leyte,Region VIII (Eastern Visayas)
17814,106.6670837,124.31250210776756,11.537500391272523,Calubian,Leyte,Region VIII (Eastern Visayas)
17815,105.9732361,124.33750210819144,11.537500391272523,Calubian,Leyte,Region VIII (Eastern Visayas)
17816,106.7950211,124.31250210776756,11.512500390424696,Calubian,Leyte,Region VIII (Eastern Visayas)
17817,105.5814362,124.36250210861532,11.512500390424696,Calubian,Leyte,Region VIII (Eastern Visayas)
17818,105.0620956,124.3875021090392,11.487500389576866,Calubian,Leyte,Region VIII (Eastern Visayas)
17819,105.1917038,124.3875021090392,11.462500388729037,Calubian,Leyte,Region VIII (Eastern Visayas)
17820,104.6817017,124.4125021094631,11.462500388729037,Calubian,Leyte,Region VIII (Eastern Visayas)
17821,105.1330872,124.4125021094631,11.437500387881208,Calubian,Leyte,Region VIII (Eastern Visayas)
17822,105.2851181,124.4125021094631,11.41250038703338,Calubian,Leyte,Region VIII (Eastern Visayas)
17823,105.1050873,124.437502109887,11.41250038703338,Calubian,Leyte,Region VIII (Eastern Visayas)
17824,105.3084564,124.4125021094631,11.38750038618555,Calubian,Leyte,Region VIII (Eastern Visayas)
17825,100.3372345,124.53750211158254,11.38750038618555,Capoocan,Leyte,Region VIII (Eastern Visayas)
17826,96.75198364,124.56250211200641,11.312500383642064,Capoocan,Leyte,Region VIII (Eastern Visayas)
17827,96.22896576,124.56250211200641,11.287500382794237,Capoocan,Leyte,Region VIII (Eastern Visayas)
17828,95.80455017,124.58750211243031,11.287500382794237,Capoocan,Leyte,Region VIII (Eastern Visayas)
17829,95.26615906,124.6125021128542,11.287500382794237,Capoocan,Leyte,Region VIII (Eastern Visayas)
17830,94.78898621,124.6375021132781,11.287500382794237,Capoocan,Leyte,Region VIII (Eastern Visayas)
17831,96.7811203,124.56250211200641,11.262500381946406,Capoocan,Leyte,Region VIII (Eastern Visayas)
17832,95.3991394,124.58750211243031,11.262500381946406,Capoocan,Leyte,Region VIII (Eastern Visayas)
17833,94.61196899,124.6125021128542,11.262500381946406,Capoocan,Leyte,Region VIII (Eastern Visayas)
17834,93.18359375,124.6375021132781,11.262500381946406,Capoocan,Leyte,Region VIII (Eastern Visayas)
17835,97.17771149,124.56250211200641,11.237500381098576,Capoocan,Leyte,Region VIII (Eastern Visayas)
17836,96.03604126,124.58750211243031,11.237500381098576,Capoocan,Leyte,Region VIII (Eastern Visayas)
17837,95.20235443,124.6125021128542,11.237500381098576,Capoocan,Leyte,Region VIII (Eastern Visayas)
17838,93.27062988,124.6375021132781,11.237500381098576,Capoocan,Leyte,Region VIII (Eastern Visayas)
17839,94.05059052,124.71250211454976,11.312500383642064,Carigara,Leyte,Region VIII (Eastern Visayas)
17840,93.62445831,124.66250211370196,11.287500382794237,Carigara,Leyte,Region VIII (Eastern Visayas)
17841,93.74401093,124.68750211412586,11.287500382794237,Carigara,Leyte,Region VIII (Eastern Visayas)
17842,93.80582428,124.71250211454976,11.287500382794237,Carigara,Leyte,Region VIII (Eastern Visayas)
17843,93.05856323,124.66250211370196,11.262500381946406,Carigara,Leyte,Region VIII (Eastern Visayas)
17844,93.42359924,124.68750211412586,11.262500381946406,Carigara,Leyte,Region VIII (Eastern Visayas)
17845,93.61966705,124.71250211454976,11.262500381946406,Carigara,Leyte,Region VIII (Eastern Visayas)
17846,93.82907104,124.73750211497364,11.262500381946406,Carigara,Leyte,Region VIII (Eastern Visayas)
17847,93.14559174,124.66250211370196,11.237500381098576,Carigara,Leyte,Region VIII (Eastern Visayas)
17848,92.93624878,124.68750211412586,11.237500381098576,Carigara,Leyte,Region VIII (Eastern Visayas)
17849,93.04229736,124.71250211454976,11.237500381098576,Carigara,Leyte,Region VIII (Eastern Visayas)
17850,93.32176971,124.73750211497364,11.237500381098576,Carigara,Leyte,Region VIII (Eastern Visayas)
17851,92.86012268,124.71250211454976,11.212500380250749,Carigara,Leyte,Region VIII (Eastern Visayas)
17852,92.63961792,124.71250211454976,11.18750037940292,Carigara,Leyte,Region VIII (Eastern Visayas)
17853,94.31694794,124.81250211624528,11.112500376859431,Dagami,Leyte,Region VIII (Eastern Visayas)
17854,95.11074829,124.83750211666919,11.112500376859431,Dagami,Leyte,Region VIII (Eastern Visayas)
17855,94.30334473,124.81250211624528,11.087500376011604,Dagami,Leyte,Region VIII (Eastern Visayas)
17856,94.90839386,124.83750211666919,11.087500376011604,Dagami,Leyte,Region VIII (Eastern Visayas)
17857,97.13883972,124.86250211709309,11.087500376011604,Dagami,Leyte,Region VIII (Eastern Visayas)
17858,97.76826477,124.88750211751696,11.087500376011604,Dagami,Leyte,Region VIII (Eastern Visayas)
17859,98.67662048,124.91250211794085,11.087500376011604,Dagami,Leyte,Region VIII (Eastern Visayas)
17860,99.28331757,124.93750211836472,11.087500376011604,Dagami,Leyte,Region VIII (Eastern Visayas)
17861,94.12875366,124.81250211624528,11.062500375163776,Dagami,Leyte,Region VIII (Eastern Visayas)
17862,95.07814789,124.83750211666919,11.062500375163776,Dagami,Leyte,Region VIII (Eastern Visayas)
17863,95.44799805,124.86250211709309,11.062500375163776,Dagami,Leyte,Region VIII (Eastern Visayas)
17864,97.20076752,124.88750211751696,11.062500375163776,Dagami,Leyte,Region VIII (Eastern Visayas)
17865,98.39098358,124.91250211794085,11.062500375163776,Dagami,Leyte,Region VIII (Eastern Visayas)
17866,100.0573502,124.93750211836472,11.062500375163776,Dagami,Leyte,Region VIII (Eastern Visayas)
17867,94.89831543,124.83750211666919,11.037500374315949,Dagami,Leyte,Region VIII (Eastern Visayas)
17868,95.26368713,124.86250211709309,11.037500374315949,Dagami,Leyte,Region VIII (Eastern Visayas)
17869,96.31954956,124.88750211751696,11.037500374315949,Dagami,Leyte,Region VIII (Eastern Visayas)
17870,97.51846313,124.91250211794085,11.037500374315949,Dagami,Leyte,Region VIII (Eastern Visayas)
17871,101.6397324,124.9875021192125,11.012500373468118,Dulag,Leyte,Region VIII (Eastern Visayas)
17872,102.3809509,125.0125021196364,11.012500373468118,Dulag,Leyte,Region VIII (Eastern Visayas)
17873,101.4490891,124.9875021192125,10.987500372620287,Dulag,Leyte,Region VIII (Eastern Visayas)
17874,102.1419678,125.0125021196364,10.987500372620287,Dulag,Leyte,Region VIII (Eastern Visayas)
17875,102.6848755,125.03750212006028,10.987500372620287,Dulag,Leyte,Region VIII (Eastern Visayas)
17876,101.1524582,124.9875021192125,10.96250037177246,Dulag,Leyte,Region VIII (Eastern Visayas)
17877,102.0688095,125.0125021196364,10.96250037177246,Dulag,Leyte,Region VIII (Eastern Visayas)
17878,103.5931473,125.03750212006028,10.96250037177246,Dulag,Leyte,Region VIII (Eastern Visayas)
17879,100.5318756,124.9875021192125,10.937500370924631,Dulag,Leyte,Region VIII (Eastern Visayas)
17880,101.391182,125.0125021196364,10.937500370924631,Dulag,Leyte,Region VIII (Eastern Visayas)
17881,101.1277237,125.0125021196364,10.912500370076804,Dulag,Leyte,Region VIII (Eastern Visayas)
17882,102.0149765,124.86250211709309,10.487500355663713,Hilongos,Leyte,Region VIII (Eastern Visayas)
17883,101.6638184,124.88750211751696,10.487500355663713,Hilongos,Leyte,Region VIII (Eastern Visayas)
17884,104.4141007,124.81250211624528,10.462500354815884,Hilongos,Leyte,Region VIII (Eastern Visayas)
17885,104.117775,124.83750211666919,10.462500354815884,Hilongos,Leyte,Region VIII (Eastern Visayas)
17886,103.9698868,124.86250211709309,10.462500354815884,Hilongos,Leyte,Region VIII (Eastern Visayas)
17887,102.4536896,124.88750211751696,10.462500354815884,Hilongos,Leyte,Region VIII (Eastern Visayas)
17888,106.5245438,124.7875021158214,10.437500353968057,Hilongos,Leyte,Region VIII (Eastern Visayas)
17889,106.4063797,124.81250211624528,10.437500353968057,Hilongos,Leyte,Region VIII (Eastern Visayas)
17890,105.3755341,124.83750211666919,10.437500353968057,Hilongos,Leyte,Region VIII (Eastern Visayas)
17891,105.2266464,124.86250211709309,10.437500353968057,Hilongos,Leyte,Region VIII (Eastern Visayas)
17892,107.2509232,124.73750211497364,10.412500353120226,Hilongos,Leyte,Region VIII (Eastern Visayas)
17893,107.0042648,124.76250211539752,10.412500353120226,Hilongos,Leyte,Region VIII (Eastern Visayas)
17894,106.7807312,124.7875021158214,10.412500353120226,Hilongos,Leyte,Region VIII (Eastern Visayas)
17895,106.7547302,124.81250211624528,10.412500353120226,Hilongos,Leyte,Region VIII (Eastern Visayas)
17896,106.5322037,124.83750211666919,10.412500353120226,Hilongos,Leyte,Region VIII (Eastern Visayas)
17897,105.9179688,124.86250211709309,10.412500353120226,Hilongos,Leyte,Region VIII (Eastern Visayas)
17898,108.3088226,124.73750211497364,10.387500352272395,Hilongos,Leyte,Region VIII (Eastern Visayas)
17899,108.2838059,124.76250211539752,10.387500352272395,Hilongos,Leyte,Region VIII (Eastern Visayas)
17900,108.1021729,124.7875021158214,10.387500352272395,Hilongos,Leyte,Region VIII (Eastern Visayas)
17901,108.182457,124.81250211624528,10.387500352272395,Hilongos,Leyte,Region VIII (Eastern Visayas)
17902,108.2257385,124.83750211666919,10.387500352272395,Hilongos,Leyte,Region VIII (Eastern Visayas)
17903,107.6888046,124.86250211709309,10.387500352272395,Hilongos,Leyte,Region VIII (Eastern Visayas)
17904,109.6218033,124.76250211539752,10.362500351424568,Hilongos,Leyte,Region VIII (Eastern Visayas)
17905,109.3633499,124.7875021158214,10.362500351424568,Hilongos,Leyte,Region VIII (Eastern Visayas)
17906,109.5587158,124.81250211624528,10.362500351424568,Hilongos,Leyte,Region VIII (Eastern Visayas)
17907,106.2856445,124.73750211497364,10.462500354815884,Hindang,Leyte,Region VIII (Eastern Visayas)
17908,105.684845,124.76250211539752,10.462500354815884,Hindang,Leyte,Region VIII (Eastern Visayas)
17909,104.6196747,124.7875021158214,10.462500354815884,Hindang,Leyte,Region VIII (Eastern Visayas)
17910,106.9408875,124.73750211497364,10.437500353968057,Hindang,Leyte,Region VIII (Eastern Visayas)
17911,106.3560104,124.76250211539752,10.437500353968057,Hindang,Leyte,Region VIII (Eastern Visayas)
17912,0.0,124.6375021132781,10.53750035735937,Inopacan,Leyte,Region VIII (Eastern Visayas)
17913,103.8011398,124.7875021158214,10.53750035735937,Inopacan,Leyte,Region VIII (Eastern Visayas)
17914,103.2683563,124.81250211624528,10.53750035735937,Inopacan,Leyte,Region VIII (Eastern Visayas)
17915,101.6427918,124.83750211666919,10.53750035735937,Inopacan,Leyte,Region VIII (Eastern Visayas)
17916,101.4252014,124.86250211709309,10.53750035735937,Inopacan,Leyte,Region VIII (Eastern Visayas)
17917,101.0331574,124.88750211751696,10.53750035735937,Inopacan,Leyte,Region VIII (Eastern Visayas)
17918,104.2938538,124.76250211539752,10.51250035651154,Inopacan,Leyte,Region VIII (Eastern Visayas)
17919,103.8006516,124.7875021158214,10.51250035651154,Inopacan,Leyte,Region VIII (Eastern Visayas)
17920,103.4771118,124.81250211624528,10.51250035651154,Inopacan,Leyte,Region VIII (Eastern Visayas)
17921,103.0234299,124.83750211666919,10.51250035651154,Inopacan,Leyte,Region VIII (Eastern Visayas)
17922,101.3891068,124.86250211709309,10.51250035651154,Inopacan,Leyte,Region VIII (Eastern Visayas)
17923,101.1760101,124.88750211751696,10.51250035651154,Inopacan,Leyte,Region VIII (Eastern Visayas)
17924,105.8818054,124.73750211497364,10.487500355663713,Inopacan,Leyte,Region VIII (Eastern Visayas)
17925,104.5345306,124.76250211539752,10.487500355663713,Inopacan,Leyte,Region VIII (Eastern Visayas)
17926,104.0440369,124.7875021158214,10.487500355663713,Inopacan,Leyte,Region VIII (Eastern Visayas)
17927,103.8318634,124.81250211624528,10.487500355663713,Inopacan,Leyte,Region VIII (Eastern Visayas)
17928,103.5855255,124.83750211666919,10.487500355663713,Inopacan,Leyte,Region VIII (Eastern Visayas)
17929,111.1866074,124.46250211031088,10.96250037177246,Isabel,Leyte,Region VIII (Eastern Visayas)
17930,111.8947983,124.4125021094631,10.937500370924631,Isabel,Leyte,Region VIII (Eastern Visayas)
17931,112.3016357,124.437502109887,10.937500370924631,Isabel,Leyte,Region VIII (Eastern Visayas)
17932,111.2108917,124.46250211031088,10.937500370924631,Isabel,Leyte,Region VIII (Eastern Visayas)
17933,112.5345841,124.437502109887,10.912500370076804,Isabel,Leyte,Region VIII (Eastern Visayas)
17934,111.734993,124.46250211031088,10.912500370076804,Isabel,Leyte,Region VIII (Eastern Visayas)
17935,111.1989288,124.48750211073477,10.912500370076804,Isabel,Leyte,Region VIII (Eastern Visayas)
17936,112.2620087,124.46250211031088,10.887500369228974,Isabel,Leyte,Region VIII (Eastern Visayas)
17937,111.7704773,124.48750211073477,10.887500369228974,Isabel,Leyte,Region VIII (Eastern Visayas)
17938,94.41513824,124.76250211539752,11.237500381098576,Jaro,Leyte,Region VIII (Eastern Visayas)
17939,95.67700195,124.7875021158214,11.237500381098576,Jaro,Leyte,Region VIII (Eastern Visayas)
17940,92.74131775,124.73750211497364,11.212500380250749,Jaro,Leyte,Region VIII (Eastern Visayas)
17941,94.61684418,124.76250211539752,11.212500380250749,Jaro,Leyte,Region VIII (Eastern Visayas)
17942,95.54511261,124.7875021158214,11.212500380250749,Jaro,Leyte,Region VIII (Eastern Visayas)
17943,92.35736084,124.73750211497364,11.18750037940292,Jaro,Leyte,Region VIII (Eastern Visayas)
17944,94.23865509,124.76250211539752,11.18750037940292,Jaro,Leyte,Region VIII (Eastern Visayas)
17945,95.24863434,124.7875021158214,11.18750037940292,Jaro,Leyte,Region VIII (Eastern Visayas)
17946,95.72040558,124.81250211624528,11.18750037940292,Jaro,Leyte,Region VIII (Eastern Visayas)
17947,92.89767456,124.68750211412586,11.162500378555087,Jaro,Leyte,Region VIII (Eastern Visayas)
17948,92.54994965,124.71250211454976,11.162500378555087,Jaro,Leyte,Region VIII (Eastern Visayas)
17949,92.03784943,124.73750211497364,11.162500378555087,Jaro,Leyte,Region VIII (Eastern Visayas)
17950,93.22354126,124.76250211539752,11.162500378555087,Jaro,Leyte,Region VIII (Eastern Visayas)
17951,94.88463593,124.7875021158214,11.162500378555087,Jaro,Leyte,Region VIII (Eastern Visayas)
17952,95.43935394,124.81250211624528,11.162500378555087,Jaro,Leyte,Region VIII (Eastern Visayas)
17953,97.11084747,124.83750211666919,11.162500378555087,Jaro,Leyte,Region VIII (Eastern Visayas)
17954,93.90898132,124.71250211454976,11.137500377707262,Jaro,Leyte,Region VIII (Eastern Visayas)
17955,92.03601074,124.73750211497364,11.137500377707262,Jaro,Leyte,Region VIII (Eastern Visayas)
17956,93.25582123,124.76250211539752,11.137500377707262,Jaro,Leyte,Region VIII (Eastern Visayas)
17957,94.10591125,124.7875021158214,11.137500377707262,Jaro,Leyte,Region VIII (Eastern Visayas)
17958,94.51576996,124.81250211624528,11.137500377707262,Jaro,Leyte,Region VIII (Eastern Visayas)
17959,96.21499634,124.83750211666919,11.137500377707262,Jaro,Leyte,Region VIII (Eastern Visayas)
17960,93.66168213,124.73750211497364,11.112500376859431,Jaro,Leyte,Region VIII (Eastern Visayas)
17961,93.40081024,124.76250211539752,11.112500376859431,Jaro,Leyte,Region VIII (Eastern Visayas)
17962,94.15312195,124.7875021158214,11.112500376859431,Jaro,Leyte,Region VIII (Eastern Visayas)
17963,93.87722015,124.76250211539752,11.087500376011604,Jaro,Leyte,Region VIII (Eastern Visayas)
17964,94.37444305,124.7875021158214,11.087500376011604,Jaro,Leyte,Region VIII (Eastern Visayas)
17965,97.85599518,124.86250211709309,10.812500366685487,Javier (Bugho),Leyte,Region VIII (Eastern Visayas)
17966,97.94715118,124.88750211751696,10.812500366685487,Javier (Bugho),Leyte,Region VIII (Eastern Visayas)
17967,98.63999176,124.91250211794085,10.812500366685487,Javier (Bugho),Leyte,Region VIII (Eastern Visayas)
17968,98.9438858,124.93750211836472,10.812500366685487,Javier (Bugho),Leyte,Region VIII (Eastern Visayas)
17969,98.33803558,124.86250211709309,10.787500365837658,Javier (Bugho),Leyte,Region VIII (Eastern Visayas)
17970,98.23484802,124.88750211751696,10.787500365837658,Javier (Bugho),Leyte,Region VIII (Eastern Visayas)
17971,98.80509949,124.91250211794085,10.787500365837658,Javier (Bugho),Leyte,Region VIII (Eastern Visayas)
17972,99.06886292,124.93750211836472,10.787500365837658,Javier (Bugho),Leyte,Region VIII (Eastern Visayas)
17973,99.65270233,124.96250211878862,10.787500365837658,Javier (Bugho),Leyte,Region VIII (Eastern Visayas)
17974,98.41018677,124.88750211751696,10.76250036498983,Javier (Bugho),Leyte,Region VIII (Eastern Visayas)
17975,98.81285095,124.91250211794085,10.76250036498983,Javier (Bugho),Leyte,Region VIII (Eastern Visayas)
17976,99.26371765,124.93750211836472,10.76250036498983,Javier (Bugho),Leyte,Region VIII (Eastern Visayas)
17977,99.25013733,124.96250211878862,10.76250036498983,Javier (Bugho),Leyte,Region VIII (Eastern Visayas)
17978,99.19113922,124.88750211751696,10.737500364142,Javier (Bugho),Leyte,Region VIII (Eastern Visayas)
17979,99.47018433,124.91250211794085,10.737500364142,Javier (Bugho),Leyte,Region VIII (Eastern Visayas)
17980,99.17118073,124.93750211836472,10.737500364142,Javier (Bugho),Leyte,Region VIII (Eastern Visayas)
17981,99.15763092,124.96250211878862,10.737500364142,Javier (Bugho),Leyte,Region VIII (Eastern Visayas)
17982,99.26702118,124.88750211751696,10.712500363294172,Javier (Bugho),Leyte,Region VIII (Eastern Visayas)
17983,99.57624817,124.91250211794085,10.712500363294172,Javier (Bugho),Leyte,Region VIII (Eastern Visayas)
17984,99.60895538,124.93750211836472,10.712500363294172,Javier (Bugho),Leyte,Region VIII (Eastern Visayas)
17985,99.22161865,124.88750211751696,10.687500362446343,Javier (Bugho),Leyte,Region VIII (Eastern Visayas)
17986,99.34642792,124.91250211794085,10.687500362446343,Javier (Bugho),Leyte,Region VIII (Eastern Visayas)
17987,99.29359436,124.93750211836472,10.687500362446343,Javier (Bugho),Leyte,Region VIII (Eastern Visayas)
17988,99.20915222,124.88750211751696,10.662500361598514,Javier (Bugho),Leyte,Region VIII (Eastern Visayas)
17989,101.0509262,124.96250211878862,11.012500373468118,Julita,Leyte,Region VIII (Eastern Visayas)
17990,100.8461533,124.96250211878862,10.987500372620287,Julita,Leyte,Region VIII (Eastern Visayas)
17991,98.97175598,124.93750211836472,10.96250037177246,Julita,Leyte,Region VIII (Eastern Visayas)
17992,99.18077087,124.96250211878862,10.96250037177246,Julita,Leyte,Region VIII (Eastern Visayas)
17993,99.11527252,124.96250211878862,10.937500370924631,Julita,Leyte,Region VIII (Eastern Visayas)
17994,100.372963,124.51250211115864,11.212500380250749,Kananga,Leyte,Region VIII (Eastern Visayas)
17995,99.40879059,124.53750211158254,11.212500380250749,Kananga,Leyte,Region VIII (Eastern Visayas)
17996,96.34490204,124.56250211200641,11.212500380250749,Kananga,Leyte,Region VIII (Eastern Visayas)
17997,95.89147949,124.58750211243031,11.212500380250749,Kananga,Leyte,Region VIII (Eastern Visayas)
17998,95.25872803,124.6125021128542,11.212500380250749,Kananga,Leyte,Region VIII (Eastern Visayas)
17999,94.66737366,124.6375021132781,11.212500380250749,Kananga,Leyte,Region VIII (Eastern Visayas)
18000,92.42563629,124.66250211370196,11.212500380250749,Kananga,Leyte,Region VIII (Eastern Visayas)
18001,92.79320526,124.68750211412586,11.212500380250749,Kananga,Leyte,Region VIII (Eastern Visayas)
18002,100.496254,124.51250211115864,11.18750037940292,Kananga,Leyte,Region VIII (Eastern Visayas)
18003,99.66273499,124.53750211158254,11.18750037940292,Kananga,Leyte,Region VIII (Eastern Visayas)
18004,96.57778168,124.56250211200641,11.18750037940292,Kananga,Leyte,Region VIII (Eastern Visayas)
18005,95.93826294,124.58750211243031,11.18750037940292,Kananga,Leyte,Region VIII (Eastern Visayas)
18006,95.25504303,124.6125021128542,11.18750037940292,Kananga,Leyte,Region VIII (Eastern Visayas)
18007,94.75337982,124.6375021132781,11.18750037940292,Kananga,Leyte,Region VIII (Eastern Visayas)
18008,92.41410065,124.66250211370196,11.18750037940292,Kananga,Leyte,Region VIII (Eastern Visayas)
18009,92.70822144,124.68750211412586,11.18750037940292,Kananga,Leyte,Region VIII (Eastern Visayas)
18010,99.37549591,124.53750211158254,11.162500378555087,Kananga,Leyte,Region VIII (Eastern Visayas)
18011,98.87770081,124.56250211200641,11.162500378555087,Kananga,Leyte,Region VIII (Eastern Visayas)
18012,96.42417908,124.58750211243031,11.162500378555087,Kananga,Leyte,Region VIII (Eastern Visayas)
18013,95.4414444,124.6125021128542,11.162500378555087,Kananga,Leyte,Region VIII (Eastern Visayas)
18014,94.10951996,124.6375021132781,11.162500378555087,Kananga,Leyte,Region VIII (Eastern Visayas)
18015,93.83856201,124.66250211370196,11.162500378555087,Kananga,Leyte,Region VIII (Eastern Visayas)
18016,100.4742737,124.53750211158254,11.137500377707262,Kananga,Leyte,Region VIII (Eastern Visayas)
18017,99.96174622,124.56250211200641,11.137500377707262,Kananga,Leyte,Region VIII (Eastern Visayas)
18018,99.21626282,124.58750211243031,11.137500377707262,Kananga,Leyte,Region VIII (Eastern Visayas)
18019,98.21087646,124.6125021128542,11.137500377707262,Kananga,Leyte,Region VIII (Eastern Visayas)
18020,95.04131317,124.6375021132781,11.137500377707262,Kananga,Leyte,Region VIII (Eastern Visayas)
18021,99.59616852,124.58750211243031,11.112500376859431,Kananga,Leyte,Region VIII (Eastern Visayas)
18022,98.86386871,124.6125021128542,11.112500376859431,Kananga,Leyte,Region VIII (Eastern Visayas)
18023,96.70910645,124.88750211751696,10.912500370076804,La Paz,Leyte,Region VIII (Eastern Visayas)
18024,97.63703156,124.91250211794085,10.912500370076804,La Paz,Leyte,Region VIII (Eastern Visayas)
18025,98.13961792,124.93750211836472,10.912500370076804,La Paz,Leyte,Region VIII (Eastern Visayas)
18026,96.78399658,124.88750211751696,10.887500369228974,La Paz,Leyte,Region VIII (Eastern Visayas)
18027,97.6743927,124.91250211794085,10.887500369228974,La Paz,Leyte,Region VIII (Eastern Visayas)
18028,98.17251587,124.93750211836472,10.887500369228974,La Paz,Leyte,Region VIII (Eastern Visayas)
18029,100.0628281,124.96250211878862,10.887500369228974,La Paz,Leyte,Region VIII (Eastern Visayas)
18030,97.31537628,124.86250211709309,10.862500368381143,La Paz,Leyte,Region VIII (Eastern Visayas)
18031,96.85466766,124.88750211751696,10.862500368381143,La Paz,Leyte,Region VIII (Eastern Visayas)
18032,97.78420258,124.91250211794085,10.862500368381143,La Paz,Leyte,Region VIII (Eastern Visayas)
18033,98.98072815,124.93750211836472,10.862500368381143,La Paz,Leyte,Region VIII (Eastern Visayas)
18034,101.8274307,124.48750211073477,11.437500387881208,Leyte,Leyte,Region VIII (Eastern Visayas)
18035,101.2187729,124.51250211115864,11.437500387881208,Leyte,Leyte,Region VIII (Eastern Visayas)
18036,101.7201386,124.48750211073477,11.41250038703338,Leyte,Leyte,Region VIII (Eastern Visayas)
18037,101.2553253,124.51250211115864,11.41250038703338,Leyte,Leyte,Region VIII (Eastern Visayas)
18038,105.1358109,124.437502109887,11.38750038618555,Leyte,Leyte,Region VIII (Eastern Visayas)
18039,102.4993057,124.46250211031088,11.38750038618555,Leyte,Leyte,Region VIII (Eastern Visayas)
18040,101.7052383,124.48750211073477,11.38750038618555,Leyte,Leyte,Region VIII (Eastern Visayas)
18041,101.1991501,124.51250211115864,11.38750038618555,Leyte,Leyte,Region VIII (Eastern Visayas)
18042,104.2345963,124.437502109887,11.362500385337722,Leyte,Leyte,Region VIII (Eastern Visayas)
18043,103.2256317,124.46250211031088,11.362500385337722,Leyte,Leyte,Region VIII (Eastern Visayas)
18044,101.593689,124.48750211073477,11.362500385337722,Leyte,Leyte,Region VIII (Eastern Visayas)
18045,100.8651581,124.51250211115864,11.362500385337722,Leyte,Leyte,Region VIII (Eastern Visayas)
18046,98.91855621,124.53750211158254,11.362500385337722,Leyte,Leyte,Region VIII (Eastern Visayas)
18047,101.1080093,124.48750211073477,11.337500384489893,Leyte,Leyte,Region VIII (Eastern Visayas)
18048,100.3694611,124.51250211115864,11.337500384489893,Leyte,Leyte,Region VIII (Eastern Visayas)
18049,98.58050537,124.53750211158254,11.337500384489893,Leyte,Leyte,Region VIII (Eastern Visayas)
18050,100.4019775,124.51250211115864,11.312500383642064,Leyte,Leyte,Region VIII (Eastern Visayas)
18051,99.55783844,124.53750211158254,11.312500383642064,Leyte,Leyte,Region VIII (Eastern Visayas)
18052,100.4358826,124.48750211073477,11.287500382794237,Leyte,Leyte,Region VIII (Eastern Visayas)
18053,99.92224884,124.51250211115864,11.287500382794237,Leyte,Leyte,Region VIII (Eastern Visayas)
18054,99.05060577,124.53750211158254,11.287500382794237,Leyte,Leyte,Region VIII (Eastern Visayas)
18055,99.35959625,124.51250211115864,11.262500381946406,Leyte,Leyte,Region VIII (Eastern Visayas)
18056,97.21913147,124.53750211158254,11.262500381946406,Leyte,Leyte,Region VIII (Eastern Visayas)
18057,100.2351761,124.51250211115864,11.237500381098576,Leyte,Leyte,Region VIII (Eastern Visayas)
18058,97.61646271,124.53750211158254,11.237500381098576,Leyte,Leyte,Region VIII (Eastern Visayas)
18059,97.86696625,124.86250211709309,10.837500367533316,Macarthur,Leyte,Region VIII (Eastern Visayas)
18060,97.70102692,124.88750211751696,10.837500367533316,Macarthur,Leyte,Region VIII (Eastern Visayas)
18061,98.53829193,124.91250211794085,10.837500367533316,Macarthur,Leyte,Region VIII (Eastern Visayas)
18062,99.02851105,124.93750211836472,10.837500367533316,Macarthur,Leyte,Region VIII (Eastern Visayas)
18063,99.15164948,124.96250211878862,10.837500367533316,Macarthur,Leyte,Region VIII (Eastern Visayas)
18064,99.89228058,124.9875021192125,10.837500367533316,Macarthur,Leyte,Region VIII (Eastern Visayas)
18065,99.6266098,124.96250211878862,10.812500366685487,Macarthur,Leyte,Region VIII (Eastern Visayas)
18066,99.87245178,124.9875021192125,10.812500366685487,Macarthur,Leyte,Region VIII (Eastern Visayas)
18067,99.83193207,124.9875021192125,10.787500365837658,Macarthur,Leyte,Region VIII (Eastern Visayas)
18068,99.04563904,124.91250211794085,10.662500361598514,Mahaplag,Leyte,Region VIII (Eastern Visayas)
18069,98.49537659,124.93750211836472,10.662500361598514,Mahaplag,Leyte,Region VIII (Eastern Visayas)
18070,98.08331299,124.9875021192125,10.662500361598514,Mahaplag,Leyte,Region VIII (Eastern Visayas)
18071,99.66832733,124.91250211794085,10.637500360750686,Mahaplag,Leyte,Region VIII (Eastern Visayas)
18072,98.63867188,124.93750211836472,10.637500360750686,Mahaplag,Leyte,Region VIII (Eastern Visayas)
18073,98.52441406,124.96250211878862,10.637500360750686,Mahaplag,Leyte,Region VIII (Eastern Visayas)
18074,98.09002686,124.9875021192125,10.637500360750686,Mahaplag,Leyte,Region VIII (Eastern Visayas)
18075,99.29657745,124.93750211836472,10.612500359902857,Mahaplag,Leyte,Region VIII (Eastern Visayas)
18076,97.90075684,124.96250211878862,10.612500359902857,Mahaplag,Leyte,Region VIII (Eastern Visayas)
18077,97.80103302,124.9875021192125,10.612500359902857,Mahaplag,Leyte,Region VIII (Eastern Visayas)
18078,97.65475464,125.0125021196364,10.612500359902857,Mahaplag,Leyte,Region VIII (Eastern Visayas)
18079,99.12371826,124.93750211836472,10.587500359055028,Mahaplag,Leyte,Region VIII (Eastern Visayas)
18080,97.72293854,124.96250211878862,10.587500359055028,Mahaplag,Leyte,Region VIII (Eastern Visayas)
18081,97.56147003,124.9875021192125,10.587500359055028,Mahaplag,Leyte,Region VIII (Eastern Visayas)
18082,97.39337158,125.0125021196364,10.587500359055028,Mahaplag,Leyte,Region VIII (Eastern Visayas)
18083,98.69699097,124.93750211836472,10.5625003582072,Mahaplag,Leyte,Region VIII (Eastern Visayas)
18084,98.56935883,124.96250211878862,10.5625003582072,Mahaplag,Leyte,Region VIII (Eastern Visayas)
18085,97.70106506,124.9875021192125,10.5625003582072,Mahaplag,Leyte,Region VIII (Eastern Visayas)
18086,97.45232391,125.0125021196364,10.5625003582072,Mahaplag,Leyte,Region VIII (Eastern Visayas)
18087,100.8036881,124.91250211794085,10.53750035735937,Mahaplag,Leyte,Region VIII (Eastern Visayas)
18088,99.22390747,124.93750211836472,10.53750035735937,Mahaplag,Leyte,Region VIII (Eastern Visayas)
18089,99.09661102,124.96250211878862,10.53750035735937,Mahaplag,Leyte,Region VIII (Eastern Visayas)
18090,99.13583374,124.9875021192125,10.53750035735937,Mahaplag,Leyte,Region VIII (Eastern Visayas)
18091,98.86917877,125.0125021196364,10.53750035735937,Mahaplag,Leyte,Region VIII (Eastern Visayas)
18092,101.1368256,124.91250211794085,10.51250035651154,Mahaplag,Leyte,Region VIII (Eastern Visayas)
18093,100.8933411,124.93750211836472,10.51250035651154,Mahaplag,Leyte,Region VIII (Eastern Visayas)
18094,99.46804047,124.96250211878862,10.51250035651154,Mahaplag,Leyte,Region VIII (Eastern Visayas)
18095,99.38845825,124.9875021192125,10.51250035651154,Mahaplag,Leyte,Region VIII (Eastern Visayas)
18096,103.5308075,124.46250211031088,11.162500378555087,Matag-ob,Leyte,Region VIII (Eastern Visayas)
18097,101.3763428,124.48750211073477,11.162500378555087,Matag-ob,Leyte,Region VIII (Eastern Visayas)
18098,100.7907715,124.51250211115864,11.162500378555087,Matag-ob,Leyte,Region VIII (Eastern Visayas)
18099,106.7665253,124.4125021094631,11.137500377707262,Matag-ob,Leyte,Region VIII (Eastern Visayas)
18100,105.6060944,124.437502109887,11.137500377707262,Matag-ob,Leyte,Region VIII (Eastern Visayas)
18101,104.4178085,124.46250211031088,11.137500377707262,Matag-ob,Leyte,Region VIII (Eastern Visayas)
18102,104.0750275,124.48750211073477,11.137500377707262,Matag-ob,Leyte,Region VIII (Eastern Visayas)
18103,107.0250015,124.437502109887,11.112500376859431,Matag-ob,Leyte,Region VIII (Eastern Visayas)
18104,105.1470566,124.46250211031088,11.112500376859431,Matag-ob,Leyte,Region VIII (Eastern Visayas)
18105,106.0277863,124.46250211031088,11.087500376011604,Matag-ob,Leyte,Region VIII (Eastern Visayas)
18106,112.2837524,124.7875021158214,10.287500348881082,Matalom,Leyte,Region VIII (Eastern Visayas)
18107,112.4655457,124.81250211624528,10.287500348881082,Matalom,Leyte,Region VIII (Eastern Visayas)
18108,112.6930466,124.83750211666919,10.287500348881082,Matalom,Leyte,Region VIII (Eastern Visayas)
18109,112.9298325,124.86250211709309,10.287500348881082,Matalom,Leyte,Region VIII (Eastern Visayas)
18110,112.8524475,124.88750211751696,10.287500348881082,Matalom,Leyte,Region VIII (Eastern Visayas)
18111,112.257431,124.7875021158214,10.262500348033257,Matalom,Leyte,Region VIII (Eastern Visayas)
18112,112.5094452,124.81250211624528,10.262500348033257,Matalom,Leyte,Region VIII (Eastern Visayas)
18113,112.9740448,124.83750211666919,10.262500348033257,Matalom,Leyte,Region VIII (Eastern Visayas)
18114,113.04142,124.86250211709309,10.262500348033257,Matalom,Leyte,Region VIII (Eastern Visayas)
18115,112.9211731,124.88750211751696,10.262500348033257,Matalom,Leyte,Region VIII (Eastern Visayas)
18116,112.51857,124.7875021158214,10.237500347185424,Matalom,Leyte,Region VIII (Eastern Visayas)
18117,112.7568131,124.81250211624528,10.237500347185424,Matalom,Leyte,Region VIII (Eastern Visayas)
18118,113.2466049,124.83750211666919,10.237500347185424,Matalom,Leyte,Region VIII (Eastern Visayas)
18119,112.850235,124.7875021158214,10.212500346337595,Matalom,Leyte,Region VIII (Eastern Visayas)
18120,113.0021515,124.81250211624528,10.212500346337595,Matalom,Leyte,Region VIII (Eastern Visayas)
18121,100.0927506,124.96250211878862,10.912500370076804,Mayorga,Leyte,Region VIII (Eastern Visayas)
18122,100.5569763,124.9875021192125,10.912500370076804,Mayorga,Leyte,Region VIII (Eastern Visayas)
18123,100.4693146,124.9875021192125,10.887500369228974,Mayorga,Leyte,Region VIII (Eastern Visayas)
18124,100.9463501,125.0125021196364,10.887500369228974,Mayorga,Leyte,Region VIII (Eastern Visayas)
18125,99.10391998,124.96250211878862,10.862500368381143,Mayorga,Leyte,Region VIII (Eastern Visayas)
18126,100.3401032,124.9875021192125,10.862500368381143,Mayorga,Leyte,Region VIII (Eastern Visayas)
18127,108.6652603,124.48750211073477,11.012500373468118,Merida,Leyte,Region VIII (Eastern Visayas)
18128,108.4871826,124.51250211115864,11.012500373468118,Merida,Leyte,Region VIII (Eastern Visayas)
18129,109.4869309,124.48750211073477,10.987500372620287,Merida,Leyte,Region VIII (Eastern Visayas)
18130,109.3800507,124.51250211115864,10.987500372620287,Merida,Leyte,Region VIII (Eastern Visayas)
18131,110.3037186,124.48750211073477,10.96250037177246,Merida,Leyte,Region VIII (Eastern Visayas)
18132,110.2123947,124.51250211115864,10.96250037177246,Merida,Leyte,Region VIII (Eastern Visayas)
18133,109.2878342,124.53750211158254,10.96250037177246,Merida,Leyte,Region VIII (Eastern Visayas)
18134,110.6211548,124.48750211073477,10.937500370924631,Merida,Leyte,Region VIII (Eastern Visayas)
18135,110.5619965,124.51250211115864,10.937500370924631,Merida,Leyte,Region VIII (Eastern Visayas)
18136,109.5249939,124.53750211158254,10.937500370924631,Merida,Leyte,Region VIII (Eastern Visayas)
18137,111.1597748,124.51250211115864,10.912500370076804,Merida,Leyte,Region VIII (Eastern Visayas)
18138,110.4515152,124.53750211158254,10.912500370076804,Merida,Leyte,Region VIII (Eastern Visayas)
18139,111.7382813,124.51250211115864,10.887500369228974,Merida,Leyte,Region VIII (Eastern Visayas)
18140,103.5281982,124.51250211115864,11.137500377707262,Ormoc City,Leyte,Region VIII (Eastern Visayas)
18141,94.77056885,124.66250211370196,11.137500377707262,Ormoc City,Leyte,Region VIII (Eastern Visayas)
18142,94.40454865,124.68750211412586,11.137500377707262,Ormoc City,Leyte,Region VIII (Eastern Visayas)
18143,104.4693222,124.48750211073477,11.112500376859431,Ormoc City,Leyte,Region VIII (Eastern Visayas)
18144,104.1097488,124.51250211115864,11.112500376859431,Ormoc City,Leyte,Region VIII (Eastern Visayas)
18145,103.0651627,124.53750211158254,11.112500376859431,Ormoc City,Leyte,Region VIII (Eastern Visayas)
18146,100.0680466,124.56250211200641,11.112500376859431,Ormoc City,Leyte,Region VIII (Eastern Visayas)
18147,98.12011719,124.6375021132781,11.112500376859431,Ormoc City,Leyte,Region VIII (Eastern Visayas)
18148,94.54425812,124.66250211370196,11.112500376859431,Ormoc City,Leyte,Region VIII (Eastern Visayas)
18149,94.65608978,124.68750211412586,11.112500376859431,Ormoc City,Leyte,Region VIII (Eastern Visayas)
18150,94.27043152,124.71250211454976,11.112500376859431,Ormoc City,Leyte,Region VIII (Eastern Visayas)
18151,105.1610718,124.48750211073477,11.087500376011604,Ormoc City,Leyte,Region VIII (Eastern Visayas)
18152,104.8666229,124.51250211115864,11.087500376011604,Ormoc City,Leyte,Region VIII (Eastern Visayas)
18153,104.1238937,124.53750211158254,11.087500376011604,Ormoc City,Leyte,Region VIII (Eastern Visayas)
18154,101.1491242,124.56250211200641,11.087500376011604,Ormoc City,Leyte,Region VIII (Eastern Visayas)
18155,100.398941,124.58750211243031,11.087500376011604,Ormoc City,Leyte,Region VIII (Eastern Visayas)
18156,99.66028595,124.6125021128542,11.087500376011604,Ormoc City,Leyte,Region VIII (Eastern Visayas)
18157,99.18260956,124.6375021132781,11.087500376011604,Ormoc City,Leyte,Region VIII (Eastern Visayas)
18158,95.54711914,124.66250211370196,11.087500376011604,Ormoc City,Leyte,Region VIII (Eastern Visayas)
18159,95.33166504,124.68750211412586,11.087500376011604,Ormoc City,Leyte,Region VIII (Eastern Visayas)
18160,94.81518555,124.71250211454976,11.087500376011604,Ormoc City,Leyte,Region VIII (Eastern Visayas)
18161,94.28882599,124.73750211497364,11.087500376011604,Ormoc City,Leyte,Region VIII (Eastern Visayas)
18162,106.0552445,124.48750211073477,11.062500375163776,Ormoc City,Leyte,Region VIII (Eastern Visayas)
18163,105.6995773,124.51250211115864,11.062500375163776,Ormoc City,Leyte,Region VIII (Eastern Visayas)
18164,104.9466782,124.53750211158254,11.062500375163776,Ormoc City,Leyte,Region VIII (Eastern Visayas)
18165,104.4427261,124.56250211200641,11.062500375163776,Ormoc City,Leyte,Region VIII (Eastern Visayas)
18166,101.4529572,124.58750211243031,11.062500375163776,Ormoc City,Leyte,Region VIII (Eastern Visayas)
18167,100.4280243,124.6125021128542,11.062500375163776,Ormoc City,Leyte,Region VIII (Eastern Visayas)
18168,99.3086319,124.6375021132781,11.062500375163776,Ormoc City,Leyte,Region VIII (Eastern Visayas)
18169,98.95526123,124.66250211370196,11.062500375163776,Ormoc City,Leyte,Region VIII (Eastern Visayas)
18170,96.03419495,124.68750211412586,11.062500375163776,Ormoc City,Leyte,Region VIII (Eastern Visayas)
18171,95.02954865,124.71250211454976,11.062500375163776,Ormoc City,Leyte,Region VIII (Eastern Visayas)
18172,93.98231506,124.73750211497364,11.062500375163776,Ormoc City,Leyte,Region VIII (Eastern Visayas)
18173,95.00423431,124.76250211539752,11.062500375163776,Ormoc City,Leyte,Region VIII (Eastern Visayas)
18174,94.40964508,124.7875021158214,11.062500375163776,Ormoc City,Leyte,Region VIII (Eastern Visayas)
18175,108.2547379,124.51250211115864,11.037500374315949,Ormoc City,Leyte,Region VIII (Eastern Visayas)
18176,106.2747803,124.53750211158254,11.037500374315949,Ormoc City,Leyte,Region VIII (Eastern Visayas)
18177,105.7658844,124.56250211200641,11.037500374315949,Ormoc City,Leyte,Region VIII (Eastern Visayas)
18178,104.7110291,124.58750211243031,11.037500374315949,Ormoc City,Leyte,Region VIII (Eastern Visayas)
18179,103.7210693,124.6125021128542,11.037500374315949,Ormoc City,Leyte,Region VIII (Eastern Visayas)
18180,100.8704834,124.6375021132781,11.037500374315949,Ormoc City,Leyte,Region VIII (Eastern Visayas)
18181,100.5160294,124.66250211370196,11.037500374315949,Ormoc City,Leyte,Region VIII (Eastern Visayas)
18182,98.99537659,124.68750211412586,11.037500374315949,Ormoc City,Leyte,Region VIII (Eastern Visayas)
18183,97.83863831,124.71250211454976,11.037500374315949,Ormoc City,Leyte,Region VIII (Eastern Visayas)
18184,94.87513733,124.73750211497364,11.037500374315949,Ormoc City,Leyte,Region VIII (Eastern Visayas)
18185,95.86949921,124.76250211539752,11.037500374315949,Ormoc City,Leyte,Region VIII (Eastern Visayas)
18186,95.59521484,124.7875021158214,11.037500374315949,Ormoc City,Leyte,Region VIII (Eastern Visayas)
18187,95.16093445,124.81250211624528,11.037500374315949,Ormoc City,Leyte,Region VIII (Eastern Visayas)
18188,107.6491928,124.53750211158254,11.012500373468118,Ormoc City,Leyte,Region VIII (Eastern Visayas)
18189,105.3963165,124.56250211200641,11.012500373468118,Ormoc City,Leyte,Region VIII (Eastern Visayas)
18190,104.2539749,124.6125021128542,11.012500373468118,Ormoc City,Leyte,Region VIII (Eastern Visayas)
18191,103.6227112,124.6375021132781,11.012500373468118,Ormoc City,Leyte,Region VIII (Eastern Visayas)
18192,99.8768692,124.66250211370196,11.012500373468118,Ormoc City,Leyte,Region VIII (Eastern Visayas)
18193,99.32795715,124.68750211412586,11.012500373468118,Ormoc City,Leyte,Region VIII (Eastern Visayas)
18194,98.50100708,124.71250211454976,11.012500373468118,Ormoc City,Leyte,Region VIII (Eastern Visayas)
18195,97.68974304,124.73750211497364,11.012500373468118,Ormoc City,Leyte,Region VIII (Eastern Visayas)
18196,95.6131134,124.76250211539752,11.012500373468118,Ormoc City,Leyte,Region VIII (Eastern Visayas)
18197,95.9243927,124.7875021158214,11.012500373468118,Ormoc City,Leyte,Region VIII (Eastern Visayas)
18198,95.52548981,124.81250211624528,11.012500373468118,Ormoc City,Leyte,Region VIII (Eastern Visayas)
18199,95.78134155,124.83750211666919,11.012500373468118,Ormoc City,Leyte,Region VIII (Eastern Visayas)
18200,96.0660553,124.86250211709309,11.012500373468118,Ormoc City,Leyte,Region VIII (Eastern Visayas)
18201,108.6703415,124.53750211158254,10.987500372620287,Ormoc City,Leyte,Region VIII (Eastern Visayas)
18202,104.9831543,124.6375021132781,10.987500372620287,Ormoc City,Leyte,Region VIII (Eastern Visayas)
18203,101.2631302,124.66250211370196,10.987500372620287,Ormoc City,Leyte,Region VIII (Eastern Visayas)
18204,98.61295319,124.73750211497364,10.987500372620287,Ormoc City,Leyte,Region VIII (Eastern Visayas)
18205,96.29923248,124.76250211539752,10.987500372620287,Ormoc City,Leyte,Region VIII (Eastern Visayas)
18206,104.8367462,124.66250211370196,10.96250037177246,Ormoc City,Leyte,Region VIII (Eastern Visayas)
18207,107.0637283,124.96250211878862,11.212500380250749,Palo,Leyte,Region VIII (Eastern Visayas)
18208,106.5771027,124.96250211878862,11.18750037940292,Palo,Leyte,Region VIII (Eastern Visayas)
18209,107.1521149,124.9875021192125,11.18750037940292,Palo,Leyte,Region VIII (Eastern Visayas)
18210,103.9274292,124.96250211878862,11.162500378555087,Palo,Leyte,Region VIII (Eastern Visayas)
18211,106.633606,124.9875021192125,11.162500378555087,Palo,Leyte,Region VIII (Eastern Visayas)
18212,102.5530396,124.93750211836472,11.137500377707262,Palo,Leyte,Region VIII (Eastern Visayas)
18213,102.8881455,124.96250211878862,11.137500377707262,Palo,Leyte,Region VIII (Eastern Visayas)
18214,104.4178009,124.9875021192125,11.137500377707262,Palo,Leyte,Region VIII (Eastern Visayas)
18215,105.3326798,125.0125021196364,11.137500377707262,Palo,Leyte,Region VIII (Eastern Visayas)
18216,103.6372223,124.96250211878862,11.112500376859431,Palo,Leyte,Region VIII (Eastern Visayas)
18217,107.8505478,124.3875021090392,11.087500376011604,Palompon,Leyte,Region VIII (Eastern Visayas)
18218,107.6665115,124.4125021094631,11.087500376011604,Palompon,Leyte,Region VIII (Eastern Visayas)
18219,107.8370209,124.437502109887,11.087500376011604,Palompon,Leyte,Region VIII (Eastern Visayas)
18220,108.4539337,124.3875021090392,11.062500375163776,Palompon,Leyte,Region VIII (Eastern Visayas)
18221,108.4050446,124.4125021094631,11.062500375163776,Palompon,Leyte,Region VIII (Eastern Visayas)
18222,109.2261353,124.437502109887,11.062500375163776,Palompon,Leyte,Region VIII (Eastern Visayas)
18223,108.0833206,124.46250211031088,11.062500375163776,Palompon,Leyte,Region VIII (Eastern Visayas)
18224,110.2066803,124.4125021094631,11.037500374315949,Palompon,Leyte,Region VIII (Eastern Visayas)
18225,110.2219772,124.437502109887,11.037500374315949,Palompon,Leyte,Region VIII (Eastern Visayas)
18226,109.0646439,124.46250211031088,11.037500374315949,Palompon,Leyte,Region VIII (Eastern Visayas)
18227,108.5560913,124.48750211073477,11.037500374315949,Palompon,Leyte,Region VIII (Eastern Visayas)
18228,110.2776413,124.4125021094631,11.012500373468118,Palompon,Leyte,Region VIII (Eastern Visayas)
18229,110.4042511,124.437502109887,11.012500373468118,Palompon,Leyte,Region VIII (Eastern Visayas)
18230,109.3043442,124.46250211031088,11.012500373468118,Palompon,Leyte,Region VIII (Eastern Visayas)
18231,111.0223694,124.4125021094631,10.987500372620287,Palompon,Leyte,Region VIII (Eastern Visayas)
18232,111.176178,124.437502109887,10.987500372620287,Palompon,Leyte,Region VIII (Eastern Visayas)
18233,110.1194153,124.46250211031088,10.987500372620287,Palompon,Leyte,Region VIII (Eastern Visayas)
18234,111.7777023,124.4125021094631,10.96250037177246,Palompon,Leyte,Region VIII (Eastern Visayas)
18235,112.2770844,124.437502109887,10.96250037177246,Palompon,Leyte,Region VIII (Eastern Visayas)
18236,111.9096985,124.3875021090392,10.937500370924631,Palompon,Leyte,Region VIII (Eastern Visayas)
18237,96.78022766,124.86250211709309,11.137500377707262,Pastrana,Leyte,Region VIII (Eastern Visayas)
18238,98.32868958,124.88750211751696,11.137500377707262,Pastrana,Leyte,Region VIII (Eastern Visayas)
18239,99.64123535,124.91250211794085,11.137500377707262,Pastrana,Leyte,Region VIII (Eastern Visayas)
18240,97.48639679,124.86250211709309,11.112500376859431,Pastrana,Leyte,Region VIII (Eastern Visayas)
18241,98.08314514,124.88750211751696,11.112500376859431,Pastrana,Leyte,Region VIII (Eastern Visayas)
18242,99.08813477,124.91250211794085,11.112500376859431,Pastrana,Leyte,Region VIII (Eastern Visayas)
18243,99.91016388,124.93750211836472,11.112500376859431,Pastrana,Leyte,Region VIII (Eastern Visayas)
18244,106.5916138,124.33750210819144,11.512500390424696,San Isidro,Leyte,Region VIII (Eastern Visayas)
18245,106.9108582,124.31250210776756,11.487500389576866,San Isidro,Leyte,Region VIII (Eastern Visayas)
18246,106.7202225,124.33750210819144,11.487500389576866,San Isidro,Leyte,Region VIII (Eastern Visayas)
18247,105.7295914,124.36250210861532,11.487500389576866,San Isidro,Leyte,Region VIII (Eastern Visayas)
18248,106.935379,124.31250210776756,11.462500388729037,San Isidro,Leyte,Region VIII (Eastern Visayas)
18249,106.4933777,124.33750210819144,11.462500388729037,San Isidro,Leyte,Region VIII (Eastern Visayas)
18250,106.4207535,124.36250210861532,11.462500388729037,San Isidro,Leyte,Region VIII (Eastern Visayas)
18251,107.0649719,124.31250210776756,11.437500387881208,San Isidro,Leyte,Region VIII (Eastern Visayas)
18252,106.6026382,124.33750210819144,11.437500387881208,San Isidro,Leyte,Region VIII (Eastern Visayas)
18253,106.5300064,124.36250210861532,11.437500387881208,San Isidro,Leyte,Region VIII (Eastern Visayas)
18254,105.6067658,124.3875021090392,11.437500387881208,San Isidro,Leyte,Region VIII (Eastern Visayas)
18255,106.9230499,124.33750210819144,11.41250038703338,San Isidro,Leyte,Region VIII (Eastern Visayas)
18256,106.1937637,124.36250210861532,11.41250038703338,San Isidro,Leyte,Region VIII (Eastern Visayas)
18257,105.6607895,124.3875021090392,11.41250038703338,San Isidro,Leyte,Region VIII (Eastern Visayas)
18258,106.9409485,124.33750210819144,11.38750038618555,San Isidro,Leyte,Region VIII (Eastern Visayas)
18259,106.2266312,124.36250210861532,11.38750038618555,San Isidro,Leyte,Region VIII (Eastern Visayas)
18260,105.684845,124.3875021090392,11.38750038618555,San Isidro,Leyte,Region VIII (Eastern Visayas)
18261,106.5629807,124.36250210861532,11.362500385337722,San Isidro,Leyte,Region VIII (Eastern Visayas)
18262,105.5929871,124.3875021090392,11.362500385337722,San Isidro,Leyte,Region VIII (Eastern Visayas)
18263,105.0952225,124.4125021094631,11.362500385337722,San Isidro,Leyte,Region VIII (Eastern Visayas)
18264,98.84540558,124.81250211624528,11.38750038618555,San Miguel,Leyte,Region VIII (Eastern Visayas)
18265,98.23098755,124.7875021158214,11.362500385337722,San Miguel,Leyte,Region VIII (Eastern Visayas)
18266,98.98583221,124.81250211624528,11.362500385337722,San Miguel,Leyte,Region VIII (Eastern Visayas)
18267,100.6165924,124.83750211666919,11.362500385337722,San Miguel,Leyte,Region VIII (Eastern Visayas)
18268,101.0256577,124.86250211709309,11.362500385337722,San Miguel,Leyte,Region VIII (Eastern Visayas)
18269,98.00605011,124.81250211624528,11.337500384489893,San Miguel,Leyte,Region VIII (Eastern Visayas)
18270,100.5605164,124.83750211666919,11.337500384489893,San Miguel,Leyte,Region VIII (Eastern Visayas)
18271,100.9899063,124.86250211709309,11.337500384489893,San Miguel,Leyte,Region VIII (Eastern Visayas)
18272,98.55621338,124.83750211666919,11.312500383642064,San Miguel,Leyte,Region VIII (Eastern Visayas)
18273,102.287529,124.86250211709309,11.312500383642064,San Miguel,Leyte,Region VIII (Eastern Visayas)
18274,102.8903732,124.88750211751696,11.312500383642064,San Miguel,Leyte,Region VIII (Eastern Visayas)
18275,97.85354614,124.81250211624528,11.287500382794237,San Miguel,Leyte,Region VIII (Eastern Visayas)
18276,98.75863647,124.83750211666919,11.287500382794237,San Miguel,Leyte,Region VIII (Eastern Visayas)
18277,102.588974,124.86250211709309,11.287500382794237,San Miguel,Leyte,Region VIII (Eastern Visayas)
18278,103.2837982,124.88750211751696,11.287500382794237,San Miguel,Leyte,Region VIII (Eastern Visayas)
18279,100.4294586,124.83750211666919,11.262500381946406,San Miguel,Leyte,Region VIII (Eastern Visayas)
18280,103.4495544,124.93750211836472,11.212500380250749,Santa Fe,Leyte,Region VIII (Eastern Visayas)
18281,102.924675,124.93750211836472,11.18750037940292,Santa Fe,Leyte,Region VIII (Eastern Visayas)
18282,101.9613037,124.91250211794085,11.162500378555087,Santa Fe,Leyte,Region VIII (Eastern Visayas)
18283,103.5920181,124.93750211836472,11.162500378555087,Santa Fe,Leyte,Region VIII (Eastern Visayas)
18284,106.4948731,124.36250210861532,11.337500384489893,Tabango,Leyte,Region VIII (Eastern Visayas)
18285,105.337532,124.3875021090392,11.337500384489893,Tabango,Leyte,Region VIII (Eastern Visayas)
18286,104.7884979,124.4125021094631,11.337500384489893,Tabango,Leyte,Region VIII (Eastern Visayas)
18287,103.9635315,124.437502109887,11.337500384489893,Tabango,Leyte,Region VIII (Eastern Visayas)
18288,102.9515381,124.46250211031088,11.337500384489893,Tabango,Leyte,Region VIII (Eastern Visayas)
18289,105.9929276,124.36250210861532,11.312500383642064,Tabango,Leyte,Region VIII (Eastern Visayas)
18290,105.2464676,124.3875021090392,11.312500383642064,Tabango,Leyte,Region VIII (Eastern Visayas)
18291,104.7656479,124.4125021094631,11.312500383642064,Tabango,Leyte,Region VIII (Eastern Visayas)
18292,104.5829468,124.437502109887,11.312500383642064,Tabango,Leyte,Region VIII (Eastern Visayas)
18293,101.7646332,124.46250211031088,11.312500383642064,Tabango,Leyte,Region VIII (Eastern Visayas)
18294,100.9305115,124.48750211073477,11.312500383642064,Tabango,Leyte,Region VIII (Eastern Visayas)
18295,104.3258743,124.4125021094631,11.287500382794237,Tabango,Leyte,Region VIII (Eastern Visayas)
18296,104.0949249,124.437502109887,11.287500382794237,Tabango,Leyte,Region VIII (Eastern Visayas)
18297,101.2423859,124.46250211031088,11.287500382794237,Tabango,Leyte,Region VIII (Eastern Visayas)
18298,104.5304031,124.3875021090392,11.262500381946406,Tabango,Leyte,Region VIII (Eastern Visayas)
18299,99.44404602,124.93750211836472,11.037500374315949,Tabontabon,Leyte,Region VIII (Eastern Visayas)
18300,99.7507782,124.96250211878862,11.037500374315949,Tabontabon,Leyte,Region VIII (Eastern Visayas)
18301,106.0284882,124.93750211836472,11.337500384489893,Tacloban City (Capital),Leyte,Region VIII (Eastern Visayas)
18302,106.2802124,124.96250211878862,11.337500384489893,Tacloban City (Capital),Leyte,Region VIII (Eastern Visayas)
18303,103.6555023,124.91250211794085,11.312500383642064,Tacloban City (Capital),Leyte,Region VIII (Eastern Visayas)
18304,104.3060455,124.93750211836472,11.312500383642064,Tacloban City (Capital),Leyte,Region VIII (Eastern Visayas)
18305,107.4216232,124.96250211878862,11.312500383642064,Tacloban City (Capital),Leyte,Region VIII (Eastern Visayas)
18306,104.7459259,124.93750211836472,11.287500382794237,Tacloban City (Capital),Leyte,Region VIII (Eastern Visayas)
18307,107.9045181,124.96250211878862,11.287500382794237,Tacloban City (Capital),Leyte,Region VIII (Eastern Visayas)
18308,104.6996079,124.91250211794085,11.262500381946406,Tacloban City (Capital),Leyte,Region VIII (Eastern Visayas)
18309,106.6897507,124.93750211836472,11.262500381946406,Tacloban City (Capital),Leyte,Region VIII (Eastern Visayas)
18310,106.9813843,124.96250211878862,11.262500381946406,Tacloban City (Capital),Leyte,Region VIII (Eastern Visayas)
18311,106.4001617,124.96250211878862,11.237500381098576,Tacloban City (Capital),Leyte,Region VIII (Eastern Visayas)
18312,107.5021896,124.9875021192125,11.237500381098576,Tacloban City (Capital),Leyte,Region VIII (Eastern Visayas)
18313,107.4200058,124.9875021192125,11.212500380250749,Tacloban City (Capital),Leyte,Region VIII (Eastern Visayas)
18314,107.9469223,125.0125021196364,11.212500380250749,Tacloban City (Capital),Leyte,Region VIII (Eastern Visayas)
18315,107.7455902,125.0125021196364,11.18750037940292,Tacloban City (Capital),Leyte,Region VIII (Eastern Visayas)
18316,104.1359329,124.9875021192125,11.112500376859431,Tanauan,Leyte,Region VIII (Eastern Visayas)
18317,104.8275757,125.0125021196364,11.112500376859431,Tanauan,Leyte,Region VIII (Eastern Visayas)
18318,102.9899445,124.96250211878862,11.087500376011604,Tanauan,Leyte,Region VIII (Eastern Visayas)
18319,103.6815414,124.9875021192125,11.087500376011604,Tanauan,Leyte,Region VIII (Eastern Visayas)
18320,104.4222336,125.0125021196364,11.087500376011604,Tanauan,Leyte,Region VIII (Eastern Visayas)
18321,100.3643036,124.96250211878862,11.062500375163776,Tanauan,Leyte,Region VIII (Eastern Visayas)
18322,103.1317368,124.9875021192125,11.062500375163776,Tanauan,Leyte,Region VIII (Eastern Visayas)
18323,104.1900253,125.0125021196364,11.062500375163776,Tanauan,Leyte,Region VIII (Eastern Visayas)
18324,101.6274033,124.9875021192125,11.037500374315949,Tanauan,Leyte,Region VIII (Eastern Visayas)
18325,105.528122,125.03750212006028,11.062500375163776,Tolosa,Leyte,Region VIII (Eastern Visayas)
18326,102.6858826,125.0125021196364,11.037500374315949,Tolosa,Leyte,Region VIII (Eastern Visayas)
18327,104.9155731,125.03750212006028,11.037500374315949,Tolosa,Leyte,Region VIII (Eastern Visayas)
18328,103.0296097,125.03750212006028,11.012500373468118,Tolosa,Leyte,Region VIII (Eastern Visayas)
18329,94.92750549,124.76250211539752,11.262500381946406,Tunga,Leyte,Region VIII (Eastern Visayas)
18330,103.8516617,124.4125021094631,11.262500381946406,Villaba,Leyte,Region VIII (Eastern Visayas)
18331,102.7613144,124.437502109887,11.262500381946406,Villaba,Leyte,Region VIII (Eastern Visayas)
18332,101.6735001,124.46250211031088,11.262500381946406,Villaba,Leyte,Region VIII (Eastern Visayas)
18333,100.0547333,124.48750211073477,11.262500381946406,Villaba,Leyte,Region VIII (Eastern Visayas)
18334,104.4672394,124.4125021094631,11.237500381098576,Villaba,Leyte,Region VIII (Eastern Visayas)
18335,103.049118,124.437502109887,11.237500381098576,Villaba,Leyte,Region VIII (Eastern Visayas)
18336,101.9587784,124.46250211031088,11.237500381098576,Villaba,Leyte,Region VIII (Eastern Visayas)
18337,100.9131622,124.48750211073477,11.237500381098576,Villaba,Leyte,Region VIII (Eastern Visayas)
18338,104.5356369,124.4125021094631,11.212500380250749,Villaba,Leyte,Region VIII (Eastern Visayas)
18339,104.2869263,124.437502109887,11.212500380250749,Villaba,Leyte,Region VIII (Eastern Visayas)
18340,101.6057205,124.46250211031088,11.212500380250749,Villaba,Leyte,Region VIII (Eastern Visayas)
18341,100.8463287,124.48750211073477,11.212500380250749,Villaba,Leyte,Region VIII (Eastern Visayas)
18342,105.060669,124.3875021090392,11.18750037940292,Villaba,Leyte,Region VIII (Eastern Visayas)
18343,104.6194382,124.4125021094631,11.18750037940292,Villaba,Leyte,Region VIII (Eastern Visayas)
18344,104.5384293,124.437502109887,11.18750037940292,Villaba,Leyte,Region VIII (Eastern Visayas)
18345,101.8442841,124.46250211031088,11.18750037940292,Villaba,Leyte,Region VIII (Eastern Visayas)
18346,100.9381638,124.48750211073477,11.18750037940292,Villaba,Leyte,Region VIII (Eastern Visayas)
18347,104.8757629,124.4125021094631,11.162500378555087,Villaba,Leyte,Region VIII (Eastern Visayas)
18348,104.6910858,124.437502109887,11.162500378555087,Villaba,Leyte,Region VIII (Eastern Visayas)
18349,107.1266251,124.4125021094631,11.112500376859431,Villaba,Leyte,Region VIII (Eastern Visayas)
