unique id,value,lon,lat,municipality name,province name,region
18350,100.0244446,124.28750210734368,12.537500425185677,Allen,Northern Samar,Region VIII (Eastern Visayas)
18351,100.2125778,124.28750210734368,12.512500424337848,Allen,Northern Samar,Region VIII (Eastern Visayas)
18352,99.93088531,124.31250210776756,12.512500424337848,Allen,Northern Samar,Region VIII (Eastern Visayas)
18353,100.5248108,124.28750210734368,12.48750042349002,Allen,Northern Samar,Region VIII (Eastern Visayas)
18354,100.0968094,124.31250210776756,12.48750042349002,Allen,Northern Samar,Region VIII (Eastern Visayas)
18355,99.81224823,124.33750210819144,12.48750042349002,Allen,Northern Samar,Region VIII (Eastern Visayas)
18356,99.42883301,124.36250210861532,12.68750043027265,Biri,Northern Samar,Region VIII (Eastern Visayas)
18357,99.53956604,124.3875021090392,12.66250042942482,Biri,Northern Samar,Region VIII (Eastern Visayas)
18358,99.64756775,124.4125021094631,12.66250042942482,Biri,Northern Samar,Region VIII (Eastern Visayas)
18359,99.09970093,124.437502109887,12.637500428576992,Biri,Northern Samar,Region VIII (Eastern Visayas)
18360,98.59377289,124.437502109887,12.612500427729165,Biri,Northern Samar,Region VIII (Eastern Visayas)
18361,96.82413483,124.53750211158254,12.512500424337848,Bobon,Northern Samar,Region VIII (Eastern Visayas)
18362,96.60637665,124.56250211200641,12.512500424337848,Bobon,Northern Samar,Region VIII (Eastern Visayas)
18363,96.50730133,124.58750211243031,12.512500424337848,Bobon,Northern Samar,Region VIII (Eastern Visayas)
18364,95.93198395,124.53750211158254,12.48750042349002,Bobon,Northern Samar,Region VIII (Eastern Visayas)
18365,95.64056396,124.56250211200641,12.48750042349002,Bobon,Northern Samar,Region VIII (Eastern Visayas)
18366,95.62253571,124.51250211115864,12.46250042264219,Bobon,Northern Samar,Region VIII (Eastern Visayas)
18367,94.77618408,124.53750211158254,12.46250042264219,Bobon,Northern Samar,Region VIII (Eastern Visayas)
18368,95.47779083,124.51250211115864,12.43750042179436,Bobon,Northern Samar,Region VIII (Eastern Visayas)
18369,94.47753143,124.53750211158254,12.43750042179436,Bobon,Northern Samar,Region VIII (Eastern Visayas)
18370,95.1836853,124.51250211115864,12.412500420946532,Bobon,Northern Samar,Region VIII (Eastern Visayas)
18371,94.64749146,124.53750211158254,12.412500420946532,Bobon,Northern Samar,Region VIII (Eastern Visayas)
18372,94.8621521,124.51250211115864,12.387500420098704,Bobon,Northern Samar,Region VIII (Eastern Visayas)
18373,95.39628601,124.48750211073477,12.362500419250877,Bobon,Northern Samar,Region VIII (Eastern Visayas)
18374,94.8973465,124.51250211115864,12.362500419250877,Bobon,Northern Samar,Region VIII (Eastern Visayas)
18375,97.22813416,124.48750211073477,12.337500418403046,Bobon,Northern Samar,Region VIII (Eastern Visayas)
18376,96.68133545,124.51250211115864,12.337500418403046,Bobon,Northern Samar,Region VIII (Eastern Visayas)
18377,103.8324509,124.13750210480033,12.46250042264219,Capul,Northern Samar,Region VIII (Eastern Visayas)
18378,103.7784958,124.16250210522423,12.43750042179436,Capul,Northern Samar,Region VIII (Eastern Visayas)
18379,104.1780853,124.16250210522423,12.412500420946532,Capul,Northern Samar,Region VIII (Eastern Visayas)
18380,104.0626755,124.18750210564812,12.412500420946532,Capul,Northern Samar,Region VIII (Eastern Visayas)
18381,104.2653427,124.18750210564812,12.387500420098704,Capul,Northern Samar,Region VIII (Eastern Visayas)
18382,96.46115875,124.6125021128542,12.512500424337848,Catarman (Capital),Northern Samar,Region VIII (Eastern Visayas)
18383,96.26073456,124.66250211370196,12.512500424337848,Catarman (Capital),Northern Samar,Region VIII (Eastern Visayas)
18384,95.65309906,124.58750211243031,12.48750042349002,Catarman (Capital),Northern Samar,Region VIII (Eastern Visayas)
18385,95.59539795,124.6125021128542,12.48750042349002,Catarman (Capital),Northern Samar,Region VIII (Eastern Visayas)
18386,95.48569489,124.6375021132781,12.48750042349002,Catarman (Capital),Northern Samar,Region VIII (Eastern Visayas)
18387,95.25627899,124.66250211370196,12.48750042349002,Catarman (Capital),Northern Samar,Region VIII (Eastern Visayas)
18388,94.98863983,124.68750211412586,12.48750042349002,Catarman (Capital),Northern Samar,Region VIII (Eastern Visayas)
18389,94.59689331,124.56250211200641,12.46250042264219,Catarman (Capital),Northern Samar,Region VIII (Eastern Visayas)
18390,94.87354279,124.58750211243031,12.46250042264219,Catarman (Capital),Northern Samar,Region VIII (Eastern Visayas)
18391,94.78501129,124.6125021128542,12.46250042264219,Catarman (Capital),Northern Samar,Region VIII (Eastern Visayas)
18392,94.08939362,124.6375021132781,12.46250042264219,Catarman (Capital),Northern Samar,Region VIII (Eastern Visayas)
18393,94.0655365,124.66250211370196,12.46250042264219,Catarman (Capital),Northern Samar,Region VIII (Eastern Visayas)
18394,94.05788422,124.68750211412586,12.46250042264219,Catarman (Capital),Northern Samar,Region VIII (Eastern Visayas)
18395,93.80835724,124.71250211454976,12.46250042264219,Catarman (Capital),Northern Samar,Region VIII (Eastern Visayas)
18396,94.29862213,124.56250211200641,12.43750042179436,Catarman (Capital),Northern Samar,Region VIII (Eastern Visayas)
18397,94.0930481,124.58750211243031,12.43750042179436,Catarman (Capital),Northern Samar,Region VIII (Eastern Visayas)
18398,94.00164032,124.6125021128542,12.43750042179436,Catarman (Capital),Northern Samar,Region VIII (Eastern Visayas)
18399,93.77160645,124.6375021132781,12.43750042179436,Catarman (Capital),Northern Samar,Region VIII (Eastern Visayas)
18400,93.74780273,124.66250211370196,12.43750042179436,Catarman (Capital),Northern Samar,Region VIII (Eastern Visayas)
18401,93.23554993,124.68750211412586,12.43750042179436,Catarman (Capital),Northern Samar,Region VIII (Eastern Visayas)
18402,92.98532867,124.71250211454976,12.43750042179436,Catarman (Capital),Northern Samar,Region VIII (Eastern Visayas)
18403,93.6723938,124.56250211200641,12.412500420946532,Catarman (Capital),Northern Samar,Region VIII (Eastern Visayas)
18404,93.62592316,124.58750211243031,12.412500420946532,Catarman (Capital),Northern Samar,Region VIII (Eastern Visayas)
18405,93.56262207,124.6125021128542,12.412500420946532,Catarman (Capital),Northern Samar,Region VIII (Eastern Visayas)
18406,93.50345612,124.6375021132781,12.412500420946532,Catarman (Capital),Northern Samar,Region VIII (Eastern Visayas)
18407,93.23320007,124.66250211370196,12.412500420946532,Catarman (Capital),Northern Samar,Region VIII (Eastern Visayas)
18408,92.61222839,124.68750211412586,12.412500420946532,Catarman (Capital),Northern Samar,Region VIII (Eastern Visayas)
18409,94.25643158,124.53750211158254,12.387500420098704,Catarman (Capital),Northern Samar,Region VIII (Eastern Visayas)
18410,93.23127747,124.56250211200641,12.387500420098704,Catarman (Capital),Northern Samar,Region VIII (Eastern Visayas)
18411,93.17651367,124.58750211243031,12.387500420098704,Catarman (Capital),Northern Samar,Region VIII (Eastern Visayas)
18412,93.11791992,124.6125021128542,12.387500420098704,Catarman (Capital),Northern Samar,Region VIII (Eastern Visayas)
18413,93.07582855,124.6375021132781,12.387500420098704,Catarman (Capital),Northern Samar,Region VIII (Eastern Visayas)
18414,92.80749512,124.66250211370196,12.387500420098704,Catarman (Capital),Northern Samar,Region VIII (Eastern Visayas)
18415,92.00344086,124.68750211412586,12.387500420098704,Catarman (Capital),Northern Samar,Region VIII (Eastern Visayas)
18416,93.9659729,124.53750211158254,12.362500419250877,Catarman (Capital),Northern Samar,Region VIII (Eastern Visayas)
18417,93.70148468,124.56250211200641,12.362500419250877,Catarman (Capital),Northern Samar,Region VIII (Eastern Visayas)
18418,93.21730804,124.58750211243031,12.362500419250877,Catarman (Capital),Northern Samar,Region VIII (Eastern Visayas)
18419,93.13970184,124.6125021128542,12.362500419250877,Catarman (Capital),Northern Samar,Region VIII (Eastern Visayas)
18420,93.03132629,124.6375021132781,12.362500419250877,Catarman (Capital),Northern Samar,Region VIII (Eastern Visayas)
18421,93.00849152,124.66250211370196,12.362500419250877,Catarman (Capital),Northern Samar,Region VIII (Eastern Visayas)
18422,92.04569244,124.68750211412586,12.362500419250877,Catarman (Capital),Northern Samar,Region VIII (Eastern Visayas)
18423,94.31691742,124.53750211158254,12.337500418403046,Catarman (Capital),Northern Samar,Region VIII (Eastern Visayas)
18424,94.04523468,124.56250211200641,12.337500418403046,Catarman (Capital),Northern Samar,Region VIII (Eastern Visayas)
18425,96.40331268,125.03750212006028,12.46250042264219,Catubig,Northern Samar,Region VIII (Eastern Visayas)
18426,95.14558411,125.0125021196364,12.43750042179436,Catubig,Northern Samar,Region VIII (Eastern Visayas)
18427,95.89675903,125.03750212006028,12.43750042179436,Catubig,Northern Samar,Region VIII (Eastern Visayas)
18428,97.05712891,125.06250212048418,12.43750042179436,Catubig,Northern Samar,Region VIII (Eastern Visayas)
18429,97.40338898,125.08750212090804,12.43750042179436,Catubig,Northern Samar,Region VIII (Eastern Visayas)
18430,97.57286072,125.11250212133194,12.43750042179436,Catubig,Northern Samar,Region VIII (Eastern Visayas)
18431,93.95896149,124.9875021192125,12.412500420946532,Catubig,Northern Samar,Region VIII (Eastern Visayas)
18432,94.01683044,125.0125021196364,12.412500420946532,Catubig,Northern Samar,Region VIII (Eastern Visayas)
18433,94.12531281,125.03750212006028,12.412500420946532,Catubig,Northern Samar,Region VIII (Eastern Visayas)
18434,95.84965515,125.06250212048418,12.412500420946532,Catubig,Northern Samar,Region VIII (Eastern Visayas)
18435,96.4588089,125.08750212090804,12.412500420946532,Catubig,Northern Samar,Region VIII (Eastern Visayas)
18436,96.59661102,125.11250212133194,12.412500420946532,Catubig,Northern Samar,Region VIII (Eastern Visayas)
18437,97.0827179,125.13750212175584,12.412500420946532,Catubig,Northern Samar,Region VIII (Eastern Visayas)
18438,92.80122375,124.9875021192125,12.387500420098704,Catubig,Northern Samar,Region VIII (Eastern Visayas)
18439,92.84333801,125.0125021196364,12.387500420098704,Catubig,Northern Samar,Region VIII (Eastern Visayas)
18440,92.81841278,125.03750212006028,12.387500420098704,Catubig,Northern Samar,Region VIII (Eastern Visayas)
18441,94.63818359,125.06250212048418,12.387500420098704,Catubig,Northern Samar,Region VIII (Eastern Visayas)
18442,95.43115234,125.08750212090804,12.387500420098704,Catubig,Northern Samar,Region VIII (Eastern Visayas)
18443,95.59619904,125.11250212133194,12.387500420098704,Catubig,Northern Samar,Region VIII (Eastern Visayas)
18444,96.05052185,125.13750212175584,12.387500420098704,Catubig,Northern Samar,Region VIII (Eastern Visayas)
18445,97.29434204,125.16250212217972,12.387500420098704,Catubig,Northern Samar,Region VIII (Eastern Visayas)
18446,93.61026764,125.06250212048418,12.362500419250877,Catubig,Northern Samar,Region VIII (Eastern Visayas)
18447,95.10548401,125.08750212090804,12.362500419250877,Catubig,Northern Samar,Region VIII (Eastern Visayas)
18448,95.35565948,125.11250212133194,12.362500419250877,Catubig,Northern Samar,Region VIII (Eastern Visayas)
18449,95.85286713,125.13750212175584,12.362500419250877,Catubig,Northern Samar,Region VIII (Eastern Visayas)
18450,96.13240814,125.16250212217972,12.362500419250877,Catubig,Northern Samar,Region VIII (Eastern Visayas)
18451,97.2911911,125.1875021226036,12.362500419250877,Catubig,Northern Samar,Region VIII (Eastern Visayas)
18452,94.75453949,125.13750212175584,12.337500418403046,Catubig,Northern Samar,Region VIII (Eastern Visayas)
18453,95.05699921,125.16250212217972,12.337500418403046,Catubig,Northern Samar,Region VIII (Eastern Visayas)
18454,95.37136078,125.1875021226036,12.337500418403046,Catubig,Northern Samar,Region VIII (Eastern Visayas)
18455,94.51404572,125.16250212217972,12.31250041755522,Catubig,Northern Samar,Region VIII (Eastern Visayas)
18456,94.72670746,125.1875021226036,12.31250041755522,Catubig,Northern Samar,Region VIII (Eastern Visayas)
18457,102.4757462,125.28750212429917,12.43750042179436,Gamay,Northern Samar,Region VIII (Eastern Visayas)
18458,102.0404968,125.28750212429917,12.412500420946532,Gamay,Northern Samar,Region VIII (Eastern Visayas)
18459,98.37911224,125.21250212302748,12.387500420098704,Gamay,Northern Samar,Region VIII (Eastern Visayas)
18460,98.81238556,125.23750212345136,12.387500420098704,Gamay,Northern Samar,Region VIII (Eastern Visayas)
18461,100.342308,125.26250212387527,12.387500420098704,Gamay,Northern Samar,Region VIII (Eastern Visayas)
18462,101.5176086,125.28750212429917,12.387500420098704,Gamay,Northern Samar,Region VIII (Eastern Visayas)
18463,102.2624588,125.31250212472304,12.387500420098704,Gamay,Northern Samar,Region VIII (Eastern Visayas)
18464,98.23150635,125.21250212302748,12.362500419250877,Gamay,Northern Samar,Region VIII (Eastern Visayas)
18465,99.04253387,125.23750212345136,12.362500419250877,Gamay,Northern Samar,Region VIII (Eastern Visayas)
18466,99.19719696,125.26250212387527,12.362500419250877,Gamay,Northern Samar,Region VIII (Eastern Visayas)
18467,101.310318,125.28750212429917,12.362500419250877,Gamay,Northern Samar,Region VIII (Eastern Visayas)
18468,101.7727051,125.03750212006028,12.66250042942482,Laoang,Northern Samar,Region VIII (Eastern Visayas)
18469,102.2812882,125.06250212048418,12.66250042942482,Laoang,Northern Samar,Region VIII (Eastern Visayas)
18470,101.8337021,125.06250212048418,12.637500428576992,Laoang,Northern Samar,Region VIII (Eastern Visayas)
18471,100.4384537,125.0125021196364,12.612500427729165,Laoang,Northern Samar,Region VIII (Eastern Visayas)
18472,101.3852005,125.06250212048418,12.612500427729165,Laoang,Northern Samar,Region VIII (Eastern Visayas)
18473,101.7070007,125.08750212090804,12.612500427729165,Laoang,Northern Samar,Region VIII (Eastern Visayas)
18474,100.2081223,125.0125021196364,12.587500426881334,Laoang,Northern Samar,Region VIII (Eastern Visayas)
18475,99.64807892,125.0125021196364,12.562500426033504,Laoang,Northern Samar,Region VIII (Eastern Visayas)
18476,99.45043182,125.03750212006028,12.562500426033504,Laoang,Northern Samar,Region VIII (Eastern Visayas)
18477,98.38762665,124.96250211878862,12.537500425185677,Laoang,Northern Samar,Region VIII (Eastern Visayas)
18478,98.24468994,124.9875021192125,12.537500425185677,Laoang,Northern Samar,Region VIII (Eastern Visayas)
18479,98.28205109,125.0125021196364,12.537500425185677,Laoang,Northern Samar,Region VIII (Eastern Visayas)
18480,98.72093964,125.03750212006028,12.537500425185677,Laoang,Northern Samar,Region VIII (Eastern Visayas)
18481,99.55419159,125.06250212048418,12.537500425185677,Laoang,Northern Samar,Region VIII (Eastern Visayas)
18482,98.09329224,124.96250211878862,12.512500424337848,Laoang,Northern Samar,Region VIII (Eastern Visayas)
18483,98.09289551,124.9875021192125,12.512500424337848,Laoang,Northern Samar,Region VIII (Eastern Visayas)
18484,98.1305542,125.0125021196364,12.512500424337848,Laoang,Northern Samar,Region VIII (Eastern Visayas)
18485,98.19136047,125.03750212006028,12.512500424337848,Laoang,Northern Samar,Region VIII (Eastern Visayas)
18486,99.42219543,125.06250212048418,12.512500424337848,Laoang,Northern Samar,Region VIII (Eastern Visayas)
18487,97.20917511,124.9875021192125,12.48750042349002,Laoang,Northern Samar,Region VIII (Eastern Visayas)
18488,97.26527405,125.0125021196364,12.48750042349002,Laoang,Northern Samar,Region VIII (Eastern Visayas)
18489,97.28255463,125.03750212006028,12.48750042349002,Laoang,Northern Samar,Region VIII (Eastern Visayas)
18490,98.68190002,125.06250212048418,12.48750042349002,Laoang,Northern Samar,Region VIII (Eastern Visayas)
18491,96.34994507,124.9875021192125,12.46250042264219,Laoang,Northern Samar,Region VIII (Eastern Visayas)
18492,97.56965637,125.06250212048418,12.46250042264219,Laoang,Northern Samar,Region VIII (Eastern Visayas)
18493,95.05274963,124.9875021192125,12.43750042179436,Laoang,Northern Samar,Region VIII (Eastern Visayas)
18494,98.20648956,125.23750212345136,12.337500418403046,Lapinig,Northern Samar,Region VIII (Eastern Visayas)
18495,98.36064148,125.26250212387527,12.337500418403046,Lapinig,Northern Samar,Region VIII (Eastern Visayas)
18496,98.26808929,125.26250212387527,12.31250041755522,Lapinig,Northern Samar,Region VIII (Eastern Visayas)
18497,99.57757568,125.28750212429917,12.31250041755522,Lapinig,Northern Samar,Region VIII (Eastern Visayas)
18498,100.8487167,125.33750212514693,12.31250041755522,Lapinig,Northern Samar,Region VIII (Eastern Visayas)
18499,99.27202606,125.28750212429917,12.287500416707388,Lapinig,Northern Samar,Region VIII (Eastern Visayas)
18500,100.174202,125.31250212472304,12.287500416707388,Lapinig,Northern Samar,Region VIII (Eastern Visayas)
18501,100.4901047,125.33750212514693,12.287500416707388,Lapinig,Northern Samar,Region VIII (Eastern Visayas)
18502,92.5071106,124.9875021192125,12.362500419250877,Las Navas,Northern Samar,Region VIII (Eastern Visayas)
18503,92.55341339,125.0125021196364,12.362500419250877,Las Navas,Northern Samar,Region VIII (Eastern Visayas)
18504,92.26724243,125.03750212006028,12.362500419250877,Las Navas,Northern Samar,Region VIII (Eastern Visayas)
18505,90.96905518,124.96250211878862,12.337500418403046,Las Navas,Northern Samar,Region VIII (Eastern Visayas)
18506,90.64789581,124.9875021192125,12.337500418403046,Las Navas,Northern Samar,Region VIII (Eastern Visayas)
18507,90.65768433,125.0125021196364,12.337500418403046,Las Navas,Northern Samar,Region VIII (Eastern Visayas)
18508,91.09568024,125.03750212006028,12.337500418403046,Las Navas,Northern Samar,Region VIII (Eastern Visayas)
18509,92.46486664,125.06250212048418,12.337500418403046,Las Navas,Northern Samar,Region VIII (Eastern Visayas)
18510,92.92087555,125.08750212090804,12.337500418403046,Las Navas,Northern Samar,Region VIII (Eastern Visayas)
18511,93.16847992,125.11250212133194,12.337500418403046,Las Navas,Northern Samar,Region VIII (Eastern Visayas)
18512,90.04724121,124.96250211878862,12.31250041755522,Las Navas,Northern Samar,Region VIII (Eastern Visayas)
18513,89.98600769,124.9875021192125,12.31250041755522,Las Navas,Northern Samar,Region VIII (Eastern Visayas)
18514,89.95043945,125.0125021196364,12.31250041755522,Las Navas,Northern Samar,Region VIII (Eastern Visayas)
18515,89.96121979,125.03750212006028,12.31250041755522,Las Navas,Northern Samar,Region VIII (Eastern Visayas)
18516,91.51027679,125.06250212048418,12.31250041755522,Las Navas,Northern Samar,Region VIII (Eastern Visayas)
18517,92.19834137,125.08750212090804,12.31250041755522,Las Navas,Northern Samar,Region VIII (Eastern Visayas)
18518,92.35874176,125.11250212133194,12.31250041755522,Las Navas,Northern Samar,Region VIII (Eastern Visayas)
18519,93.02646637,125.13750212175584,12.31250041755522,Las Navas,Northern Samar,Region VIII (Eastern Visayas)
18520,90.37997437,124.93750211836472,12.287500416707388,Las Navas,Northern Samar,Region VIII (Eastern Visayas)
18521,89.86994171,124.96250211878862,12.287500416707388,Las Navas,Northern Samar,Region VIII (Eastern Visayas)
18522,89.80944824,124.9875021192125,12.287500416707388,Las Navas,Northern Samar,Region VIII (Eastern Visayas)
18523,89.69851685,125.0125021196364,12.287500416707388,Las Navas,Northern Samar,Region VIII (Eastern Visayas)
18524,89.565979,125.03750212006028,12.287500416707388,Las Navas,Northern Samar,Region VIII (Eastern Visayas)
18525,91.06195831,125.06250212048418,12.287500416707388,Las Navas,Northern Samar,Region VIII (Eastern Visayas)
18526,91.84220886,125.08750212090804,12.287500416707388,Las Navas,Northern Samar,Region VIII (Eastern Visayas)
18527,91.9710083,125.11250212133194,12.287500416707388,Las Navas,Northern Samar,Region VIII (Eastern Visayas)
18528,92.4810791,125.13750212175584,12.287500416707388,Las Navas,Northern Samar,Region VIII (Eastern Visayas)
18529,93.96864319,125.16250212217972,12.287500416707388,Las Navas,Northern Samar,Region VIII (Eastern Visayas)
18530,89.77532196,124.91250211794085,12.26250041585956,Las Navas,Northern Samar,Region VIII (Eastern Visayas)
18531,89.33512115,124.93750211836472,12.26250041585956,Las Navas,Northern Samar,Region VIII (Eastern Visayas)
18532,89.24315643,124.96250211878862,12.26250041585956,Las Navas,Northern Samar,Region VIII (Eastern Visayas)
18533,89.06721497,124.9875021192125,12.26250041585956,Las Navas,Northern Samar,Region VIII (Eastern Visayas)
18534,88.85649109,125.0125021196364,12.26250041585956,Las Navas,Northern Samar,Region VIII (Eastern Visayas)
18535,88.32666779,125.03750212006028,12.26250041585956,Las Navas,Northern Samar,Region VIII (Eastern Visayas)
18536,89.72527313,125.06250212048418,12.26250041585956,Las Navas,Northern Samar,Region VIII (Eastern Visayas)
18537,88.88949585,124.93750211836472,12.237500415011732,Las Navas,Northern Samar,Region VIII (Eastern Visayas)
18538,88.79819489,124.96250211878862,12.237500415011732,Las Navas,Northern Samar,Region VIII (Eastern Visayas)
18539,88.30446625,124.9875021192125,12.237500415011732,Las Navas,Northern Samar,Region VIII (Eastern Visayas)
18540,98.45435333,124.36250210861532,12.612500427729165,Lavezares,Northern Samar,Region VIII (Eastern Visayas)
18541,98.34593201,124.36250210861532,12.587500426881334,Lavezares,Northern Samar,Region VIII (Eastern Visayas)
18542,99.27729034,124.28750210734368,12.562500426033504,Lavezares,Northern Samar,Region VIII (Eastern Visayas)
18543,99.632164,124.31250210776756,12.537500425185677,Lavezares,Northern Samar,Region VIII (Eastern Visayas)
18544,98.42995453,124.33750210819144,12.537500425185677,Lavezares,Northern Samar,Region VIII (Eastern Visayas)
18545,98.33933258,124.36250210861532,12.537500425185677,Lavezares,Northern Samar,Region VIII (Eastern Visayas)
18546,97.94976807,124.3875021090392,12.537500425185677,Lavezares,Northern Samar,Region VIII (Eastern Visayas)
18547,99.62686157,124.33750210819144,12.512500424337848,Lavezares,Northern Samar,Region VIII (Eastern Visayas)
18548,98.13278961,124.36250210861532,12.512500424337848,Lavezares,Northern Samar,Region VIII (Eastern Visayas)
18549,98.04163361,124.3875021090392,12.512500424337848,Lavezares,Northern Samar,Region VIII (Eastern Visayas)
18550,98.2611084,124.36250210861532,12.48750042349002,Lavezares,Northern Samar,Region VIII (Eastern Visayas)
18551,97.94526672,124.3875021090392,12.48750042349002,Lavezares,Northern Samar,Region VIII (Eastern Visayas)
18552,101.6421585,125.23750212345136,12.48750042349002,Mapanas,Northern Samar,Region VIII (Eastern Visayas)
18553,102.7196808,125.26250212387527,12.48750042349002,Mapanas,Northern Samar,Region VIII (Eastern Visayas)
18554,99.44327545,125.16250212217972,12.46250042264219,Mapanas,Northern Samar,Region VIII (Eastern Visayas)
18555,100.2177506,125.1875021226036,12.46250042264219,Mapanas,Northern Samar,Region VIII (Eastern Visayas)
18556,100.8967133,125.21250212302748,12.46250042264219,Mapanas,Northern Samar,Region VIII (Eastern Visayas)
18557,101.5226593,125.23750212345136,12.46250042264219,Mapanas,Northern Samar,Region VIII (Eastern Visayas)
18558,101.6301422,125.26250212387527,12.46250042264219,Mapanas,Northern Samar,Region VIII (Eastern Visayas)
18559,103.0366821,125.28750212429917,12.46250042264219,Mapanas,Northern Samar,Region VIII (Eastern Visayas)
18560,98.79391479,125.13750212175584,12.43750042179436,Mapanas,Northern Samar,Region VIII (Eastern Visayas)
18561,98.98644257,125.16250212217972,12.43750042179436,Mapanas,Northern Samar,Region VIII (Eastern Visayas)
18562,99.21723938,125.1875021226036,12.43750042179436,Mapanas,Northern Samar,Region VIII (Eastern Visayas)
18563,99.9123764,125.21250212302748,12.43750042179436,Mapanas,Northern Samar,Region VIII (Eastern Visayas)
18564,101.1973572,125.23750212345136,12.43750042179436,Mapanas,Northern Samar,Region VIII (Eastern Visayas)
18565,101.3048248,125.26250212387527,12.43750042179436,Mapanas,Northern Samar,Region VIII (Eastern Visayas)
18566,98.28002167,125.16250212217972,12.412500420946532,Mapanas,Northern Samar,Region VIII (Eastern Visayas)
18567,98.43943024,125.1875021226036,12.412500420946532,Mapanas,Northern Samar,Region VIII (Eastern Visayas)
18568,99.14086914,125.21250212302748,12.412500420946532,Mapanas,Northern Samar,Region VIII (Eastern Visayas)
18569,99.59592438,125.23750212345136,12.412500420946532,Mapanas,Northern Samar,Region VIII (Eastern Visayas)
18570,101.0980148,125.26250212387527,12.412500420946532,Mapanas,Northern Samar,Region VIII (Eastern Visayas)
18571,97.57003021,125.1875021226036,12.387500420098704,Mapanas,Northern Samar,Region VIII (Eastern Visayas)
18572,95.99565887,124.68750211412586,12.512500424337848,Mondragon,Northern Samar,Region VIII (Eastern Visayas)
18573,95.88261414,124.71250211454976,12.512500424337848,Mondragon,Northern Samar,Region VIII (Eastern Visayas)
18574,95.91845703,124.73750211497364,12.512500424337848,Mondragon,Northern Samar,Region VIII (Eastern Visayas)
18575,96.24369812,124.76250211539752,12.512500424337848,Mondragon,Northern Samar,Region VIII (Eastern Visayas)
18576,96.32990265,124.7875021158214,12.512500424337848,Mondragon,Northern Samar,Region VIII (Eastern Visayas)
18577,96.42987823,124.81250211624528,12.512500424337848,Mondragon,Northern Samar,Region VIII (Eastern Visayas)
18578,94.81398773,124.71250211454976,12.48750042349002,Mondragon,Northern Samar,Region VIII (Eastern Visayas)
18579,94.71838379,124.73750211497364,12.48750042349002,Mondragon,Northern Samar,Region VIII (Eastern Visayas)
18580,95.00441742,124.76250211539752,12.48750042349002,Mondragon,Northern Samar,Region VIII (Eastern Visayas)
18581,95.20832825,124.7875021158214,12.48750042349002,Mondragon,Northern Samar,Region VIII (Eastern Visayas)
18582,95.32409668,124.81250211624528,12.48750042349002,Mondragon,Northern Samar,Region VIII (Eastern Visayas)
18583,93.27056885,124.73750211497364,12.46250042264219,Mondragon,Northern Samar,Region VIII (Eastern Visayas)
18584,93.34674835,124.76250211539752,12.46250042264219,Mondragon,Northern Samar,Region VIII (Eastern Visayas)
18585,94.13349152,124.7875021158214,12.46250042264219,Mondragon,Northern Samar,Region VIII (Eastern Visayas)
18586,94.30516052,124.81250211624528,12.46250042264219,Mondragon,Northern Samar,Region VIII (Eastern Visayas)
18587,92.93880463,124.73750211497364,12.43750042179436,Mondragon,Northern Samar,Region VIII (Eastern Visayas)
18588,93.0147934,124.76250211539752,12.43750042179436,Mondragon,Northern Samar,Region VIII (Eastern Visayas)
18589,93.12902832,124.7875021158214,12.43750042179436,Mondragon,Northern Samar,Region VIII (Eastern Visayas)
18590,93.28059387,124.81250211624528,12.43750042179436,Mondragon,Northern Samar,Region VIII (Eastern Visayas)
18591,92.25871277,124.73750211497364,12.412500420946532,Mondragon,Northern Samar,Region VIII (Eastern Visayas)
18592,92.23101807,124.76250211539752,12.412500420946532,Mondragon,Northern Samar,Region VIII (Eastern Visayas)
18593,92.27106476,124.7875021158214,12.412500420946532,Mondragon,Northern Samar,Region VIII (Eastern Visayas)
18594,92.34224701,124.81250211624528,12.412500420946532,Mondragon,Northern Samar,Region VIII (Eastern Visayas)
18595,91.58138275,124.73750211497364,12.387500420098704,Mondragon,Northern Samar,Region VIII (Eastern Visayas)
18596,91.43868256,124.76250211539752,12.387500420098704,Mondragon,Northern Samar,Region VIII (Eastern Visayas)
18597,91.39706421,124.7875021158214,12.387500420098704,Mondragon,Northern Samar,Region VIII (Eastern Visayas)
18598,91.40193939,124.81250211624528,12.387500420098704,Mondragon,Northern Samar,Region VIII (Eastern Visayas)
18599,91.41495514,124.76250211539752,12.362500419250877,Mondragon,Northern Samar,Region VIII (Eastern Visayas)
18600,91.3733902,124.7875021158214,12.362500419250877,Mondragon,Northern Samar,Region VIII (Eastern Visayas)
18601,91.32884216,124.81250211624528,12.362500419250877,Mondragon,Northern Samar,Region VIII (Eastern Visayas)
18602,91.27387238,124.83750211666919,12.362500419250877,Mondragon,Northern Samar,Region VIII (Eastern Visayas)
18603,91.51721191,124.73750211497364,12.337500418403046,Mondragon,Northern Samar,Region VIII (Eastern Visayas)
18604,91.3419342,124.76250211539752,12.337500418403046,Mondragon,Northern Samar,Region VIII (Eastern Visayas)
18605,91.43850708,124.7875021158214,12.337500418403046,Mondragon,Northern Samar,Region VIII (Eastern Visayas)
18606,91.33706665,124.81250211624528,12.337500418403046,Mondragon,Northern Samar,Region VIII (Eastern Visayas)
18607,92.17351532,124.73750211497364,12.31250041755522,Mondragon,Northern Samar,Region VIII (Eastern Visayas)
18608,91.31598663,124.76250211539752,12.31250041755522,Mondragon,Northern Samar,Region VIII (Eastern Visayas)
18609,91.18125916,124.7875021158214,12.31250041755522,Mondragon,Northern Samar,Region VIII (Eastern Visayas)
18610,92.70922089,124.73750211497364,12.287500416707388,Mondragon,Northern Samar,Region VIII (Eastern Visayas)
18611,91.79529572,124.76250211539752,12.287500416707388,Mondragon,Northern Samar,Region VIII (Eastern Visayas)
18612,101.0811844,125.08750212090804,12.562500426033504,Palapag,Northern Samar,Region VIII (Eastern Visayas)
18613,101.2573242,125.11250212133194,12.562500426033504,Palapag,Northern Samar,Region VIII (Eastern Visayas)
18614,101.6083374,125.13750212175584,12.562500426033504,Palapag,Northern Samar,Region VIII (Eastern Visayas)
18615,101.7833405,125.16250212217972,12.562500426033504,Palapag,Northern Samar,Region VIII (Eastern Visayas)
18616,99.97580719,125.08750212090804,12.537500425185677,Palapag,Northern Samar,Region VIII (Eastern Visayas)
18617,100.1562271,125.11250212133194,12.537500425185677,Palapag,Northern Samar,Region VIII (Eastern Visayas)
18618,101.0573731,125.13750212175584,12.537500425185677,Palapag,Northern Samar,Region VIII (Eastern Visayas)
18619,101.2333908,125.16250212217972,12.537500425185677,Palapag,Northern Samar,Region VIII (Eastern Visayas)
18620,101.5211945,125.1875021226036,12.537500425185677,Palapag,Northern Samar,Region VIII (Eastern Visayas)
18621,99.86412811,125.08750212090804,12.512500424337848,Palapag,Northern Samar,Region VIII (Eastern Visayas)
18622,99.99105835,125.11250212133194,12.512500424337848,Palapag,Northern Samar,Region VIII (Eastern Visayas)
18623,100.3586731,125.13750212175584,12.512500424337848,Palapag,Northern Samar,Region VIII (Eastern Visayas)
18624,101.2926254,125.16250212217972,12.512500424337848,Palapag,Northern Samar,Region VIII (Eastern Visayas)
18625,101.4243012,125.1875021226036,12.512500424337848,Palapag,Northern Samar,Region VIII (Eastern Visayas)
18626,101.8677521,125.21250212302748,12.512500424337848,Palapag,Northern Samar,Region VIII (Eastern Visayas)
18627,102.1666412,125.23750212345136,12.512500424337848,Palapag,Northern Samar,Region VIII (Eastern Visayas)
18628,99.24892426,125.08750212090804,12.48750042349002,Palapag,Northern Samar,Region VIII (Eastern Visayas)
18629,99.36902618,125.11250212133194,12.48750042349002,Palapag,Northern Samar,Region VIII (Eastern Visayas)
18630,99.68777466,125.13750212175584,12.48750042349002,Palapag,Northern Samar,Region VIII (Eastern Visayas)
18631,100.6286087,125.16250212217972,12.48750042349002,Palapag,Northern Samar,Region VIII (Eastern Visayas)
18632,100.8262863,125.1875021226036,12.48750042349002,Palapag,Northern Samar,Region VIII (Eastern Visayas)
18633,101.3500366,125.21250212302748,12.48750042349002,Palapag,Northern Samar,Region VIII (Eastern Visayas)
18634,96.44148254,125.0125021196364,12.46250042264219,Palapag,Northern Samar,Region VIII (Eastern Visayas)
18635,98.63954926,125.08750212090804,12.46250042264219,Palapag,Northern Samar,Region VIII (Eastern Visayas)
18636,98.79999542,125.11250212133194,12.46250042264219,Palapag,Northern Samar,Region VIII (Eastern Visayas)
18637,99.25028992,125.13750212175584,12.46250042264219,Palapag,Northern Samar,Region VIII (Eastern Visayas)
18638,99.18346405,124.88750211751696,12.562500426033504,Pambujan,Northern Samar,Region VIII (Eastern Visayas)
18639,99.35441589,124.91250211794085,12.562500426033504,Pambujan,Northern Samar,Region VIII (Eastern Visayas)
18640,99.16597748,124.93750211836472,12.562500426033504,Pambujan,Northern Samar,Region VIII (Eastern Visayas)
18641,99.18625641,124.96250211878862,12.562500426033504,Pambujan,Northern Samar,Region VIII (Eastern Visayas)
18642,97.69862366,124.91250211794085,12.537500425185677,Pambujan,Northern Samar,Region VIII (Eastern Visayas)
18643,98.36750031,124.93750211836472,12.537500425185677,Pambujan,Northern Samar,Region VIII (Eastern Visayas)
18644,97.6423111,124.93750211836472,12.512500424337848,Pambujan,Northern Samar,Region VIII (Eastern Visayas)
18645,96.65422058,124.93750211836472,12.48750042349002,Pambujan,Northern Samar,Region VIII (Eastern Visayas)
18646,97.131073,124.96250211878862,12.48750042349002,Pambujan,Northern Samar,Region VIII (Eastern Visayas)
18647,95.73645782,124.93750211836472,12.46250042264219,Pambujan,Northern Samar,Region VIII (Eastern Visayas)
18648,95.79586029,124.96250211878862,12.46250042264219,Pambujan,Northern Samar,Region VIII (Eastern Visayas)
18649,95.22164154,124.93750211836472,12.43750042179436,Pambujan,Northern Samar,Region VIII (Eastern Visayas)
18650,95.28093719,124.96250211878862,12.43750042179436,Pambujan,Northern Samar,Region VIII (Eastern Visayas)
18651,93.29722595,124.91250211794085,12.412500420946532,Pambujan,Northern Samar,Region VIII (Eastern Visayas)
18652,93.54587555,124.93750211836472,12.412500420946532,Pambujan,Northern Samar,Region VIII (Eastern Visayas)
18653,93.96952057,124.96250211878862,12.412500420946532,Pambujan,Northern Samar,Region VIII (Eastern Visayas)
18654,92.20359039,124.91250211794085,12.387500420098704,Pambujan,Northern Samar,Region VIII (Eastern Visayas)
18655,92.3224411,124.93750211836472,12.387500420098704,Pambujan,Northern Samar,Region VIII (Eastern Visayas)
18656,92.7080307,124.96250211878862,12.387500420098704,Pambujan,Northern Samar,Region VIII (Eastern Visayas)
18657,91.88366699,124.93750211836472,12.362500419250877,Pambujan,Northern Samar,Region VIII (Eastern Visayas)
18658,91.89491272,124.96250211878862,12.362500419250877,Pambujan,Northern Samar,Region VIII (Eastern Visayas)
18659,97.79886627,124.4125021094631,12.537500425185677,Rosario,Northern Samar,Region VIII (Eastern Visayas)
18660,97.87490845,124.4125021094631,12.512500424337848,Rosario,Northern Samar,Region VIII (Eastern Visayas)
18661,97.71123505,124.437502109887,12.512500424337848,Rosario,Northern Samar,Region VIII (Eastern Visayas)
18662,97.62926483,124.4125021094631,12.48750042349002,Rosario,Northern Samar,Region VIII (Eastern Visayas)
18663,97.3956604,124.437502109887,12.48750042349002,Rosario,Northern Samar,Region VIII (Eastern Visayas)
18664,96.62561035,124.437502109887,12.46250042264219,Rosario,Northern Samar,Region VIII (Eastern Visayas)
18665,102.8657455,124.26250210691978,12.43750042179436,San Antonio,Northern Samar,Region VIII (Eastern Visayas)
18666,103.0798798,124.26250210691978,12.412500420946532,San Antonio,Northern Samar,Region VIII (Eastern Visayas)
18667,103.5560532,124.26250210691978,12.387500420098704,San Antonio,Northern Samar,Region VIII (Eastern Visayas)
18668,101.7361832,124.33750210819144,12.412500420946532,San Isidro,Northern Samar,Region VIII (Eastern Visayas)
18669,99.60813904,124.36250210861532,12.412500420946532,San Isidro,Northern Samar,Region VIII (Eastern Visayas)
18670,99.0697937,124.3875021090392,12.412500420946532,San Isidro,Northern Samar,Region VIII (Eastern Visayas)
18671,102.1912384,124.33750210819144,12.387500420098704,San Isidro,Northern Samar,Region VIII (Eastern Visayas)
18672,100.0480194,124.36250210861532,12.387500420098704,San Isidro,Northern Samar,Region VIII (Eastern Visayas)
18673,99.21524811,124.3875021090392,12.387500420098704,San Isidro,Northern Samar,Region VIII (Eastern Visayas)
18674,98.54667664,124.4125021094631,12.387500420098704,San Isidro,Northern Samar,Region VIII (Eastern Visayas)
18675,98.17745972,124.437502109887,12.387500420098704,San Isidro,Northern Samar,Region VIII (Eastern Visayas)
18676,102.1884232,124.33750210819144,12.362500419250877,San Isidro,Northern Samar,Region VIII (Eastern Visayas)
18677,101.9910736,124.36250210861532,12.362500419250877,San Isidro,Northern Samar,Region VIII (Eastern Visayas)
18678,99.65956116,124.3875021090392,12.362500419250877,San Isidro,Northern Samar,Region VIII (Eastern Visayas)
18679,98.7370224,124.4125021094631,12.362500419250877,San Isidro,Northern Samar,Region VIII (Eastern Visayas)
18680,97.80089569,124.437502109887,12.362500419250877,San Isidro,Northern Samar,Region VIII (Eastern Visayas)
18681,97.06295013,124.46250211031088,12.362500419250877,San Isidro,Northern Samar,Region VIII (Eastern Visayas)
18682,103.017868,124.33750210819144,12.337500418403046,San Isidro,Northern Samar,Region VIII (Eastern Visayas)
18683,102.8210068,124.36250210861532,12.337500418403046,San Isidro,Northern Samar,Region VIII (Eastern Visayas)
18684,101.9713821,124.3875021090392,12.337500418403046,San Isidro,Northern Samar,Region VIII (Eastern Visayas)
18685,101.0219116,124.4125021094631,12.337500418403046,San Isidro,Northern Samar,Region VIII (Eastern Visayas)
18686,98.56415558,124.437502109887,12.337500418403046,San Isidro,Northern Samar,Region VIII (Eastern Visayas)
18687,97.77658844,124.46250211031088,12.337500418403046,San Isidro,Northern Samar,Region VIII (Eastern Visayas)
18688,102.956604,124.36250210861532,12.31250041755522,San Isidro,Northern Samar,Region VIII (Eastern Visayas)
18689,102.173584,124.3875021090392,12.31250041755522,San Isidro,Northern Samar,Region VIII (Eastern Visayas)
18690,101.4525681,124.4125021094631,12.31250041755522,San Isidro,Northern Samar,Region VIII (Eastern Visayas)
18691,100.9137878,124.437502109887,12.31250041755522,San Isidro,Northern Samar,Region VIII (Eastern Visayas)
18692,103.7381592,124.36250210861532,12.287500416707388,San Isidro,Northern Samar,Region VIII (Eastern Visayas)
18693,102.8009644,124.3875021090392,12.287500416707388,San Isidro,Northern Samar,Region VIII (Eastern Visayas)
18694,102.1560898,124.4125021094631,12.287500416707388,San Isidro,Northern Samar,Region VIII (Eastern Visayas)
18695,97.2807312,124.46250211031088,12.537500425185677,San Jose,Northern Samar,Region VIII (Eastern Visayas)
18696,96.95730591,124.46250211031088,12.512500424337848,San Jose,Northern Samar,Region VIII (Eastern Visayas)
18697,96.89141846,124.48750211073477,12.512500424337848,San Jose,Northern Samar,Region VIII (Eastern Visayas)
18698,96.93405151,124.51250211115864,12.512500424337848,San Jose,Northern Samar,Region VIII (Eastern Visayas)
18699,96.45994568,124.46250211031088,12.48750042349002,San Jose,Northern Samar,Region VIII (Eastern Visayas)
18700,96.32231903,124.48750211073477,12.48750042349002,San Jose,Northern Samar,Region VIII (Eastern Visayas)
18701,96.26042175,124.51250211115864,12.48750042349002,San Jose,Northern Samar,Region VIII (Eastern Visayas)
18702,96.16633606,124.46250211031088,12.46250042264219,San Jose,Northern Samar,Region VIII (Eastern Visayas)
18703,95.78890228,124.48750211073477,12.46250042264219,San Jose,Northern Samar,Region VIII (Eastern Visayas)
18704,95.72093964,124.48750211073477,12.43750042179436,San Jose,Northern Samar,Region VIII (Eastern Visayas)
18705,97.49437714,124.88750211751696,12.537500425185677,San Roque,Northern Samar,Region VIII (Eastern Visayas)
18706,96.6029892,124.83750211666919,12.512500424337848,San Roque,Northern Samar,Region VIII (Eastern Visayas)
18707,97.224823,124.86250211709309,12.512500424337848,San Roque,Northern Samar,Region VIII (Eastern Visayas)
18708,97.26721191,124.88750211751696,12.512500424337848,San Roque,Northern Samar,Region VIII (Eastern Visayas)
18709,97.46643829,124.91250211794085,12.512500424337848,San Roque,Northern Samar,Region VIII (Eastern Visayas)
18710,95.39622498,124.83750211666919,12.48750042349002,San Roque,Northern Samar,Region VIII (Eastern Visayas)
18711,96.04452515,124.86250211709309,12.48750042349002,San Roque,Northern Samar,Region VIII (Eastern Visayas)
18712,96.22340393,124.88750211751696,12.48750042349002,San Roque,Northern Samar,Region VIII (Eastern Visayas)
18713,96.5085907,124.91250211794085,12.48750042349002,San Roque,Northern Samar,Region VIII (Eastern Visayas)
18714,94.23859406,124.83750211666919,12.46250042264219,San Roque,Northern Samar,Region VIII (Eastern Visayas)
18715,94.33017731,124.86250211709309,12.46250042264219,San Roque,Northern Samar,Region VIII (Eastern Visayas)
18716,95.20554352,124.88750211751696,12.46250042264219,San Roque,Northern Samar,Region VIII (Eastern Visayas)
18717,95.62511444,124.91250211794085,12.46250042264219,San Roque,Northern Samar,Region VIII (Eastern Visayas)
18718,93.7712326,124.83750211666919,12.43750042179436,San Roque,Northern Samar,Region VIII (Eastern Visayas)
18719,93.86263275,124.86250211709309,12.43750042179436,San Roque,Northern Samar,Region VIII (Eastern Visayas)
18720,93.96372986,124.88750211751696,12.43750042179436,San Roque,Northern Samar,Region VIII (Eastern Visayas)
18721,94.37425232,124.91250211794085,12.43750042179436,San Roque,Northern Samar,Region VIII (Eastern Visayas)
18722,92.46172333,124.83750211666919,12.412500420946532,San Roque,Northern Samar,Region VIII (Eastern Visayas)
18723,92.88587189,124.86250211709309,12.412500420946532,San Roque,Northern Samar,Region VIII (Eastern Visayas)
18724,92.96481323,124.88750211751696,12.412500420946532,San Roque,Northern Samar,Region VIII (Eastern Visayas)
18725,91.443367,124.83750211666919,12.387500420098704,San Roque,Northern Samar,Region VIII (Eastern Visayas)
18726,91.80934906,124.86250211709309,12.387500420098704,San Roque,Northern Samar,Region VIII (Eastern Visayas)
18727,91.90848541,124.88750211751696,12.387500420098704,San Roque,Northern Samar,Region VIII (Eastern Visayas)
18728,106.2809296,124.01250210268093,12.387500420098704,San Vicente,Northern Samar,Region VIII (Eastern Visayas)
18729,0.0,124.01250210268093,12.362500419250877,San Vicente,Northern Samar,Region VIII (Eastern Visayas)
18730,91.29045105,124.86250211709309,12.362500419250877,Silvino Lobos,Northern Samar,Region VIII (Eastern Visayas)
18731,91.71943665,124.88750211751696,12.362500419250877,Silvino Lobos,Northern Samar,Region VIII (Eastern Visayas)
18732,91.99351501,124.91250211794085,12.362500419250877,Silvino Lobos,Northern Samar,Region VIII (Eastern Visayas)
18733,90.79031372,124.83750211666919,12.337500418403046,Silvino Lobos,Northern Samar,Region VIII (Eastern Visayas)
18734,90.80240631,124.86250211709309,12.337500418403046,Silvino Lobos,Northern Samar,Region VIII (Eastern Visayas)
18735,90.740242,124.88750211751696,12.337500418403046,Silvino Lobos,Northern Samar,Region VIII (Eastern Visayas)
18736,90.94527435,124.91250211794085,12.337500418403046,Silvino Lobos,Northern Samar,Region VIII (Eastern Visayas)
18737,90.95793915,124.93750211836472,12.337500418403046,Silvino Lobos,Northern Samar,Region VIII (Eastern Visayas)
18738,91.06460571,124.81250211624528,12.31250041755522,Silvino Lobos,Northern Samar,Region VIII (Eastern Visayas)
18739,90.95714569,124.83750211666919,12.31250041755522,Silvino Lobos,Northern Samar,Region VIII (Eastern Visayas)
18740,90.32764435,124.86250211709309,12.31250041755522,Silvino Lobos,Northern Samar,Region VIII (Eastern Visayas)
18741,90.28674316,124.88750211751696,12.31250041755522,Silvino Lobos,Northern Samar,Region VIII (Eastern Visayas)
18742,90.43624878,124.91250211794085,12.31250041755522,Silvino Lobos,Northern Samar,Region VIII (Eastern Visayas)
18743,90.48168182,124.93750211836472,12.31250041755522,Silvino Lobos,Northern Samar,Region VIII (Eastern Visayas)
18744,91.49468231,124.7875021158214,12.287500416707388,Silvino Lobos,Northern Samar,Region VIII (Eastern Visayas)
18745,91.30078125,124.81250211624528,12.287500416707388,Silvino Lobos,Northern Samar,Region VIII (Eastern Visayas)
18746,91.21277618,124.83750211666919,12.287500416707388,Silvino Lobos,Northern Samar,Region VIII (Eastern Visayas)
18747,90.50701141,124.86250211709309,12.287500416707388,Silvino Lobos,Northern Samar,Region VIII (Eastern Visayas)
18748,90.36449432,124.88750211751696,12.287500416707388,Silvino Lobos,Northern Samar,Region VIII (Eastern Visayas)
18749,90.41684723,124.91250211794085,12.287500416707388,Silvino Lobos,Northern Samar,Region VIII (Eastern Visayas)
18750,92.52117157,124.76250211539752,12.26250041585956,Silvino Lobos,Northern Samar,Region VIII (Eastern Visayas)
18751,91.34765625,124.7875021158214,12.26250041585956,Silvino Lobos,Northern Samar,Region VIII (Eastern Visayas)
18752,91.02095032,124.81250211624528,12.26250041585956,Silvino Lobos,Northern Samar,Region VIII (Eastern Visayas)
18753,90.70405579,124.83750211666919,12.26250041585956,Silvino Lobos,Northern Samar,Region VIII (Eastern Visayas)
18754,90.57202911,124.86250211709309,12.26250041585956,Silvino Lobos,Northern Samar,Region VIII (Eastern Visayas)
18755,89.90798187,124.88750211751696,12.26250041585956,Silvino Lobos,Northern Samar,Region VIII (Eastern Visayas)
18756,92.36360168,124.81250211624528,12.237500415011732,Silvino Lobos,Northern Samar,Region VIII (Eastern Visayas)
18757,90.78955078,124.83750211666919,12.237500415011732,Silvino Lobos,Northern Samar,Region VIII (Eastern Visayas)
18758,90.62219238,124.86250211709309,12.237500415011732,Silvino Lobos,Northern Samar,Region VIII (Eastern Visayas)
18759,90.37354279,124.88750211751696,12.237500415011732,Silvino Lobos,Northern Samar,Region VIII (Eastern Visayas)
18760,90.83457184,124.86250211709309,12.212500414163902,Silvino Lobos,Northern Samar,Region VIII (Eastern Visayas)
18761,90.65692902,124.88750211751696,12.212500414163902,Silvino Lobos,Northern Samar,Region VIII (Eastern Visayas)
18762,92.0293808,124.83750211666919,12.187500413316071,Silvino Lobos,Northern Samar,Region VIII (Eastern Visayas)
18763,90.3899231,124.86250211709309,12.187500413316071,Silvino Lobos,Northern Samar,Region VIII (Eastern Visayas)
18764,90.9471817,124.86250211709309,12.162500412468244,Silvino Lobos,Northern Samar,Region VIII (Eastern Visayas)
18765,100.1454315,124.31250210776756,12.46250042264219,Victoria,Northern Samar,Region VIII (Eastern Visayas)
18766,99.36135101,124.33750210819144,12.46250042264219,Victoria,Northern Samar,Region VIII (Eastern Visayas)
18767,99.18941498,124.36250210861532,12.46250042264219,Victoria,Northern Samar,Region VIII (Eastern Visayas)
18768,97.87519073,124.3875021090392,12.46250042264219,Victoria,Northern Samar,Region VIII (Eastern Visayas)
18769,97.322258,124.4125021094631,12.46250042264219,Victoria,Northern Samar,Region VIII (Eastern Visayas)
18770,101.9274902,124.31250210776756,12.43750042179436,Victoria,Northern Samar,Region VIII (Eastern Visayas)
18771,100.0663147,124.33750210819144,12.43750042179436,Victoria,Northern Samar,Region VIII (Eastern Visayas)
18772,99.89451599,124.36250210861532,12.43750042179436,Victoria,Northern Samar,Region VIII (Eastern Visayas)
18773,99.08061218,124.3875021090392,12.43750042179436,Victoria,Northern Samar,Region VIII (Eastern Visayas)
18774,98.45436859,124.4125021094631,12.43750042179436,Victoria,Northern Samar,Region VIII (Eastern Visayas)
18775,96.84249878,124.437502109887,12.43750042179436,Victoria,Northern Samar,Region VIII (Eastern Visayas)
18776,96.38248444,124.46250211031088,12.43750042179436,Victoria,Northern Samar,Region VIII (Eastern Visayas)
18777,98.51599121,124.4125021094631,12.412500420946532,Victoria,Northern Samar,Region VIII (Eastern Visayas)
18778,98.08466339,124.437502109887,12.412500420946532,Victoria,Northern Samar,Region VIII (Eastern Visayas)
18779,95.75882721,124.46250211031088,12.412500420946532,Victoria,Northern Samar,Region VIII (Eastern Visayas)
18780,95.40851593,124.48750211073477,12.412500420946532,Victoria,Northern Samar,Region VIII (Eastern Visayas)
18781,95.69877625,124.46250211031088,12.387500420098704,Victoria,Northern Samar,Region VIII (Eastern Visayas)
18782,95.17356873,124.48750211073477,12.387500420098704,Victoria,Northern Samar,Region VIII (Eastern Visayas)
18783,92.3000412,124.71250211454976,12.412500420946532,Lope De Vega,Northern Samar,Region VIII (Eastern Visayas)
18784,91.61233521,124.71250211454976,12.387500420098704,Lope De Vega,Northern Samar,Region VIII (Eastern Visayas)
18785,91.63478851,124.71250211454976,12.362500419250877,Lope De Vega,Northern Samar,Region VIII (Eastern Visayas)
18786,91.55019379,124.73750211497364,12.362500419250877,Lope De Vega,Northern Samar,Region VIII (Eastern Visayas)
18787,94.44464111,124.58750211243031,12.337500418403046,Lope De Vega,Northern Samar,Region VIII (Eastern Visayas)
18788,94.35038757,124.6125021128542,12.337500418403046,Lope De Vega,Northern Samar,Region VIII (Eastern Visayas)
18789,93.26436615,124.6375021132781,12.337500418403046,Lope De Vega,Northern Samar,Region VIII (Eastern Visayas)
18790,93.24150848,124.66250211370196,12.337500418403046,Lope De Vega,Northern Samar,Region VIII (Eastern Visayas)
18791,92.85903168,124.68750211412586,12.337500418403046,Lope De Vega,Northern Samar,Region VIII (Eastern Visayas)
18792,92.38500214,124.71250211454976,12.337500418403046,Lope De Vega,Northern Samar,Region VIII (Eastern Visayas)
18793,96.16646576,124.53750211158254,12.31250041755522,Lope De Vega,Northern Samar,Region VIII (Eastern Visayas)
18794,94.59462738,124.56250211200641,12.31250041755522,Lope De Vega,Northern Samar,Region VIII (Eastern Visayas)
18795,94.61932373,124.58750211243031,12.31250041755522,Lope De Vega,Northern Samar,Region VIII (Eastern Visayas)
18796,94.52516937,124.6125021128542,12.31250041755522,Lope De Vega,Northern Samar,Region VIII (Eastern Visayas)
18797,94.34947205,124.6375021132781,12.31250041755522,Lope De Vega,Northern Samar,Region VIII (Eastern Visayas)
18798,93.77362823,124.66250211370196,12.31250041755522,Lope De Vega,Northern Samar,Region VIII (Eastern Visayas)
18799,92.83860016,124.68750211412586,12.31250041755522,Lope De Vega,Northern Samar,Region VIII (Eastern Visayas)
18800,92.3210144,124.71250211454976,12.31250041755522,Lope De Vega,Northern Samar,Region VIII (Eastern Visayas)
18801,95.45833588,124.56250211200641,12.287500416707388,Lope De Vega,Northern Samar,Region VIII (Eastern Visayas)
18802,95.23866272,124.58750211243031,12.287500416707388,Lope De Vega,Northern Samar,Region VIII (Eastern Visayas)
18803,95.09819794,124.6125021128542,12.287500416707388,Lope De Vega,Northern Samar,Region VIII (Eastern Visayas)
18804,95.07915497,124.6375021132781,12.287500416707388,Lope De Vega,Northern Samar,Region VIII (Eastern Visayas)
18805,94.46128845,124.66250211370196,12.287500416707388,Lope De Vega,Northern Samar,Region VIII (Eastern Visayas)
18806,93.31934357,124.68750211412586,12.287500416707388,Lope De Vega,Northern Samar,Region VIII (Eastern Visayas)
18807,92.75046539,124.71250211454976,12.287500416707388,Lope De Vega,Northern Samar,Region VIII (Eastern Visayas)
18808,95.68610382,124.58750211243031,12.26250041585956,Lope De Vega,Northern Samar,Region VIII (Eastern Visayas)
18809,95.45603943,124.6125021128542,12.26250041585956,Lope De Vega,Northern Samar,Region VIII (Eastern Visayas)
18810,95.841362,124.6375021132781,12.26250041585956,Lope De Vega,Northern Samar,Region VIII (Eastern Visayas)
18811,95.76114655,124.66250211370196,12.26250041585956,Lope De Vega,Northern Samar,Region VIII (Eastern Visayas)
18812,93.54470062,124.68750211412586,12.26250041585956,Lope De Vega,Northern Samar,Region VIII (Eastern Visayas)
18813,96.80290222,124.6375021132781,12.237500415011732,Lope De Vega,Northern Samar,Region VIII (Eastern Visayas)
