unique id,value,lon,lat,municipality name,province name,region
19525,108.3792419,125.21250212302748,10.312500349728912,Anahawan,Southern Leyte,Region VIII (Eastern Visayas)
19526,109.0781632,125.21250212302748,10.287500348881082,Anahawan,Southern Leyte,Region VIII (Eastern Visayas)
19527,108.9269638,125.23750212345136,10.287500348881082,Anahawan,Southern Leyte,Region VIII (Eastern Visayas)
19528,108.4296646,125.26250212387527,10.287500348881082,Anahawan,Southern Leyte,Region VIII (Eastern Visayas)
19529,109.1877518,125.23750212345136,10.262500348033257,Anahawan,Southern Leyte,Region VIII (Eastern Visayas)
19530,101.6634216,124.91250211794085,10.487500355663713,Bontoc,Southern Leyte,Region VIII (Eastern Visayas)
19531,102.355072,124.91250211794085,10.462500354815884,Bontoc,Southern Leyte,Region VIII (Eastern Visayas)
19532,105.3922424,124.88750211751696,10.437500353968057,Bontoc,Southern Leyte,Region VIII (Eastern Visayas)
19533,105.3264847,124.91250211794085,10.437500353968057,Bontoc,Southern Leyte,Region VIII (Eastern Visayas)
19534,105.8025665,124.88750211751696,10.412500353120226,Bontoc,Southern Leyte,Region VIII (Eastern Visayas)
19535,105.8675232,124.91250211794085,10.412500353120226,Bontoc,Southern Leyte,Region VIII (Eastern Visayas)
19536,107.4161301,124.88750211751696,10.387500352272395,Bontoc,Southern Leyte,Region VIII (Eastern Visayas)
19537,107.5223694,124.91250211794085,10.387500352272395,Bontoc,Southern Leyte,Region VIII (Eastern Visayas)
19538,109.0448914,124.91250211794085,10.362500351424568,Bontoc,Southern Leyte,Region VIII (Eastern Visayas)
19539,109.3944321,124.93750211836472,10.362500351424568,Bontoc,Southern Leyte,Region VIII (Eastern Visayas)
19540,109.2934189,124.96250211878862,10.362500351424568,Bontoc,Southern Leyte,Region VIII (Eastern Visayas)
19541,110.7054596,124.91250211794085,10.33750035057674,Bontoc,Southern Leyte,Region VIII (Eastern Visayas)
19542,110.1737518,124.93750211836472,10.33750035057674,Bontoc,Southern Leyte,Region VIII (Eastern Visayas)
19543,110.072876,124.96250211878862,10.33750035057674,Bontoc,Southern Leyte,Region VIII (Eastern Visayas)
19544,111.9718018,124.91250211794085,10.312500349728912,Bontoc,Southern Leyte,Region VIII (Eastern Visayas)
19545,112.0213471,124.93750211836472,10.312500349728912,Bontoc,Southern Leyte,Region VIII (Eastern Visayas)
19546,113.2370224,124.91250211794085,10.287500348881082,Bontoc,Southern Leyte,Region VIII (Eastern Visayas)
19547,104.6262054,125.08750212090804,10.437500353968057,Hinunangan,Southern Leyte,Region VIII (Eastern Visayas)
19548,104.4097672,125.11250212133194,10.437500353968057,Hinunangan,Southern Leyte,Region VIII (Eastern Visayas)
19549,103.7868805,125.13750212175584,10.437500353968057,Hinunangan,Southern Leyte,Region VIII (Eastern Visayas)
19550,103.9979096,125.16250212217972,10.437500353968057,Hinunangan,Southern Leyte,Region VIII (Eastern Visayas)
19551,105.0599747,125.08750212090804,10.412500353120226,Hinunangan,Southern Leyte,Region VIII (Eastern Visayas)
19552,104.8675461,125.11250212133194,10.412500353120226,Hinunangan,Southern Leyte,Region VIII (Eastern Visayas)
19553,105.1448822,125.13750212175584,10.412500353120226,Hinunangan,Southern Leyte,Region VIII (Eastern Visayas)
19554,104.6541367,125.16250212217972,10.412500353120226,Hinunangan,Southern Leyte,Region VIII (Eastern Visayas)
19555,104.6887436,125.1875021226036,10.412500353120226,Hinunangan,Southern Leyte,Region VIII (Eastern Visayas)
19556,106.2785187,125.13750212175584,10.387500352272395,Hinunangan,Southern Leyte,Region VIII (Eastern Visayas)
19557,105.633316,125.16250212217972,10.387500352272395,Hinunangan,Southern Leyte,Region VIII (Eastern Visayas)
19558,105.4759674,125.1875021226036,10.387500352272395,Hinunangan,Southern Leyte,Region VIII (Eastern Visayas)
19559,107.3353272,125.13750212175584,10.362500351424568,Hinunangan,Southern Leyte,Region VIII (Eastern Visayas)
19560,107.2815704,125.16250212217972,10.362500351424568,Hinunangan,Southern Leyte,Region VIII (Eastern Visayas)
19561,106.2198792,125.1875021226036,10.362500351424568,Hinunangan,Southern Leyte,Region VIII (Eastern Visayas)
19562,106.1791534,125.21250212302748,10.362500351424568,Hinunangan,Southern Leyte,Region VIII (Eastern Visayas)
19563,108.0649262,125.13750212175584,10.33750035057674,Hinunangan,Southern Leyte,Region VIII (Eastern Visayas)
19564,108.0114136,125.16250212217972,10.33750035057674,Hinunangan,Southern Leyte,Region VIII (Eastern Visayas)
19565,107.7679901,125.1875021226036,10.33750035057674,Hinunangan,Southern Leyte,Region VIII (Eastern Visayas)
19566,108.6221085,125.16250212217972,10.312500349728912,Hinunangan,Southern Leyte,Region VIII (Eastern Visayas)
19567,108.5089493,125.1875021226036,10.312500349728912,Hinunangan,Southern Leyte,Region VIII (Eastern Visayas)
19568,105.7474518,125.23750212345136,10.387500352272395,Hinundayan,Southern Leyte,Region VIII (Eastern Visayas)
19569,106.4805298,125.23750212345136,10.362500351424568,Hinundayan,Southern Leyte,Region VIII (Eastern Visayas)
19570,107.6913757,125.21250212302748,10.33750035057674,Hinundayan,Southern Leyte,Region VIII (Eastern Visayas)
19571,106.95681,125.23750212345136,10.33750035057674,Hinundayan,Southern Leyte,Region VIII (Eastern Visayas)
19572,106.9205093,125.26250212387527,10.33750035057674,Hinundayan,Southern Leyte,Region VIII (Eastern Visayas)
19573,108.1993561,125.23750212345136,10.312500349728912,Hinundayan,Southern Leyte,Region VIII (Eastern Visayas)
19574,107.7124023,125.26250212387527,10.312500349728912,Hinundayan,Southern Leyte,Region VIII (Eastern Visayas)
19575,104.3164902,125.06250212048418,10.412500353120226,Libagon,Southern Leyte,Region VIII (Eastern Visayas)
19576,105.6019592,125.03750212006028,10.387500352272395,Libagon,Southern Leyte,Region VIII (Eastern Visayas)
19577,105.9281998,125.06250212048418,10.387500352272395,Libagon,Southern Leyte,Region VIII (Eastern Visayas)
19578,107.322113,125.03750212006028,10.362500351424568,Libagon,Southern Leyte,Region VIII (Eastern Visayas)
19579,108.5752335,125.06250212048418,10.362500351424568,Libagon,Southern Leyte,Region VIII (Eastern Visayas)
19580,107.5657578,125.08750212090804,10.362500351424568,Libagon,Southern Leyte,Region VIII (Eastern Visayas)
19581,108.2056503,125.03750212006028,10.33750035057674,Libagon,Southern Leyte,Region VIII (Eastern Visayas)
19582,109.4703445,125.06250212048418,10.33750035057674,Libagon,Southern Leyte,Region VIII (Eastern Visayas)
19583,109.6453934,125.08750212090804,10.33750035057674,Libagon,Southern Leyte,Region VIII (Eastern Visayas)
19584,110.3635941,125.06250212048418,10.312500349728912,Libagon,Southern Leyte,Region VIII (Eastern Visayas)
19585,110.6953278,125.08750212090804,10.312500349728912,Libagon,Southern Leyte,Region VIII (Eastern Visayas)
19586,111.7264557,125.06250212048418,10.287500348881082,Libagon,Southern Leyte,Region VIII (Eastern Visayas)
19587,111.8602753,125.08750212090804,10.287500348881082,Libagon,Southern Leyte,Region VIII (Eastern Visayas)
19588,112.1777115,125.08750212090804,10.262500348033257,Libagon,Southern Leyte,Region VIII (Eastern Visayas)
19589,113.3572922,125.08750212090804,10.237500347185424,Libagon,Southern Leyte,Region VIII (Eastern Visayas)
19590,113.3816223,125.11250212133194,10.212500346337595,Liloan,Southern Leyte,Region VIII (Eastern Visayas)
19591,113.4335327,125.11250212133194,10.187500345489768,Liloan,Southern Leyte,Region VIII (Eastern Visayas)
19592,112.7979431,125.13750212175584,10.137500343794107,Liloan,Southern Leyte,Region VIII (Eastern Visayas)
19593,112.5409088,125.16250212217972,10.11250034294628,Liloan,Southern Leyte,Region VIII (Eastern Visayas)
19594,112.4819641,125.1875021226036,10.11250034294628,Liloan,Southern Leyte,Region VIII (Eastern Visayas)
19595,112.2803421,125.21250212302748,10.11250034294628,Liloan,Southern Leyte,Region VIII (Eastern Visayas)
19596,112.7706223,125.1875021226036,10.087500342098451,Liloan,Southern Leyte,Region VIII (Eastern Visayas)
19597,112.5767136,125.21250212302748,10.087500342098451,Liloan,Southern Leyte,Region VIII (Eastern Visayas)
19598,112.83284,125.21250212302748,10.062500341250622,Liloan,Southern Leyte,Region VIII (Eastern Visayas)
19599,113.32547,124.86250211709309,10.237500347185424,City of Maasin (Capital),Southern Leyte,Region VIII (Eastern Visayas)
19600,113.2807007,124.88750211751696,10.237500347185424,City of Maasin (Capital),Southern Leyte,Region VIII (Eastern Visayas)
19601,113.7657089,124.91250211794085,10.237500347185424,City of Maasin (Capital),Southern Leyte,Region VIII (Eastern Visayas)
19602,113.9470444,124.93750211836472,10.237500347185424,City of Maasin (Capital),Southern Leyte,Region VIII (Eastern Visayas)
19603,113.2617188,124.83750211666919,10.212500346337595,City of Maasin (Capital),Southern Leyte,Region VIII (Eastern Visayas)
19604,113.5984268,124.86250211709309,10.212500346337595,City of Maasin (Capital),Southern Leyte,Region VIII (Eastern Visayas)
19605,113.5604935,124.88750211751696,10.212500346337595,City of Maasin (Capital),Southern Leyte,Region VIII (Eastern Visayas)
19606,114.1219788,124.91250211794085,10.212500346337595,City of Maasin (Capital),Southern Leyte,Region VIII (Eastern Visayas)
19607,112.5528793,124.76250211539752,10.187500345489768,City of Maasin (Capital),Southern Leyte,Region VIII (Eastern Visayas)
19608,112.8318024,124.7875021158214,10.187500345489768,City of Maasin (Capital),Southern Leyte,Region VIII (Eastern Visayas)
19609,112.9451675,124.81250211624528,10.187500345489768,City of Maasin (Capital),Southern Leyte,Region VIII (Eastern Visayas)
19610,113.1551056,124.83750211666919,10.187500345489768,City of Maasin (Capital),Southern Leyte,Region VIII (Eastern Visayas)
19611,113.4770355,124.86250211709309,10.187500345489768,City of Maasin (Capital),Southern Leyte,Region VIII (Eastern Visayas)
19612,113.4726944,124.88750211751696,10.187500345489768,City of Maasin (Capital),Southern Leyte,Region VIII (Eastern Visayas)
19613,114.0382385,124.91250211794085,10.187500345489768,City of Maasin (Capital),Southern Leyte,Region VIII (Eastern Visayas)
19614,112.5328751,124.76250211539752,10.162500344641938,City of Maasin (Capital),Southern Leyte,Region VIII (Eastern Visayas)
19615,113.093132,124.7875021158214,10.162500344641938,City of Maasin (Capital),Southern Leyte,Region VIII (Eastern Visayas)
19616,113.219223,124.81250211624528,10.162500344641938,City of Maasin (Capital),Southern Leyte,Region VIII (Eastern Visayas)
19617,113.507103,124.83750211666919,10.162500344641938,City of Maasin (Capital),Southern Leyte,Region VIII (Eastern Visayas)
19618,113.5836716,124.86250211709309,10.162500344641938,City of Maasin (Capital),Southern Leyte,Region VIII (Eastern Visayas)
19619,113.7258225,124.88750211751696,10.162500344641938,City of Maasin (Capital),Southern Leyte,Region VIII (Eastern Visayas)
19620,114.2085953,124.91250211794085,10.162500344641938,City of Maasin (Capital),Southern Leyte,Region VIII (Eastern Visayas)
19621,114.1880722,124.93750211836472,10.162500344641938,City of Maasin (Capital),Southern Leyte,Region VIII (Eastern Visayas)
19622,113.061348,124.7875021158214,10.137500343794107,City of Maasin (Capital),Southern Leyte,Region VIII (Eastern Visayas)
19623,113.1672745,124.81250211624528,10.137500343794107,City of Maasin (Capital),Southern Leyte,Region VIII (Eastern Visayas)
19624,113.6188812,124.83750211666919,10.137500343794107,City of Maasin (Capital),Southern Leyte,Region VIII (Eastern Visayas)
19625,113.7020493,124.86250211709309,10.137500343794107,City of Maasin (Capital),Southern Leyte,Region VIII (Eastern Visayas)
19626,113.5931625,124.88750211751696,10.137500343794107,City of Maasin (Capital),Southern Leyte,Region VIII (Eastern Visayas)
19627,114.0046692,124.91250211794085,10.137500343794107,City of Maasin (Capital),Southern Leyte,Region VIII (Eastern Visayas)
19628,114.2440109,124.93750211836472,10.137500343794107,Macrohon,Southern Leyte,Region VIII (Eastern Visayas)
19629,113.9292374,124.91250211794085,10.11250034294628,Macrohon,Southern Leyte,Region VIII (Eastern Visayas)
19630,114.1352615,124.93750211836472,10.11250034294628,Macrohon,Southern Leyte,Region VIII (Eastern Visayas)
19631,114.0079651,124.96250211878862,10.11250034294628,Macrohon,Southern Leyte,Region VIII (Eastern Visayas)
19632,114.1667099,124.91250211794085,10.087500342098451,Macrohon,Southern Leyte,Region VIII (Eastern Visayas)
19633,114.3136139,124.93750211836472,10.087500342098451,Macrohon,Southern Leyte,Region VIII (Eastern Visayas)
19634,114.2089615,124.96250211878862,10.087500342098451,Macrohon,Southern Leyte,Region VIII (Eastern Visayas)
19635,114.429451,124.96250211878862,10.062500341250622,Macrohon,Southern Leyte,Region VIII (Eastern Visayas)
19636,114.4532394,124.9875021192125,10.062500341250622,Macrohon,Southern Leyte,Region VIII (Eastern Visayas)
19637,114.2439728,124.9875021192125,10.037500340402794,Macrohon,Southern Leyte,Region VIII (Eastern Visayas)
19638,114.3802872,124.93750211836472,10.212500346337595,Malitbog,Southern Leyte,Region VIII (Eastern Visayas)
19639,113.989563,124.96250211878862,10.212500346337595,Malitbog,Southern Leyte,Region VIII (Eastern Visayas)
19640,114.2710266,124.93750211836472,10.187500345489768,Malitbog,Southern Leyte,Region VIII (Eastern Visayas)
19641,113.8911285,124.96250211878862,10.187500345489768,Malitbog,Southern Leyte,Region VIII (Eastern Visayas)
19642,114.1622238,124.96250211878862,10.162500344641938,Malitbog,Southern Leyte,Region VIII (Eastern Visayas)
19643,113.9848099,124.9875021192125,10.162500344641938,Malitbog,Southern Leyte,Region VIII (Eastern Visayas)
19644,114.2180862,124.96250211878862,10.137500343794107,Malitbog,Southern Leyte,Region VIII (Eastern Visayas)
19645,113.9954224,124.9875021192125,10.137500343794107,Malitbog,Southern Leyte,Region VIII (Eastern Visayas)
19646,113.947403,124.9875021192125,10.11250034294628,Malitbog,Southern Leyte,Region VIII (Eastern Visayas)
19647,114.1937103,124.9875021192125,10.087500342098451,Padre Burgos,Southern Leyte,Region VIII (Eastern Visayas)
19648,114.1674118,125.0125021196364,10.087500342098451,Padre Burgos,Southern Leyte,Region VIII (Eastern Visayas)
19649,114.4473572,125.0125021196364,10.062500341250622,Padre Burgos,Southern Leyte,Region VIII (Eastern Visayas)
19650,114.2670975,125.0125021196364,10.037500340402794,Padre Burgos,Southern Leyte,Region VIII (Eastern Visayas)
19651,113.0185471,125.21250212302748,10.012500339554965,Pintuyan,Southern Leyte,Region VIII (Eastern Visayas)
19652,112.98629,125.21250212302748,9.987500338707136,Pintuyan,Southern Leyte,Region VIII (Eastern Visayas)
19653,112.8030396,125.23750212345136,9.987500338707136,Pintuyan,Southern Leyte,Region VIII (Eastern Visayas)
19654,112.3828964,125.26250212387527,9.962500337859309,Pintuyan,Southern Leyte,Region VIII (Eastern Visayas)
19655,112.2035446,125.26250212387527,9.937500337011478,Pintuyan,Southern Leyte,Region VIII (Eastern Visayas)
19656,111.8205795,125.26250212387527,9.912500336163648,Pintuyan,Southern Leyte,Region VIII (Eastern Visayas)
19657,106.3343658,125.08750212090804,10.387500352272395,Saint Bernard,Southern Leyte,Region VIII (Eastern Visayas)
19658,106.0784988,125.11250212133194,10.387500352272395,Saint Bernard,Southern Leyte,Region VIII (Eastern Visayas)
19659,107.1627274,125.11250212133194,10.362500351424568,Saint Bernard,Southern Leyte,Region VIII (Eastern Visayas)
19660,109.216423,125.11250212133194,10.33750035057674,Saint Bernard,Southern Leyte,Region VIII (Eastern Visayas)
19661,110.3802643,125.11250212133194,10.312500349728912,Saint Bernard,Southern Leyte,Region VIII (Eastern Visayas)
19662,109.9782944,125.13750212175584,10.312500349728912,Saint Bernard,Southern Leyte,Region VIII (Eastern Visayas)
19663,111.541626,125.11250212133194,10.287500348881082,Saint Bernard,Southern Leyte,Region VIII (Eastern Visayas)
19664,111.0316925,125.13750212175584,10.287500348881082,Saint Bernard,Southern Leyte,Region VIII (Eastern Visayas)
19665,111.7387238,125.11250212133194,10.262500348033257,Saint Bernard,Southern Leyte,Region VIII (Eastern Visayas)
19666,112.9322586,125.11250212133194,10.237500347185424,Saint Bernard,Southern Leyte,Region VIII (Eastern Visayas)
19667,113.3660584,125.13750212175584,10.11250034294628,San Francisco,Southern Leyte,Region VIII (Eastern Visayas)
19668,113.6612625,125.13750212175584,10.087500342098451,San Francisco,Southern Leyte,Region VIII (Eastern Visayas)
19669,112.8725052,125.16250212217972,10.087500342098451,San Francisco,Southern Leyte,Region VIII (Eastern Visayas)
19670,113.704628,125.13750212175584,10.062500341250622,San Francisco,Southern Leyte,Region VIII (Eastern Visayas)
19671,113.5501022,125.16250212217972,10.062500341250622,San Francisco,Southern Leyte,Region VIII (Eastern Visayas)
19672,113.0553742,125.1875021226036,10.062500341250622,San Francisco,Southern Leyte,Region VIII (Eastern Visayas)
19673,113.2498779,125.1875021226036,10.037500340402794,San Francisco,Southern Leyte,Region VIII (Eastern Visayas)
19674,113.0152283,125.21250212302748,10.037500340402794,San Francisco,Southern Leyte,Region VIII (Eastern Visayas)
19675,109.5655594,125.16250212217972,10.287500348881082,San Juan (Cabalian),Southern Leyte,Region VIII (Eastern Visayas)
19676,109.3384247,125.1875021226036,10.287500348881082,San Juan (Cabalian),Southern Leyte,Region VIII (Eastern Visayas)
19677,109.6199799,125.1875021226036,10.262500348033257,San Juan (Cabalian),Southern Leyte,Region VIII (Eastern Visayas)
19678,109.2658386,125.21250212302748,10.262500348033257,San Juan (Cabalian),Southern Leyte,Region VIII (Eastern Visayas)
19679,112.8123856,125.23750212345136,10.062500341250622,San Ricardo,Southern Leyte,Region VIII (Eastern Visayas)
19680,112.8470459,125.23750212345136,10.037500340402794,San Ricardo,Southern Leyte,Region VIII (Eastern Visayas)
19681,112.8861084,125.23750212345136,10.012500339554965,San Ricardo,Southern Leyte,Region VIII (Eastern Visayas)
19682,112.6102448,125.26250212387527,10.012500339554965,San Ricardo,Southern Leyte,Region VIII (Eastern Visayas)
19683,112.5079956,125.26250212387527,9.987500338707136,San Ricardo,Southern Leyte,Region VIII (Eastern Visayas)
19684,111.995369,125.28750212429917,9.937500337011478,San Ricardo,Southern Leyte,Region VIII (Eastern Visayas)
19685,111.8362656,125.28750212429917,9.912500336163648,San Ricardo,Southern Leyte,Region VIII (Eastern Visayas)
19686,101.8488998,125.16250212217972,10.587500359055028,Silago,Southern Leyte,Region VIII (Eastern Visayas)
19687,100.156601,125.11250212133194,10.5625003582072,Silago,Southern Leyte,Region VIII (Eastern Visayas)
19688,101.1577606,125.13750212175584,10.5625003582072,Silago,Southern Leyte,Region VIII (Eastern Visayas)
19689,101.4810486,125.16250212217972,10.5625003582072,Silago,Southern Leyte,Region VIII (Eastern Visayas)
19690,101.9229813,125.1875021226036,10.5625003582072,Silago,Southern Leyte,Region VIII (Eastern Visayas)
19691,100.9346314,125.08750212090804,10.53750035735937,Silago,Southern Leyte,Region VIII (Eastern Visayas)
19692,101.0229569,125.11250212133194,10.53750035735937,Silago,Southern Leyte,Region VIII (Eastern Visayas)
19693,101.2636414,125.13750212175584,10.53750035735937,Silago,Southern Leyte,Region VIII (Eastern Visayas)
19694,101.5950928,125.16250212217972,10.53750035735937,Silago,Southern Leyte,Region VIII (Eastern Visayas)
19695,100.1947098,125.06250212048418,10.51250035651154,Silago,Southern Leyte,Region VIII (Eastern Visayas)
19696,101.1273346,125.08750212090804,10.51250035651154,Silago,Southern Leyte,Region VIII (Eastern Visayas)
19697,101.144104,125.11250212133194,10.51250035651154,Silago,Southern Leyte,Region VIII (Eastern Visayas)
19698,101.7424698,125.13750212175584,10.51250035651154,Silago,Southern Leyte,Region VIII (Eastern Visayas)
19699,102.1980515,125.16250212217972,10.51250035651154,Silago,Southern Leyte,Region VIII (Eastern Visayas)
19700,101.563324,125.08750212090804,10.487500355663713,Silago,Southern Leyte,Region VIII (Eastern Visayas)
19701,101.496666,125.11250212133194,10.487500355663713,Silago,Southern Leyte,Region VIII (Eastern Visayas)
19702,102.1534271,125.13750212175584,10.487500355663713,Silago,Southern Leyte,Region VIII (Eastern Visayas)
19703,102.55867,125.16250212217972,10.487500355663713,Silago,Southern Leyte,Region VIII (Eastern Visayas)
19704,102.1315079,125.08750212090804,10.462500354815884,Silago,Southern Leyte,Region VIII (Eastern Visayas)
19705,101.9744034,125.11250212133194,10.462500354815884,Silago,Southern Leyte,Region VIII (Eastern Visayas)
19706,102.9580002,125.13750212175584,10.462500354815884,Silago,Southern Leyte,Region VIII (Eastern Visayas)
19707,103.1990891,125.16250212217972,10.462500354815884,Silago,Southern Leyte,Region VIII (Eastern Visayas)
19708,99.18211365,125.0125021196364,10.51250035651154,Sogod,Southern Leyte,Region VIII (Eastern Visayas)
19709,98.92147827,125.03750212006028,10.51250035651154,Sogod,Southern Leyte,Region VIII (Eastern Visayas)
19710,101.6301651,124.93750211836472,10.487500355663713,Sogod,Southern Leyte,Region VIII (Eastern Visayas)
19711,100.2111893,124.96250211878862,10.487500355663713,Sogod,Southern Leyte,Region VIII (Eastern Visayas)
19712,99.92899323,124.9875021192125,10.487500355663713,Sogod,Southern Leyte,Region VIII (Eastern Visayas)
19713,99.70005798,125.0125021196364,10.487500355663713,Sogod,Southern Leyte,Region VIII (Eastern Visayas)
19714,99.59909821,125.03750212006028,10.487500355663713,Sogod,Southern Leyte,Region VIII (Eastern Visayas)
19715,100.8394623,125.06250212048418,10.487500355663713,Sogod,Southern Leyte,Region VIII (Eastern Visayas)
19716,102.3763199,124.93750211836472,10.462500354815884,Sogod,Southern Leyte,Region VIII (Eastern Visayas)
19717,102.2574234,124.96250211878862,10.462500354815884,Sogod,Southern Leyte,Region VIII (Eastern Visayas)
19718,100.7276917,124.9875021192125,10.462500354815884,Sogod,Southern Leyte,Region VIII (Eastern Visayas)
19719,100.394165,125.0125021196364,10.462500354815884,Sogod,Southern Leyte,Region VIII (Eastern Visayas)
19720,100.5526886,125.03750212006028,10.462500354815884,Sogod,Southern Leyte,Region VIII (Eastern Visayas)
19721,102.2943955,125.06250212048418,10.462500354815884,Sogod,Southern Leyte,Region VIII (Eastern Visayas)
19722,103.8390656,124.93750211836472,10.437500353968057,Sogod,Southern Leyte,Region VIII (Eastern Visayas)
19723,103.7200165,124.96250211878862,10.437500353968057,Sogod,Southern Leyte,Region VIII (Eastern Visayas)
19724,103.8504257,124.9875021192125,10.437500353968057,Sogod,Southern Leyte,Region VIII (Eastern Visayas)
19725,103.5025635,125.0125021196364,10.437500353968057,Sogod,Southern Leyte,Region VIII (Eastern Visayas)
19726,101.9225082,125.03750212006028,10.437500353968057,Sogod,Southern Leyte,Region VIII (Eastern Visayas)
19727,103.607666,125.06250212048418,10.437500353968057,Sogod,Southern Leyte,Region VIII (Eastern Visayas)
19728,105.6994553,124.93750211836472,10.412500353120226,Sogod,Southern Leyte,Region VIII (Eastern Visayas)
19729,104.4297791,124.96250211878862,10.412500353120226,Sogod,Southern Leyte,Region VIII (Eastern Visayas)
19730,104.3220291,124.9875021192125,10.412500353120226,Sogod,Southern Leyte,Region VIII (Eastern Visayas)
19731,104.0635834,125.0125021196364,10.412500353120226,Sogod,Southern Leyte,Region VIII (Eastern Visayas)
19732,103.7430573,125.03750212006028,10.412500353120226,Sogod,Southern Leyte,Region VIII (Eastern Visayas)
19733,107.591568,124.93750211836472,10.387500352272395,Sogod,Southern Leyte,Region VIII (Eastern Visayas)
19734,106.3239899,124.96250211878862,10.387500352272395,Sogod,Southern Leyte,Region VIII (Eastern Visayas)
19735,105.9908371,124.9875021192125,10.387500352272395,Sogod,Southern Leyte,Region VIII (Eastern Visayas)
19736,105.7200317,125.0125021196364,10.387500352272395,Sogod,Southern Leyte,Region VIII (Eastern Visayas)
19737,111.1771164,124.96250211878862,10.312500349728912,Tomas Oppus,Southern Leyte,Region VIII (Eastern Visayas)
19738,113.400238,124.93750211836472,10.287500348881082,Tomas Oppus,Southern Leyte,Region VIII (Eastern Visayas)
19739,112.5922775,124.96250211878862,10.287500348881082,Tomas Oppus,Southern Leyte,Region VIII (Eastern Visayas)
19740,113.3192673,124.91250211794085,10.262500348033257,Tomas Oppus,Southern Leyte,Region VIII (Eastern Visayas)
19741,113.4127884,124.93750211836472,10.262500348033257,Tomas Oppus,Southern Leyte,Region VIII (Eastern Visayas)
19742,113.3722839,124.96250211878862,10.262500348033257,Tomas Oppus,Southern Leyte,Region VIII (Eastern Visayas)
19743,113.9063873,124.96250211878862,10.237500347185424,Tomas Oppus,Southern Leyte,Region VIII (Eastern Visayas)
19744,114.6707459,125.06250212048418,9.962500337859309,Limasawa,Southern Leyte,Region VIII (Eastern Visayas)
