unique id,value,lon,lat,municipality name,province name,region
21696,111.6481934,121.96250206792216,6.737500228489434,City of Isabela,City of Isabela (not a province),Region IX (Zamboanga Peninsula)
21697,112.2136078,122.01250206876993,6.737500228489434,City of Isabela,City of Isabela (not a province),Region IX (Zamboanga Peninsula)
21698,112.3106995,121.96250206792216,6.712500227641606,City of Isabela,City of Isabela (not a province),Region IX (Zamboanga Peninsula)
21699,112.4356079,121.98750206834606,6.712500227641606,City of Isabela,City of Isabela (not a province),Region IX (Zamboanga Peninsula)
21700,112.60569,122.01250206876993,6.712500227641606,City of Isabela,City of Isabela (not a province),Region IX (Zamboanga Peninsula)
21701,112.7624817,122.03750206919383,6.712500227641606,City of Isabela,City of Isabela (not a province),Region IX (Zamboanga Peninsula)
21702,112.6695175,121.96250206792216,6.687500226793778,City of Isabela,City of Isabela (not a province),Region IX (Zamboanga Peninsula)
21703,112.8347092,121.98750206834606,6.687500226793778,City of Isabela,City of Isabela (not a province),Region IX (Zamboanga Peninsula)
21704,113.013588,122.01250206876993,6.687500226793778,City of Isabela,City of Isabela (not a province),Region IX (Zamboanga Peninsula)
21705,113.1467056,122.03750206919383,6.687500226793778,City of Isabela,City of Isabela (not a province),Region IX (Zamboanga Peninsula)
21706,111.9675827,121.93750206749829,6.66250022594595,City of Isabela,City of Isabela (not a province),Region IX (Zamboanga Peninsula)
21707,112.0485306,121.96250206792216,6.66250022594595,City of Isabela,City of Isabela (not a province),Region IX (Zamboanga Peninsula)
21708,112.7232513,121.98750206834606,6.66250022594595,City of Isabela,City of Isabela (not a province),Region IX (Zamboanga Peninsula)
21709,112.9737701,122.01250206876993,6.66250022594595,City of Isabela,City of Isabela (not a province),Region IX (Zamboanga Peninsula)
21710,113.3707428,122.03750206919383,6.66250022594595,City of Isabela,City of Isabela (not a province),Region IX (Zamboanga Peninsula)
21711,112.1554947,121.93750206749829,6.637500225098122,City of Isabela,City of Isabela (not a province),Region IX (Zamboanga Peninsula)
21712,112.236618,121.96250206792216,6.637500225098122,City of Isabela,City of Isabela (not a province),Region IX (Zamboanga Peninsula)
21713,112.8593674,121.98750206834606,6.637500225098122,City of Isabela,City of Isabela (not a province),Region IX (Zamboanga Peninsula)
21714,113.114624,122.01250206876993,6.637500225098122,City of Isabela,City of Isabela (not a province),Region IX (Zamboanga Peninsula)
21715,113.0130692,121.96250206792216,6.612500224250294,City of Isabela,City of Isabela (not a province),Region IX (Zamboanga Peninsula)
21716,113.1780624,121.98750206834606,6.612500224250294,City of Isabela,City of Isabela (not a province),Region IX (Zamboanga Peninsula)
21717,113.3666229,122.01250206876993,6.612500224250294,City of Isabela,City of Isabela (not a province),Region IX (Zamboanga Peninsula)
21718,113.0746918,121.96250206792216,6.587500223402466,City of Isabela,City of Isabela (not a province),Region IX (Zamboanga Peninsula)
21719,113.2248383,121.98750206834606,6.587500223402466,City of Isabela,City of Isabela (not a province),Region IX (Zamboanga Peninsula)
21720,113.4154816,122.01250206876993,6.587500223402466,City of Isabela,City of Isabela (not a province),Region IX (Zamboanga Peninsula)
21721,113.582428,122.03750206919383,6.587500223402466,City of Isabela,City of Isabela (not a province),Region IX (Zamboanga Peninsula)
