unique id,value,lon,lat,municipality name,province name,region
21343,122.627739,122.91250208402988,7.587500257315584,Alicia,Zamboanga Sibugay,Region IX (Zamboanga Peninsula)
21344,122.5832443,122.91250208402988,7.562500256467756,Alicia,Zamboanga Sibugay,Region IX (Zamboanga Peninsula)
21345,122.6880417,122.93750208445378,7.562500256467756,Alicia,Zamboanga Sibugay,Region IX (Zamboanga Peninsula)
21346,122.7458496,122.96250208487764,7.562500256467756,Alicia,Zamboanga Sibugay,Region IX (Zamboanga Peninsula)
21347,122.7171783,122.887502083606,7.537500255619928,Alicia,Zamboanga Sibugay,Region IX (Zamboanga Peninsula)
21348,123.141098,122.93750208445378,7.537500255619928,Alicia,Zamboanga Sibugay,Region IX (Zamboanga Peninsula)
21349,123.2461548,122.96250208487764,7.537500255619928,Alicia,Zamboanga Sibugay,Region IX (Zamboanga Peninsula)
21350,122.9965363,122.98750208530154,7.537500255619928,Alicia,Zamboanga Sibugay,Region IX (Zamboanga Peninsula)
21351,123.4718628,122.8625020831821,7.5125002547721,Alicia,Zamboanga Sibugay,Region IX (Zamboanga Peninsula)
21352,123.4770813,122.93750208445378,7.5125002547721,Alicia,Zamboanga Sibugay,Region IX (Zamboanga Peninsula)
21353,123.6293106,122.96250208487764,7.5125002547721,Alicia,Zamboanga Sibugay,Region IX (Zamboanga Peninsula)
21354,123.6050186,122.98750208530154,7.5125002547721,Alicia,Zamboanga Sibugay,Region IX (Zamboanga Peninsula)
21355,122.8729935,122.83750208275822,7.487500253924272,Alicia,Zamboanga Sibugay,Region IX (Zamboanga Peninsula)
21356,123.3720856,122.8625020831821,7.487500253924272,Alicia,Zamboanga Sibugay,Region IX (Zamboanga Peninsula)
21357,123.4316864,122.96250208487764,7.487500253924272,Alicia,Zamboanga Sibugay,Region IX (Zamboanga Peninsula)
21358,123.4533005,122.98750208530154,7.487500253924272,Alicia,Zamboanga Sibugay,Region IX (Zamboanga Peninsula)
21359,123.4045563,122.83750208275822,7.462500253076444,Alicia,Zamboanga Sibugay,Region IX (Zamboanga Peninsula)
21360,123.4327545,122.8625020831821,7.462500253076444,Alicia,Zamboanga Sibugay,Region IX (Zamboanga Peninsula)
21361,123.9571304,122.98750208530154,7.462500253076444,Alicia,Zamboanga Sibugay,Region IX (Zamboanga Peninsula)
21362,122.9321518,122.81250208233432,7.437500252228616,Alicia,Zamboanga Sibugay,Region IX (Zamboanga Peninsula)
21363,111.9040299,123.03750208614932,7.812500264946036,Buug,Zamboanga Sibugay,Region IX (Zamboanga Peninsula)
21364,112.1157455,123.08750208699708,7.812500264946036,Buug,Zamboanga Sibugay,Region IX (Zamboanga Peninsula)
21365,111.6050949,122.98750208530154,7.787500264098208,Buug,Zamboanga Sibugay,Region IX (Zamboanga Peninsula)
21366,111.5898209,123.01250208572544,7.787500264098208,Buug,Zamboanga Sibugay,Region IX (Zamboanga Peninsula)
21367,112.0420151,123.03750208614932,7.787500264098208,Buug,Zamboanga Sibugay,Region IX (Zamboanga Peninsula)
21368,112.2265778,123.0625020865732,7.787500264098208,Buug,Zamboanga Sibugay,Region IX (Zamboanga Peninsula)
21369,112.20961,123.08750208699708,7.787500264098208,Buug,Zamboanga Sibugay,Region IX (Zamboanga Peninsula)
21370,112.9152069,123.01250208572544,7.76250026325038,Buug,Zamboanga Sibugay,Region IX (Zamboanga Peninsula)
21371,113.4709168,123.03750208614932,7.76250026325038,Buug,Zamboanga Sibugay,Region IX (Zamboanga Peninsula)
21372,113.6516113,123.0625020865732,7.76250026325038,Buug,Zamboanga Sibugay,Region IX (Zamboanga Peninsula)
21373,113.4817505,123.08750208699708,7.76250026325038,Buug,Zamboanga Sibugay,Region IX (Zamboanga Peninsula)
21374,114.7306213,123.01250208572544,7.737500262402552,Buug,Zamboanga Sibugay,Region IX (Zamboanga Peninsula)
21375,114.893898,123.03750208614932,7.737500262402552,Buug,Zamboanga Sibugay,Region IX (Zamboanga Peninsula)
21376,115.0630264,123.0625020865732,7.737500262402552,Buug,Zamboanga Sibugay,Region IX (Zamboanga Peninsula)
21377,114.8308334,123.01250208572544,7.712500261554724,Buug,Zamboanga Sibugay,Region IX (Zamboanga Peninsula)
21378,115.1836014,123.03750208614932,7.712500261554724,Buug,Zamboanga Sibugay,Region IX (Zamboanga Peninsula)
21379,115.2276688,123.0625020865732,7.712500261554724,Buug,Zamboanga Sibugay,Region IX (Zamboanga Peninsula)
21380,117.5417252,123.0625020865732,7.687500260706896,Buug,Zamboanga Sibugay,Region IX (Zamboanga Peninsula)
21381,107.6304169,122.91250208402988,7.862500266641692,Diplahan,Zamboanga Sibugay,Region IX (Zamboanga Peninsula)
21382,107.9024048,122.93750208445378,7.862500266641692,Diplahan,Zamboanga Sibugay,Region IX (Zamboanga Peninsula)
21383,109.1626968,122.91250208402988,7.837500265793864,Diplahan,Zamboanga Sibugay,Region IX (Zamboanga Peninsula)
21384,109.0682526,122.93750208445378,7.837500265793864,Diplahan,Zamboanga Sibugay,Region IX (Zamboanga Peninsula)
21385,109.8105469,122.96250208487764,7.837500265793864,Diplahan,Zamboanga Sibugay,Region IX (Zamboanga Peninsula)
21386,110.2918549,122.93750208445378,7.812500264946036,Diplahan,Zamboanga Sibugay,Region IX (Zamboanga Peninsula)
21387,111.1215897,122.96250208487764,7.812500264946036,Diplahan,Zamboanga Sibugay,Region IX (Zamboanga Peninsula)
21388,111.4689484,122.98750208530154,7.812500264946036,Diplahan,Zamboanga Sibugay,Region IX (Zamboanga Peninsula)
21389,111.3217163,122.96250208487764,7.787500264098208,Diplahan,Zamboanga Sibugay,Region IX (Zamboanga Peninsula)
21390,112.8493347,122.96250208487764,7.76250026325038,Diplahan,Zamboanga Sibugay,Region IX (Zamboanga Peninsula)
21391,112.9534683,122.98750208530154,7.76250026325038,Diplahan,Zamboanga Sibugay,Region IX (Zamboanga Peninsula)
21392,114.3583756,122.96250208487764,7.737500262402552,Diplahan,Zamboanga Sibugay,Region IX (Zamboanga Peninsula)
21393,114.7742844,122.98750208530154,7.737500262402552,Diplahan,Zamboanga Sibugay,Region IX (Zamboanga Peninsula)
21394,114.5937729,122.96250208487764,7.712500261554724,Diplahan,Zamboanga Sibugay,Region IX (Zamboanga Peninsula)
21395,114.8569489,122.98750208530154,7.712500261554724,Diplahan,Zamboanga Sibugay,Region IX (Zamboanga Peninsula)
21396,117.0808563,122.96250208487764,7.687500260706896,Diplahan,Zamboanga Sibugay,Region IX (Zamboanga Peninsula)
21397,117.2305985,122.98750208530154,7.687500260706896,Diplahan,Zamboanga Sibugay,Region IX (Zamboanga Peninsula)
21398,116.3468094,122.91250208402988,7.687500260706896,Imelda,Zamboanga Sibugay,Region IX (Zamboanga Peninsula)
21399,116.4576263,122.93750208445378,7.687500260706896,Imelda,Zamboanga Sibugay,Region IX (Zamboanga Peninsula)
21400,118.9632721,122.91250208402988,7.662500259859068,Imelda,Zamboanga Sibugay,Region IX (Zamboanga Peninsula)
21401,119.3316345,122.93750208445378,7.662500259859068,Imelda,Zamboanga Sibugay,Region IX (Zamboanga Peninsula)
21402,119.5794983,122.96250208487764,7.662500259859068,Imelda,Zamboanga Sibugay,Region IX (Zamboanga Peninsula)
21403,118.9318085,122.91250208402988,7.63750025901124,Imelda,Zamboanga Sibugay,Region IX (Zamboanga Peninsula)
21404,119.3400955,122.93750208445378,7.63750025901124,Imelda,Zamboanga Sibugay,Region IX (Zamboanga Peninsula)
21405,119.5879898,122.96250208487764,7.63750025901124,Imelda,Zamboanga Sibugay,Region IX (Zamboanga Peninsula)
21406,120.9040909,122.93750208445378,7.612500258163412,Imelda,Zamboanga Sibugay,Region IX (Zamboanga Peninsula)
21407,121.2860565,122.96250208487764,7.612500258163412,Imelda,Zamboanga Sibugay,Region IX (Zamboanga Peninsula)
21408,122.7197189,122.93750208445378,7.587500257315584,Imelda,Zamboanga Sibugay,Region IX (Zamboanga Peninsula)
21409,123.0060425,122.96250208487764,7.587500257315584,Imelda,Zamboanga Sibugay,Region IX (Zamboanga Peninsula)
21410,108.7476044,122.61250207894324,7.837500265793864,Ipil (Capital),Zamboanga Sibugay,Region IX (Zamboanga Peninsula)
21411,108.5253525,122.63750207936712,7.837500265793864,Ipil (Capital),Zamboanga Sibugay,Region IX (Zamboanga Peninsula)
21412,111.9683456,122.56250207809546,7.812500264946036,Ipil (Capital),Zamboanga Sibugay,Region IX (Zamboanga Peninsula)
21413,110.3825226,122.58750207851936,7.812500264946036,Ipil (Capital),Zamboanga Sibugay,Region IX (Zamboanga Peninsula)
21414,109.6267014,122.61250207894324,7.812500264946036,Ipil (Capital),Zamboanga Sibugay,Region IX (Zamboanga Peninsula)
21415,109.5644608,122.63750207936712,7.812500264946036,Ipil (Capital),Zamboanga Sibugay,Region IX (Zamboanga Peninsula)
21416,112.6188889,122.5125020772477,7.787500264098208,Ipil (Capital),Zamboanga Sibugay,Region IX (Zamboanga Peninsula)
21417,112.1850662,122.53750207767156,7.787500264098208,Ipil (Capital),Zamboanga Sibugay,Region IX (Zamboanga Peninsula)
21418,112.0587769,122.56250207809546,7.787500264098208,Ipil (Capital),Zamboanga Sibugay,Region IX (Zamboanga Peninsula)
21419,110.4574356,122.58750207851936,7.787500264098208,Ipil (Capital),Zamboanga Sibugay,Region IX (Zamboanga Peninsula)
21420,109.7164459,122.61250207894324,7.787500264098208,Ipil (Capital),Zamboanga Sibugay,Region IX (Zamboanga Peninsula)
21421,109.6974564,122.63750207936712,7.787500264098208,Ipil (Capital),Zamboanga Sibugay,Region IX (Zamboanga Peninsula)
21422,114.6281967,122.4875020768238,7.76250026325038,Ipil (Capital),Zamboanga Sibugay,Region IX (Zamboanga Peninsula)
21423,113.6430206,122.5125020772477,7.76250026325038,Ipil (Capital),Zamboanga Sibugay,Region IX (Zamboanga Peninsula)
21424,113.2903214,122.53750207767156,7.76250026325038,Ipil (Capital),Zamboanga Sibugay,Region IX (Zamboanga Peninsula)
21425,113.2775574,122.56250207809546,7.76250026325038,Ipil (Capital),Zamboanga Sibugay,Region IX (Zamboanga Peninsula)
21426,111.5938339,122.58750207851936,7.76250026325038,Ipil (Capital),Zamboanga Sibugay,Region IX (Zamboanga Peninsula)
21427,114.4485703,122.5125020772477,7.737500262402552,Ipil (Capital),Zamboanga Sibugay,Region IX (Zamboanga Peninsula)
21428,114.1617508,122.53750207767156,7.737500262402552,Ipil (Capital),Zamboanga Sibugay,Region IX (Zamboanga Peninsula)
21429,114.324707,122.5125020772477,7.712500261554724,Ipil (Capital),Zamboanga Sibugay,Region IX (Zamboanga Peninsula)
21430,104.3653717,122.78750208191045,7.937500269185176,Kabasalan,Zamboanga Sibugay,Region IX (Zamboanga Peninsula)
21431,104.1146698,122.81250208233432,7.937500269185176,Kabasalan,Zamboanga Sibugay,Region IX (Zamboanga Peninsula)
21432,104.1903458,122.83750208275822,7.937500269185176,Kabasalan,Zamboanga Sibugay,Region IX (Zamboanga Peninsula)
21433,104.275528,122.8625020831821,7.937500269185176,Kabasalan,Zamboanga Sibugay,Region IX (Zamboanga Peninsula)
21434,105.0818024,122.887502083606,7.937500269185176,Kabasalan,Zamboanga Sibugay,Region IX (Zamboanga Peninsula)
21435,105.3759155,122.91250208402988,7.937500269185176,Kabasalan,Zamboanga Sibugay,Region IX (Zamboanga Peninsula)
21436,105.1585999,122.76250208148656,7.912500268337348,Kabasalan,Zamboanga Sibugay,Region IX (Zamboanga Peninsula)
21437,105.3688965,122.78750208191045,7.912500268337348,Kabasalan,Zamboanga Sibugay,Region IX (Zamboanga Peninsula)
21438,105.1551971,122.81250208233432,7.912500268337348,Kabasalan,Zamboanga Sibugay,Region IX (Zamboanga Peninsula)
21439,105.1087341,122.83750208275822,7.912500268337348,Kabasalan,Zamboanga Sibugay,Region IX (Zamboanga Peninsula)
21440,105.8619232,122.8625020831821,7.912500268337348,Kabasalan,Zamboanga Sibugay,Region IX (Zamboanga Peninsula)
21441,106.2250061,122.887502083606,7.912500268337348,Kabasalan,Zamboanga Sibugay,Region IX (Zamboanga Peninsula)
21442,106.4561539,122.91250208402988,7.912500268337348,Kabasalan,Zamboanga Sibugay,Region IX (Zamboanga Peninsula)
21443,106.2542954,122.76250208148656,7.88750026748952,Kabasalan,Zamboanga Sibugay,Region IX (Zamboanga Peninsula)
21444,106.3708496,122.78750208191045,7.88750026748952,Kabasalan,Zamboanga Sibugay,Region IX (Zamboanga Peninsula)
21445,106.2642899,122.81250208233432,7.88750026748952,Kabasalan,Zamboanga Sibugay,Region IX (Zamboanga Peninsula)
21446,106.3146668,122.83750208275822,7.88750026748952,Kabasalan,Zamboanga Sibugay,Region IX (Zamboanga Peninsula)
21447,107.0429077,122.8625020831821,7.88750026748952,Kabasalan,Zamboanga Sibugay,Region IX (Zamboanga Peninsula)
21448,107.366127,122.887502083606,7.88750026748952,Kabasalan,Zamboanga Sibugay,Region IX (Zamboanga Peninsula)
21449,107.5676346,122.91250208402988,7.88750026748952,Kabasalan,Zamboanga Sibugay,Region IX (Zamboanga Peninsula)
21450,106.3757248,122.76250208148656,7.862500266641692,Kabasalan,Zamboanga Sibugay,Region IX (Zamboanga Peninsula)
21451,106.5031433,122.78750208191045,7.862500266641692,Kabasalan,Zamboanga Sibugay,Region IX (Zamboanga Peninsula)
21452,106.4375229,122.81250208233432,7.862500266641692,Kabasalan,Zamboanga Sibugay,Region IX (Zamboanga Peninsula)
21453,106.9797287,122.83750208275822,7.862500266641692,Kabasalan,Zamboanga Sibugay,Region IX (Zamboanga Peninsula)
21454,107.0215073,122.8625020831821,7.862500266641692,Kabasalan,Zamboanga Sibugay,Region IX (Zamboanga Peninsula)
21455,107.4340744,122.887502083606,7.862500266641692,Kabasalan,Zamboanga Sibugay,Region IX (Zamboanga Peninsula)
21456,107.6201325,122.76250208148656,7.837500265793864,Kabasalan,Zamboanga Sibugay,Region IX (Zamboanga Peninsula)
21457,108.1741562,122.78750208191045,7.837500265793864,Kabasalan,Zamboanga Sibugay,Region IX (Zamboanga Peninsula)
21458,108.1475601,122.81250208233432,7.837500265793864,Kabasalan,Zamboanga Sibugay,Region IX (Zamboanga Peninsula)
21459,108.2346497,122.83750208275822,7.837500265793864,Kabasalan,Zamboanga Sibugay,Region IX (Zamboanga Peninsula)
21460,108.2768631,122.8625020831821,7.837500265793864,Kabasalan,Zamboanga Sibugay,Region IX (Zamboanga Peninsula)
21461,108.9794235,122.887502083606,7.837500265793864,Kabasalan,Zamboanga Sibugay,Region IX (Zamboanga Peninsula)
21462,108.5373306,122.73750208106269,7.812500264946036,Kabasalan,Zamboanga Sibugay,Region IX (Zamboanga Peninsula)
21463,109.0675049,122.76250208148656,7.812500264946036,Kabasalan,Zamboanga Sibugay,Region IX (Zamboanga Peninsula)
21464,109.2227554,122.78750208191045,7.812500264946036,Kabasalan,Zamboanga Sibugay,Region IX (Zamboanga Peninsula)
21465,109.1934662,122.81250208233432,7.812500264946036,Kabasalan,Zamboanga Sibugay,Region IX (Zamboanga Peninsula)
21466,109.2199707,122.83750208275822,7.812500264946036,Kabasalan,Zamboanga Sibugay,Region IX (Zamboanga Peninsula)
21467,109.2202606,122.76250208148656,7.787500264098208,Kabasalan,Zamboanga Sibugay,Region IX (Zamboanga Peninsula)
21468,109.340065,122.78750208191045,7.787500264098208,Kabasalan,Zamboanga Sibugay,Region IX (Zamboanga Peninsula)
21469,109.3176804,122.81250208233432,7.787500264098208,Kabasalan,Zamboanga Sibugay,Region IX (Zamboanga Peninsula)
21470,109.3930206,122.83750208275822,7.787500264098208,Kabasalan,Zamboanga Sibugay,Region IX (Zamboanga Peninsula)
21471,110.6720047,122.78750208191045,7.76250026325038,Kabasalan,Zamboanga Sibugay,Region IX (Zamboanga Peninsula)
21472,110.763237,122.81250208233432,7.76250026325038,Kabasalan,Zamboanga Sibugay,Region IX (Zamboanga Peninsula)
21473,123.2751465,122.83750208275822,7.412500251380788,Mabuhay,Zamboanga Sibugay,Region IX (Zamboanga Peninsula)
21474,123.4419556,122.887502083606,7.412500251380788,Mabuhay,Zamboanga Sibugay,Region IX (Zamboanga Peninsula)
21475,123.4582443,122.91250208402988,7.412500251380788,Mabuhay,Zamboanga Sibugay,Region IX (Zamboanga Peninsula)
21476,123.4948349,122.93750208445378,7.412500251380788,Mabuhay,Zamboanga Sibugay,Region IX (Zamboanga Peninsula)
21477,123.9509201,122.887502083606,7.38750025053296,Mabuhay,Zamboanga Sibugay,Region IX (Zamboanga Peninsula)
21478,124.0024338,122.91250208402988,7.38750025053296,Mabuhay,Zamboanga Sibugay,Region IX (Zamboanga Peninsula)
21479,123.940506,122.93750208445378,7.38750025053296,Mabuhay,Zamboanga Sibugay,Region IX (Zamboanga Peninsula)
21480,123.9312134,122.8625020831821,7.362500249685132,Mabuhay,Zamboanga Sibugay,Region IX (Zamboanga Peninsula)
21481,124.4892654,122.887502083606,7.362500249685132,Mabuhay,Zamboanga Sibugay,Region IX (Zamboanga Peninsula)
21482,124.571312,122.91250208402988,7.362500249685132,Mabuhay,Zamboanga Sibugay,Region IX (Zamboanga Peninsula)
21483,123.6091156,122.93750208445378,7.337500248837304,Mabuhay,Zamboanga Sibugay,Region IX (Zamboanga Peninsula)
21484,117.2143402,123.01250208572544,7.687500260706896,Malangas,Zamboanga Sibugay,Region IX (Zamboanga Peninsula)
21485,117.5395889,123.03750208614932,7.687500260706896,Malangas,Zamboanga Sibugay,Region IX (Zamboanga Peninsula)
21486,119.5932388,122.98750208530154,7.662500259859068,Malangas,Zamboanga Sibugay,Region IX (Zamboanga Peninsula)
21487,119.5788422,123.01250208572544,7.662500259859068,Malangas,Zamboanga Sibugay,Region IX (Zamboanga Peninsula)
21488,119.9126053,123.03750208614932,7.662500259859068,Malangas,Zamboanga Sibugay,Region IX (Zamboanga Peninsula)
21489,119.5840454,122.98750208530154,7.63750025901124,Malangas,Zamboanga Sibugay,Region IX (Zamboanga Peninsula)
21490,119.5657349,123.01250208572544,7.63750025901124,Malangas,Zamboanga Sibugay,Region IX (Zamboanga Peninsula)
21491,119.8953018,123.03750208614932,7.63750025901124,Malangas,Zamboanga Sibugay,Region IX (Zamboanga Peninsula)
21492,121.304657,122.98750208530154,7.612500258163412,Malangas,Zamboanga Sibugay,Region IX (Zamboanga Peninsula)
21493,121.2794037,123.01250208572544,7.612500258163412,Malangas,Zamboanga Sibugay,Region IX (Zamboanga Peninsula)
21494,123.0086746,122.98750208530154,7.587500257315584,Malangas,Zamboanga Sibugay,Region IX (Zamboanga Peninsula)
21495,122.9623032,123.01250208572544,7.587500257315584,Malangas,Zamboanga Sibugay,Region IX (Zamboanga Peninsula)
21496,122.9234848,122.98750208530154,7.562500256467756,Malangas,Zamboanga Sibugay,Region IX (Zamboanga Peninsula)
21497,122.8439102,123.01250208572544,7.562500256467756,Malangas,Zamboanga Sibugay,Region IX (Zamboanga Peninsula)
21498,122.9041824,123.01250208572544,7.537500255619928,Malangas,Zamboanga Sibugay,Region IX (Zamboanga Peninsula)
21499,103.5583649,122.76250208148656,7.937500269185176,Naga,Zamboanga Sibugay,Region IX (Zamboanga Peninsula)
21500,104.5134659,122.73750208106269,7.912500268337348,Naga,Zamboanga Sibugay,Region IX (Zamboanga Peninsula)
21501,105.4878082,122.68750208021488,7.88750026748952,Naga,Zamboanga Sibugay,Region IX (Zamboanga Peninsula)
21502,105.5386276,122.71250208063879,7.88750026748952,Naga,Zamboanga Sibugay,Region IX (Zamboanga Peninsula)
21503,105.623024,122.73750208106269,7.88750026748952,Naga,Zamboanga Sibugay,Region IX (Zamboanga Peninsula)
21504,106.428215,122.662502079791,7.862500266641692,Naga,Zamboanga Sibugay,Region IX (Zamboanga Peninsula)
21505,105.6868668,122.68750208021488,7.862500266641692,Naga,Zamboanga Sibugay,Region IX (Zamboanga Peninsula)
21506,105.7474289,122.71250208063879,7.862500266641692,Naga,Zamboanga Sibugay,Region IX (Zamboanga Peninsula)
21507,106.3335037,122.73750208106269,7.862500266641692,Naga,Zamboanga Sibugay,Region IX (Zamboanga Peninsula)
21508,107.6563187,122.662502079791,7.837500265793864,Naga,Zamboanga Sibugay,Region IX (Zamboanga Peninsula)
21509,107.4645462,122.68750208021488,7.837500265793864,Naga,Zamboanga Sibugay,Region IX (Zamboanga Peninsula)
21510,107.5221481,122.71250208063879,7.837500265793864,Naga,Zamboanga Sibugay,Region IX (Zamboanga Peninsula)
21511,107.5775604,122.73750208106269,7.837500265793864,Naga,Zamboanga Sibugay,Region IX (Zamboanga Peninsula)
21512,108.7722702,122.662502079791,7.812500264946036,Naga,Zamboanga Sibugay,Region IX (Zamboanga Peninsula)
21513,108.4751816,122.68750208021488,7.812500264946036,Naga,Zamboanga Sibugay,Region IX (Zamboanga Peninsula)
21514,108.5194016,122.71250208063879,7.812500264946036,Naga,Zamboanga Sibugay,Region IX (Zamboanga Peninsula)
21515,108.9120941,122.662502079791,7.787500264098208,Naga,Zamboanga Sibugay,Region IX (Zamboanga Peninsula)
21516,108.5802383,122.68750208021488,7.787500264098208,Naga,Zamboanga Sibugay,Region IX (Zamboanga Peninsula)
21517,108.6275864,122.71250208063879,7.787500264098208,Naga,Zamboanga Sibugay,Region IX (Zamboanga Peninsula)
21518,108.6857376,122.73750208106269,7.787500264098208,Naga,Zamboanga Sibugay,Region IX (Zamboanga Peninsula)
21519,110.4377823,122.76250208148656,7.76250026325038,Naga,Zamboanga Sibugay,Region IX (Zamboanga Peninsula)
21520,122.4204025,122.78750208191045,7.38750025053296,Olutanga,Zamboanga Sibugay,Region IX (Zamboanga Peninsula)
21521,123.2376022,122.81250208233432,7.38750025053296,Olutanga,Zamboanga Sibugay,Region IX (Zamboanga Peninsula)
21522,123.6742706,122.81250208233432,7.362500249685132,Olutanga,Zamboanga Sibugay,Region IX (Zamboanga Peninsula)
21523,123.9328003,122.83750208275822,7.362500249685132,Olutanga,Zamboanga Sibugay,Region IX (Zamboanga Peninsula)
21524,122.9515457,122.81250208233432,7.337500248837304,Olutanga,Zamboanga Sibugay,Region IX (Zamboanga Peninsula)
21525,123.6020584,122.83750208275822,7.337500248837304,Olutanga,Zamboanga Sibugay,Region IX (Zamboanga Peninsula)
21526,123.1792984,122.81250208233432,7.312500247989476,Olutanga,Zamboanga Sibugay,Region IX (Zamboanga Peninsula)
21527,123.5018692,122.83750208275822,7.312500247989476,Olutanga,Zamboanga Sibugay,Region IX (Zamboanga Peninsula)
21528,123.3515015,122.8625020831821,7.312500247989476,Olutanga,Zamboanga Sibugay,Region IX (Zamboanga Peninsula)
21529,116.8560562,122.78750208191045,7.662500259859068,Payao,Zamboanga Sibugay,Region IX (Zamboanga Peninsula)
21530,117.4406281,122.81250208233432,7.662500259859068,Payao,Zamboanga Sibugay,Region IX (Zamboanga Peninsula)
21531,117.3922501,122.81250208233432,7.63750025901124,Payao,Zamboanga Sibugay,Region IX (Zamboanga Peninsula)
21532,118.1068802,122.83750208275822,7.63750025901124,Payao,Zamboanga Sibugay,Region IX (Zamboanga Peninsula)
21533,118.1818161,122.8625020831821,7.63750025901124,Payao,Zamboanga Sibugay,Region IX (Zamboanga Peninsula)
21534,118.6721726,122.887502083606,7.63750025901124,Payao,Zamboanga Sibugay,Region IX (Zamboanga Peninsula)
21535,119.3022003,122.81250208233432,7.612500258163412,Payao,Zamboanga Sibugay,Region IX (Zamboanga Peninsula)
21536,119.6874542,122.83750208275822,7.612500258163412,Payao,Zamboanga Sibugay,Region IX (Zamboanga Peninsula)
21537,120.473053,122.8625020831821,7.612500258163412,Payao,Zamboanga Sibugay,Region IX (Zamboanga Peninsula)
21538,120.6180267,122.887502083606,7.612500258163412,Payao,Zamboanga Sibugay,Region IX (Zamboanga Peninsula)
21539,120.7754211,122.91250208402988,7.612500258163412,Payao,Zamboanga Sibugay,Region IX (Zamboanga Peninsula)
21540,121.2371063,122.81250208233432,7.587500257315584,Payao,Zamboanga Sibugay,Region IX (Zamboanga Peninsula)
21541,121.6777725,122.83750208275822,7.587500257315584,Payao,Zamboanga Sibugay,Region IX (Zamboanga Peninsula)
21542,122.4639282,122.8625020831821,7.587500257315584,Payao,Zamboanga Sibugay,Region IX (Zamboanga Peninsula)
21543,122.5256805,122.887502083606,7.587500257315584,Payao,Zamboanga Sibugay,Region IX (Zamboanga Peninsula)
21544,121.9396057,122.83750208275822,7.562500256467756,Payao,Zamboanga Sibugay,Region IX (Zamboanga Peninsula)
21545,121.9990006,122.8625020831821,7.562500256467756,Payao,Zamboanga Sibugay,Region IX (Zamboanga Peninsula)
21546,122.4442902,122.887502083606,7.562500256467756,Payao,Zamboanga Sibugay,Region IX (Zamboanga Peninsula)
21547,122.5805512,122.83750208275822,7.537500255619928,Payao,Zamboanga Sibugay,Region IX (Zamboanga Peninsula)
21548,122.6403046,122.8625020831821,7.537500255619928,Payao,Zamboanga Sibugay,Region IX (Zamboanga Peninsula)
21549,122.514946,122.81250208233432,7.5125002547721,Payao,Zamboanga Sibugay,Region IX (Zamboanga Peninsula)
21550,122.949913,122.83750208275822,7.5125002547721,Payao,Zamboanga Sibugay,Region IX (Zamboanga Peninsula)
21551,121.6637802,122.78750208191045,7.487500253924272,Payao,Zamboanga Sibugay,Region IX (Zamboanga Peninsula)
21552,122.4727783,122.81250208233432,7.487500253924272,Payao,Zamboanga Sibugay,Region IX (Zamboanga Peninsula)
21553,116.4170837,122.41250207555214,7.76250026325038,Roseller Lim,Zamboanga Sibugay,Region IX (Zamboanga Peninsula)
21554,115.4429398,122.43750207597601,7.76250026325038,Roseller Lim,Zamboanga Sibugay,Region IX (Zamboanga Peninsula)
21555,118.561348,122.36250207470437,7.737500262402552,Roseller Lim,Zamboanga Sibugay,Region IX (Zamboanga Peninsula)
21556,117.7056274,122.38750207512824,7.737500262402552,Roseller Lim,Zamboanga Sibugay,Region IX (Zamboanga Peninsula)
21557,117.3976288,122.41250207555214,7.737500262402552,Roseller Lim,Zamboanga Sibugay,Region IX (Zamboanga Peninsula)
21558,116.287796,122.43750207597601,7.737500262402552,Roseller Lim,Zamboanga Sibugay,Region IX (Zamboanga Peninsula)
21559,115.8947067,122.46250207639991,7.737500262402552,Roseller Lim,Zamboanga Sibugay,Region IX (Zamboanga Peninsula)
21560,115.4217072,122.4875020768238,7.737500262402552,Roseller Lim,Zamboanga Sibugay,Region IX (Zamboanga Peninsula)
21561,117.7937622,122.36250207470437,7.712500261554724,Roseller Lim,Zamboanga Sibugay,Region IX (Zamboanga Peninsula)
21562,117.5772705,122.38750207512824,7.712500261554724,Roseller Lim,Zamboanga Sibugay,Region IX (Zamboanga Peninsula)
21563,117.3385849,122.41250207555214,7.712500261554724,Roseller Lim,Zamboanga Sibugay,Region IX (Zamboanga Peninsula)
21564,116.4074173,122.43750207597601,7.712500261554724,Roseller Lim,Zamboanga Sibugay,Region IX (Zamboanga Peninsula)
21565,115.34655,122.46250207639991,7.712500261554724,Roseller Lim,Zamboanga Sibugay,Region IX (Zamboanga Peninsula)
21566,115.2891769,122.4875020768238,7.712500261554724,Roseller Lim,Zamboanga Sibugay,Region IX (Zamboanga Peninsula)
21567,118.5881805,122.38750207512824,7.687500260706896,Roseller Lim,Zamboanga Sibugay,Region IX (Zamboanga Peninsula)
21568,118.3233566,122.41250207555214,7.687500260706896,Roseller Lim,Zamboanga Sibugay,Region IX (Zamboanga Peninsula)
21569,117.40242,122.43750207597601,7.687500260706896,Roseller Lim,Zamboanga Sibugay,Region IX (Zamboanga Peninsula)
21570,116.3542633,122.46250207639991,7.687500260706896,Roseller Lim,Zamboanga Sibugay,Region IX (Zamboanga Peninsula)
21571,116.3437424,122.4875020768238,7.687500260706896,Roseller Lim,Zamboanga Sibugay,Region IX (Zamboanga Peninsula)
21572,119.6631088,122.38750207512824,7.662500259859068,Roseller Lim,Zamboanga Sibugay,Region IX (Zamboanga Peninsula)
21573,119.2787247,122.41250207555214,7.662500259859068,Roseller Lim,Zamboanga Sibugay,Region IX (Zamboanga Peninsula)
21574,117.865593,122.43750207597601,7.662500259859068,Roseller Lim,Zamboanga Sibugay,Region IX (Zamboanga Peninsula)
21575,117.5205078,122.46250207639991,7.662500259859068,Roseller Lim,Zamboanga Sibugay,Region IX (Zamboanga Peninsula)
21576,117.4294128,122.4875020768238,7.662500259859068,Roseller Lim,Zamboanga Sibugay,Region IX (Zamboanga Peninsula)
21577,119.2506867,122.38750207512824,7.63750025901124,Roseller Lim,Zamboanga Sibugay,Region IX (Zamboanga Peninsula)
21578,117.7236099,122.43750207597601,7.63750025901124,Roseller Lim,Zamboanga Sibugay,Region IX (Zamboanga Peninsula)
21579,117.3788452,122.46250207639991,7.63750025901124,Roseller Lim,Zamboanga Sibugay,Region IX (Zamboanga Peninsula)
21580,109.7628098,122.8625020831821,7.812500264946036,Siay,Zamboanga Sibugay,Region IX (Zamboanga Peninsula)
21581,110.1046372,122.887502083606,7.812500264946036,Siay,Zamboanga Sibugay,Region IX (Zamboanga Peninsula)
21582,110.2776642,122.91250208402988,7.812500264946036,Siay,Zamboanga Sibugay,Region IX (Zamboanga Peninsula)
21583,109.9423981,122.8625020831821,7.787500264098208,Siay,Zamboanga Sibugay,Region IX (Zamboanga Peninsula)
21584,110.2428589,122.887502083606,7.787500264098208,Siay,Zamboanga Sibugay,Region IX (Zamboanga Peninsula)
21585,110.4243774,122.91250208402988,7.787500264098208,Siay,Zamboanga Sibugay,Region IX (Zamboanga Peninsula)
21586,110.4963455,122.93750208445378,7.787500264098208,Siay,Zamboanga Sibugay,Region IX (Zamboanga Peninsula)
21587,111.3038483,122.83750208275822,7.76250026325038,Siay,Zamboanga Sibugay,Region IX (Zamboanga Peninsula)
21588,111.3562164,122.8625020831821,7.76250026325038,Siay,Zamboanga Sibugay,Region IX (Zamboanga Peninsula)
21589,111.67276,122.887502083606,7.76250026325038,Siay,Zamboanga Sibugay,Region IX (Zamboanga Peninsula)
21590,111.8759918,122.91250208402988,7.76250026325038,Siay,Zamboanga Sibugay,Region IX (Zamboanga Peninsula)
21591,112.1935883,122.93750208445378,7.76250026325038,Siay,Zamboanga Sibugay,Region IX (Zamboanga Peninsula)
21592,112.4127426,122.81250208233432,7.737500262402552,Siay,Zamboanga Sibugay,Region IX (Zamboanga Peninsula)
21593,112.7892456,122.83750208275822,7.737500262402552,Siay,Zamboanga Sibugay,Region IX (Zamboanga Peninsula)
21594,112.8422775,122.8625020831821,7.737500262402552,Siay,Zamboanga Sibugay,Region IX (Zamboanga Peninsula)
21595,113.4880829,122.887502083606,7.737500262402552,Siay,Zamboanga Sibugay,Region IX (Zamboanga Peninsula)
21596,113.7011414,122.91250208402988,7.737500262402552,Siay,Zamboanga Sibugay,Region IX (Zamboanga Peninsula)
21597,113.762146,122.93750208445378,7.737500262402552,Siay,Zamboanga Sibugay,Region IX (Zamboanga Peninsula)
21598,112.3914719,122.81250208233432,7.712500261554724,Siay,Zamboanga Sibugay,Region IX (Zamboanga Peninsula)
21599,112.4929657,122.83750208275822,7.712500261554724,Siay,Zamboanga Sibugay,Region IX (Zamboanga Peninsula)
21600,113.2079163,122.8625020831821,7.712500261554724,Siay,Zamboanga Sibugay,Region IX (Zamboanga Peninsula)
21601,113.5406876,122.887502083606,7.712500261554724,Siay,Zamboanga Sibugay,Region IX (Zamboanga Peninsula)
21602,113.7426834,122.91250208402988,7.712500261554724,Siay,Zamboanga Sibugay,Region IX (Zamboanga Peninsula)
21603,113.8048935,122.93750208445378,7.712500261554724,Siay,Zamboanga Sibugay,Region IX (Zamboanga Peninsula)
21604,114.8992157,122.81250208233432,7.687500260706896,Siay,Zamboanga Sibugay,Region IX (Zamboanga Peninsula)
21605,115.107399,122.83750208275822,7.687500260706896,Siay,Zamboanga Sibugay,Region IX (Zamboanga Peninsula)
21606,115.8524017,122.8625020831821,7.687500260706896,Siay,Zamboanga Sibugay,Region IX (Zamboanga Peninsula)
21607,116.1391678,122.887502083606,7.687500260706896,Siay,Zamboanga Sibugay,Region IX (Zamboanga Peninsula)
21608,118.1427536,122.83750208275822,7.662500259859068,Siay,Zamboanga Sibugay,Region IX (Zamboanga Peninsula)
21609,118.2177048,122.8625020831821,7.662500259859068,Siay,Zamboanga Sibugay,Region IX (Zamboanga Peninsula)
21610,118.7103806,122.887502083606,7.662500259859068,Siay,Zamboanga Sibugay,Region IX (Zamboanga Peninsula)
21611,122.8312683,122.81250208233432,7.412500251380788,Talusan,Zamboanga Sibugay,Region IX (Zamboanga Peninsula)
21612,123.6152344,122.83750208275822,7.38750025053296,Talusan,Zamboanga Sibugay,Region IX (Zamboanga Peninsula)
21613,123.6004105,122.8625020831821,7.337500248837304,Talusan,Zamboanga Sibugay,Region IX (Zamboanga Peninsula)
21614,123.4685059,122.887502083606,7.337500248837304,Talusan,Zamboanga Sibugay,Region IX (Zamboanga Peninsula)
21615,106.8126602,122.58750207851936,7.912500268337348,Titay,Zamboanga Sibugay,Region IX (Zamboanga Peninsula)
21616,106.0178452,122.61250207894324,7.912500268337348,Titay,Zamboanga Sibugay,Region IX (Zamboanga Peninsula)
21617,105.9355316,122.63750207936712,7.912500268337348,Titay,Zamboanga Sibugay,Region IX (Zamboanga Peninsula)
21618,109.791359,122.5125020772477,7.88750026748952,Titay,Zamboanga Sibugay,Region IX (Zamboanga Peninsula)
21619,109.4250946,122.53750207767156,7.88750026748952,Titay,Zamboanga Sibugay,Region IX (Zamboanga Peninsula)
21620,109.3690338,122.56250207809546,7.88750026748952,Titay,Zamboanga Sibugay,Region IX (Zamboanga Peninsula)
21621,107.6267777,122.58750207851936,7.88750026748952,Titay,Zamboanga Sibugay,Region IX (Zamboanga Peninsula)
21622,106.8305359,122.61250207894324,7.88750026748952,Titay,Zamboanga Sibugay,Region IX (Zamboanga Peninsula)
21623,106.8332748,122.63750207936712,7.88750026748952,Titay,Zamboanga Sibugay,Region IX (Zamboanga Peninsula)
21624,105.9121933,122.662502079791,7.88750026748952,Titay,Zamboanga Sibugay,Region IX (Zamboanga Peninsula)
21625,112.9695435,122.41250207555214,7.862500266641692,Titay,Zamboanga Sibugay,Region IX (Zamboanga Peninsula)
21626,112.0557938,122.43750207597601,7.862500266641692,Titay,Zamboanga Sibugay,Region IX (Zamboanga Peninsula)
21627,111.0056381,122.4875020768238,7.862500266641692,Titay,Zamboanga Sibugay,Region IX (Zamboanga Peninsula)
21628,110.0574265,122.5125020772477,7.862500266641692,Titay,Zamboanga Sibugay,Region IX (Zamboanga Peninsula)
21629,110.0849152,122.53750207767156,7.862500266641692,Titay,Zamboanga Sibugay,Region IX (Zamboanga Peninsula)
21630,110.0759964,122.56250207809546,7.862500266641692,Titay,Zamboanga Sibugay,Region IX (Zamboanga Peninsula)
21631,107.8820496,122.58750207851936,7.862500266641692,Titay,Zamboanga Sibugay,Region IX (Zamboanga Peninsula)
21632,107.0518494,122.61250207894324,7.862500266641692,Titay,Zamboanga Sibugay,Region IX (Zamboanga Peninsula)
21633,107.3771286,122.63750207936712,7.862500266641692,Titay,Zamboanga Sibugay,Region IX (Zamboanga Peninsula)
21634,114.7761612,122.41250207555214,7.837500265793864,Titay,Zamboanga Sibugay,Region IX (Zamboanga Peninsula)
21635,113.0978699,122.43750207597601,7.837500265793864,Titay,Zamboanga Sibugay,Region IX (Zamboanga Peninsula)
21636,112.5355377,122.46250207639991,7.837500265793864,Titay,Zamboanga Sibugay,Region IX (Zamboanga Peninsula)
21637,112.713234,122.4875020768238,7.837500265793864,Titay,Zamboanga Sibugay,Region IX (Zamboanga Peninsula)
21638,111.7594605,122.5125020772477,7.837500265793864,Titay,Zamboanga Sibugay,Region IX (Zamboanga Peninsula)
21639,111.1635666,122.53750207767156,7.837500265793864,Titay,Zamboanga Sibugay,Region IX (Zamboanga Peninsula)
21640,111.1546631,122.56250207809546,7.837500265793864,Titay,Zamboanga Sibugay,Region IX (Zamboanga Peninsula)
21641,109.5599594,122.58750207851936,7.837500265793864,Titay,Zamboanga Sibugay,Region IX (Zamboanga Peninsula)
21642,115.4585114,122.38750207512824,7.812500264946036,Titay,Zamboanga Sibugay,Region IX (Zamboanga Peninsula)
21643,115.3886566,122.41250207555214,7.812500264946036,Titay,Zamboanga Sibugay,Region IX (Zamboanga Peninsula)
21644,114.21064,122.43750207597601,7.812500264946036,Titay,Zamboanga Sibugay,Region IX (Zamboanga Peninsula)
21645,113.4737854,122.46250207639991,7.812500264946036,Titay,Zamboanga Sibugay,Region IX (Zamboanga Peninsula)
21646,113.5009003,122.4875020768238,7.812500264946036,Titay,Zamboanga Sibugay,Region IX (Zamboanga Peninsula)
21647,112.537056,122.5125020772477,7.812500264946036,Titay,Zamboanga Sibugay,Region IX (Zamboanga Peninsula)
21648,112.0920029,122.53750207767156,7.812500264946036,Titay,Zamboanga Sibugay,Region IX (Zamboanga Peninsula)
21649,115.584137,122.41250207555214,7.787500264098208,Titay,Zamboanga Sibugay,Region IX (Zamboanga Peninsula)
21650,114.4119034,122.43750207597601,7.787500264098208,Titay,Zamboanga Sibugay,Region IX (Zamboanga Peninsula)
21651,113.632103,122.46250207639991,7.787500264098208,Titay,Zamboanga Sibugay,Region IX (Zamboanga Peninsula)
21652,113.605484,122.4875020768238,7.787500264098208,Titay,Zamboanga Sibugay,Region IX (Zamboanga Peninsula)
21653,114.9749908,122.46250207639991,7.76250026325038,Titay,Zamboanga Sibugay,Region IX (Zamboanga Peninsula)
21654,120.1262207,122.33750207428048,7.687500260706896,Tungawan,Zamboanga Sibugay,Region IX (Zamboanga Peninsula)
21655,118.7896729,122.36250207470437,7.687500260706896,Tungawan,Zamboanga Sibugay,Region IX (Zamboanga Peninsula)
21656,120.4583664,122.33750207428048,7.662500259859068,Tungawan,Zamboanga Sibugay,Region IX (Zamboanga Peninsula)
21657,120.3287964,122.36250207470437,7.662500259859068,Tungawan,Zamboanga Sibugay,Region IX (Zamboanga Peninsula)
21658,120.2780991,122.33750207428048,7.63750025901124,Tungawan,Zamboanga Sibugay,Region IX (Zamboanga Peninsula)
21659,120.1484985,122.36250207470437,7.63750025901124,Tungawan,Zamboanga Sibugay,Region IX (Zamboanga Peninsula)
21660,118.8720017,122.41250207555214,7.63750025901124,Tungawan,Zamboanga Sibugay,Region IX (Zamboanga Peninsula)
21661,121.4837647,122.3125020738566,7.612500258163412,Tungawan,Zamboanga Sibugay,Region IX (Zamboanga Peninsula)
21662,121.2947006,122.33750207428048,7.612500258163412,Tungawan,Zamboanga Sibugay,Region IX (Zamboanga Peninsula)
21663,120.0865326,122.36250207470437,7.612500258163412,Tungawan,Zamboanga Sibugay,Region IX (Zamboanga Peninsula)
21664,119.8618546,122.38750207512824,7.612500258163412,Tungawan,Zamboanga Sibugay,Region IX (Zamboanga Peninsula)
21665,119.6050797,122.41250207555214,7.612500258163412,Tungawan,Zamboanga Sibugay,Region IX (Zamboanga Peninsula)
21666,118.7903442,122.43750207597601,7.612500258163412,Tungawan,Zamboanga Sibugay,Region IX (Zamboanga Peninsula)
21667,122.0545273,122.3125020738566,7.587500257315584,Tungawan,Zamboanga Sibugay,Region IX (Zamboanga Peninsula)
21668,121.8528595,122.33750207428048,7.587500257315584,Tungawan,Zamboanga Sibugay,Region IX (Zamboanga Peninsula)
21669,120.677208,122.36250207470437,7.587500257315584,Tungawan,Zamboanga Sibugay,Region IX (Zamboanga Peninsula)
21670,120.5061646,122.38750207512824,7.587500257315584,Tungawan,Zamboanga Sibugay,Region IX (Zamboanga Peninsula)
21671,120.2863541,122.41250207555214,7.587500257315584,Tungawan,Zamboanga Sibugay,Region IX (Zamboanga Peninsula)
21672,121.8258896,122.2875020734327,7.562500256467756,Tungawan,Zamboanga Sibugay,Region IX (Zamboanga Peninsula)
21673,121.8862763,122.3125020738566,7.562500256467756,Tungawan,Zamboanga Sibugay,Region IX (Zamboanga Peninsula)
21674,121.0587845,122.33750207428048,7.562500256467756,Tungawan,Zamboanga Sibugay,Region IX (Zamboanga Peninsula)
21675,120.9833221,122.36250207470437,7.562500256467756,Tungawan,Zamboanga Sibugay,Region IX (Zamboanga Peninsula)
21676,120.4881058,122.38750207512824,7.562500256467756,Tungawan,Zamboanga Sibugay,Region IX (Zamboanga Peninsula)
21677,120.2175446,122.41250207555214,7.562500256467756,Tungawan,Zamboanga Sibugay,Region IX (Zamboanga Peninsula)
21678,119.0897141,122.43750207597601,7.562500256467756,Tungawan,Zamboanga Sibugay,Region IX (Zamboanga Peninsula)
21679,118.7770386,122.46250207639991,7.562500256467756,Tungawan,Zamboanga Sibugay,Region IX (Zamboanga Peninsula)
21680,121.4121628,122.2875020734327,7.537500255619928,Tungawan,Zamboanga Sibugay,Region IX (Zamboanga Peninsula)
21681,121.4801788,122.3125020738566,7.537500255619928,Tungawan,Zamboanga Sibugay,Region IX (Zamboanga Peninsula)
21682,121.1961441,122.33750207428048,7.537500255619928,Tungawan,Zamboanga Sibugay,Region IX (Zamboanga Peninsula)
21683,121.1204834,122.36250207470437,7.537500255619928,Tungawan,Zamboanga Sibugay,Region IX (Zamboanga Peninsula)
21684,120.6297455,122.38750207512824,7.537500255619928,Tungawan,Zamboanga Sibugay,Region IX (Zamboanga Peninsula)
21685,120.3873367,122.41250207555214,7.537500255619928,Tungawan,Zamboanga Sibugay,Region IX (Zamboanga Peninsula)
21686,119.4923706,122.43750207597601,7.537500255619928,Tungawan,Zamboanga Sibugay,Region IX (Zamboanga Peninsula)
21687,121.7131653,122.3125020738566,7.5125002547721,Tungawan,Zamboanga Sibugay,Region IX (Zamboanga Peninsula)
21688,121.6282883,122.33750207428048,7.5125002547721,Tungawan,Zamboanga Sibugay,Region IX (Zamboanga Peninsula)
21689,121.0030289,122.36250207470437,7.5125002547721,Tungawan,Zamboanga Sibugay,Region IX (Zamboanga Peninsula)
21690,120.868866,122.38750207512824,7.5125002547721,Tungawan,Zamboanga Sibugay,Region IX (Zamboanga Peninsula)
21691,120.7091446,122.41250207555214,7.5125002547721,Tungawan,Zamboanga Sibugay,Region IX (Zamboanga Peninsula)
21692,121.6303635,122.3125020738566,7.487500253924272,Tungawan,Zamboanga Sibugay,Region IX (Zamboanga Peninsula)
21693,121.552536,122.33750207428048,7.487500253924272,Tungawan,Zamboanga Sibugay,Region IX (Zamboanga Peninsula)
21694,120.9603958,122.36250207470437,7.487500253924272,Tungawan,Zamboanga Sibugay,Region IX (Zamboanga Peninsula)
21695,0.0,122.46250207639991,7.487500253924272,Tungawan,Zamboanga Sibugay,Region IX (Zamboanga Peninsula)
