unique id,value,lon,lat,municipality name,province name,region
37311,112.8485184,122.03750206919383,6.737500228489434,City of Lamitan,Basilan,Bangsamoro Autonomous Region In Muslim Mindanao (BARMM)
37312,115.0509262,122.06250206961772,6.737500228489434,City of Lamitan,Basilan,Bangsamoro Autonomous Region In Muslim Mindanao (BARMM)
37313,115.668869,122.06250206961772,6.712500227641606,City of Lamitan,Basilan,Bangsamoro Autonomous Region In Muslim Mindanao (BARMM)
37314,116.7162476,122.08750207004162,6.712500227641606,City of Lamitan,Basilan,Bangsamoro Autonomous Region In Muslim Mindanao (BARMM)
37315,116.9007034,122.11250207046548,6.712500227641606,City of Lamitan,Basilan,Bangsamoro Autonomous Region In Muslim Mindanao (BARMM)
37316,117.4381104,122.13750207088938,6.712500227641606,City of Lamitan,Basilan,Bangsamoro Autonomous Region In Muslim Mindanao (BARMM)
37317,115.9457321,122.06250206961772,6.687500226793778,City of Lamitan,Basilan,Bangsamoro Autonomous Region In Muslim Mindanao (BARMM)
37318,116.9705658,122.08750207004162,6.687500226793778,City of Lamitan,Basilan,Bangsamoro Autonomous Region In Muslim Mindanao (BARMM)
37319,117.1550674,122.11250207046548,6.687500226793778,City of Lamitan,Basilan,Bangsamoro Autonomous Region In Muslim Mindanao (BARMM)
37320,117.6402741,122.13750207088938,6.687500226793778,City of Lamitan,Basilan,Bangsamoro Autonomous Region In Muslim Mindanao (BARMM)
37321,115.3456955,122.06250206961772,6.66250022594595,City of Lamitan,Basilan,Bangsamoro Autonomous Region In Muslim Mindanao (BARMM)
37322,116.8685455,122.08750207004162,6.66250022594595,City of Lamitan,Basilan,Bangsamoro Autonomous Region In Muslim Mindanao (BARMM)
37323,117.1200638,122.11250207046548,6.66250022594595,City of Lamitan,Basilan,Bangsamoro Autonomous Region In Muslim Mindanao (BARMM)
37324,117.7386017,122.13750207088938,6.66250022594595,City of Lamitan,Basilan,Bangsamoro Autonomous Region In Muslim Mindanao (BARMM)
37325,113.5891113,122.03750206919383,6.637500225098122,City of Lamitan,Basilan,Bangsamoro Autonomous Region In Muslim Mindanao (BARMM)
37326,115.5295639,122.06250206961772,6.637500225098122,City of Lamitan,Basilan,Bangsamoro Autonomous Region In Muslim Mindanao (BARMM)
37327,117.0411072,122.08750207004162,6.637500225098122,City of Lamitan,Basilan,Bangsamoro Autonomous Region In Muslim Mindanao (BARMM)
37328,117.299263,122.11250207046548,6.637500225098122,City of Lamitan,Basilan,Bangsamoro Autonomous Region In Muslim Mindanao (BARMM)
37329,117.9332123,122.13750207088938,6.637500225098122,City of Lamitan,Basilan,Bangsamoro Autonomous Region In Muslim Mindanao (BARMM)
37330,113.5147476,122.03750206919383,6.612500224250294,City of Lamitan,Basilan,Bangsamoro Autonomous Region In Muslim Mindanao (BARMM)
37331,116.3285141,122.06250206961772,6.612500224250294,City of Lamitan,Basilan,Bangsamoro Autonomous Region In Muslim Mindanao (BARMM)
37332,117.3309326,122.08750207004162,6.612500224250294,City of Lamitan,Basilan,Bangsamoro Autonomous Region In Muslim Mindanao (BARMM)
37333,117.5291824,122.11250207046548,6.612500224250294,City of Lamitan,Basilan,Bangsamoro Autonomous Region In Muslim Mindanao (BARMM)
37334,117.9941177,122.13750207088938,6.612500224250294,City of Lamitan,Basilan,Bangsamoro Autonomous Region In Muslim Mindanao (BARMM)
37335,118.5871506,122.16250207131328,6.612500224250294,City of Lamitan,Basilan,Bangsamoro Autonomous Region In Muslim Mindanao (BARMM)
37336,116.4046936,122.06250206961772,6.587500223402466,City of Lamitan,Basilan,Bangsamoro Autonomous Region In Muslim Mindanao (BARMM)
37337,117.3965759,122.08750207004162,6.587500223402466,City of Lamitan,Basilan,Bangsamoro Autonomous Region In Muslim Mindanao (BARMM)
37338,117.6103287,122.11250207046548,6.587500223402466,City of Lamitan,Basilan,Bangsamoro Autonomous Region In Muslim Mindanao (BARMM)
37339,118.1162186,122.13750207088938,6.587500223402466,City of Lamitan,Basilan,Bangsamoro Autonomous Region In Muslim Mindanao (BARMM)
37340,118.70961,122.16250207131328,6.587500223402466,City of Lamitan,Basilan,Bangsamoro Autonomous Region In Muslim Mindanao (BARMM)
37341,117.7594605,122.08750207004162,6.562500222554638,City of Lamitan,Basilan,Bangsamoro Autonomous Region In Muslim Mindanao (BARMM)
37342,119.0777664,122.16250207131328,6.562500222554638,City of Lamitan,Basilan,Bangsamoro Autonomous Region In Muslim Mindanao (BARMM)
37343,119.0572815,122.18750207173716,6.562500222554638,City of Lamitan,Basilan,Bangsamoro Autonomous Region In Muslim Mindanao (BARMM)
37344,109.3432999,121.83750206580272,6.66250022594595,Lantawan,Basilan,Bangsamoro Autonomous Region In Muslim Mindanao (BARMM)
37345,109.6846008,121.86250206622663,6.66250022594595,Lantawan,Basilan,Bangsamoro Autonomous Region In Muslim Mindanao (BARMM)
37346,111.2983093,121.9125020670744,6.66250022594595,Lantawan,Basilan,Bangsamoro Autonomous Region In Muslim Mindanao (BARMM)
37347,108.7735443,121.81250206537884,6.637500225098122,Lantawan,Basilan,Bangsamoro Autonomous Region In Muslim Mindanao (BARMM)
37348,109.5271072,121.83750206580272,6.637500225098122,Lantawan,Basilan,Bangsamoro Autonomous Region In Muslim Mindanao (BARMM)
37349,109.8774033,121.86250206622663,6.637500225098122,Lantawan,Basilan,Bangsamoro Autonomous Region In Muslim Mindanao (BARMM)
37350,110.4638977,121.88750206665053,6.637500225098122,Lantawan,Basilan,Bangsamoro Autonomous Region In Muslim Mindanao (BARMM)
37351,111.4294128,121.9125020670744,6.637500225098122,Lantawan,Basilan,Bangsamoro Autonomous Region In Muslim Mindanao (BARMM)
37352,109.06633,121.81250206537884,6.612500224250294,Lantawan,Basilan,Bangsamoro Autonomous Region In Muslim Mindanao (BARMM)
37353,109.7659378,121.83750206580272,6.612500224250294,Lantawan,Basilan,Bangsamoro Autonomous Region In Muslim Mindanao (BARMM)
37354,110.6368637,121.86250206622663,6.612500224250294,Lantawan,Basilan,Bangsamoro Autonomous Region In Muslim Mindanao (BARMM)
37355,110.7885971,121.88750206665053,6.612500224250294,Lantawan,Basilan,Bangsamoro Autonomous Region In Muslim Mindanao (BARMM)
37356,111.6915894,121.9125020670744,6.612500224250294,Lantawan,Basilan,Bangsamoro Autonomous Region In Muslim Mindanao (BARMM)
37357,112.1488876,121.93750206749829,6.612500224250294,Lantawan,Basilan,Bangsamoro Autonomous Region In Muslim Mindanao (BARMM)
37358,109.9358292,121.83750206580272,6.587500223402466,Lantawan,Basilan,Bangsamoro Autonomous Region In Muslim Mindanao (BARMM)
37359,110.781723,121.86250206622663,6.587500223402466,Lantawan,Basilan,Bangsamoro Autonomous Region In Muslim Mindanao (BARMM)
37360,110.8811035,121.88750206665053,6.587500223402466,Lantawan,Basilan,Bangsamoro Autonomous Region In Muslim Mindanao (BARMM)
37361,111.75914,121.9125020670744,6.587500223402466,Lantawan,Basilan,Bangsamoro Autonomous Region In Muslim Mindanao (BARMM)
37362,112.2205124,121.93750206749829,6.587500223402466,Lantawan,Basilan,Bangsamoro Autonomous Region In Muslim Mindanao (BARMM)
37363,111.0956726,121.88750206665053,6.562500222554638,Maluso,Basilan,Bangsamoro Autonomous Region In Muslim Mindanao (BARMM)
37364,112.0057449,121.9125020670744,6.562500222554638,Maluso,Basilan,Bangsamoro Autonomous Region In Muslim Mindanao (BARMM)
37365,0.0,121.76250206453108,6.53750022170681,Maluso,Basilan,Bangsamoro Autonomous Region In Muslim Mindanao (BARMM)
37366,111.7078247,121.88750206665053,6.53750022170681,Maluso,Basilan,Bangsamoro Autonomous Region In Muslim Mindanao (BARMM)
37367,112.6063843,121.9125020670744,6.53750022170681,Maluso,Basilan,Bangsamoro Autonomous Region In Muslim Mindanao (BARMM)
37368,113.183754,121.93750206749829,6.53750022170681,Maluso,Basilan,Bangsamoro Autonomous Region In Muslim Mindanao (BARMM)
37369,111.8136826,121.88750206665053,6.512500220858982,Maluso,Basilan,Bangsamoro Autonomous Region In Muslim Mindanao (BARMM)
37370,112.6649399,121.9125020670744,6.512500220858982,Maluso,Basilan,Bangsamoro Autonomous Region In Muslim Mindanao (BARMM)
37371,113.0725021,121.93750206749829,6.512500220858982,Maluso,Basilan,Bangsamoro Autonomous Region In Muslim Mindanao (BARMM)
37372,113.2625198,121.9125020670744,6.487500220011154,Maluso,Basilan,Bangsamoro Autonomous Region In Muslim Mindanao (BARMM)
37373,113.6958313,121.93750206749829,6.487500220011154,Maluso,Basilan,Bangsamoro Autonomous Region In Muslim Mindanao (BARMM)
37374,113.862999,121.9125020670744,6.462500219163326,Maluso,Basilan,Bangsamoro Autonomous Region In Muslim Mindanao (BARMM)
37375,112.8927231,121.93750206749829,6.562500222554638,Sumisip,Basilan,Bangsamoro Autonomous Region In Muslim Mindanao (BARMM)
37376,112.9600525,121.96250206792216,6.562500222554638,Sumisip,Basilan,Bangsamoro Autonomous Region In Muslim Mindanao (BARMM)
37377,113.3950501,121.98750206834606,6.562500222554638,Sumisip,Basilan,Bangsamoro Autonomous Region In Muslim Mindanao (BARMM)
37378,113.6573257,122.01250206876993,6.562500222554638,Sumisip,Basilan,Bangsamoro Autonomous Region In Muslim Mindanao (BARMM)
37379,114.3164368,122.03750206919383,6.562500222554638,Sumisip,Basilan,Bangsamoro Autonomous Region In Muslim Mindanao (BARMM)
37380,116.3611908,122.06250206961772,6.562500222554638,Sumisip,Basilan,Bangsamoro Autonomous Region In Muslim Mindanao (BARMM)
37381,113.2512054,121.96250206792216,6.53750022170681,Sumisip,Basilan,Bangsamoro Autonomous Region In Muslim Mindanao (BARMM)
37382,113.8191757,121.98750206834606,6.53750022170681,Sumisip,Basilan,Bangsamoro Autonomous Region In Muslim Mindanao (BARMM)
37383,114.0740585,122.01250206876993,6.53750022170681,Sumisip,Basilan,Bangsamoro Autonomous Region In Muslim Mindanao (BARMM)
37384,114.5586472,122.03750206919383,6.53750022170681,Sumisip,Basilan,Bangsamoro Autonomous Region In Muslim Mindanao (BARMM)
37385,116.7276077,122.06250206961772,6.53750022170681,Sumisip,Basilan,Bangsamoro Autonomous Region In Muslim Mindanao (BARMM)
37386,113.7487259,121.96250206792216,6.512500220858982,Sumisip,Basilan,Bangsamoro Autonomous Region In Muslim Mindanao (BARMM)
37387,113.904953,121.98750206834606,6.512500220858982,Sumisip,Basilan,Bangsamoro Autonomous Region In Muslim Mindanao (BARMM)
37388,114.0797272,122.01250206876993,6.512500220858982,Sumisip,Basilan,Bangsamoro Autonomous Region In Muslim Mindanao (BARMM)
37389,114.2165604,122.03750206919383,6.512500220858982,Sumisip,Basilan,Bangsamoro Autonomous Region In Muslim Mindanao (BARMM)
37390,117.2580795,122.06250206961772,6.512500220858982,Sumisip,Basilan,Bangsamoro Autonomous Region In Muslim Mindanao (BARMM)
37391,114.3613815,121.96250206792216,6.487500220011154,Sumisip,Basilan,Bangsamoro Autonomous Region In Muslim Mindanao (BARMM)
37392,114.4787827,121.98750206834606,6.487500220011154,Sumisip,Basilan,Bangsamoro Autonomous Region In Muslim Mindanao (BARMM)
37393,114.6333313,122.01250206876993,6.487500220011154,Sumisip,Basilan,Bangsamoro Autonomous Region In Muslim Mindanao (BARMM)
37394,114.770195,122.03750206919383,6.487500220011154,Sumisip,Basilan,Bangsamoro Autonomous Region In Muslim Mindanao (BARMM)
37395,117.7229538,122.06250206961772,6.487500220011154,Sumisip,Basilan,Bangsamoro Autonomous Region In Muslim Mindanao (BARMM)
37396,118.8014145,122.08750207004162,6.487500220011154,Sumisip,Basilan,Bangsamoro Autonomous Region In Muslim Mindanao (BARMM)
37397,114.6587601,121.93750206749829,6.462500219163326,Sumisip,Basilan,Bangsamoro Autonomous Region In Muslim Mindanao (BARMM)
37398,114.7074738,121.96250206792216,6.462500219163326,Sumisip,Basilan,Bangsamoro Autonomous Region In Muslim Mindanao (BARMM)
37399,115.0131531,121.98750206834606,6.462500219163326,Sumisip,Basilan,Bangsamoro Autonomous Region In Muslim Mindanao (BARMM)
37400,115.2086182,122.01250206876993,6.462500219163326,Sumisip,Basilan,Bangsamoro Autonomous Region In Muslim Mindanao (BARMM)
37401,115.7711334,122.03750206919383,6.462500219163326,Sumisip,Basilan,Bangsamoro Autonomous Region In Muslim Mindanao (BARMM)
37402,117.7643662,122.06250206961772,6.462500219163326,Sumisip,Basilan,Bangsamoro Autonomous Region In Muslim Mindanao (BARMM)
37403,114.6974106,121.96250206792216,6.437500218315498,Sumisip,Basilan,Bangsamoro Autonomous Region In Muslim Mindanao (BARMM)
37404,114.7350082,121.98750206834606,6.437500218315498,Sumisip,Basilan,Bangsamoro Autonomous Region In Muslim Mindanao (BARMM)
37405,114.8981094,122.01250206876993,6.437500218315498,Sumisip,Basilan,Bangsamoro Autonomous Region In Muslim Mindanao (BARMM)
37406,115.5490799,122.03750206919383,6.437500218315498,Sumisip,Basilan,Bangsamoro Autonomous Region In Muslim Mindanao (BARMM)
37407,117.5386124,122.06250206961772,6.437500218315498,Sumisip,Basilan,Bangsamoro Autonomous Region In Muslim Mindanao (BARMM)
37408,118.4203339,122.08750207004162,6.437500218315498,Sumisip,Basilan,Bangsamoro Autonomous Region In Muslim Mindanao (BARMM)
37409,114.9064255,121.96250206792216,6.41250021746767,Sumisip,Basilan,Bangsamoro Autonomous Region In Muslim Mindanao (BARMM)
37410,114.9513931,121.98750206834606,6.41250021746767,Sumisip,Basilan,Bangsamoro Autonomous Region In Muslim Mindanao (BARMM)
37411,115.0383606,122.01250206876993,6.41250021746767,Sumisip,Basilan,Bangsamoro Autonomous Region In Muslim Mindanao (BARMM)
37412,115.1451035,122.03750206919383,6.41250021746767,Sumisip,Basilan,Bangsamoro Autonomous Region In Muslim Mindanao (BARMM)
37413,119.3328857,122.13750207088938,6.53750022170681,Tipo-Tipo,Basilan,Bangsamoro Autonomous Region In Muslim Mindanao (BARMM)
37414,119.4937897,122.16250207131328,6.53750022170681,Tipo-Tipo,Basilan,Bangsamoro Autonomous Region In Muslim Mindanao (BARMM)
37415,119.5662994,122.18750207173716,6.53750022170681,Tipo-Tipo,Basilan,Bangsamoro Autonomous Region In Muslim Mindanao (BARMM)
37416,119.059227,122.13750207088938,6.512500220858982,Tipo-Tipo,Basilan,Bangsamoro Autonomous Region In Muslim Mindanao (BARMM)
37417,119.3442841,122.13750207088938,6.487500220011154,Tipo-Tipo,Basilan,Bangsamoro Autonomous Region In Muslim Mindanao (BARMM)
37418,118.5851593,122.18750207173716,6.612500224250294,Tuburan,Basilan,Bangsamoro Autonomous Region In Muslim Mindanao (BARMM)
37419,118.6992111,122.21250207216104,6.612500224250294,Tuburan,Basilan,Bangsamoro Autonomous Region In Muslim Mindanao (BARMM)
37420,118.7309494,122.23750207258492,6.612500224250294,Tuburan,Basilan,Bangsamoro Autonomous Region In Muslim Mindanao (BARMM)
37421,118.6670761,122.18750207173716,6.587500223402466,Tuburan,Basilan,Bangsamoro Autonomous Region In Muslim Mindanao (BARMM)
37422,118.7661667,122.21250207216104,6.587500223402466,Tuburan,Basilan,Bangsamoro Autonomous Region In Muslim Mindanao (BARMM)
37423,117.933403,122.16250207131328,6.66250022594595,Akbar,Basilan,Bangsamoro Autonomous Region In Muslim Mindanao (BARMM)
37424,118.244194,122.18750207173716,6.66250022594595,Akbar,Basilan,Bangsamoro Autonomous Region In Muslim Mindanao (BARMM)
37425,118.1208115,122.16250207131328,6.637500225098122,Akbar,Basilan,Bangsamoro Autonomous Region In Muslim Mindanao (BARMM)
37426,118.3444443,122.18750207173716,6.637500225098122,Akbar,Basilan,Bangsamoro Autonomous Region In Muslim Mindanao (BARMM)
37427,118.4988937,122.21250207216104,6.637500225098122,Akbar,Basilan,Bangsamoro Autonomous Region In Muslim Mindanao (BARMM)
37428,118.4414978,122.2625020730088,6.612500224250294,Akbar,Basilan,Bangsamoro Autonomous Region In Muslim Mindanao (BARMM)
37429,119.6015472,122.16250207131328,6.512500220858982,Al-Barka,Basilan,Bangsamoro Autonomous Region In Muslim Mindanao (BARMM)
37430,119.5598908,122.18750207173716,6.512500220858982,Al-Barka,Basilan,Bangsamoro Autonomous Region In Muslim Mindanao (BARMM)
37431,119.8269043,122.16250207131328,6.487500220011154,Al-Barka,Basilan,Bangsamoro Autonomous Region In Muslim Mindanao (BARMM)
37432,119.7811356,122.18750207173716,6.487500220011154,Al-Barka,Basilan,Bangsamoro Autonomous Region In Muslim Mindanao (BARMM)
37433,119.9301453,122.13750207088938,6.462500219163326,Al-Barka,Basilan,Bangsamoro Autonomous Region In Muslim Mindanao (BARMM)
37434,119.9727097,122.16250207131328,6.462500219163326,Al-Barka,Basilan,Bangsamoro Autonomous Region In Muslim Mindanao (BARMM)
37435,120.0116653,122.18750207173716,6.462500219163326,Al-Barka,Basilan,Bangsamoro Autonomous Region In Muslim Mindanao (BARMM)
37436,119.8683167,122.21250207216104,6.462500219163326,Al-Barka,Basilan,Bangsamoro Autonomous Region In Muslim Mindanao (BARMM)
37437,118.4480133,122.21250207216104,6.66250022594595,Hadji Mohammad Ajul,Basilan,Bangsamoro Autonomous Region In Muslim Mindanao (BARMM)
37438,118.3425598,122.23750207258492,6.66250022594595,Hadji Mohammad Ajul,Basilan,Bangsamoro Autonomous Region In Muslim Mindanao (BARMM)
37439,118.3902206,122.23750207258492,6.637500225098122,Hadji Mohammad Ajul,Basilan,Bangsamoro Autonomous Region In Muslim Mindanao (BARMM)
37440,118.3768463,122.2625020730088,6.637500225098122,Hadji Mohammad Ajul,Basilan,Bangsamoro Autonomous Region In Muslim Mindanao (BARMM)
37441,118.3922501,122.2875020734327,6.637500225098122,Hadji Mohammad Ajul,Basilan,Bangsamoro Autonomous Region In Muslim Mindanao (BARMM)
37442,118.3709259,122.3125020738566,6.637500225098122,Hadji Mohammad Ajul,Basilan,Bangsamoro Autonomous Region In Muslim Mindanao (BARMM)
37443,118.4761963,122.2875020734327,6.612500224250294,Hadji Mohammad Ajul,Basilan,Bangsamoro Autonomous Region In Muslim Mindanao (BARMM)
37444,118.4403305,122.3125020738566,6.612500224250294,Hadji Mohammad Ajul,Basilan,Bangsamoro Autonomous Region In Muslim Mindanao (BARMM)
37445,118.0642471,122.11250207046548,6.562500222554638,Ungkaya Pukan,Basilan,Bangsamoro Autonomous Region In Muslim Mindanao (BARMM)
37446,118.9067154,122.13750207088938,6.562500222554638,Ungkaya Pukan,Basilan,Bangsamoro Autonomous Region In Muslim Mindanao (BARMM)
37447,118.3279953,122.08750207004162,6.53750022170681,Ungkaya Pukan,Basilan,Bangsamoro Autonomous Region In Muslim Mindanao (BARMM)
37448,118.6371384,122.11250207046548,6.53750022170681,Ungkaya Pukan,Basilan,Bangsamoro Autonomous Region In Muslim Mindanao (BARMM)
37449,118.385231,122.08750207004162,6.512500220858982,Ungkaya Pukan,Basilan,Bangsamoro Autonomous Region In Muslim Mindanao (BARMM)
37450,118.6075974,122.11250207046548,6.512500220858982,Ungkaya Pukan,Basilan,Bangsamoro Autonomous Region In Muslim Mindanao (BARMM)
37451,119.0173111,122.11250207046548,6.487500220011154,Ungkaya Pukan,Basilan,Bangsamoro Autonomous Region In Muslim Mindanao (BARMM)
37452,119.174614,122.08750207004162,6.462500219163326,Ungkaya Pukan,Basilan,Bangsamoro Autonomous Region In Muslim Mindanao (BARMM)
37453,119.4646301,122.11250207046548,6.462500219163326,Ungkaya Pukan,Basilan,Bangsamoro Autonomous Region In Muslim Mindanao (BARMM)
37454,109.7406235,121.43750205902055,6.762500229337262,Hadji Muhtamad,Basilan,Bangsamoro Autonomous Region In Muslim Mindanao (BARMM)
37455,108.8755646,121.46250205944445,6.762500229337262,Hadji Muhtamad,Basilan,Bangsamoro Autonomous Region In Muslim Mindanao (BARMM)
37456,109.0462952,121.46250205944445,6.737500228489434,Hadji Muhtamad,Basilan,Bangsamoro Autonomous Region In Muslim Mindanao (BARMM)
37457,106.9555588,121.7125020636833,6.687500226793778,Hadji Muhtamad,Basilan,Bangsamoro Autonomous Region In Muslim Mindanao (BARMM)
37458,108.0820389,121.58750206156385,6.66250022594595,Hadji Muhtamad,Basilan,Bangsamoro Autonomous Region In Muslim Mindanao (BARMM)
37459,107.9477463,121.61250206198775,6.66250022594595,Hadji Muhtamad,Basilan,Bangsamoro Autonomous Region In Muslim Mindanao (BARMM)
37460,106.9262619,121.7125020636833,6.66250022594595,Hadji Muhtamad,Basilan,Bangsamoro Autonomous Region In Muslim Mindanao (BARMM)
37461,108.9737167,121.58750206156385,6.637500225098122,Hadji Muhtamad,Basilan,Bangsamoro Autonomous Region In Muslim Mindanao (BARMM)
37462,108.8384399,121.61250206198775,6.637500225098122,Hadji Muhtamad,Basilan,Bangsamoro Autonomous Region In Muslim Mindanao (BARMM)
37463,109.271904,121.61250206198775,6.612500224250294,Hadji Muhtamad,Basilan,Bangsamoro Autonomous Region In Muslim Mindanao (BARMM)
37464,114.5620499,121.96250206792216,6.337500214924186,Tabuan-Lasa,Basilan,Bangsamoro Autonomous Region In Muslim Mindanao (BARMM)
37465,114.2497025,121.96250206792216,6.312500214076358,Tabuan-Lasa,Basilan,Bangsamoro Autonomous Region In Muslim Mindanao (BARMM)
37466,114.1180801,121.98750206834606,6.28750021322853,Tabuan-Lasa,Basilan,Bangsamoro Autonomous Region In Muslim Mindanao (BARMM)
