unique id,value,lon,lat,municipality name,province name,region
37467,83.21720123,124.11250210437646,7.912500268337348,Bacolod-Kalawi (Bacolod Grande),Lanao del Sur,Bangsamoro Autonomous Region In Muslim Mindanao (BARMM)
37468,85.03517151,124.11250210437646,7.88750026748952,Bacolod-Kalawi (Bacolod Grande),Lanao del Sur,Bangsamoro Autonomous Region In Muslim Mindanao (BARMM)
37469,85.08920288,124.13750210480033,7.88750026748952,Bacolod-Kalawi (Bacolod Grande),Lanao del Sur,Bangsamoro Autonomous Region In Muslim Mindanao (BARMM)
37470,87.10354614,124.13750210480033,7.862500266641692,Bacolod-Kalawi (Bacolod Grande),Lanao del Sur,Bangsamoro Autonomous Region In Muslim Mindanao (BARMM)
37471,106.1446533,124.11250210437646,7.562500256467756,Balabagan,Lanao del Sur,Bangsamoro Autonomous Region In Muslim Mindanao (BARMM)
37472,106.1268997,124.13750210480033,7.562500256467756,Balabagan,Lanao del Sur,Bangsamoro Autonomous Region In Muslim Mindanao (BARMM)
37473,104.0066147,124.16250210522423,7.562500256467756,Balabagan,Lanao del Sur,Bangsamoro Autonomous Region In Muslim Mindanao (BARMM)
37474,103.2294235,124.18750210564812,7.562500256467756,Balabagan,Lanao del Sur,Bangsamoro Autonomous Region In Muslim Mindanao (BARMM)
37475,108.1021729,124.11250210437646,7.537500255619928,Balabagan,Lanao del Sur,Bangsamoro Autonomous Region In Muslim Mindanao (BARMM)
37476,107.4017105,124.13750210480033,7.537500255619928,Balabagan,Lanao del Sur,Bangsamoro Autonomous Region In Muslim Mindanao (BARMM)
37477,105.8712006,124.16250210522423,7.537500255619928,Balabagan,Lanao del Sur,Bangsamoro Autonomous Region In Muslim Mindanao (BARMM)
37478,104.9723434,124.18750210564812,7.537500255619928,Balabagan,Lanao del Sur,Bangsamoro Autonomous Region In Muslim Mindanao (BARMM)
37479,109.2578812,124.13750210480033,7.5125002547721,Balabagan,Lanao del Sur,Bangsamoro Autonomous Region In Muslim Mindanao (BARMM)
37480,107.4946442,124.16250210522423,7.5125002547721,Balabagan,Lanao del Sur,Bangsamoro Autonomous Region In Muslim Mindanao (BARMM)
37481,109.4521484,124.13750210480033,7.487500253924272,Balabagan,Lanao del Sur,Bangsamoro Autonomous Region In Muslim Mindanao (BARMM)
37482,79.63224792,124.13750210480033,7.937500269185176,Balindong (Watu),Lanao del Sur,Bangsamoro Autonomous Region In Muslim Mindanao (BARMM)
37483,76.50714874,124.16250210522423,7.937500269185176,Balindong (Watu),Lanao del Sur,Bangsamoro Autonomous Region In Muslim Mindanao (BARMM)
37484,76.31053162,124.18750210564812,7.937500269185176,Balindong (Watu),Lanao del Sur,Bangsamoro Autonomous Region In Muslim Mindanao (BARMM)
37485,79.14609528,124.16250210522423,7.912500268337348,Balindong (Watu),Lanao del Sur,Bangsamoro Autonomous Region In Muslim Mindanao (BARMM)
37486,77.81335449,124.18750210564812,7.912500268337348,Balindong (Watu),Lanao del Sur,Bangsamoro Autonomous Region In Muslim Mindanao (BARMM)
37487,87.16496277,124.18750210564812,7.787500264098208,Bayang,Lanao del Sur,Bangsamoro Autonomous Region In Muslim Mindanao (BARMM)
37488,88.75035095,124.18750210564812,7.76250026325038,Bayang,Lanao del Sur,Bangsamoro Autonomous Region In Muslim Mindanao (BARMM)
37489,88.77082062,124.21250210607202,7.76250026325038,Bayang,Lanao del Sur,Bangsamoro Autonomous Region In Muslim Mindanao (BARMM)
37490,88.79350281,124.16250210522423,7.787500264098208,Binidayan,Lanao del Sur,Bangsamoro Autonomous Region In Muslim Mindanao (BARMM)
37491,75.82602692,124.48750211073477,8.037500272576487,Bubong,Lanao del Sur,Bangsamoro Autonomous Region In Muslim Mindanao (BARMM)
37492,76.38085175,124.51250211115864,8.037500272576487,Bubong,Lanao del Sur,Bangsamoro Autonomous Region In Muslim Mindanao (BARMM)
37493,76.65063477,124.53750211158254,8.037500272576487,Bubong,Lanao del Sur,Bangsamoro Autonomous Region In Muslim Mindanao (BARMM)
37494,75.28449249,124.3875021090392,8.012500271728658,Bubong,Lanao del Sur,Bangsamoro Autonomous Region In Muslim Mindanao (BARMM)
37495,75.07440186,124.4125021094631,8.012500271728658,Bubong,Lanao del Sur,Bangsamoro Autonomous Region In Muslim Mindanao (BARMM)
37496,75.43463135,124.437502109887,8.012500271728658,Bubong,Lanao del Sur,Bangsamoro Autonomous Region In Muslim Mindanao (BARMM)
37497,76.27212524,124.46250211031088,8.012500271728658,Bubong,Lanao del Sur,Bangsamoro Autonomous Region In Muslim Mindanao (BARMM)
37498,76.05418396,124.48750211073477,8.012500271728658,Bubong,Lanao del Sur,Bangsamoro Autonomous Region In Muslim Mindanao (BARMM)
37499,76.40494537,124.51250211115864,8.012500271728658,Bubong,Lanao del Sur,Bangsamoro Autonomous Region In Muslim Mindanao (BARMM)
37500,75.99789429,124.53750211158254,8.012500271728658,Bubong,Lanao del Sur,Bangsamoro Autonomous Region In Muslim Mindanao (BARMM)
37501,74.99797058,124.36250210861532,7.98750027088083,Bubong,Lanao del Sur,Bangsamoro Autonomous Region In Muslim Mindanao (BARMM)
37502,74.01535034,124.3875021090392,7.98750027088083,Bubong,Lanao del Sur,Bangsamoro Autonomous Region In Muslim Mindanao (BARMM)
37503,73.88710022,124.4125021094631,7.98750027088083,Bubong,Lanao del Sur,Bangsamoro Autonomous Region In Muslim Mindanao (BARMM)
37504,74.33041382,124.437502109887,7.98750027088083,Bubong,Lanao del Sur,Bangsamoro Autonomous Region In Muslim Mindanao (BARMM)
37505,75.67152405,124.46250211031088,7.98750027088083,Bubong,Lanao del Sur,Bangsamoro Autonomous Region In Muslim Mindanao (BARMM)
37506,75.57542419,124.48750211073477,7.98750027088083,Bubong,Lanao del Sur,Bangsamoro Autonomous Region In Muslim Mindanao (BARMM)
37507,75.82801056,124.51250211115864,7.98750027088083,Bubong,Lanao del Sur,Bangsamoro Autonomous Region In Muslim Mindanao (BARMM)
37508,74.2954483,124.437502109887,7.962500270033004,Bubong,Lanao del Sur,Bangsamoro Autonomous Region In Muslim Mindanao (BARMM)
37509,87.44967651,124.31250210776756,7.76250026325038,Butig,Lanao del Sur,Bangsamoro Autonomous Region In Muslim Mindanao (BARMM)
37510,87.72818756,124.33750210819144,7.76250026325038,Butig,Lanao del Sur,Bangsamoro Autonomous Region In Muslim Mindanao (BARMM)
37511,87.75972748,124.36250210861532,7.76250026325038,Butig,Lanao del Sur,Bangsamoro Autonomous Region In Muslim Mindanao (BARMM)
37512,86.86771393,124.3875021090392,7.76250026325038,Butig,Lanao del Sur,Bangsamoro Autonomous Region In Muslim Mindanao (BARMM)
37513,93.75006866,124.28750210734368,7.737500262402552,Butig,Lanao del Sur,Bangsamoro Autonomous Region In Muslim Mindanao (BARMM)
37514,91.67598724,124.31250210776756,7.737500262402552,Butig,Lanao del Sur,Bangsamoro Autonomous Region In Muslim Mindanao (BARMM)
37515,90.34663391,124.33750210819144,7.737500262402552,Butig,Lanao del Sur,Bangsamoro Autonomous Region In Muslim Mindanao (BARMM)
37516,90.37889862,124.36250210861532,7.737500262402552,Butig,Lanao del Sur,Bangsamoro Autonomous Region In Muslim Mindanao (BARMM)
37517,91.27540588,124.3875021090392,7.737500262402552,Butig,Lanao del Sur,Bangsamoro Autonomous Region In Muslim Mindanao (BARMM)
37518,91.15065765,124.4125021094631,7.737500262402552,Butig,Lanao del Sur,Bangsamoro Autonomous Region In Muslim Mindanao (BARMM)
37519,89.48714447,124.437502109887,7.737500262402552,Butig,Lanao del Sur,Bangsamoro Autonomous Region In Muslim Mindanao (BARMM)
37520,94.24427795,124.28750210734368,7.712500261554724,Butig,Lanao del Sur,Bangsamoro Autonomous Region In Muslim Mindanao (BARMM)
37521,92.07402802,124.31250210776756,7.712500261554724,Butig,Lanao del Sur,Bangsamoro Autonomous Region In Muslim Mindanao (BARMM)
37522,91.12275696,124.33750210819144,7.712500261554724,Butig,Lanao del Sur,Bangsamoro Autonomous Region In Muslim Mindanao (BARMM)
37523,91.58074188,124.36250210861532,7.712500261554724,Butig,Lanao del Sur,Bangsamoro Autonomous Region In Muslim Mindanao (BARMM)
37524,91.72098541,124.3875021090392,7.712500261554724,Butig,Lanao del Sur,Bangsamoro Autonomous Region In Muslim Mindanao (BARMM)
37525,91.63625336,124.4125021094631,7.712500261554724,Butig,Lanao del Sur,Bangsamoro Autonomous Region In Muslim Mindanao (BARMM)
37526,91.4031601,124.437502109887,7.712500261554724,Butig,Lanao del Sur,Bangsamoro Autonomous Region In Muslim Mindanao (BARMM)
37527,90.8453598,124.46250211031088,7.712500261554724,Butig,Lanao del Sur,Bangsamoro Autonomous Region In Muslim Mindanao (BARMM)
37528,96.57944489,124.26250210691978,7.687500260706896,Butig,Lanao del Sur,Bangsamoro Autonomous Region In Muslim Mindanao (BARMM)
37529,96.82834625,124.28750210734368,7.687500260706896,Butig,Lanao del Sur,Bangsamoro Autonomous Region In Muslim Mindanao (BARMM)
37530,95.20092773,124.31250210776756,7.687500260706896,Butig,Lanao del Sur,Bangsamoro Autonomous Region In Muslim Mindanao (BARMM)
37531,94.7115097,124.33750210819144,7.687500260706896,Butig,Lanao del Sur,Bangsamoro Autonomous Region In Muslim Mindanao (BARMM)
37532,95.19490814,124.36250210861532,7.687500260706896,Butig,Lanao del Sur,Bangsamoro Autonomous Region In Muslim Mindanao (BARMM)
37533,95.77372742,124.3875021090392,7.687500260706896,Butig,Lanao del Sur,Bangsamoro Autonomous Region In Muslim Mindanao (BARMM)
37534,95.95513916,124.4125021094631,7.687500260706896,Butig,Lanao del Sur,Bangsamoro Autonomous Region In Muslim Mindanao (BARMM)
37535,95.8900528,124.437502109887,7.687500260706896,Butig,Lanao del Sur,Bangsamoro Autonomous Region In Muslim Mindanao (BARMM)
37536,95.47853088,124.46250211031088,7.687500260706896,Butig,Lanao del Sur,Bangsamoro Autonomous Region In Muslim Mindanao (BARMM)
37537,95.61167145,124.48750211073477,7.687500260706896,Butig,Lanao del Sur,Bangsamoro Autonomous Region In Muslim Mindanao (BARMM)
37538,98.97205353,124.26250210691978,7.662500259859068,Butig,Lanao del Sur,Bangsamoro Autonomous Region In Muslim Mindanao (BARMM)
37539,99.26784515,124.28750210734368,7.662500259859068,Butig,Lanao del Sur,Bangsamoro Autonomous Region In Muslim Mindanao (BARMM)
37540,98.33420563,124.31250210776756,7.662500259859068,Butig,Lanao del Sur,Bangsamoro Autonomous Region In Muslim Mindanao (BARMM)
37541,99.21959686,124.33750210819144,7.662500259859068,Butig,Lanao del Sur,Bangsamoro Autonomous Region In Muslim Mindanao (BARMM)
37542,99.27016449,124.36250210861532,7.662500259859068,Butig,Lanao del Sur,Bangsamoro Autonomous Region In Muslim Mindanao (BARMM)
37543,99.80243683,124.3875021090392,7.662500259859068,Butig,Lanao del Sur,Bangsamoro Autonomous Region In Muslim Mindanao (BARMM)
37544,100.1813126,124.4125021094631,7.662500259859068,Butig,Lanao del Sur,Bangsamoro Autonomous Region In Muslim Mindanao (BARMM)
37545,99.88301849,124.437502109887,7.662500259859068,Butig,Lanao del Sur,Bangsamoro Autonomous Region In Muslim Mindanao (BARMM)
37546,102.0172043,124.46250211031088,7.662500259859068,Butig,Lanao del Sur,Bangsamoro Autonomous Region In Muslim Mindanao (BARMM)
37547,100.2298813,124.48750211073477,7.662500259859068,Butig,Lanao del Sur,Bangsamoro Autonomous Region In Muslim Mindanao (BARMM)
37548,99.1758194,124.26250210691978,7.63750025901124,Butig,Lanao del Sur,Bangsamoro Autonomous Region In Muslim Mindanao (BARMM)
37549,99.74327087,124.28750210734368,7.63750025901124,Butig,Lanao del Sur,Bangsamoro Autonomous Region In Muslim Mindanao (BARMM)
37550,98.79703522,124.31250210776756,7.63750025901124,Butig,Lanao del Sur,Bangsamoro Autonomous Region In Muslim Mindanao (BARMM)
37551,99.3848114,124.33750210819144,7.63750025901124,Butig,Lanao del Sur,Bangsamoro Autonomous Region In Muslim Mindanao (BARMM)
37552,99.43540955,124.36250210861532,7.63750025901124,Butig,Lanao del Sur,Bangsamoro Autonomous Region In Muslim Mindanao (BARMM)
37553,100.4763641,124.3875021090392,7.63750025901124,Butig,Lanao del Sur,Bangsamoro Autonomous Region In Muslim Mindanao (BARMM)
37554,100.8917694,124.4125021094631,7.63750025901124,Butig,Lanao del Sur,Bangsamoro Autonomous Region In Muslim Mindanao (BARMM)
37555,100.2617035,124.437502109887,7.63750025901124,Butig,Lanao del Sur,Bangsamoro Autonomous Region In Muslim Mindanao (BARMM)
37556,102.4050827,124.46250211031088,7.63750025901124,Butig,Lanao del Sur,Bangsamoro Autonomous Region In Muslim Mindanao (BARMM)
37557,101.7029877,124.48750211073477,7.63750025901124,Butig,Lanao del Sur,Bangsamoro Autonomous Region In Muslim Mindanao (BARMM)
37558,100.4713364,124.51250211115864,7.63750025901124,Butig,Lanao del Sur,Bangsamoro Autonomous Region In Muslim Mindanao (BARMM)
37559,102.1570282,124.26250210691978,7.612500258163412,Butig,Lanao del Sur,Bangsamoro Autonomous Region In Muslim Mindanao (BARMM)
37560,102.4445877,124.28750210734368,7.612500258163412,Butig,Lanao del Sur,Bangsamoro Autonomous Region In Muslim Mindanao (BARMM)
37561,101.9757004,124.31250210776756,7.612500258163412,Butig,Lanao del Sur,Bangsamoro Autonomous Region In Muslim Mindanao (BARMM)
37562,101.9915619,124.33750210819144,7.612500258163412,Butig,Lanao del Sur,Bangsamoro Autonomous Region In Muslim Mindanao (BARMM)
37563,102.7226563,124.36250210861532,7.612500258163412,Butig,Lanao del Sur,Bangsamoro Autonomous Region In Muslim Mindanao (BARMM)
37564,104.3543778,124.3875021090392,7.612500258163412,Butig,Lanao del Sur,Bangsamoro Autonomous Region In Muslim Mindanao (BARMM)
37565,105.0262222,124.4125021094631,7.612500258163412,Butig,Lanao del Sur,Bangsamoro Autonomous Region In Muslim Mindanao (BARMM)
37566,104.9577789,124.437502109887,7.612500258163412,Butig,Lanao del Sur,Bangsamoro Autonomous Region In Muslim Mindanao (BARMM)
37567,104.9950867,124.28750210734368,7.587500257315584,Butig,Lanao del Sur,Bangsamoro Autonomous Region In Muslim Mindanao (BARMM)
37568,105.1291962,124.31250210776756,7.587500257315584,Butig,Lanao del Sur,Bangsamoro Autonomous Region In Muslim Mindanao (BARMM)
37569,105.2515945,124.33750210819144,7.587500257315584,Butig,Lanao del Sur,Bangsamoro Autonomous Region In Muslim Mindanao (BARMM)
37570,104.6283798,124.28750210734368,7.562500256467756,Butig,Lanao del Sur,Bangsamoro Autonomous Region In Muslim Mindanao (BARMM)
37571,93.62101746,124.08750210395256,7.812500264946036,Ganassi,Lanao del Sur,Bangsamoro Autonomous Region In Muslim Mindanao (BARMM)
37572,92.22610474,124.11250210437646,7.812500264946036,Ganassi,Lanao del Sur,Bangsamoro Autonomous Region In Muslim Mindanao (BARMM)
37573,94.1440506,124.08750210395256,7.787500264098208,Ganassi,Lanao del Sur,Bangsamoro Autonomous Region In Muslim Mindanao (BARMM)
37574,92.76009369,124.11250210437646,7.787500264098208,Ganassi,Lanao del Sur,Bangsamoro Autonomous Region In Muslim Mindanao (BARMM)
37575,80.61637115,124.36250210861532,8.112500275119974,Kapai,Lanao del Sur,Bangsamoro Autonomous Region In Muslim Mindanao (BARMM)
37576,79.02387238,124.3875021090392,8.112500275119974,Kapai,Lanao del Sur,Bangsamoro Autonomous Region In Muslim Mindanao (BARMM)
37577,78.15924072,124.33750210819144,8.087500274272147,Kapai,Lanao del Sur,Bangsamoro Autonomous Region In Muslim Mindanao (BARMM)
37578,80.02198029,124.36250210861532,8.087500274272147,Kapai,Lanao del Sur,Bangsamoro Autonomous Region In Muslim Mindanao (BARMM)
37579,78.67414856,124.3875021090392,8.087500274272147,Kapai,Lanao del Sur,Bangsamoro Autonomous Region In Muslim Mindanao (BARMM)
37580,76.28507996,124.33750210819144,8.062500273424316,Kapai,Lanao del Sur,Bangsamoro Autonomous Region In Muslim Mindanao (BARMM)
37581,76.48458099,124.36250210861532,8.062500273424316,Kapai,Lanao del Sur,Bangsamoro Autonomous Region In Muslim Mindanao (BARMM)
37582,76.55142212,124.3875021090392,8.062500273424316,Kapai,Lanao del Sur,Bangsamoro Autonomous Region In Muslim Mindanao (BARMM)
37583,74.37728119,124.33750210819144,8.037500272576487,Kapai,Lanao del Sur,Bangsamoro Autonomous Region In Muslim Mindanao (BARMM)
37584,74.57202911,124.36250210861532,8.037500272576487,Kapai,Lanao del Sur,Bangsamoro Autonomous Region In Muslim Mindanao (BARMM)
37585,74.91340637,124.3875021090392,8.037500272576487,Kapai,Lanao del Sur,Bangsamoro Autonomous Region In Muslim Mindanao (BARMM)
37586,74.90746307,124.4125021094631,8.037500272576487,Kapai,Lanao del Sur,Bangsamoro Autonomous Region In Muslim Mindanao (BARMM)
37587,79.49727631,124.36250210861532,7.862500266641692,Lumba-Bayabao (Maguing),Lanao del Sur,Bangsamoro Autonomous Region In Muslim Mindanao (BARMM)
37588,78.56397247,124.3875021090392,7.862500266641692,Lumba-Bayabao (Maguing),Lanao del Sur,Bangsamoro Autonomous Region In Muslim Mindanao (BARMM)
37589,82.47283936,124.3875021090392,7.837500265793864,Lumba-Bayabao (Maguing),Lanao del Sur,Bangsamoro Autonomous Region In Muslim Mindanao (BARMM)
37590,82.29301453,124.4125021094631,7.837500265793864,Lumba-Bayabao (Maguing),Lanao del Sur,Bangsamoro Autonomous Region In Muslim Mindanao (BARMM)
37591,81.35720062,124.437502109887,7.837500265793864,Lumba-Bayabao (Maguing),Lanao del Sur,Bangsamoro Autonomous Region In Muslim Mindanao (BARMM)
37592,82.46881104,124.46250211031088,7.837500265793864,Lumba-Bayabao (Maguing),Lanao del Sur,Bangsamoro Autonomous Region In Muslim Mindanao (BARMM)
37593,82.71033478,124.48750211073477,7.837500265793864,Lumba-Bayabao (Maguing),Lanao del Sur,Bangsamoro Autonomous Region In Muslim Mindanao (BARMM)
37594,82.32083893,124.51250211115864,7.837500265793864,Lumba-Bayabao (Maguing),Lanao del Sur,Bangsamoro Autonomous Region In Muslim Mindanao (BARMM)
37595,82.07334137,124.53750211158254,7.837500265793864,Lumba-Bayabao (Maguing),Lanao del Sur,Bangsamoro Autonomous Region In Muslim Mindanao (BARMM)
37596,83.99449158,124.4125021094631,7.812500264946036,Lumba-Bayabao (Maguing),Lanao del Sur,Bangsamoro Autonomous Region In Muslim Mindanao (BARMM)
37597,83.89556122,124.437502109887,7.812500264946036,Lumba-Bayabao (Maguing),Lanao del Sur,Bangsamoro Autonomous Region In Muslim Mindanao (BARMM)
37598,84.09389496,124.46250211031088,7.812500264946036,Lumba-Bayabao (Maguing),Lanao del Sur,Bangsamoro Autonomous Region In Muslim Mindanao (BARMM)
37599,84.44722748,124.48750211073477,7.812500264946036,Lumba-Bayabao (Maguing),Lanao del Sur,Bangsamoro Autonomous Region In Muslim Mindanao (BARMM)
37600,84.07967377,124.51250211115864,7.812500264946036,Lumba-Bayabao (Maguing),Lanao del Sur,Bangsamoro Autonomous Region In Muslim Mindanao (BARMM)
37601,84.62809753,124.53750211158254,7.812500264946036,Lumba-Bayabao (Maguing),Lanao del Sur,Bangsamoro Autonomous Region In Muslim Mindanao (BARMM)
37602,84.50848389,124.437502109887,7.787500264098208,Lumba-Bayabao (Maguing),Lanao del Sur,Bangsamoro Autonomous Region In Muslim Mindanao (BARMM)
37603,84.63105011,124.46250211031088,7.787500264098208,Lumba-Bayabao (Maguing),Lanao del Sur,Bangsamoro Autonomous Region In Muslim Mindanao (BARMM)
37604,84.76961517,124.48750211073477,7.787500264098208,Lumba-Bayabao (Maguing),Lanao del Sur,Bangsamoro Autonomous Region In Muslim Mindanao (BARMM)
37605,84.26611328,124.51250211115864,7.787500264098208,Lumba-Bayabao (Maguing),Lanao del Sur,Bangsamoro Autonomous Region In Muslim Mindanao (BARMM)
37606,84.77537537,124.53750211158254,7.787500264098208,Lumba-Bayabao (Maguing),Lanao del Sur,Bangsamoro Autonomous Region In Muslim Mindanao (BARMM)
37607,86.75679779,124.437502109887,7.76250026325038,Lumba-Bayabao (Maguing),Lanao del Sur,Bangsamoro Autonomous Region In Muslim Mindanao (BARMM)
37608,88.15335083,124.46250211031088,7.76250026325038,Lumba-Bayabao (Maguing),Lanao del Sur,Bangsamoro Autonomous Region In Muslim Mindanao (BARMM)
37609,87.13535309,124.48750211073477,7.76250026325038,Lumba-Bayabao (Maguing),Lanao del Sur,Bangsamoro Autonomous Region In Muslim Mindanao (BARMM)
37610,86.32183838,124.51250211115864,7.76250026325038,Lumba-Bayabao (Maguing),Lanao del Sur,Bangsamoro Autonomous Region In Muslim Mindanao (BARMM)
37611,86.3290863,124.53750211158254,7.76250026325038,Lumba-Bayabao (Maguing),Lanao del Sur,Bangsamoro Autonomous Region In Muslim Mindanao (BARMM)
37612,91.08294678,124.46250211031088,7.737500262402552,Lumba-Bayabao (Maguing),Lanao del Sur,Bangsamoro Autonomous Region In Muslim Mindanao (BARMM)
37613,90.86553955,124.48750211073477,7.737500262402552,Lumba-Bayabao (Maguing),Lanao del Sur,Bangsamoro Autonomous Region In Muslim Mindanao (BARMM)
37614,89.93810272,124.51250211115864,7.737500262402552,Lumba-Bayabao (Maguing),Lanao del Sur,Bangsamoro Autonomous Region In Muslim Mindanao (BARMM)
37615,88.72054291,124.53750211158254,7.737500262402552,Lumba-Bayabao (Maguing),Lanao del Sur,Bangsamoro Autonomous Region In Muslim Mindanao (BARMM)
37616,91.11056519,124.48750211073477,7.712500261554724,Lumba-Bayabao (Maguing),Lanao del Sur,Bangsamoro Autonomous Region In Muslim Mindanao (BARMM)
37617,90.38173676,124.51250211115864,7.712500261554724,Lumba-Bayabao (Maguing),Lanao del Sur,Bangsamoro Autonomous Region In Muslim Mindanao (BARMM)
37618,94.75778198,124.51250211115864,7.687500260706896,Lumba-Bayabao (Maguing),Lanao del Sur,Bangsamoro Autonomous Region In Muslim Mindanao (BARMM)
37619,98.93720245,124.51250211115864,7.662500259859068,Lumba-Bayabao (Maguing),Lanao del Sur,Bangsamoro Autonomous Region In Muslim Mindanao (BARMM)
37620,89.89691162,124.23750210649588,7.76250026325038,Lumbatan,Lanao del Sur,Bangsamoro Autonomous Region In Muslim Mindanao (BARMM)
37621,92.12935638,124.23750210649588,7.737500262402552,Lumbatan,Lanao del Sur,Bangsamoro Autonomous Region In Muslim Mindanao (BARMM)
37622,92.62043762,124.23750210649588,7.712500261554724,Lumbatan,Lanao del Sur,Bangsamoro Autonomous Region In Muslim Mindanao (BARMM)
37623,88.36360931,124.01250210268093,7.937500269185176,Madalum,Lanao del Sur,Bangsamoro Autonomous Region In Muslim Mindanao (BARMM)
37624,85.08886719,124.0375021031048,7.937500269185176,Madalum,Lanao del Sur,Bangsamoro Autonomous Region In Muslim Mindanao (BARMM)
37625,84.93338013,124.06250210352869,7.937500269185176,Madalum,Lanao del Sur,Bangsamoro Autonomous Region In Muslim Mindanao (BARMM)
37626,83.02054596,124.08750210395256,7.937500269185176,Madalum,Lanao del Sur,Bangsamoro Autonomous Region In Muslim Mindanao (BARMM)
37627,81.57673645,124.11250210437646,7.937500269185176,Madalum,Lanao del Sur,Bangsamoro Autonomous Region In Muslim Mindanao (BARMM)
37628,87.28554535,124.06250210352869,7.912500268337348,Madalum,Lanao del Sur,Bangsamoro Autonomous Region In Muslim Mindanao (BARMM)
37629,84.59723663,124.08750210395256,7.912500268337348,Madalum,Lanao del Sur,Bangsamoro Autonomous Region In Muslim Mindanao (BARMM)
37630,86.40814209,124.08750210395256,7.88750026748952,Madalum,Lanao del Sur,Bangsamoro Autonomous Region In Muslim Mindanao (BARMM)
37631,85.91707611,124.11250210437646,7.862500266641692,Madalum,Lanao del Sur,Bangsamoro Autonomous Region In Muslim Mindanao (BARMM)
37632,89.80758667,124.01250210268093,7.912500268337348,Madamba,Lanao del Sur,Bangsamoro Autonomous Region In Muslim Mindanao (BARMM)
37633,88.67598724,124.0375021031048,7.912500268337348,Madamba,Lanao del Sur,Bangsamoro Autonomous Region In Muslim Mindanao (BARMM)
37634,92.80680847,123.98750210225703,7.88750026748952,Madamba,Lanao del Sur,Bangsamoro Autonomous Region In Muslim Mindanao (BARMM)
37635,91.36032104,124.01250210268093,7.88750026748952,Madamba,Lanao del Sur,Bangsamoro Autonomous Region In Muslim Mindanao (BARMM)
37636,90.77836609,124.0375021031048,7.88750026748952,Madamba,Lanao del Sur,Bangsamoro Autonomous Region In Muslim Mindanao (BARMM)
37637,89.43567657,124.06250210352869,7.88750026748952,Madamba,Lanao del Sur,Bangsamoro Autonomous Region In Muslim Mindanao (BARMM)
37638,93.62837219,123.98750210225703,7.862500266641692,Madamba,Lanao del Sur,Bangsamoro Autonomous Region In Muslim Mindanao (BARMM)
37639,92.19667053,124.01250210268093,7.862500266641692,Madamba,Lanao del Sur,Bangsamoro Autonomous Region In Muslim Mindanao (BARMM)
37640,92.45330048,124.0375021031048,7.862500266641692,Madamba,Lanao del Sur,Bangsamoro Autonomous Region In Muslim Mindanao (BARMM)
37641,92.37381744,124.06250210352869,7.862500266641692,Madamba,Lanao del Sur,Bangsamoro Autonomous Region In Muslim Mindanao (BARMM)
37642,87.39775085,124.08750210395256,7.862500266641692,Madamba,Lanao del Sur,Bangsamoro Autonomous Region In Muslim Mindanao (BARMM)
37643,96.55645752,124.01250210268093,7.837500265793864,Madamba,Lanao del Sur,Bangsamoro Autonomous Region In Muslim Mindanao (BARMM)
37644,94.84762573,124.06250210352869,7.837500265793864,Madamba,Lanao del Sur,Bangsamoro Autonomous Region In Muslim Mindanao (BARMM)
37645,92.34737396,124.08750210395256,7.837500265793864,Madamba,Lanao del Sur,Bangsamoro Autonomous Region In Muslim Mindanao (BARMM)
37646,90.83634186,124.11250210437646,7.837500265793864,Madamba,Lanao del Sur,Bangsamoro Autonomous Region In Muslim Mindanao (BARMM)
37647,102.9146347,124.06250210352869,7.687500260706896,Malabang,Lanao del Sur,Bangsamoro Autonomous Region In Muslim Mindanao (BARMM)
37648,104.8632278,124.06250210352869,7.662500259859068,Malabang,Lanao del Sur,Bangsamoro Autonomous Region In Muslim Mindanao (BARMM)
37649,105.1223908,124.06250210352869,7.63750025901124,Malabang,Lanao del Sur,Bangsamoro Autonomous Region In Muslim Mindanao (BARMM)
37650,102.9553757,124.08750210395256,7.63750025901124,Malabang,Lanao del Sur,Bangsamoro Autonomous Region In Muslim Mindanao (BARMM)
37651,106.6706467,124.06250210352869,7.612500258163412,Malabang,Lanao del Sur,Bangsamoro Autonomous Region In Muslim Mindanao (BARMM)
37652,104.8332443,124.08750210395256,7.612500258163412,Malabang,Lanao del Sur,Bangsamoro Autonomous Region In Muslim Mindanao (BARMM)
37653,108.1677704,124.06250210352869,7.587500257315584,Malabang,Lanao del Sur,Bangsamoro Autonomous Region In Muslim Mindanao (BARMM)
37654,106.7426376,124.08750210395256,7.587500257315584,Malabang,Lanao del Sur,Bangsamoro Autonomous Region In Muslim Mindanao (BARMM)
37655,106.0803833,124.11250210437646,7.587500257315584,Malabang,Lanao del Sur,Bangsamoro Autonomous Region In Muslim Mindanao (BARMM)
37656,106.9099655,124.08750210395256,7.562500256467756,Malabang,Lanao del Sur,Bangsamoro Autonomous Region In Muslim Mindanao (BARMM)
37657,74.26120758,124.23750210649588,7.98750027088083,Marantao,Lanao del Sur,Bangsamoro Autonomous Region In Muslim Mindanao (BARMM)
37658,75.07492828,124.26250210691978,7.98750027088083,Marantao,Lanao del Sur,Bangsamoro Autonomous Region In Muslim Mindanao (BARMM)
37659,73.13930511,124.21250210607202,7.962500270033004,Marantao,Lanao del Sur,Bangsamoro Autonomous Region In Muslim Mindanao (BARMM)
37660,73.68991089,124.23750210649588,7.962500270033004,Marantao,Lanao del Sur,Bangsamoro Autonomous Region In Muslim Mindanao (BARMM)
37661,76.18911743,124.21250210607202,7.937500269185176,Marantao,Lanao del Sur,Bangsamoro Autonomous Region In Muslim Mindanao (BARMM)
37662,76.62168121,124.31250210776756,8.062500273424316,Marawi City (Capital),Lanao del Sur,Bangsamoro Autonomous Region In Muslim Mindanao (BARMM)
37663,76.10951996,124.28750210734368,8.037500272576487,Marawi City (Capital),Lanao del Sur,Bangsamoro Autonomous Region In Muslim Mindanao (BARMM)
37664,74.55242157,124.31250210776756,8.037500272576487,Marawi City (Capital),Lanao del Sur,Bangsamoro Autonomous Region In Muslim Mindanao (BARMM)
37665,76.05233765,124.26250210691978,8.012500271728658,Marawi City (Capital),Lanao del Sur,Bangsamoro Autonomous Region In Muslim Mindanao (BARMM)
37666,76.4436264,124.28750210734368,8.012500271728658,Marawi City (Capital),Lanao del Sur,Bangsamoro Autonomous Region In Muslim Mindanao (BARMM)
37667,74.75868225,124.31250210776756,8.012500271728658,Marawi City (Capital),Lanao del Sur,Bangsamoro Autonomous Region In Muslim Mindanao (BARMM)
37668,84.92828369,124.31250210776756,7.812500264946036,Masiu,Lanao del Sur,Bangsamoro Autonomous Region In Muslim Mindanao (BARMM)
37669,83.81315613,124.33750210819144,7.812500264946036,Masiu,Lanao del Sur,Bangsamoro Autonomous Region In Muslim Mindanao (BARMM)
37670,84.64952087,124.33750210819144,7.787500264098208,Masiu,Lanao del Sur,Bangsamoro Autonomous Region In Muslim Mindanao (BARMM)
37671,85.23230743,124.36250210861532,7.787500264098208,Masiu,Lanao del Sur,Bangsamoro Autonomous Region In Muslim Mindanao (BARMM)
37672,84.72201538,124.3875021090392,7.787500264098208,Masiu,Lanao del Sur,Bangsamoro Autonomous Region In Muslim Mindanao (BARMM)
37673,84.48625183,124.4125021094631,7.787500264098208,Masiu,Lanao del Sur,Bangsamoro Autonomous Region In Muslim Mindanao (BARMM)
37674,86.66536713,124.4125021094631,7.76250026325038,Masiu,Lanao del Sur,Bangsamoro Autonomous Region In Muslim Mindanao (BARMM)
37675,76.82944489,124.36250210861532,7.912500268337348,Mulondo,Lanao del Sur,Bangsamoro Autonomous Region In Muslim Mindanao (BARMM)
37676,92.70800781,124.13750210480033,7.787500264098208,Pagayawan (Tatarikan),Lanao del Sur,Bangsamoro Autonomous Region In Muslim Mindanao (BARMM)
37677,94.24488831,124.11250210437646,7.76250026325038,Pagayawan (Tatarikan),Lanao del Sur,Bangsamoro Autonomous Region In Muslim Mindanao (BARMM)
37678,94.69007111,124.13750210480033,7.76250026325038,Pagayawan (Tatarikan),Lanao del Sur,Bangsamoro Autonomous Region In Muslim Mindanao (BARMM)
37679,96.9932785,124.11250210437646,7.737500262402552,Pagayawan (Tatarikan),Lanao del Sur,Bangsamoro Autonomous Region In Muslim Mindanao (BARMM)
37680,75.12247467,124.21250210607202,8.037500272576487,Piagapo,Lanao del Sur,Bangsamoro Autonomous Region In Muslim Mindanao (BARMM)
37681,79.53805542,124.11250210437646,8.012500271728658,Piagapo,Lanao del Sur,Bangsamoro Autonomous Region In Muslim Mindanao (BARMM)
37682,79.34633636,124.13750210480033,8.012500271728658,Piagapo,Lanao del Sur,Bangsamoro Autonomous Region In Muslim Mindanao (BARMM)
37683,76.49140167,124.16250210522423,8.012500271728658,Piagapo,Lanao del Sur,Bangsamoro Autonomous Region In Muslim Mindanao (BARMM)
37684,75.46890259,124.18750210564812,8.012500271728658,Piagapo,Lanao del Sur,Bangsamoro Autonomous Region In Muslim Mindanao (BARMM)
37685,75.37034607,124.21250210607202,8.012500271728658,Piagapo,Lanao del Sur,Bangsamoro Autonomous Region In Muslim Mindanao (BARMM)
37686,75.24032593,124.23750210649588,8.012500271728658,Piagapo,Lanao del Sur,Bangsamoro Autonomous Region In Muslim Mindanao (BARMM)
37687,78.91803741,124.13750210480033,7.98750027088083,Piagapo,Lanao del Sur,Bangsamoro Autonomous Region In Muslim Mindanao (BARMM)
37688,75.68096161,124.16250210522423,7.98750027088083,Piagapo,Lanao del Sur,Bangsamoro Autonomous Region In Muslim Mindanao (BARMM)
37689,74.38337708,124.18750210564812,7.98750027088083,Piagapo,Lanao del Sur,Bangsamoro Autonomous Region In Muslim Mindanao (BARMM)
37690,74.29079437,124.21250210607202,7.98750027088083,Piagapo,Lanao del Sur,Bangsamoro Autonomous Region In Muslim Mindanao (BARMM)
37691,78.36908722,124.11250210437646,7.962500270033004,Piagapo,Lanao del Sur,Bangsamoro Autonomous Region In Muslim Mindanao (BARMM)
37692,78.35708618,124.13750210480033,7.962500270033004,Piagapo,Lanao del Sur,Bangsamoro Autonomous Region In Muslim Mindanao (BARMM)
37693,75.2816925,124.16250210522423,7.962500270033004,Piagapo,Lanao del Sur,Bangsamoro Autonomous Region In Muslim Mindanao (BARMM)
37694,73.26046753,124.18750210564812,7.962500270033004,Piagapo,Lanao del Sur,Bangsamoro Autonomous Region In Muslim Mindanao (BARMM)
37695,81.85700989,124.33750210819144,7.837500265793864,Poona Bayabao (Gata),Lanao del Sur,Bangsamoro Autonomous Region In Muslim Mindanao (BARMM)
37696,81.92816162,124.36250210861532,7.837500265793864,Poona Bayabao (Gata),Lanao del Sur,Bangsamoro Autonomous Region In Muslim Mindanao (BARMM)
37697,84.42515564,124.36250210861532,7.812500264946036,Poona Bayabao (Gata),Lanao del Sur,Bangsamoro Autonomous Region In Muslim Mindanao (BARMM)
37698,84.16401672,124.3875021090392,7.812500264946036,Poona Bayabao (Gata),Lanao del Sur,Bangsamoro Autonomous Region In Muslim Mindanao (BARMM)
37699,94.92745209,124.0375021031048,7.837500265793864,Pualas,Lanao del Sur,Bangsamoro Autonomous Region In Muslim Mindanao (BARMM)
37700,97.08289337,124.0375021031048,7.812500264946036,Pualas,Lanao del Sur,Bangsamoro Autonomous Region In Muslim Mindanao (BARMM)
37701,96.36154175,124.06250210352869,7.812500264946036,Pualas,Lanao del Sur,Bangsamoro Autonomous Region In Muslim Mindanao (BARMM)
37702,98.22634888,124.01250210268093,7.787500264098208,Pualas,Lanao del Sur,Bangsamoro Autonomous Region In Muslim Mindanao (BARMM)
37703,97.7669754,124.0375021031048,7.787500264098208,Pualas,Lanao del Sur,Bangsamoro Autonomous Region In Muslim Mindanao (BARMM)
37704,97.07333374,124.06250210352869,7.787500264098208,Pualas,Lanao del Sur,Bangsamoro Autonomous Region In Muslim Mindanao (BARMM)
37705,74.0822525,124.33750210819144,8.012500271728658,Ditsaan-Ramain,Lanao del Sur,Bangsamoro Autonomous Region In Muslim Mindanao (BARMM)
37706,76.3717041,124.36250210861532,8.012500271728658,Ditsaan-Ramain,Lanao del Sur,Bangsamoro Autonomous Region In Muslim Mindanao (BARMM)
37707,77.12976074,124.21250210607202,8.062500273424316,Saguiaran,Lanao del Sur,Bangsamoro Autonomous Region In Muslim Mindanao (BARMM)
37708,76.38144684,124.23750210649588,8.062500273424316,Saguiaran,Lanao del Sur,Bangsamoro Autonomous Region In Muslim Mindanao (BARMM)
37709,74.78743744,124.23750210649588,8.037500272576487,Saguiaran,Lanao del Sur,Bangsamoro Autonomous Region In Muslim Mindanao (BARMM)
37710,74.84669495,124.26250210691978,8.037500272576487,Saguiaran,Lanao del Sur,Bangsamoro Autonomous Region In Muslim Mindanao (BARMM)
37711,79.42731476,124.33750210819144,7.862500266641692,Tamparan,Lanao del Sur,Bangsamoro Autonomous Region In Muslim Mindanao (BARMM)
37712,75.2625351,124.33750210819144,7.912500268337348,Taraka,Lanao del Sur,Bangsamoro Autonomous Region In Muslim Mindanao (BARMM)
37713,77.11133575,124.33750210819144,7.88750026748952,Taraka,Lanao del Sur,Bangsamoro Autonomous Region In Muslim Mindanao (BARMM)
37714,91.27479553,124.16250210522423,7.76250026325038,Tubaran,Lanao del Sur,Bangsamoro Autonomous Region In Muslim Mindanao (BARMM)
37715,96.58773804,124.13750210480033,7.737500262402552,Tubaran,Lanao del Sur,Bangsamoro Autonomous Region In Muslim Mindanao (BARMM)
37716,93.1756897,124.16250210522423,7.737500262402552,Tubaran,Lanao del Sur,Bangsamoro Autonomous Region In Muslim Mindanao (BARMM)
37717,92.22550964,124.18750210564812,7.737500262402552,Tubaran,Lanao del Sur,Bangsamoro Autonomous Region In Muslim Mindanao (BARMM)
37718,93.92023468,124.16250210522423,7.712500261554724,Tubaran,Lanao del Sur,Bangsamoro Autonomous Region In Muslim Mindanao (BARMM)
37719,92.51995087,124.18750210564812,7.712500261554724,Tubaran,Lanao del Sur,Bangsamoro Autonomous Region In Muslim Mindanao (BARMM)
37720,82.92294312,124.13750210480033,7.912500268337348,Tugaya,Lanao del Sur,Bangsamoro Autonomous Region In Muslim Mindanao (BARMM)
37721,81.22749329,124.16250210522423,7.88750026748952,Tugaya,Lanao del Sur,Bangsamoro Autonomous Region In Muslim Mindanao (BARMM)
37722,79.51667786,124.18750210564812,7.88750026748952,Tugaya,Lanao del Sur,Bangsamoro Autonomous Region In Muslim Mindanao (BARMM)
37723,87.78284454,124.66250211370196,7.737500262402552,Wao,Lanao del Sur,Bangsamoro Autonomous Region In Muslim Mindanao (BARMM)
37724,89.41854095,124.68750211412586,7.737500262402552,Wao,Lanao del Sur,Bangsamoro Autonomous Region In Muslim Mindanao (BARMM)
37725,90.27896118,124.71250211454976,7.737500262402552,Wao,Lanao del Sur,Bangsamoro Autonomous Region In Muslim Mindanao (BARMM)
37726,88.20695496,124.6375021132781,7.712500261554724,Wao,Lanao del Sur,Bangsamoro Autonomous Region In Muslim Mindanao (BARMM)
37727,88.41036987,124.66250211370196,7.712500261554724,Wao,Lanao del Sur,Bangsamoro Autonomous Region In Muslim Mindanao (BARMM)
37728,89.58107758,124.68750211412586,7.712500261554724,Wao,Lanao del Sur,Bangsamoro Autonomous Region In Muslim Mindanao (BARMM)
37729,90.29992676,124.71250211454976,7.712500261554724,Wao,Lanao del Sur,Bangsamoro Autonomous Region In Muslim Mindanao (BARMM)
37730,92.27419281,124.6375021132781,7.687500260706896,Wao,Lanao del Sur,Bangsamoro Autonomous Region In Muslim Mindanao (BARMM)
37731,92.44966888,124.66250211370196,7.687500260706896,Wao,Lanao del Sur,Bangsamoro Autonomous Region In Muslim Mindanao (BARMM)
37732,93.29216766,124.68750211412586,7.687500260706896,Wao,Lanao del Sur,Bangsamoro Autonomous Region In Muslim Mindanao (BARMM)
37733,93.8684845,124.71250211454976,7.687500260706896,Wao,Lanao del Sur,Bangsamoro Autonomous Region In Muslim Mindanao (BARMM)
37734,94.13312531,124.73750211497364,7.687500260706896,Wao,Lanao del Sur,Bangsamoro Autonomous Region In Muslim Mindanao (BARMM)
37735,96.42947388,124.6125021128542,7.662500259859068,Wao,Lanao del Sur,Bangsamoro Autonomous Region In Muslim Mindanao (BARMM)
37736,96.37727356,124.6375021132781,7.662500259859068,Wao,Lanao del Sur,Bangsamoro Autonomous Region In Muslim Mindanao (BARMM)
37737,96.36779022,124.66250211370196,7.662500259859068,Wao,Lanao del Sur,Bangsamoro Autonomous Region In Muslim Mindanao (BARMM)
37738,96.9329071,124.68750211412586,7.662500259859068,Wao,Lanao del Sur,Bangsamoro Autonomous Region In Muslim Mindanao (BARMM)
37739,97.48455811,124.71250211454976,7.662500259859068,Wao,Lanao del Sur,Bangsamoro Autonomous Region In Muslim Mindanao (BARMM)
37740,98.70285797,124.73750211497364,7.662500259859068,Wao,Lanao del Sur,Bangsamoro Autonomous Region In Muslim Mindanao (BARMM)
37741,98.47553253,124.6125021128542,7.63750025901124,Wao,Lanao del Sur,Bangsamoro Autonomous Region In Muslim Mindanao (BARMM)
37742,97.18447876,124.6375021132781,7.63750025901124,Wao,Lanao del Sur,Bangsamoro Autonomous Region In Muslim Mindanao (BARMM)
37743,97.17485809,124.66250211370196,7.63750025901124,Wao,Lanao del Sur,Bangsamoro Autonomous Region In Muslim Mindanao (BARMM)
37744,98.60408783,124.68750211412586,7.63750025901124,Wao,Lanao del Sur,Bangsamoro Autonomous Region In Muslim Mindanao (BARMM)
37745,99.10942841,124.71250211454976,7.63750025901124,Wao,Lanao del Sur,Bangsamoro Autonomous Region In Muslim Mindanao (BARMM)
37746,99.1920929,124.73750211497364,7.63750025901124,Wao,Lanao del Sur,Bangsamoro Autonomous Region In Muslim Mindanao (BARMM)
37747,99.40156555,124.76250211539752,7.63750025901124,Wao,Lanao del Sur,Bangsamoro Autonomous Region In Muslim Mindanao (BARMM)
37748,102.347374,124.6125021128542,7.612500258163412,Wao,Lanao del Sur,Bangsamoro Autonomous Region In Muslim Mindanao (BARMM)
37749,102.0051727,124.6375021132781,7.612500258163412,Wao,Lanao del Sur,Bangsamoro Autonomous Region In Muslim Mindanao (BARMM)
37750,101.7978134,124.66250211370196,7.612500258163412,Wao,Lanao del Sur,Bangsamoro Autonomous Region In Muslim Mindanao (BARMM)
37751,101.7032394,124.68750211412586,7.612500258163412,Wao,Lanao del Sur,Bangsamoro Autonomous Region In Muslim Mindanao (BARMM)
37752,101.7436218,124.71250211454976,7.612500258163412,Wao,Lanao del Sur,Bangsamoro Autonomous Region In Muslim Mindanao (BARMM)
37753,101.823494,124.73750211497364,7.612500258163412,Wao,Lanao del Sur,Bangsamoro Autonomous Region In Muslim Mindanao (BARMM)
37754,103.314682,124.76250211539752,7.612500258163412,Wao,Lanao del Sur,Bangsamoro Autonomous Region In Muslim Mindanao (BARMM)
37755,103.758461,124.7875021158214,7.612500258163412,Wao,Lanao del Sur,Bangsamoro Autonomous Region In Muslim Mindanao (BARMM)
37756,106.1541824,124.76250211539752,7.587500257315584,Wao,Lanao del Sur,Bangsamoro Autonomous Region In Muslim Mindanao (BARMM)
37757,106.399704,124.7875021158214,7.587500257315584,Wao,Lanao del Sur,Bangsamoro Autonomous Region In Muslim Mindanao (BARMM)
37758,106.7660141,124.81250211624528,7.587500257315584,Wao,Lanao del Sur,Bangsamoro Autonomous Region In Muslim Mindanao (BARMM)
37759,106.3574219,124.76250211539752,7.562500256467756,Wao,Lanao del Sur,Bangsamoro Autonomous Region In Muslim Mindanao (BARMM)
37760,106.6393127,124.7875021158214,7.562500256467756,Wao,Lanao del Sur,Bangsamoro Autonomous Region In Muslim Mindanao (BARMM)
37761,107.0691986,124.81250211624528,7.562500256467756,Wao,Lanao del Sur,Bangsamoro Autonomous Region In Muslim Mindanao (BARMM)
37762,108.8689041,124.81250211624528,7.537500255619928,Wao,Lanao del Sur,Bangsamoro Autonomous Region In Muslim Mindanao (BARMM)
37763,97.0708847,124.13750210480033,7.712500261554724,Marogong,Lanao del Sur,Bangsamoro Autonomous Region In Muslim Mindanao (BARMM)
37764,99.24693298,124.11250210437646,7.687500260706896,Marogong,Lanao del Sur,Bangsamoro Autonomous Region In Muslim Mindanao (BARMM)
37765,99.3088913,124.13750210480033,7.687500260706896,Marogong,Lanao del Sur,Bangsamoro Autonomous Region In Muslim Mindanao (BARMM)
37766,96.30770874,124.16250210522423,7.687500260706896,Marogong,Lanao del Sur,Bangsamoro Autonomous Region In Muslim Mindanao (BARMM)
37767,94.87812805,124.18750210564812,7.687500260706896,Marogong,Lanao del Sur,Bangsamoro Autonomous Region In Muslim Mindanao (BARMM)
37768,95.04551697,124.21250210607202,7.687500260706896,Marogong,Lanao del Sur,Bangsamoro Autonomous Region In Muslim Mindanao (BARMM)
37769,101.3138275,124.11250210437646,7.662500259859068,Marogong,Lanao del Sur,Bangsamoro Autonomous Region In Muslim Mindanao (BARMM)
37770,101.8790817,124.13750210480033,7.662500259859068,Marogong,Lanao del Sur,Bangsamoro Autonomous Region In Muslim Mindanao (BARMM)
37771,98.68405914,124.16250210522423,7.662500259859068,Marogong,Lanao del Sur,Bangsamoro Autonomous Region In Muslim Mindanao (BARMM)
37772,97.16267395,124.18750210564812,7.662500259859068,Marogong,Lanao del Sur,Bangsamoro Autonomous Region In Muslim Mindanao (BARMM)
37773,97.45461273,124.21250210607202,7.662500259859068,Marogong,Lanao del Sur,Bangsamoro Autonomous Region In Muslim Mindanao (BARMM)
37774,98.81826019,124.23750210649588,7.662500259859068,Marogong,Lanao del Sur,Bangsamoro Autonomous Region In Muslim Mindanao (BARMM)
37775,101.9857864,124.11250210437646,7.63750025901124,Marogong,Lanao del Sur,Bangsamoro Autonomous Region In Muslim Mindanao (BARMM)
37776,102.1570053,124.13750210480033,7.63750025901124,Marogong,Lanao del Sur,Bangsamoro Autonomous Region In Muslim Mindanao (BARMM)
37777,98.95294189,124.16250210522423,7.63750025901124,Marogong,Lanao del Sur,Bangsamoro Autonomous Region In Muslim Mindanao (BARMM)
37778,97.76172638,124.18750210564812,7.63750025901124,Marogong,Lanao del Sur,Bangsamoro Autonomous Region In Muslim Mindanao (BARMM)
37779,98.04437256,124.21250210607202,7.63750025901124,Marogong,Lanao del Sur,Bangsamoro Autonomous Region In Muslim Mindanao (BARMM)
37780,99.02201843,124.23750210649588,7.63750025901124,Marogong,Lanao del Sur,Bangsamoro Autonomous Region In Muslim Mindanao (BARMM)
37781,104.0213318,124.11250210437646,7.612500258163412,Marogong,Lanao del Sur,Bangsamoro Autonomous Region In Muslim Mindanao (BARMM)
37782,104.044014,124.13750210480033,7.612500258163412,Marogong,Lanao del Sur,Bangsamoro Autonomous Region In Muslim Mindanao (BARMM)
37783,101.6678391,124.16250210522423,7.612500258163412,Marogong,Lanao del Sur,Bangsamoro Autonomous Region In Muslim Mindanao (BARMM)
37784,100.5663147,124.18750210564812,7.612500258163412,Marogong,Lanao del Sur,Bangsamoro Autonomous Region In Muslim Mindanao (BARMM)
37785,100.7219849,124.21250210607202,7.612500258163412,Marogong,Lanao del Sur,Bangsamoro Autonomous Region In Muslim Mindanao (BARMM)
37786,100.8829651,124.23750210649588,7.612500258163412,Marogong,Lanao del Sur,Bangsamoro Autonomous Region In Muslim Mindanao (BARMM)
37787,106.0521545,124.13750210480033,7.587500257315584,Marogong,Lanao del Sur,Bangsamoro Autonomous Region In Muslim Mindanao (BARMM)
37788,104.1962738,124.16250210522423,7.587500257315584,Marogong,Lanao del Sur,Bangsamoro Autonomous Region In Muslim Mindanao (BARMM)
37789,103.3244553,124.18750210564812,7.587500257315584,Marogong,Lanao del Sur,Bangsamoro Autonomous Region In Muslim Mindanao (BARMM)
37790,103.3816834,124.21250210607202,7.587500257315584,Marogong,Lanao del Sur,Bangsamoro Autonomous Region In Muslim Mindanao (BARMM)
37791,103.3966293,124.23750210649588,7.587500257315584,Marogong,Lanao del Sur,Bangsamoro Autonomous Region In Muslim Mindanao (BARMM)
37792,104.6314392,124.26250210691978,7.587500257315584,Marogong,Lanao del Sur,Bangsamoro Autonomous Region In Muslim Mindanao (BARMM)
37793,103.2274399,124.21250210607202,7.562500256467756,Marogong,Lanao del Sur,Bangsamoro Autonomous Region In Muslim Mindanao (BARMM)
37794,103.3369141,124.26250210691978,7.562500256467756,Marogong,Lanao del Sur,Bangsamoro Autonomous Region In Muslim Mindanao (BARMM)
37795,99.60600281,124.0375021031048,7.76250026325038,Calanogas,Lanao del Sur,Bangsamoro Autonomous Region In Muslim Mindanao (BARMM)
37796,99.56375885,124.06250210352869,7.76250026325038,Calanogas,Lanao del Sur,Bangsamoro Autonomous Region In Muslim Mindanao (BARMM)
37797,95.67227936,124.08750210395256,7.76250026325038,Calanogas,Lanao del Sur,Bangsamoro Autonomous Region In Muslim Mindanao (BARMM)
37798,101.1035996,124.06250210352869,7.737500262402552,Calanogas,Lanao del Sur,Bangsamoro Autonomous Region In Muslim Mindanao (BARMM)
37799,98.3765564,124.08750210395256,7.737500262402552,Calanogas,Lanao del Sur,Bangsamoro Autonomous Region In Muslim Mindanao (BARMM)
37800,101.1507263,124.06250210352869,7.712500261554724,Calanogas,Lanao del Sur,Bangsamoro Autonomous Region In Muslim Mindanao (BARMM)
37801,98.43358612,124.08750210395256,7.712500261554724,Calanogas,Lanao del Sur,Bangsamoro Autonomous Region In Muslim Mindanao (BARMM)
37802,97.15876007,124.11250210437646,7.712500261554724,Calanogas,Lanao del Sur,Bangsamoro Autonomous Region In Muslim Mindanao (BARMM)
37803,100.3646927,124.08750210395256,7.687500260706896,Calanogas,Lanao del Sur,Bangsamoro Autonomous Region In Muslim Mindanao (BARMM)
37804,102.2803268,124.08750210395256,7.662500259859068,Calanogas,Lanao del Sur,Bangsamoro Autonomous Region In Muslim Mindanao (BARMM)
37805,72.79471588,124.36250210861532,7.962500270033004,Buadiposo-Buntong,Lanao del Sur,Bangsamoro Autonomous Region In Muslim Mindanao (BARMM)
37806,72.59189606,124.3875021090392,7.962500270033004,Buadiposo-Buntong,Lanao del Sur,Bangsamoro Autonomous Region In Muslim Mindanao (BARMM)
37807,72.72197723,124.4125021094631,7.962500270033004,Buadiposo-Buntong,Lanao del Sur,Bangsamoro Autonomous Region In Muslim Mindanao (BARMM)
37808,74.73190308,124.3875021090392,7.937500269185176,Buadiposo-Buntong,Lanao del Sur,Bangsamoro Autonomous Region In Muslim Mindanao (BARMM)
37809,74.77934265,124.4125021094631,7.937500269185176,Buadiposo-Buntong,Lanao del Sur,Bangsamoro Autonomous Region In Muslim Mindanao (BARMM)
37810,75.71279907,124.53750211158254,7.98750027088083,Maguing,Lanao del Sur,Bangsamoro Autonomous Region In Muslim Mindanao (BARMM)
37811,77.13461304,124.56250211200641,7.98750027088083,Maguing,Lanao del Sur,Bangsamoro Autonomous Region In Muslim Mindanao (BARMM)
37812,74.42028046,124.46250211031088,7.962500270033004,Maguing,Lanao del Sur,Bangsamoro Autonomous Region In Muslim Mindanao (BARMM)
37813,75.01140594,124.48750211073477,7.962500270033004,Maguing,Lanao del Sur,Bangsamoro Autonomous Region In Muslim Mindanao (BARMM)
37814,75.28045654,124.51250211115864,7.962500270033004,Maguing,Lanao del Sur,Bangsamoro Autonomous Region In Muslim Mindanao (BARMM)
37815,76.15325165,124.53750211158254,7.962500270033004,Maguing,Lanao del Sur,Bangsamoro Autonomous Region In Muslim Mindanao (BARMM)
37816,76.23744202,124.56250211200641,7.962500270033004,Maguing,Lanao del Sur,Bangsamoro Autonomous Region In Muslim Mindanao (BARMM)
37817,74.89498138,124.437502109887,7.937500269185176,Maguing,Lanao del Sur,Bangsamoro Autonomous Region In Muslim Mindanao (BARMM)
37818,75.01985931,124.46250211031088,7.937500269185176,Maguing,Lanao del Sur,Bangsamoro Autonomous Region In Muslim Mindanao (BARMM)
37819,75.76260376,124.48750211073477,7.937500269185176,Maguing,Lanao del Sur,Bangsamoro Autonomous Region In Muslim Mindanao (BARMM)
37820,75.93351746,124.51250211115864,7.937500269185176,Maguing,Lanao del Sur,Bangsamoro Autonomous Region In Muslim Mindanao (BARMM)
37821,76.10742188,124.53750211158254,7.937500269185176,Maguing,Lanao del Sur,Bangsamoro Autonomous Region In Muslim Mindanao (BARMM)
37822,76.19159698,124.56250211200641,7.937500269185176,Maguing,Lanao del Sur,Bangsamoro Autonomous Region In Muslim Mindanao (BARMM)
37823,76.5607605,124.58750211243031,7.937500269185176,Maguing,Lanao del Sur,Bangsamoro Autonomous Region In Muslim Mindanao (BARMM)
37824,76.36722565,124.3875021090392,7.912500268337348,Maguing,Lanao del Sur,Bangsamoro Autonomous Region In Muslim Mindanao (BARMM)
37825,76.30846405,124.4125021094631,7.912500268337348,Maguing,Lanao del Sur,Bangsamoro Autonomous Region In Muslim Mindanao (BARMM)
37826,76.48661804,124.437502109887,7.912500268337348,Maguing,Lanao del Sur,Bangsamoro Autonomous Region In Muslim Mindanao (BARMM)
37827,77.55883026,124.46250211031088,7.912500268337348,Maguing,Lanao del Sur,Bangsamoro Autonomous Region In Muslim Mindanao (BARMM)
37828,77.83981323,124.48750211073477,7.912500268337348,Maguing,Lanao del Sur,Bangsamoro Autonomous Region In Muslim Mindanao (BARMM)
37829,77.88319397,124.51250211115864,7.912500268337348,Maguing,Lanao del Sur,Bangsamoro Autonomous Region In Muslim Mindanao (BARMM)
37830,78.20144653,124.53750211158254,7.912500268337348,Maguing,Lanao del Sur,Bangsamoro Autonomous Region In Muslim Mindanao (BARMM)
37831,78.72117615,124.56250211200641,7.912500268337348,Maguing,Lanao del Sur,Bangsamoro Autonomous Region In Muslim Mindanao (BARMM)
37832,78.86209869,124.58750211243031,7.912500268337348,Maguing,Lanao del Sur,Bangsamoro Autonomous Region In Muslim Mindanao (BARMM)
37833,78.604599,124.36250210861532,7.88750026748952,Maguing,Lanao del Sur,Bangsamoro Autonomous Region In Muslim Mindanao (BARMM)
37834,78.07038116,124.3875021090392,7.88750026748952,Maguing,Lanao del Sur,Bangsamoro Autonomous Region In Muslim Mindanao (BARMM)
37835,77.98600769,124.4125021094631,7.88750026748952,Maguing,Lanao del Sur,Bangsamoro Autonomous Region In Muslim Mindanao (BARMM)
37836,78.21847534,124.437502109887,7.88750026748952,Maguing,Lanao del Sur,Bangsamoro Autonomous Region In Muslim Mindanao (BARMM)
37837,79.65397644,124.46250211031088,7.88750026748952,Maguing,Lanao del Sur,Bangsamoro Autonomous Region In Muslim Mindanao (BARMM)
37838,79.95871735,124.48750211073477,7.88750026748952,Maguing,Lanao del Sur,Bangsamoro Autonomous Region In Muslim Mindanao (BARMM)
37839,79.85105133,124.51250211115864,7.88750026748952,Maguing,Lanao del Sur,Bangsamoro Autonomous Region In Muslim Mindanao (BARMM)
37840,80.38497925,124.53750211158254,7.88750026748952,Maguing,Lanao del Sur,Bangsamoro Autonomous Region In Muslim Mindanao (BARMM)
37841,80.96295929,124.56250211200641,7.88750026748952,Maguing,Lanao del Sur,Bangsamoro Autonomous Region In Muslim Mindanao (BARMM)
37842,81.10210419,124.58750211243031,7.88750026748952,Maguing,Lanao del Sur,Bangsamoro Autonomous Region In Muslim Mindanao (BARMM)
37843,81.24085236,124.6125021128542,7.88750026748952,Maguing,Lanao del Sur,Bangsamoro Autonomous Region In Muslim Mindanao (BARMM)
37844,78.42393494,124.4125021094631,7.862500266641692,Maguing,Lanao del Sur,Bangsamoro Autonomous Region In Muslim Mindanao (BARMM)
37845,79.33760834,124.437502109887,7.862500266641692,Maguing,Lanao del Sur,Bangsamoro Autonomous Region In Muslim Mindanao (BARMM)
37846,80.25331116,124.46250211031088,7.862500266641692,Maguing,Lanao del Sur,Bangsamoro Autonomous Region In Muslim Mindanao (BARMM)
37847,80.1570282,124.48750211073477,7.862500266641692,Maguing,Lanao del Sur,Bangsamoro Autonomous Region In Muslim Mindanao (BARMM)
37848,79.89108276,124.51250211115864,7.862500266641692,Maguing,Lanao del Sur,Bangsamoro Autonomous Region In Muslim Mindanao (BARMM)
37849,80.42835999,124.53750211158254,7.862500266641692,Maguing,Lanao del Sur,Bangsamoro Autonomous Region In Muslim Mindanao (BARMM)
37850,99.63227844,124.01250210268093,7.76250026325038,Picong (Sultan Gumander),Lanao del Sur,Bangsamoro Autonomous Region In Muslim Mindanao (BARMM)
37851,101.8691788,124.01250210268093,7.737500262402552,Picong (Sultan Gumander),Lanao del Sur,Bangsamoro Autonomous Region In Muslim Mindanao (BARMM)
37852,101.1461945,124.0375021031048,7.737500262402552,Picong (Sultan Gumander),Lanao del Sur,Bangsamoro Autonomous Region In Muslim Mindanao (BARMM)
37853,107.3624802,123.8625021001376,7.712500261554724,Picong (Sultan Gumander),Lanao del Sur,Bangsamoro Autonomous Region In Muslim Mindanao (BARMM)
37854,107.1714249,123.88750210056148,7.712500261554724,Picong (Sultan Gumander),Lanao del Sur,Bangsamoro Autonomous Region In Muslim Mindanao (BARMM)
37855,106.9067764,123.91250210098536,7.712500261554724,Picong (Sultan Gumander),Lanao del Sur,Bangsamoro Autonomous Region In Muslim Mindanao (BARMM)
37856,104.7410431,123.93750210140924,7.712500261554724,Picong (Sultan Gumander),Lanao del Sur,Bangsamoro Autonomous Region In Muslim Mindanao (BARMM)
37857,103.0047379,123.96250210183312,7.712500261554724,Picong (Sultan Gumander),Lanao del Sur,Bangsamoro Autonomous Region In Muslim Mindanao (BARMM)
37858,102.9670487,123.98750210225703,7.712500261554724,Picong (Sultan Gumander),Lanao del Sur,Bangsamoro Autonomous Region In Muslim Mindanao (BARMM)
37859,101.8885498,124.01250210268093,7.712500261554724,Picong (Sultan Gumander),Lanao del Sur,Bangsamoro Autonomous Region In Muslim Mindanao (BARMM)
37860,101.3803024,124.0375021031048,7.712500261554724,Picong (Sultan Gumander),Lanao del Sur,Bangsamoro Autonomous Region In Muslim Mindanao (BARMM)
37861,106.1578598,123.93750210140924,7.687500260706896,Picong (Sultan Gumander),Lanao del Sur,Bangsamoro Autonomous Region In Muslim Mindanao (BARMM)
37862,104.6536636,123.96250210183312,7.687500260706896,Picong (Sultan Gumander),Lanao del Sur,Bangsamoro Autonomous Region In Muslim Mindanao (BARMM)
37863,104.576683,123.98750210225703,7.687500260706896,Picong (Sultan Gumander),Lanao del Sur,Bangsamoro Autonomous Region In Muslim Mindanao (BARMM)
37864,103.5874252,124.01250210268093,7.687500260706896,Picong (Sultan Gumander),Lanao del Sur,Bangsamoro Autonomous Region In Muslim Mindanao (BARMM)
37865,103.1129913,124.0375021031048,7.687500260706896,Picong (Sultan Gumander),Lanao del Sur,Bangsamoro Autonomous Region In Muslim Mindanao (BARMM)
37866,106.1953888,123.98750210225703,7.662500259859068,Picong (Sultan Gumander),Lanao del Sur,Bangsamoro Autonomous Region In Muslim Mindanao (BARMM)
37867,105.2698898,124.01250210268093,7.662500259859068,Picong (Sultan Gumander),Lanao del Sur,Bangsamoro Autonomous Region In Muslim Mindanao (BARMM)
37868,104.8570938,124.0375021031048,7.662500259859068,Picong (Sultan Gumander),Lanao del Sur,Bangsamoro Autonomous Region In Muslim Mindanao (BARMM)
37869,105.1162033,124.0375021031048,7.63750025901124,Picong (Sultan Gumander),Lanao del Sur,Bangsamoro Autonomous Region In Muslim Mindanao (BARMM)
37870,88.04213715,124.28750210734368,7.787500264098208,Lumbayanague,Lanao del Sur,Bangsamoro Autonomous Region In Muslim Mindanao (BARMM)
37871,85.55883026,124.31250210776756,7.787500264098208,Lumbayanague,Lanao del Sur,Bangsamoro Autonomous Region In Muslim Mindanao (BARMM)
37872,89.96798706,124.26250210691978,7.76250026325038,Lumbayanague,Lanao del Sur,Bangsamoro Autonomous Region In Muslim Mindanao (BARMM)
37873,89.65537262,124.28750210734368,7.76250026325038,Lumbayanague,Lanao del Sur,Bangsamoro Autonomous Region In Muslim Mindanao (BARMM)
37874,80.66759491,124.56250211200641,7.862500266641692,Amai Manabilang (Bumbaran),Lanao del Sur,Bangsamoro Autonomous Region In Muslim Mindanao (BARMM)
37875,80.96949005,124.58750211243031,7.862500266641692,Amai Manabilang (Bumbaran),Lanao del Sur,Bangsamoro Autonomous Region In Muslim Mindanao (BARMM)
37876,81.10882568,124.6125021128542,7.862500266641692,Amai Manabilang (Bumbaran),Lanao del Sur,Bangsamoro Autonomous Region In Muslim Mindanao (BARMM)
37877,82.37321472,124.56250211200641,7.837500265793864,Amai Manabilang (Bumbaran),Lanao del Sur,Bangsamoro Autonomous Region In Muslim Mindanao (BARMM)
37878,82.19237518,124.58750211243031,7.837500265793864,Amai Manabilang (Bumbaran),Lanao del Sur,Bangsamoro Autonomous Region In Muslim Mindanao (BARMM)
37879,82.27341461,124.6125021128542,7.837500265793864,Amai Manabilang (Bumbaran),Lanao del Sur,Bangsamoro Autonomous Region In Muslim Mindanao (BARMM)
37880,82.66104889,124.6375021132781,7.837500265793864,Amai Manabilang (Bumbaran),Lanao del Sur,Bangsamoro Autonomous Region In Muslim Mindanao (BARMM)
37881,83.88577271,124.56250211200641,7.812500264946036,Amai Manabilang (Bumbaran),Lanao del Sur,Bangsamoro Autonomous Region In Muslim Mindanao (BARMM)
37882,83.89185333,124.58750211243031,7.812500264946036,Amai Manabilang (Bumbaran),Lanao del Sur,Bangsamoro Autonomous Region In Muslim Mindanao (BARMM)
37883,83.903862,124.6125021128542,7.812500264946036,Amai Manabilang (Bumbaran),Lanao del Sur,Bangsamoro Autonomous Region In Muslim Mindanao (BARMM)
37884,83.92817688,124.6375021132781,7.812500264946036,Amai Manabilang (Bumbaran),Lanao del Sur,Bangsamoro Autonomous Region In Muslim Mindanao (BARMM)
37885,84.64782715,124.66250211370196,7.812500264946036,Amai Manabilang (Bumbaran),Lanao del Sur,Bangsamoro Autonomous Region In Muslim Mindanao (BARMM)
37886,83.93878174,124.56250211200641,7.787500264098208,Amai Manabilang (Bumbaran),Lanao del Sur,Bangsamoro Autonomous Region In Muslim Mindanao (BARMM)
37887,83.88210297,124.58750211243031,7.787500264098208,Amai Manabilang (Bumbaran),Lanao del Sur,Bangsamoro Autonomous Region In Muslim Mindanao (BARMM)
37888,83.80916595,124.6125021128542,7.787500264098208,Amai Manabilang (Bumbaran),Lanao del Sur,Bangsamoro Autonomous Region In Muslim Mindanao (BARMM)
37889,83.73425293,124.6375021132781,7.787500264098208,Amai Manabilang (Bumbaran),Lanao del Sur,Bangsamoro Autonomous Region In Muslim Mindanao (BARMM)
37890,84.42251587,124.66250211370196,7.787500264098208,Amai Manabilang (Bumbaran),Lanao del Sur,Bangsamoro Autonomous Region In Muslim Mindanao (BARMM)
37891,85.55341339,124.68750211412586,7.787500264098208,Amai Manabilang (Bumbaran),Lanao del Sur,Bangsamoro Autonomous Region In Muslim Mindanao (BARMM)
37892,86.5873642,124.56250211200641,7.76250026325038,Amai Manabilang (Bumbaran),Lanao del Sur,Bangsamoro Autonomous Region In Muslim Mindanao (BARMM)
37893,85.93767548,124.58750211243031,7.76250026325038,Amai Manabilang (Bumbaran),Lanao del Sur,Bangsamoro Autonomous Region In Muslim Mindanao (BARMM)
37894,85.76757813,124.6125021128542,7.76250026325038,Amai Manabilang (Bumbaran),Lanao del Sur,Bangsamoro Autonomous Region In Muslim Mindanao (BARMM)
37895,85.71937561,124.6375021132781,7.76250026325038,Amai Manabilang (Bumbaran),Lanao del Sur,Bangsamoro Autonomous Region In Muslim Mindanao (BARMM)
37896,85.75907898,124.66250211370196,7.76250026325038,Amai Manabilang (Bumbaran),Lanao del Sur,Bangsamoro Autonomous Region In Muslim Mindanao (BARMM)
37897,87.45330048,124.68750211412586,7.76250026325038,Amai Manabilang (Bumbaran),Lanao del Sur,Bangsamoro Autonomous Region In Muslim Mindanao (BARMM)
37898,89.00888062,124.56250211200641,7.737500262402552,Amai Manabilang (Bumbaran),Lanao del Sur,Bangsamoro Autonomous Region In Muslim Mindanao (BARMM)
37899,88.43637848,124.58750211243031,7.737500262402552,Amai Manabilang (Bumbaran),Lanao del Sur,Bangsamoro Autonomous Region In Muslim Mindanao (BARMM)
37900,88.20467377,124.6125021128542,7.737500262402552,Amai Manabilang (Bumbaran),Lanao del Sur,Bangsamoro Autonomous Region In Muslim Mindanao (BARMM)
37901,87.74219513,124.6375021132781,7.737500262402552,Amai Manabilang (Bumbaran),Lanao del Sur,Bangsamoro Autonomous Region In Muslim Mindanao (BARMM)
37902,90.76687622,124.53750211158254,7.712500261554724,Amai Manabilang (Bumbaran),Lanao del Sur,Bangsamoro Autonomous Region In Muslim Mindanao (BARMM)
37903,88.72880554,124.56250211200641,7.712500261554724,Amai Manabilang (Bumbaran),Lanao del Sur,Bangsamoro Autonomous Region In Muslim Mindanao (BARMM)
37904,88.60634613,124.58750211243031,7.712500261554724,Amai Manabilang (Bumbaran),Lanao del Sur,Bangsamoro Autonomous Region In Muslim Mindanao (BARMM)
37905,88.40789795,124.6125021128542,7.712500261554724,Amai Manabilang (Bumbaran),Lanao del Sur,Bangsamoro Autonomous Region In Muslim Mindanao (BARMM)
37906,95.18092346,124.53750211158254,7.687500260706896,Amai Manabilang (Bumbaran),Lanao del Sur,Bangsamoro Autonomous Region In Muslim Mindanao (BARMM)
37907,92.97312927,124.56250211200641,7.687500260706896,Amai Manabilang (Bumbaran),Lanao del Sur,Bangsamoro Autonomous Region In Muslim Mindanao (BARMM)
37908,92.71271515,124.58750211243031,7.687500260706896,Amai Manabilang (Bumbaran),Lanao del Sur,Bangsamoro Autonomous Region In Muslim Mindanao (BARMM)
37909,92.45253754,124.6125021128542,7.687500260706896,Amai Manabilang (Bumbaran),Lanao del Sur,Bangsamoro Autonomous Region In Muslim Mindanao (BARMM)
37910,98.41402435,124.53750211158254,7.662500259859068,Amai Manabilang (Bumbaran),Lanao del Sur,Bangsamoro Autonomous Region In Muslim Mindanao (BARMM)
37911,98.60446167,124.56250211200641,7.662500259859068,Amai Manabilang (Bumbaran),Lanao del Sur,Bangsamoro Autonomous Region In Muslim Mindanao (BARMM)
37912,96.84322357,124.58750211243031,7.662500259859068,Amai Manabilang (Bumbaran),Lanao del Sur,Bangsamoro Autonomous Region In Muslim Mindanao (BARMM)
37913,99.21633911,124.53750211158254,7.63750025901124,Amai Manabilang (Bumbaran),Lanao del Sur,Bangsamoro Autonomous Region In Muslim Mindanao (BARMM)
37914,99.41078186,124.56250211200641,7.63750025901124,Amai Manabilang (Bumbaran),Lanao del Sur,Bangsamoro Autonomous Region In Muslim Mindanao (BARMM)
37915,98.88925171,124.58750211243031,7.63750025901124,Amai Manabilang (Bumbaran),Lanao del Sur,Bangsamoro Autonomous Region In Muslim Mindanao (BARMM)
37916,102.6272202,124.58750211243031,7.612500258163412,Amai Manabilang (Bumbaran),Lanao del Sur,Bangsamoro Autonomous Region In Muslim Mindanao (BARMM)
37917,81.62154388,124.3875021090392,8.137500275967804,Tagoloan II,Lanao del Sur,Bangsamoro Autonomous Region In Muslim Mindanao (BARMM)
37918,81.12072754,124.4125021094631,8.137500275967804,Tagoloan II,Lanao del Sur,Bangsamoro Autonomous Region In Muslim Mindanao (BARMM)
37919,80.18980408,124.46250211031088,8.137500275967804,Tagoloan II,Lanao del Sur,Bangsamoro Autonomous Region In Muslim Mindanao (BARMM)
37920,79.94839478,124.48750211073477,8.137500275967804,Tagoloan II,Lanao del Sur,Bangsamoro Autonomous Region In Muslim Mindanao (BARMM)
37921,78.50449371,124.4125021094631,8.112500275119974,Tagoloan II,Lanao del Sur,Bangsamoro Autonomous Region In Muslim Mindanao (BARMM)
37922,78.77781677,124.437502109887,8.112500275119974,Tagoloan II,Lanao del Sur,Bangsamoro Autonomous Region In Muslim Mindanao (BARMM)
37923,78.55459595,124.46250211031088,8.112500275119974,Tagoloan II,Lanao del Sur,Bangsamoro Autonomous Region In Muslim Mindanao (BARMM)
37924,77.93753815,124.48750211073477,8.112500275119974,Tagoloan II,Lanao del Sur,Bangsamoro Autonomous Region In Muslim Mindanao (BARMM)
37925,78.17636871,124.51250211115864,8.112500275119974,Tagoloan II,Lanao del Sur,Bangsamoro Autonomous Region In Muslim Mindanao (BARMM)
37926,78.29784393,124.4125021094631,8.087500274272147,Tagoloan II,Lanao del Sur,Bangsamoro Autonomous Region In Muslim Mindanao (BARMM)
37927,78.60764313,124.437502109887,8.087500274272147,Tagoloan II,Lanao del Sur,Bangsamoro Autonomous Region In Muslim Mindanao (BARMM)
37928,78.49491119,124.46250211031088,8.087500274272147,Tagoloan II,Lanao del Sur,Bangsamoro Autonomous Region In Muslim Mindanao (BARMM)
37929,77.9588089,124.48750211073477,8.087500274272147,Tagoloan II,Lanao del Sur,Bangsamoro Autonomous Region In Muslim Mindanao (BARMM)
37930,78.31027985,124.51250211115864,8.087500274272147,Tagoloan II,Lanao del Sur,Bangsamoro Autonomous Region In Muslim Mindanao (BARMM)
37931,77.62229156,124.53750211158254,8.087500274272147,Tagoloan II,Lanao del Sur,Bangsamoro Autonomous Region In Muslim Mindanao (BARMM)
37932,76.47166443,124.4125021094631,8.062500273424316,Tagoloan II,Lanao del Sur,Bangsamoro Autonomous Region In Muslim Mindanao (BARMM)
37933,77.41843414,124.437502109887,8.062500273424316,Tagoloan II,Lanao del Sur,Bangsamoro Autonomous Region In Muslim Mindanao (BARMM)
37934,76.14402008,124.46250211031088,8.062500273424316,Tagoloan II,Lanao del Sur,Bangsamoro Autonomous Region In Muslim Mindanao (BARMM)
37935,76.59312439,124.48750211073477,8.062500273424316,Tagoloan II,Lanao del Sur,Bangsamoro Autonomous Region In Muslim Mindanao (BARMM)
37936,77.15233612,124.51250211115864,8.062500273424316,Tagoloan II,Lanao del Sur,Bangsamoro Autonomous Region In Muslim Mindanao (BARMM)
37937,77.60237122,124.53750211158254,8.062500273424316,Tagoloan II,Lanao del Sur,Bangsamoro Autonomous Region In Muslim Mindanao (BARMM)
37938,75.8753891,124.437502109887,8.037500272576487,Tagoloan II,Lanao del Sur,Bangsamoro Autonomous Region In Muslim Mindanao (BARMM)
37939,74.9048996,124.46250211031088,8.037500272576487,Tagoloan II,Lanao del Sur,Bangsamoro Autonomous Region In Muslim Mindanao (BARMM)
37940,103.2798538,124.23750210649588,7.562500256467756,Kapatagan,Lanao del Sur,Bangsamoro Autonomous Region In Muslim Mindanao (BARMM)
37941,104.8981628,124.21250210607202,7.537500255619928,Kapatagan,Lanao del Sur,Bangsamoro Autonomous Region In Muslim Mindanao (BARMM)
37942,104.9407272,124.23750210649588,7.537500255619928,Kapatagan,Lanao del Sur,Bangsamoro Autonomous Region In Muslim Mindanao (BARMM)
37943,107.0193634,124.18750210564812,7.5125002547721,Kapatagan,Lanao del Sur,Bangsamoro Autonomous Region In Muslim Mindanao (BARMM)
37944,106.9229965,124.21250210607202,7.5125002547721,Kapatagan,Lanao del Sur,Bangsamoro Autonomous Region In Muslim Mindanao (BARMM)
37945,107.6348724,124.16250210522423,7.487500253924272,Kapatagan,Lanao del Sur,Bangsamoro Autonomous Region In Muslim Mindanao (BARMM)
37946,107.081337,124.18750210564812,7.487500253924272,Kapatagan,Lanao del Sur,Bangsamoro Autonomous Region In Muslim Mindanao (BARMM)
37947,109.4946213,124.16250210522423,7.462500253076444,Kapatagan,Lanao del Sur,Bangsamoro Autonomous Region In Muslim Mindanao (BARMM)
37948,108.5699997,124.18750210564812,7.462500253076444,Kapatagan,Lanao del Sur,Bangsamoro Autonomous Region In Muslim Mindanao (BARMM)
37949,111.1935806,124.16250210522423,7.437500252228616,Kapatagan,Lanao del Sur,Bangsamoro Autonomous Region In Muslim Mindanao (BARMM)
37950,110.9848785,124.18750210564812,7.437500252228616,Kapatagan,Lanao del Sur,Bangsamoro Autonomous Region In Muslim Mindanao (BARMM)
37951,92.20131683,124.26250210691978,7.737500262402552,Sultan Dumalondong,Lanao del Sur,Bangsamoro Autonomous Region In Muslim Mindanao (BARMM)
37952,93.86306,124.26250210691978,7.712500261554724,Sultan Dumalondong,Lanao del Sur,Bangsamoro Autonomous Region In Muslim Mindanao (BARMM)
37953,95.25471497,124.23750210649588,7.687500260706896,Sultan Dumalondong,Lanao del Sur,Bangsamoro Autonomous Region In Muslim Mindanao (BARMM)
37954,92.29615021,124.21250210607202,7.737500262402552,Lumbaca-Unayan,Lanao del Sur,Bangsamoro Autonomous Region In Muslim Mindanao (BARMM)
37955,92.61233521,124.21250210607202,7.712500261554724,Lumbaca-Unayan,Lanao del Sur,Bangsamoro Autonomous Region In Muslim Mindanao (BARMM)
