unique id,value,lon,lat,municipality name,province name,region
38285,105.1508713,124.46250211031088,7.612500258163412,Buldon,Maguindanao del Norte,Bangsamoro Autonomous Region In Muslim Mindanao (BARMM)
38286,105.4606781,124.48750211073477,7.612500258163412,Buldon,Maguindanao del Norte,Bangsamoro Autonomous Region In Muslim Mindanao (BARMM)
38287,104.671257,124.51250211115864,7.612500258163412,Buldon,Maguindanao del Norte,Bangsamoro Autonomous Region In Muslim Mindanao (BARMM)
38288,106.0270615,124.36250210861532,7.587500257315584,Buldon,Maguindanao del Norte,Bangsamoro Autonomous Region In Muslim Mindanao (BARMM)
38289,108.160347,124.3875021090392,7.587500257315584,Buldon,Maguindanao del Norte,Bangsamoro Autonomous Region In Muslim Mindanao (BARMM)
38290,109.0688477,124.4125021094631,7.587500257315584,Buldon,Maguindanao del Norte,Bangsamoro Autonomous Region In Muslim Mindanao (BARMM)
38291,108.9849014,124.437502109887,7.587500257315584,Buldon,Maguindanao del Norte,Bangsamoro Autonomous Region In Muslim Mindanao (BARMM)
38292,108.999527,124.46250211031088,7.587500257315584,Buldon,Maguindanao del Norte,Bangsamoro Autonomous Region In Muslim Mindanao (BARMM)
38293,109.3611603,124.48750211073477,7.587500257315584,Buldon,Maguindanao del Norte,Bangsamoro Autonomous Region In Muslim Mindanao (BARMM)
38294,108.8071976,124.51250211115864,7.587500257315584,Buldon,Maguindanao del Norte,Bangsamoro Autonomous Region In Muslim Mindanao (BARMM)
38295,104.9967041,124.36250210861532,7.562500256467756,Buldon,Maguindanao del Norte,Bangsamoro Autonomous Region In Muslim Mindanao (BARMM)
38296,107.8322372,124.3875021090392,7.562500256467756,Buldon,Maguindanao del Norte,Bangsamoro Autonomous Region In Muslim Mindanao (BARMM)
38297,108.8151856,124.4125021094631,7.562500256467756,Buldon,Maguindanao del Norte,Bangsamoro Autonomous Region In Muslim Mindanao (BARMM)
38298,108.0555573,124.437502109887,7.562500256467756,Buldon,Maguindanao del Norte,Bangsamoro Autonomous Region In Muslim Mindanao (BARMM)
38299,109.8716507,124.46250211031088,7.562500256467756,Buldon,Maguindanao del Norte,Bangsamoro Autonomous Region In Muslim Mindanao (BARMM)
38300,109.5032425,124.48750211073477,7.562500256467756,Buldon,Maguindanao del Norte,Bangsamoro Autonomous Region In Muslim Mindanao (BARMM)
38301,106.7946549,124.36250210861532,7.537500255619928,Buldon,Maguindanao del Norte,Bangsamoro Autonomous Region In Muslim Mindanao (BARMM)
38302,108.7717514,124.3875021090392,7.537500255619928,Buldon,Maguindanao del Norte,Bangsamoro Autonomous Region In Muslim Mindanao (BARMM)
38303,109.747345,124.4125021094631,7.537500255619928,Buldon,Maguindanao del Norte,Bangsamoro Autonomous Region In Muslim Mindanao (BARMM)
38304,110.0754547,124.437502109887,7.537500255619928,Buldon,Maguindanao del Norte,Bangsamoro Autonomous Region In Muslim Mindanao (BARMM)
38305,111.4881821,124.46250211031088,7.537500255619928,Buldon,Maguindanao del Norte,Bangsamoro Autonomous Region In Muslim Mindanao (BARMM)
38306,111.6214676,124.48750211073477,7.537500255619928,Buldon,Maguindanao del Norte,Bangsamoro Autonomous Region In Muslim Mindanao (BARMM)
38307,109.1787109,124.36250210861532,7.5125002547721,Buldon,Maguindanao del Norte,Bangsamoro Autonomous Region In Muslim Mindanao (BARMM)
38308,110.9968414,124.3875021090392,7.5125002547721,Buldon,Maguindanao del Norte,Bangsamoro Autonomous Region In Muslim Mindanao (BARMM)
38309,111.9070587,124.4125021094631,7.5125002547721,Buldon,Maguindanao del Norte,Bangsamoro Autonomous Region In Muslim Mindanao (BARMM)
38310,112.0410919,124.437502109887,7.5125002547721,Buldon,Maguindanao del Norte,Bangsamoro Autonomous Region In Muslim Mindanao (BARMM)
38311,113.0314102,124.46250211031088,7.5125002547721,Buldon,Maguindanao del Norte,Bangsamoro Autonomous Region In Muslim Mindanao (BARMM)
38312,113.3210449,124.48750211073477,7.5125002547721,Buldon,Maguindanao del Norte,Bangsamoro Autonomous Region In Muslim Mindanao (BARMM)
38313,108.7675247,124.36250210861532,7.487500253924272,Buldon,Maguindanao del Norte,Bangsamoro Autonomous Region In Muslim Mindanao (BARMM)
38314,110.7147598,124.3875021090392,7.487500253924272,Buldon,Maguindanao del Norte,Bangsamoro Autonomous Region In Muslim Mindanao (BARMM)
38315,111.6707459,124.4125021094631,7.487500253924272,Buldon,Maguindanao del Norte,Bangsamoro Autonomous Region In Muslim Mindanao (BARMM)
38316,111.7592392,124.437502109887,7.487500253924272,Buldon,Maguindanao del Norte,Bangsamoro Autonomous Region In Muslim Mindanao (BARMM)
38317,112.8238144,124.46250211031088,7.487500253924272,Buldon,Maguindanao del Norte,Bangsamoro Autonomous Region In Muslim Mindanao (BARMM)
38318,113.2434158,124.48750211073477,7.487500253924272,Buldon,Maguindanao del Norte,Bangsamoro Autonomous Region In Muslim Mindanao (BARMM)
38319,109.4732513,124.36250210861532,7.462500253076444,Buldon,Maguindanao del Norte,Bangsamoro Autonomous Region In Muslim Mindanao (BARMM)
38320,111.7838974,124.3875021090392,7.462500253076444,Buldon,Maguindanao del Norte,Bangsamoro Autonomous Region In Muslim Mindanao (BARMM)
38321,112.7145386,124.4125021094631,7.462500253076444,Buldon,Maguindanao del Norte,Bangsamoro Autonomous Region In Muslim Mindanao (BARMM)
38322,112.728714,124.437502109887,7.462500253076444,Buldon,Maguindanao del Norte,Bangsamoro Autonomous Region In Muslim Mindanao (BARMM)
38323,113.5175324,124.46250211031088,7.462500253076444,Buldon,Maguindanao del Norte,Bangsamoro Autonomous Region In Muslim Mindanao (BARMM)
38324,113.0640717,124.3875021090392,7.437500252228616,Buldon,Maguindanao del Norte,Bangsamoro Autonomous Region In Muslim Mindanao (BARMM)
38325,113.8796082,124.4125021094631,7.437500252228616,Buldon,Maguindanao del Norte,Bangsamoro Autonomous Region In Muslim Mindanao (BARMM)
38326,113.9344177,124.437502109887,7.437500252228616,Buldon,Maguindanao del Norte,Bangsamoro Autonomous Region In Muslim Mindanao (BARMM)
38327,114.3972778,124.46250211031088,7.437500252228616,Buldon,Maguindanao del Norte,Bangsamoro Autonomous Region In Muslim Mindanao (BARMM)
38328,113.3136597,124.3875021090392,7.412500251380788,Buldon,Maguindanao del Norte,Bangsamoro Autonomous Region In Muslim Mindanao (BARMM)
38329,114.0373459,124.4125021094631,7.412500251380788,Buldon,Maguindanao del Norte,Bangsamoro Autonomous Region In Muslim Mindanao (BARMM)
38330,114.1374512,124.437502109887,7.412500251380788,Buldon,Maguindanao del Norte,Bangsamoro Autonomous Region In Muslim Mindanao (BARMM)
38331,114.2030487,124.36250210861532,7.38750025053296,Buldon,Maguindanao del Norte,Bangsamoro Autonomous Region In Muslim Mindanao (BARMM)
38332,115.2041779,124.3875021090392,7.38750025053296,Buldon,Maguindanao del Norte,Bangsamoro Autonomous Region In Muslim Mindanao (BARMM)
38333,115.7585297,124.4125021094631,7.38750025053296,Buldon,Maguindanao del Norte,Bangsamoro Autonomous Region In Muslim Mindanao (BARMM)
38334,116.5464096,124.36250210861532,7.362500249685132,Buldon,Maguindanao del Norte,Bangsamoro Autonomous Region In Muslim Mindanao (BARMM)
38335,117.030777,124.3875021090392,7.362500249685132,Buldon,Maguindanao del Norte,Bangsamoro Autonomous Region In Muslim Mindanao (BARMM)
38336,121.3833542,124.23750210649588,7.26250024629382,Cotabato City,Maguindanao del Norte,Bangsamoro Autonomous Region In Muslim Mindanao (BARMM)
38337,122.6158676,124.18750210564812,7.237500245445992,Cotabato City,Maguindanao del Norte,Bangsamoro Autonomous Region In Muslim Mindanao (BARMM)
38338,122.6519165,124.21250210607202,7.237500245445992,Cotabato City,Maguindanao del Norte,Bangsamoro Autonomous Region In Muslim Mindanao (BARMM)
38339,123.5826263,124.18750210564812,7.212500244598164,Cotabato City,Maguindanao del Norte,Bangsamoro Autonomous Region In Muslim Mindanao (BARMM)
38340,123.6135788,124.21250210607202,7.212500244598164,Cotabato City,Maguindanao del Norte,Bangsamoro Autonomous Region In Muslim Mindanao (BARMM)
38341,123.6426392,124.23750210649588,7.212500244598164,Cotabato City,Maguindanao del Norte,Bangsamoro Autonomous Region In Muslim Mindanao (BARMM)
38342,123.6243362,124.23750210649588,7.187500243750336,Cotabato City,Maguindanao del Norte,Bangsamoro Autonomous Region In Muslim Mindanao (BARMM)
38343,123.7431641,124.26250210691978,7.187500243750336,Cotabato City,Maguindanao del Norte,Bangsamoro Autonomous Region In Muslim Mindanao (BARMM)
38344,124.7483978,124.28750210734368,7.162500242902508,Cotabato City,Maguindanao del Norte,Bangsamoro Autonomous Region In Muslim Mindanao (BARMM)
38345,125.7117691,124.31250210776756,7.13750024205468,Cotabato City,Maguindanao del Norte,Bangsamoro Autonomous Region In Muslim Mindanao (BARMM)
38346,123.2996063,124.16250210522423,7.187500243750336,Datu Odin Sinsuat (Dinaig),Maguindanao del Norte,Bangsamoro Autonomous Region In Muslim Mindanao (BARMM)
38347,123.5570221,124.18750210564812,7.187500243750336,Datu Odin Sinsuat (Dinaig),Maguindanao del Norte,Bangsamoro Autonomous Region In Muslim Mindanao (BARMM)
38348,123.5956192,124.21250210607202,7.187500243750336,Datu Odin Sinsuat (Dinaig),Maguindanao del Norte,Bangsamoro Autonomous Region In Muslim Mindanao (BARMM)
38349,123.2888489,124.13750210480033,7.162500242902508,Datu Odin Sinsuat (Dinaig),Maguindanao del Norte,Bangsamoro Autonomous Region In Muslim Mindanao (BARMM)
38350,123.992691,124.16250210522423,7.162500242902508,Datu Odin Sinsuat (Dinaig),Maguindanao del Norte,Bangsamoro Autonomous Region In Muslim Mindanao (BARMM)
38351,124.521698,124.18750210564812,7.162500242902508,Datu Odin Sinsuat (Dinaig),Maguindanao del Norte,Bangsamoro Autonomous Region In Muslim Mindanao (BARMM)
38352,124.5808792,124.21250210607202,7.162500242902508,Datu Odin Sinsuat (Dinaig),Maguindanao del Norte,Bangsamoro Autonomous Region In Muslim Mindanao (BARMM)
38353,124.659668,124.23750210649588,7.162500242902508,Datu Odin Sinsuat (Dinaig),Maguindanao del Norte,Bangsamoro Autonomous Region In Muslim Mindanao (BARMM)
38354,124.67556,124.26250210691978,7.162500242902508,Datu Odin Sinsuat (Dinaig),Maguindanao del Norte,Bangsamoro Autonomous Region In Muslim Mindanao (BARMM)
38355,122.8090668,124.08750210395256,7.13750024205468,Datu Odin Sinsuat (Dinaig),Maguindanao del Norte,Bangsamoro Autonomous Region In Muslim Mindanao (BARMM)
38356,123.6780319,124.11250210437646,7.13750024205468,Datu Odin Sinsuat (Dinaig),Maguindanao del Norte,Bangsamoro Autonomous Region In Muslim Mindanao (BARMM)
38357,123.9800034,124.13750210480033,7.13750024205468,Datu Odin Sinsuat (Dinaig),Maguindanao del Norte,Bangsamoro Autonomous Region In Muslim Mindanao (BARMM)
38358,124.8578339,124.16250210522423,7.13750024205468,Datu Odin Sinsuat (Dinaig),Maguindanao del Norte,Bangsamoro Autonomous Region In Muslim Mindanao (BARMM)
38359,125.3252869,124.18750210564812,7.13750024205468,Datu Odin Sinsuat (Dinaig),Maguindanao del Norte,Bangsamoro Autonomous Region In Muslim Mindanao (BARMM)
38360,125.3762054,124.21250210607202,7.13750024205468,Datu Odin Sinsuat (Dinaig),Maguindanao del Norte,Bangsamoro Autonomous Region In Muslim Mindanao (BARMM)
38361,125.5485687,124.23750210649588,7.13750024205468,Datu Odin Sinsuat (Dinaig),Maguindanao del Norte,Bangsamoro Autonomous Region In Muslim Mindanao (BARMM)
38362,125.5645905,124.26250210691978,7.13750024205468,Datu Odin Sinsuat (Dinaig),Maguindanao del Norte,Bangsamoro Autonomous Region In Muslim Mindanao (BARMM)
38363,125.418808,124.28750210734368,7.13750024205468,Datu Odin Sinsuat (Dinaig),Maguindanao del Norte,Bangsamoro Autonomous Region In Muslim Mindanao (BARMM)
38364,121.2145157,124.06250210352869,7.112500241206854,Datu Odin Sinsuat (Dinaig),Maguindanao del Norte,Bangsamoro Autonomous Region In Muslim Mindanao (BARMM)
38365,122.8452225,124.08750210395256,7.112500241206854,Datu Odin Sinsuat (Dinaig),Maguindanao del Norte,Bangsamoro Autonomous Region In Muslim Mindanao (BARMM)
38366,123.6557159,124.11250210437646,7.112500241206854,Datu Odin Sinsuat (Dinaig),Maguindanao del Norte,Bangsamoro Autonomous Region In Muslim Mindanao (BARMM)
38367,123.7572098,124.13750210480033,7.112500241206854,Datu Odin Sinsuat (Dinaig),Maguindanao del Norte,Bangsamoro Autonomous Region In Muslim Mindanao (BARMM)
38368,124.9070587,124.16250210522423,7.112500241206854,Datu Odin Sinsuat (Dinaig),Maguindanao del Norte,Bangsamoro Autonomous Region In Muslim Mindanao (BARMM)
38369,125.2934799,124.18750210564812,7.112500241206854,Datu Odin Sinsuat (Dinaig),Maguindanao del Norte,Bangsamoro Autonomous Region In Muslim Mindanao (BARMM)
38370,125.3141708,124.21250210607202,7.112500241206854,Datu Odin Sinsuat (Dinaig),Maguindanao del Norte,Bangsamoro Autonomous Region In Muslim Mindanao (BARMM)
38371,125.3430786,124.23750210649588,7.112500241206854,Datu Odin Sinsuat (Dinaig),Maguindanao del Norte,Bangsamoro Autonomous Region In Muslim Mindanao (BARMM)
38372,125.3368378,124.26250210691978,7.112500241206854,Datu Odin Sinsuat (Dinaig),Maguindanao del Norte,Bangsamoro Autonomous Region In Muslim Mindanao (BARMM)
38373,125.3155212,124.28750210734368,7.112500241206854,Datu Odin Sinsuat (Dinaig),Maguindanao del Norte,Bangsamoro Autonomous Region In Muslim Mindanao (BARMM)
38374,125.5841217,124.31250210776756,7.112500241206854,Datu Odin Sinsuat (Dinaig),Maguindanao del Norte,Bangsamoro Autonomous Region In Muslim Mindanao (BARMM)
38375,126.4178848,124.23750210649588,7.087500240359026,Datu Odin Sinsuat (Dinaig),Maguindanao del Norte,Bangsamoro Autonomous Region In Muslim Mindanao (BARMM)
38376,126.3862228,124.26250210691978,7.087500240359026,Datu Odin Sinsuat (Dinaig),Maguindanao del Norte,Bangsamoro Autonomous Region In Muslim Mindanao (BARMM)
38377,126.3848038,124.28750210734368,7.087500240359026,Datu Odin Sinsuat (Dinaig),Maguindanao del Norte,Bangsamoro Autonomous Region In Muslim Mindanao (BARMM)
38378,126.8128204,124.31250210776756,7.087500240359026,Datu Odin Sinsuat (Dinaig),Maguindanao del Norte,Bangsamoro Autonomous Region In Muslim Mindanao (BARMM)
38379,126.9676514,124.33750210819144,7.087500240359026,Datu Odin Sinsuat (Dinaig),Maguindanao del Norte,Bangsamoro Autonomous Region In Muslim Mindanao (BARMM)
38380,127.399437,124.23750210649588,7.062500239511198,Datu Odin Sinsuat (Dinaig),Maguindanao del Norte,Bangsamoro Autonomous Region In Muslim Mindanao (BARMM)
38381,127.3797989,124.26250210691978,7.062500239511198,Datu Odin Sinsuat (Dinaig),Maguindanao del Norte,Bangsamoro Autonomous Region In Muslim Mindanao (BARMM)
38382,127.4776764,124.28750210734368,7.062500239511198,Datu Odin Sinsuat (Dinaig),Maguindanao del Norte,Bangsamoro Autonomous Region In Muslim Mindanao (BARMM)
38383,128.0602112,124.31250210776756,7.062500239511198,Datu Odin Sinsuat (Dinaig),Maguindanao del Norte,Bangsamoro Autonomous Region In Muslim Mindanao (BARMM)
38384,127.9838638,124.33750210819144,7.062500239511198,Datu Odin Sinsuat (Dinaig),Maguindanao del Norte,Bangsamoro Autonomous Region In Muslim Mindanao (BARMM)
38385,127.9526749,124.36250210861532,7.062500239511198,Datu Odin Sinsuat (Dinaig),Maguindanao del Norte,Bangsamoro Autonomous Region In Muslim Mindanao (BARMM)
38386,127.2365189,124.23750210649588,7.03750023866337,Datu Odin Sinsuat (Dinaig),Maguindanao del Norte,Bangsamoro Autonomous Region In Muslim Mindanao (BARMM)
38387,127.2168808,124.26250210691978,7.03750023866337,Datu Odin Sinsuat (Dinaig),Maguindanao del Norte,Bangsamoro Autonomous Region In Muslim Mindanao (BARMM)
38388,126.9230957,124.28750210734368,7.03750023866337,Datu Odin Sinsuat (Dinaig),Maguindanao del Norte,Bangsamoro Autonomous Region In Muslim Mindanao (BARMM)
38389,127.4846268,124.31250210776756,7.03750023866337,Datu Odin Sinsuat (Dinaig),Maguindanao del Norte,Bangsamoro Autonomous Region In Muslim Mindanao (BARMM)
38390,127.7002411,124.33750210819144,7.03750023866337,Datu Odin Sinsuat (Dinaig),Maguindanao del Norte,Bangsamoro Autonomous Region In Muslim Mindanao (BARMM)
38391,127.0456696,124.23750210649588,7.012500237815542,Datu Odin Sinsuat (Dinaig),Maguindanao del Norte,Bangsamoro Autonomous Region In Muslim Mindanao (BARMM)
38392,126.7012634,124.26250210691978,7.012500237815542,Datu Odin Sinsuat (Dinaig),Maguindanao del Norte,Bangsamoro Autonomous Region In Muslim Mindanao (BARMM)
38393,126.6306534,124.28750210734368,7.012500237815542,Datu Odin Sinsuat (Dinaig),Maguindanao del Norte,Bangsamoro Autonomous Region In Muslim Mindanao (BARMM)
38394,127.459877,124.31250210776756,7.012500237815542,Datu Odin Sinsuat (Dinaig),Maguindanao del Norte,Bangsamoro Autonomous Region In Muslim Mindanao (BARMM)
38395,126.7491531,124.23750210649588,6.987500236967714,Datu Odin Sinsuat (Dinaig),Maguindanao del Norte,Bangsamoro Autonomous Region In Muslim Mindanao (BARMM)
38396,126.389946,124.26250210691978,6.987500236967714,Datu Odin Sinsuat (Dinaig),Maguindanao del Norte,Bangsamoro Autonomous Region In Muslim Mindanao (BARMM)
38397,126.3375473,124.28750210734368,6.987500236967714,Datu Odin Sinsuat (Dinaig),Maguindanao del Norte,Bangsamoro Autonomous Region In Muslim Mindanao (BARMM)
38398,104.998909,124.26250210691978,7.537500255619928,Matanog,Maguindanao del Norte,Bangsamoro Autonomous Region In Muslim Mindanao (BARMM)
38399,106.8428268,124.23750210649588,7.5125002547721,Matanog,Maguindanao del Norte,Bangsamoro Autonomous Region In Muslim Mindanao (BARMM)
38400,107.013504,124.26250210691978,7.5125002547721,Matanog,Maguindanao del Norte,Bangsamoro Autonomous Region In Muslim Mindanao (BARMM)
38401,106.9129791,124.21250210607202,7.487500253924272,Matanog,Maguindanao del Norte,Bangsamoro Autonomous Region In Muslim Mindanao (BARMM)
38402,106.7732391,124.23750210649588,7.487500253924272,Matanog,Maguindanao del Norte,Bangsamoro Autonomous Region In Muslim Mindanao (BARMM)
38403,106.8762054,124.26250210691978,7.487500253924272,Matanog,Maguindanao del Norte,Bangsamoro Autonomous Region In Muslim Mindanao (BARMM)
38404,108.2799225,124.21250210607202,7.462500253076444,Matanog,Maguindanao del Norte,Bangsamoro Autonomous Region In Muslim Mindanao (BARMM)
38405,107.9469528,124.23750210649588,7.462500253076444,Matanog,Maguindanao del Norte,Bangsamoro Autonomous Region In Muslim Mindanao (BARMM)
38406,107.91082,124.26250210691978,7.462500253076444,Matanog,Maguindanao del Norte,Bangsamoro Autonomous Region In Muslim Mindanao (BARMM)
38407,110.6725235,124.21250210607202,7.437500252228616,Matanog,Maguindanao del Norte,Bangsamoro Autonomous Region In Muslim Mindanao (BARMM)
38408,109.6795578,124.23750210649588,7.437500252228616,Matanog,Maguindanao del Norte,Bangsamoro Autonomous Region In Muslim Mindanao (BARMM)
38409,109.6429672,124.26250210691978,7.437500252228616,Matanog,Maguindanao del Norte,Bangsamoro Autonomous Region In Muslim Mindanao (BARMM)
38410,111.2493439,124.18750210564812,7.412500251380788,Matanog,Maguindanao del Norte,Bangsamoro Autonomous Region In Muslim Mindanao (BARMM)
38411,111.0373535,124.21250210607202,7.412500251380788,Matanog,Maguindanao del Norte,Bangsamoro Autonomous Region In Muslim Mindanao (BARMM)
38412,110.0876617,124.28750210734368,7.437500252228616,Parang,Maguindanao del Norte,Bangsamoro Autonomous Region In Muslim Mindanao (BARMM)
38413,110.3169022,124.26250210691978,7.412500251380788,Parang,Maguindanao del Norte,Bangsamoro Autonomous Region In Muslim Mindanao (BARMM)
38414,110.4065323,124.28750210734368,7.412500251380788,Parang,Maguindanao del Norte,Bangsamoro Autonomous Region In Muslim Mindanao (BARMM)
38415,112.7050858,124.26250210691978,7.38750025053296,Parang,Maguindanao del Norte,Bangsamoro Autonomous Region In Muslim Mindanao (BARMM)
38416,112.6255417,124.28750210734368,7.38750025053296,Parang,Maguindanao del Norte,Bangsamoro Autonomous Region In Muslim Mindanao (BARMM)
38417,113.4157181,124.31250210776756,7.38750025053296,Parang,Maguindanao del Norte,Bangsamoro Autonomous Region In Muslim Mindanao (BARMM)
38418,116.6776428,124.06250210352869,7.362500249685132,Parang,Maguindanao del Norte,Bangsamoro Autonomous Region In Muslim Mindanao (BARMM)
38419,115.5376968,124.26250210691978,7.362500249685132,Parang,Maguindanao del Norte,Bangsamoro Autonomous Region In Muslim Mindanao (BARMM)
38420,114.7926788,124.28750210734368,7.362500249685132,Parang,Maguindanao del Norte,Bangsamoro Autonomous Region In Muslim Mindanao (BARMM)
38421,115.592453,124.31250210776756,7.362500249685132,Parang,Maguindanao del Norte,Bangsamoro Autonomous Region In Muslim Mindanao (BARMM)
38422,116.5378189,124.33750210819144,7.362500249685132,Parang,Maguindanao del Norte,Bangsamoro Autonomous Region In Muslim Mindanao (BARMM)
38423,116.8594208,124.0375021031048,7.337500248837304,Parang,Maguindanao del Norte,Bangsamoro Autonomous Region In Muslim Mindanao (BARMM)
38424,116.3809586,124.23750210649588,7.337500248837304,Parang,Maguindanao del Norte,Bangsamoro Autonomous Region In Muslim Mindanao (BARMM)
38425,116.3331451,124.26250210691978,7.337500248837304,Parang,Maguindanao del Norte,Bangsamoro Autonomous Region In Muslim Mindanao (BARMM)
38426,116.720398,124.28750210734368,7.337500248837304,Parang,Maguindanao del Norte,Bangsamoro Autonomous Region In Muslim Mindanao (BARMM)
38427,117.5230408,124.31250210776756,7.337500248837304,Parang,Maguindanao del Norte,Bangsamoro Autonomous Region In Muslim Mindanao (BARMM)
38428,117.2657318,124.33750210819144,7.337500248837304,Parang,Maguindanao del Norte,Bangsamoro Autonomous Region In Muslim Mindanao (BARMM)
38429,117.9728317,124.0375021031048,7.312500247989476,Parang,Maguindanao del Norte,Bangsamoro Autonomous Region In Muslim Mindanao (BARMM)
38430,117.2744446,124.36250210861532,7.337500248837304,Sultan Kudarat (Nuling),Maguindanao del Norte,Bangsamoro Autonomous Region In Muslim Mindanao (BARMM)
38431,118.6612625,124.3875021090392,7.337500248837304,Sultan Kudarat (Nuling),Maguindanao del Norte,Bangsamoro Autonomous Region In Muslim Mindanao (BARMM)
38432,119.413559,124.36250210861532,7.312500247989476,Sultan Kudarat (Nuling),Maguindanao del Norte,Bangsamoro Autonomous Region In Muslim Mindanao (BARMM)
38433,120.6994171,124.21250210607202,7.287500247141648,Sultan Kudarat (Nuling),Maguindanao del Norte,Bangsamoro Autonomous Region In Muslim Mindanao (BARMM)
38434,120.853859,124.31250210776756,7.287500247141648,Sultan Kudarat (Nuling),Maguindanao del Norte,Bangsamoro Autonomous Region In Muslim Mindanao (BARMM)
38435,121.128952,124.33750210819144,7.287500247141648,Sultan Kudarat (Nuling),Maguindanao del Norte,Bangsamoro Autonomous Region In Muslim Mindanao (BARMM)
38436,121.1909485,124.36250210861532,7.287500247141648,Sultan Kudarat (Nuling),Maguindanao del Norte,Bangsamoro Autonomous Region In Muslim Mindanao (BARMM)
38437,120.9687424,124.21250210607202,7.26250024629382,Sultan Kudarat (Nuling),Maguindanao del Norte,Bangsamoro Autonomous Region In Muslim Mindanao (BARMM)
38438,121.3873367,124.26250210691978,7.26250024629382,Sultan Kudarat (Nuling),Maguindanao del Norte,Bangsamoro Autonomous Region In Muslim Mindanao (BARMM)
38439,120.740509,124.28750210734368,7.26250024629382,Sultan Kudarat (Nuling),Maguindanao del Norte,Bangsamoro Autonomous Region In Muslim Mindanao (BARMM)
38440,121.2103272,124.31250210776756,7.26250024629382,Sultan Kudarat (Nuling),Maguindanao del Norte,Bangsamoro Autonomous Region In Muslim Mindanao (BARMM)
38441,122.0420914,124.33750210819144,7.26250024629382,Sultan Kudarat (Nuling),Maguindanao del Norte,Bangsamoro Autonomous Region In Muslim Mindanao (BARMM)
38442,122.0443573,124.36250210861532,7.26250024629382,Sultan Kudarat (Nuling),Maguindanao del Norte,Bangsamoro Autonomous Region In Muslim Mindanao (BARMM)
38443,122.7407379,124.23750210649588,7.237500245445992,Sultan Kudarat (Nuling),Maguindanao del Norte,Bangsamoro Autonomous Region In Muslim Mindanao (BARMM)
38444,122.7447434,124.26250210691978,7.237500245445992,Sultan Kudarat (Nuling),Maguindanao del Norte,Bangsamoro Autonomous Region In Muslim Mindanao (BARMM)
38445,122.7730942,124.28750210734368,7.237500245445992,Sultan Kudarat (Nuling),Maguindanao del Norte,Bangsamoro Autonomous Region In Muslim Mindanao (BARMM)
38446,123.113266,124.31250210776756,7.237500245445992,Sultan Kudarat (Nuling),Maguindanao del Norte,Bangsamoro Autonomous Region In Muslim Mindanao (BARMM)
38447,123.2735443,124.33750210819144,7.237500245445992,Sultan Kudarat (Nuling),Maguindanao del Norte,Bangsamoro Autonomous Region In Muslim Mindanao (BARMM)
38448,123.2759094,124.36250210861532,7.237500245445992,Sultan Kudarat (Nuling),Maguindanao del Norte,Bangsamoro Autonomous Region In Muslim Mindanao (BARMM)
38449,123.7531204,124.26250210691978,7.212500244598164,Sultan Kudarat (Nuling),Maguindanao del Norte,Bangsamoro Autonomous Region In Muslim Mindanao (BARMM)
38450,123.7573471,124.28750210734368,7.212500244598164,Sultan Kudarat (Nuling),Maguindanao del Norte,Bangsamoro Autonomous Region In Muslim Mindanao (BARMM)
38451,123.9584351,124.31250210776756,7.212500244598164,Sultan Kudarat (Nuling),Maguindanao del Norte,Bangsamoro Autonomous Region In Muslim Mindanao (BARMM)
38452,124.049057,124.33750210819144,7.212500244598164,Sultan Kudarat (Nuling),Maguindanao del Norte,Bangsamoro Autonomous Region In Muslim Mindanao (BARMM)
38453,123.7569122,124.28750210734368,7.187500243750336,Sultan Kudarat (Nuling),Maguindanao del Norte,Bangsamoro Autonomous Region In Muslim Mindanao (BARMM)
38454,123.9700546,124.31250210776756,7.187500243750336,Sultan Kudarat (Nuling),Maguindanao del Norte,Bangsamoro Autonomous Region In Muslim Mindanao (BARMM)
38455,124.0741653,124.33750210819144,7.187500243750336,Sultan Kudarat (Nuling),Maguindanao del Norte,Bangsamoro Autonomous Region In Muslim Mindanao (BARMM)
38456,125.013298,124.31250210776756,7.162500242902508,Kabuntalan (Tumbao),Maguindanao del Norte,Bangsamoro Autonomous Region In Muslim Mindanao (BARMM)
38457,125.1399307,124.33750210819144,7.162500242902508,Kabuntalan (Tumbao),Maguindanao del Norte,Bangsamoro Autonomous Region In Muslim Mindanao (BARMM)
38458,126.0330277,124.33750210819144,7.13750024205468,Kabuntalan (Tumbao),Maguindanao del Norte,Bangsamoro Autonomous Region In Muslim Mindanao (BARMM)
38459,126.0298615,124.36250210861532,7.13750024205468,Kabuntalan (Tumbao),Maguindanao del Norte,Bangsamoro Autonomous Region In Muslim Mindanao (BARMM)
38460,125.8681717,124.3875021090392,7.13750024205468,Kabuntalan (Tumbao),Maguindanao del Norte,Bangsamoro Autonomous Region In Muslim Mindanao (BARMM)
38461,125.7318955,124.33750210819144,7.112500241206854,Kabuntalan (Tumbao),Maguindanao del Norte,Bangsamoro Autonomous Region In Muslim Mindanao (BARMM)
38462,125.5471573,124.36250210861532,7.112500241206854,Kabuntalan (Tumbao),Maguindanao del Norte,Bangsamoro Autonomous Region In Muslim Mindanao (BARMM)
38463,125.6949463,124.3875021090392,7.112500241206854,Kabuntalan (Tumbao),Maguindanao del Norte,Bangsamoro Autonomous Region In Muslim Mindanao (BARMM)
38464,126.7610397,124.36250210861532,7.087500240359026,Kabuntalan (Tumbao),Maguindanao del Norte,Bangsamoro Autonomous Region In Muslim Mindanao (BARMM)
38465,126.8814926,124.3875021090392,7.087500240359026,Kabuntalan (Tumbao),Maguindanao del Norte,Bangsamoro Autonomous Region In Muslim Mindanao (BARMM)
38466,126.8745041,124.4125021094631,7.087500240359026,Kabuntalan (Tumbao),Maguindanao del Norte,Bangsamoro Autonomous Region In Muslim Mindanao (BARMM)
38467,128.0260925,124.4125021094631,7.062500239511198,Kabuntalan (Tumbao),Maguindanao del Norte,Bangsamoro Autonomous Region In Muslim Mindanao (BARMM)
38468,121.1586609,124.06250210352869,7.087500240359026,Upi,Maguindanao del Norte,Bangsamoro Autonomous Region In Muslim Mindanao (BARMM)
38469,123.2657852,124.08750210395256,7.087500240359026,Upi,Maguindanao del Norte,Bangsamoro Autonomous Region In Muslim Mindanao (BARMM)
38470,124.2823868,124.11250210437646,7.087500240359026,Upi,Maguindanao del Norte,Bangsamoro Autonomous Region In Muslim Mindanao (BARMM)
38471,124.3705368,124.13750210480033,7.087500240359026,Upi,Maguindanao del Norte,Bangsamoro Autonomous Region In Muslim Mindanao (BARMM)
38472,125.8913422,124.16250210522423,7.087500240359026,Upi,Maguindanao del Norte,Bangsamoro Autonomous Region In Muslim Mindanao (BARMM)
38473,126.4450684,124.18750210564812,7.087500240359026,Upi,Maguindanao del Norte,Bangsamoro Autonomous Region In Muslim Mindanao (BARMM)
38474,126.436676,124.21250210607202,7.087500240359026,Upi,Maguindanao del Norte,Bangsamoro Autonomous Region In Muslim Mindanao (BARMM)
38475,120.6901703,124.06250210352869,7.062500239511198,Upi,Maguindanao del Norte,Bangsamoro Autonomous Region In Muslim Mindanao (BARMM)
38476,123.6638413,124.08750210395256,7.062500239511198,Upi,Maguindanao del Norte,Bangsamoro Autonomous Region In Muslim Mindanao (BARMM)
38477,124.9290314,124.11250210437646,7.062500239511198,Upi,Maguindanao del Norte,Bangsamoro Autonomous Region In Muslim Mindanao (BARMM)
38478,125.1328278,124.13750210480033,7.062500239511198,Upi,Maguindanao del Norte,Bangsamoro Autonomous Region In Muslim Mindanao (BARMM)
38479,126.7601242,124.16250210522423,7.062500239511198,Upi,Maguindanao del Norte,Bangsamoro Autonomous Region In Muslim Mindanao (BARMM)
38480,127.6039124,124.18750210564812,7.062500239511198,Upi,Maguindanao del Norte,Bangsamoro Autonomous Region In Muslim Mindanao (BARMM)
38481,127.5692978,124.21250210607202,7.062500239511198,Upi,Maguindanao del Norte,Bangsamoro Autonomous Region In Muslim Mindanao (BARMM)
38482,120.7833405,124.06250210352869,7.03750023866337,Upi,Maguindanao del Norte,Bangsamoro Autonomous Region In Muslim Mindanao (BARMM)
38483,123.7681427,124.08750210395256,7.03750023866337,Upi,Maguindanao del Norte,Bangsamoro Autonomous Region In Muslim Mindanao (BARMM)
38484,125.0165634,124.11250210437646,7.03750023866337,Upi,Maguindanao del Norte,Bangsamoro Autonomous Region In Muslim Mindanao (BARMM)
38485,125.1128464,124.13750210480033,7.03750023866337,Upi,Maguindanao del Norte,Bangsamoro Autonomous Region In Muslim Mindanao (BARMM)
38486,126.7399139,124.16250210522423,7.03750023866337,Upi,Maguindanao del Norte,Bangsamoro Autonomous Region In Muslim Mindanao (BARMM)
38487,127.3823929,124.18750210564812,7.03750023866337,Upi,Maguindanao del Norte,Bangsamoro Autonomous Region In Muslim Mindanao (BARMM)
38488,127.3260193,124.21250210607202,7.03750023866337,Upi,Maguindanao del Norte,Bangsamoro Autonomous Region In Muslim Mindanao (BARMM)
38489,120.4224777,124.06250210352869,7.012500237815542,Upi,Maguindanao del Norte,Bangsamoro Autonomous Region In Muslim Mindanao (BARMM)
38490,123.158699,124.08750210395256,7.012500237815542,Upi,Maguindanao del Norte,Bangsamoro Autonomous Region In Muslim Mindanao (BARMM)
38491,124.4306946,124.11250210437646,7.012500237815542,Upi,Maguindanao del Norte,Bangsamoro Autonomous Region In Muslim Mindanao (BARMM)
38492,124.4837341,124.13750210480033,7.012500237815542,Upi,Maguindanao del Norte,Bangsamoro Autonomous Region In Muslim Mindanao (BARMM)
38493,126.34478,124.16250210522423,7.012500237815542,Upi,Maguindanao del Norte,Bangsamoro Autonomous Region In Muslim Mindanao (BARMM)
38494,127.1374359,124.18750210564812,7.012500237815542,Upi,Maguindanao del Norte,Bangsamoro Autonomous Region In Muslim Mindanao (BARMM)
38495,127.0830002,124.21250210607202,7.012500237815542,Upi,Maguindanao del Norte,Bangsamoro Autonomous Region In Muslim Mindanao (BARMM)
38496,119.6889038,124.06250210352869,6.987500236967714,Upi,Maguindanao del Norte,Bangsamoro Autonomous Region In Muslim Mindanao (BARMM)
38497,122.5442276,124.08750210395256,6.987500236967714,Upi,Maguindanao del Norte,Bangsamoro Autonomous Region In Muslim Mindanao (BARMM)
38498,123.8596878,124.11250210437646,6.987500236967714,Upi,Maguindanao del Norte,Bangsamoro Autonomous Region In Muslim Mindanao (BARMM)
38499,123.8993073,124.13750210480033,6.987500236967714,Upi,Maguindanao del Norte,Bangsamoro Autonomous Region In Muslim Mindanao (BARMM)
38500,125.9989624,124.16250210522423,6.987500236967714,Upi,Maguindanao del Norte,Bangsamoro Autonomous Region In Muslim Mindanao (BARMM)
38501,126.89888,124.18750210564812,6.987500236967714,Upi,Maguindanao del Norte,Bangsamoro Autonomous Region In Muslim Mindanao (BARMM)
38502,126.8213959,124.21250210607202,6.987500236967714,Upi,Maguindanao del Norte,Bangsamoro Autonomous Region In Muslim Mindanao (BARMM)
38503,119.4794617,124.06250210352869,6.962500236119886,Upi,Maguindanao del Norte,Bangsamoro Autonomous Region In Muslim Mindanao (BARMM)
38504,122.5709763,124.08750210395256,6.962500236119886,Upi,Maguindanao del Norte,Bangsamoro Autonomous Region In Muslim Mindanao (BARMM)
38505,123.8830261,124.11250210437646,6.962500236119886,Upi,Maguindanao del Norte,Bangsamoro Autonomous Region In Muslim Mindanao (BARMM)
38506,123.929451,124.13750210480033,6.962500236119886,Upi,Maguindanao del Norte,Bangsamoro Autonomous Region In Muslim Mindanao (BARMM)
38507,126.0457459,124.16250210522423,6.962500236119886,Upi,Maguindanao del Norte,Bangsamoro Autonomous Region In Muslim Mindanao (BARMM)
38508,126.8916245,124.18750210564812,6.962500236119886,Upi,Maguindanao del Norte,Bangsamoro Autonomous Region In Muslim Mindanao (BARMM)
38509,126.7677231,124.21250210607202,6.962500236119886,Upi,Maguindanao del Norte,Bangsamoro Autonomous Region In Muslim Mindanao (BARMM)
38510,118.9373322,124.06250210352869,6.937500235272058,Upi,Maguindanao del Norte,Bangsamoro Autonomous Region In Muslim Mindanao (BARMM)
38511,121.8328476,124.08750210395256,6.937500235272058,Upi,Maguindanao del Norte,Bangsamoro Autonomous Region In Muslim Mindanao (BARMM)
38512,123.1018601,124.11250210437646,6.937500235272058,Upi,Maguindanao del Norte,Bangsamoro Autonomous Region In Muslim Mindanao (BARMM)
38513,123.2254257,124.13750210480033,6.937500235272058,Upi,Maguindanao del Norte,Bangsamoro Autonomous Region In Muslim Mindanao (BARMM)
38514,125.3747711,124.16250210522423,6.937500235272058,Upi,Maguindanao del Norte,Bangsamoro Autonomous Region In Muslim Mindanao (BARMM)
38515,125.8854752,124.18750210564812,6.937500235272058,Upi,Maguindanao del Norte,Bangsamoro Autonomous Region In Muslim Mindanao (BARMM)
38516,117.6829147,124.0375021031048,6.91250023442423,Upi,Maguindanao del Norte,Bangsamoro Autonomous Region In Muslim Mindanao (BARMM)
38517,118.4982224,124.06250210352869,6.91250023442423,Upi,Maguindanao del Norte,Bangsamoro Autonomous Region In Muslim Mindanao (BARMM)
38518,121.1772995,124.08750210395256,6.91250023442423,Upi,Maguindanao del Norte,Bangsamoro Autonomous Region In Muslim Mindanao (BARMM)
38519,122.4069367,124.11250210437646,6.91250023442423,Upi,Maguindanao del Norte,Bangsamoro Autonomous Region In Muslim Mindanao (BARMM)
38520,122.4451752,124.13750210480033,6.91250023442423,Upi,Maguindanao del Norte,Bangsamoro Autonomous Region In Muslim Mindanao (BARMM)
38521,117.5480576,124.0375021031048,6.887500233576402,Upi,Maguindanao del Norte,Bangsamoro Autonomous Region In Muslim Mindanao (BARMM)
38522,118.364418,124.06250210352869,6.887500233576402,Upi,Maguindanao del Norte,Bangsamoro Autonomous Region In Muslim Mindanao (BARMM)
38523,121.0793228,124.08750210395256,6.887500233576402,Upi,Maguindanao del Norte,Bangsamoro Autonomous Region In Muslim Mindanao (BARMM)
38524,122.3135605,124.11250210437646,6.887500233576402,Upi,Maguindanao del Norte,Bangsamoro Autonomous Region In Muslim Mindanao (BARMM)
38525,116.9689331,124.0375021031048,6.862500232728574,Upi,Maguindanao del Norte,Bangsamoro Autonomous Region In Muslim Mindanao (BARMM)
38526,117.0396423,124.06250210352869,6.862500232728574,Upi,Maguindanao del Norte,Bangsamoro Autonomous Region In Muslim Mindanao (BARMM)
38527,120.0622482,124.08750210395256,6.862500232728574,Upi,Maguindanao del Norte,Bangsamoro Autonomous Region In Muslim Mindanao (BARMM)
38528,121.2746277,124.11250210437646,6.862500232728574,Upi,Maguindanao del Norte,Bangsamoro Autonomous Region In Muslim Mindanao (BARMM)
38529,116.0859299,124.0375021031048,6.837500231880746,Upi,Maguindanao del Norte,Bangsamoro Autonomous Region In Muslim Mindanao (BARMM)
38530,116.1561203,124.06250210352869,6.837500231880746,Upi,Maguindanao del Norte,Bangsamoro Autonomous Region In Muslim Mindanao (BARMM)
38531,119.247818,124.08750210395256,6.837500231880746,Upi,Maguindanao del Norte,Bangsamoro Autonomous Region In Muslim Mindanao (BARMM)
38532,120.4519348,124.11250210437646,6.837500231880746,Upi,Maguindanao del Norte,Bangsamoro Autonomous Region In Muslim Mindanao (BARMM)
38533,119.3618393,124.08750210395256,6.812500231032918,Upi,Maguindanao del Norte,Bangsamoro Autonomous Region In Muslim Mindanao (BARMM)
38534,120.5821457,124.11250210437646,6.812500231032918,Upi,Maguindanao del Norte,Bangsamoro Autonomous Region In Muslim Mindanao (BARMM)
38535,117.4542542,124.08750210395256,6.78750023018509,Upi,Maguindanao del Norte,Bangsamoro Autonomous Region In Muslim Mindanao (BARMM)
38536,118.626915,124.11250210437646,6.78750023018509,Upi,Maguindanao del Norte,Bangsamoro Autonomous Region In Muslim Mindanao (BARMM)
38537,115.4988709,124.08750210395256,6.762500229337262,Upi,Maguindanao del Norte,Bangsamoro Autonomous Region In Muslim Mindanao (BARMM)
38538,116.6614456,124.11250210437646,6.762500229337262,Upi,Maguindanao del Norte,Bangsamoro Autonomous Region In Muslim Mindanao (BARMM)
38539,104.8371964,124.31250210776756,7.562500256467756,Barira,Maguindanao del Norte,Bangsamoro Autonomous Region In Muslim Mindanao (BARMM)
38540,104.9188919,124.33750210819144,7.562500256467756,Barira,Maguindanao del Norte,Bangsamoro Autonomous Region In Muslim Mindanao (BARMM)
38541,105.2419586,124.28750210734368,7.537500255619928,Barira,Maguindanao del Norte,Bangsamoro Autonomous Region In Muslim Mindanao (BARMM)
38542,105.7586517,124.31250210776756,7.537500255619928,Barira,Maguindanao del Norte,Bangsamoro Autonomous Region In Muslim Mindanao (BARMM)
38543,106.715065,124.33750210819144,7.537500255619928,Barira,Maguindanao del Norte,Bangsamoro Autonomous Region In Muslim Mindanao (BARMM)
38544,107.1759796,124.28750210734368,7.5125002547721,Barira,Maguindanao del Norte,Bangsamoro Autonomous Region In Muslim Mindanao (BARMM)
38545,107.9087296,124.31250210776756,7.5125002547721,Barira,Maguindanao del Norte,Bangsamoro Autonomous Region In Muslim Mindanao (BARMM)
38546,108.3675766,124.33750210819144,7.5125002547721,Barira,Maguindanao del Norte,Bangsamoro Autonomous Region In Muslim Mindanao (BARMM)
38547,107.0239639,124.28750210734368,7.487500253924272,Barira,Maguindanao del Norte,Bangsamoro Autonomous Region In Muslim Mindanao (BARMM)
38548,107.6683273,124.31250210776756,7.487500253924272,Barira,Maguindanao del Norte,Bangsamoro Autonomous Region In Muslim Mindanao (BARMM)
38549,107.9738693,124.33750210819144,7.487500253924272,Barira,Maguindanao del Norte,Bangsamoro Autonomous Region In Muslim Mindanao (BARMM)
38550,108.2734375,124.28750210734368,7.462500253076444,Barira,Maguindanao del Norte,Bangsamoro Autonomous Region In Muslim Mindanao (BARMM)
38551,109.0276413,124.31250210776756,7.462500253076444,Barira,Maguindanao del Norte,Bangsamoro Autonomous Region In Muslim Mindanao (BARMM)
38552,109.4152603,124.33750210819144,7.462500253076444,Barira,Maguindanao del Norte,Bangsamoro Autonomous Region In Muslim Mindanao (BARMM)
38553,110.9150467,124.31250210776756,7.437500252228616,Barira,Maguindanao del Norte,Bangsamoro Autonomous Region In Muslim Mindanao (BARMM)
38554,110.9718552,124.33750210819144,7.437500252228616,Barira,Maguindanao del Norte,Bangsamoro Autonomous Region In Muslim Mindanao (BARMM)
38555,111.0306702,124.36250210861532,7.437500252228616,Barira,Maguindanao del Norte,Bangsamoro Autonomous Region In Muslim Mindanao (BARMM)
38556,111.1897736,124.31250210776756,7.412500251380788,Barira,Maguindanao del Norte,Bangsamoro Autonomous Region In Muslim Mindanao (BARMM)
38557,111.4937668,124.33750210819144,7.412500251380788,Barira,Maguindanao del Norte,Bangsamoro Autonomous Region In Muslim Mindanao (BARMM)
38558,111.8998489,124.36250210861532,7.412500251380788,Barira,Maguindanao del Norte,Bangsamoro Autonomous Region In Muslim Mindanao (BARMM)
38559,113.8266144,124.33750210819144,7.38750025053296,Barira,Maguindanao del Norte,Bangsamoro Autonomous Region In Muslim Mindanao (BARMM)
38560,128.1105804,124.3875021090392,7.062500239511198,Talitay,Maguindanao del Norte,Bangsamoro Autonomous Region In Muslim Mindanao (BARMM)
38561,127.6690064,124.36250210861532,7.03750023866337,Talitay,Maguindanao del Norte,Bangsamoro Autonomous Region In Muslim Mindanao (BARMM)
38562,127.3337784,124.3875021090392,7.03750023866337,Talitay,Maguindanao del Norte,Bangsamoro Autonomous Region In Muslim Mindanao (BARMM)
38563,127.4129486,124.36250210861532,7.012500237815542,Talitay,Maguindanao del Norte,Bangsamoro Autonomous Region In Muslim Mindanao (BARMM)
38564,118.7517777,124.23750210649588,7.312500247989476,Sultan Mastura,Maguindanao del Norte,Bangsamoro Autonomous Region In Muslim Mindanao (BARMM)
38565,118.4756393,124.26250210691978,7.312500247989476,Sultan Mastura,Maguindanao del Norte,Bangsamoro Autonomous Region In Muslim Mindanao (BARMM)
38566,118.5136643,124.28750210734368,7.312500247989476,Sultan Mastura,Maguindanao del Norte,Bangsamoro Autonomous Region In Muslim Mindanao (BARMM)
38567,119.1513977,124.31250210776756,7.312500247989476,Sultan Mastura,Maguindanao del Norte,Bangsamoro Autonomous Region In Muslim Mindanao (BARMM)
38568,119.3475723,124.33750210819144,7.312500247989476,Sultan Mastura,Maguindanao del Norte,Bangsamoro Autonomous Region In Muslim Mindanao (BARMM)
38569,120.7256622,124.23750210649588,7.287500247141648,Sultan Mastura,Maguindanao del Norte,Bangsamoro Autonomous Region In Muslim Mindanao (BARMM)
38570,120.4838715,124.26250210691978,7.287500247141648,Sultan Mastura,Maguindanao del Norte,Bangsamoro Autonomous Region In Muslim Mindanao (BARMM)
38571,120.3922577,124.28750210734368,7.287500247141648,Sultan Mastura,Maguindanao del Norte,Bangsamoro Autonomous Region In Muslim Mindanao (BARMM)
38572,120.0930405,124.0375021031048,7.087500240359026,Datu Blah T. Sinsuat,Maguindanao del Norte,Bangsamoro Autonomous Region In Muslim Mindanao (BARMM)
38573,120.5993347,124.0375021031048,7.062500239511198,Datu Blah T. Sinsuat,Maguindanao del Norte,Bangsamoro Autonomous Region In Muslim Mindanao (BARMM)
38574,119.3622513,124.01250210268093,7.03750023866337,Datu Blah T. Sinsuat,Maguindanao del Norte,Bangsamoro Autonomous Region In Muslim Mindanao (BARMM)
38575,120.6925049,124.0375021031048,7.03750023866337,Datu Blah T. Sinsuat,Maguindanao del Norte,Bangsamoro Autonomous Region In Muslim Mindanao (BARMM)
38576,118.5393982,124.01250210268093,7.012500237815542,Datu Blah T. Sinsuat,Maguindanao del Norte,Bangsamoro Autonomous Region In Muslim Mindanao (BARMM)
38577,119.4834366,124.0375021031048,7.012500237815542,Datu Blah T. Sinsuat,Maguindanao del Norte,Bangsamoro Autonomous Region In Muslim Mindanao (BARMM)
38578,115.8969574,123.98750210225703,6.987500236967714,Datu Blah T. Sinsuat,Maguindanao del Norte,Bangsamoro Autonomous Region In Muslim Mindanao (BARMM)
38579,117.7861481,124.01250210268093,6.987500236967714,Datu Blah T. Sinsuat,Maguindanao del Norte,Bangsamoro Autonomous Region In Muslim Mindanao (BARMM)
38580,118.7699204,124.0375021031048,6.987500236967714,Datu Blah T. Sinsuat,Maguindanao del Norte,Bangsamoro Autonomous Region In Muslim Mindanao (BARMM)
38581,115.9049225,123.98750210225703,6.962500236119886,Datu Blah T. Sinsuat,Maguindanao del Norte,Bangsamoro Autonomous Region In Muslim Mindanao (BARMM)
38582,117.9008255,124.01250210268093,6.962500236119886,Datu Blah T. Sinsuat,Maguindanao del Norte,Bangsamoro Autonomous Region In Muslim Mindanao (BARMM)
38583,119.4091568,124.0375021031048,6.962500236119886,Datu Blah T. Sinsuat,Maguindanao del Norte,Bangsamoro Autonomous Region In Muslim Mindanao (BARMM)
38584,115.4350739,123.98750210225703,6.937500235272058,Datu Blah T. Sinsuat,Maguindanao del Norte,Bangsamoro Autonomous Region In Muslim Mindanao (BARMM)
38585,117.3669281,124.01250210268093,6.937500235272058,Datu Blah T. Sinsuat,Maguindanao del Norte,Bangsamoro Autonomous Region In Muslim Mindanao (BARMM)
38586,118.8673325,124.0375021031048,6.937500235272058,Datu Blah T. Sinsuat,Maguindanao del Norte,Bangsamoro Autonomous Region In Muslim Mindanao (BARMM)
38587,114.7679596,123.96250210183312,6.91250023442423,Datu Blah T. Sinsuat,Maguindanao del Norte,Bangsamoro Autonomous Region In Muslim Mindanao (BARMM)
38588,114.9947434,123.98750210225703,6.91250023442423,Datu Blah T. Sinsuat,Maguindanao del Norte,Bangsamoro Autonomous Region In Muslim Mindanao (BARMM)
38589,116.7568054,124.01250210268093,6.91250023442423,Datu Blah T. Sinsuat,Maguindanao del Norte,Bangsamoro Autonomous Region In Muslim Mindanao (BARMM)
38590,114.9013519,123.98750210225703,6.887500233576402,Datu Blah T. Sinsuat,Maguindanao del Norte,Bangsamoro Autonomous Region In Muslim Mindanao (BARMM)
38591,116.6592941,124.01250210268093,6.887500233576402,Datu Blah T. Sinsuat,Maguindanao del Norte,Bangsamoro Autonomous Region In Muslim Mindanao (BARMM)
38592,113.9757996,123.98750210225703,6.862500232728574,Datu Blah T. Sinsuat,Maguindanao del Norte,Bangsamoro Autonomous Region In Muslim Mindanao (BARMM)
38593,115.8042755,124.01250210268093,6.862500232728574,Datu Blah T. Sinsuat,Maguindanao del Norte,Bangsamoro Autonomous Region In Muslim Mindanao (BARMM)
38594,112.3426209,123.96250210183312,6.837500231880746,Datu Blah T. Sinsuat,Maguindanao del Norte,Bangsamoro Autonomous Region In Muslim Mindanao (BARMM)
38595,113.0440521,123.98750210225703,6.837500231880746,Datu Blah T. Sinsuat,Maguindanao del Norte,Bangsamoro Autonomous Region In Muslim Mindanao (BARMM)
38596,114.8428574,124.01250210268093,6.837500231880746,Datu Blah T. Sinsuat,Maguindanao del Norte,Bangsamoro Autonomous Region In Muslim Mindanao (BARMM)
38597,112.8728943,123.96250210183312,6.812500231032918,Datu Blah T. Sinsuat,Maguindanao del Norte,Bangsamoro Autonomous Region In Muslim Mindanao (BARMM)
38598,113.1248932,123.98750210225703,6.812500231032918,Datu Blah T. Sinsuat,Maguindanao del Norte,Bangsamoro Autonomous Region In Muslim Mindanao (BARMM)
38599,114.8265991,124.01250210268093,6.812500231032918,Datu Blah T. Sinsuat,Maguindanao del Norte,Bangsamoro Autonomous Region In Muslim Mindanao (BARMM)
38600,115.7015839,124.0375021031048,6.812500231032918,Datu Blah T. Sinsuat,Maguindanao del Norte,Bangsamoro Autonomous Region In Muslim Mindanao (BARMM)
38601,116.7550201,124.06250210352869,6.812500231032918,Datu Blah T. Sinsuat,Maguindanao del Norte,Bangsamoro Autonomous Region In Muslim Mindanao (BARMM)
38602,111.6164169,123.98750210225703,6.78750023018509,Datu Blah T. Sinsuat,Maguindanao del Norte,Bangsamoro Autonomous Region In Muslim Mindanao (BARMM)
38603,114.0105286,124.0375021031048,6.78750023018509,Datu Blah T. Sinsuat,Maguindanao del Norte,Bangsamoro Autonomous Region In Muslim Mindanao (BARMM)
38604,115.0789414,124.06250210352869,6.78750023018509,Datu Blah T. Sinsuat,Maguindanao del Norte,Bangsamoro Autonomous Region In Muslim Mindanao (BARMM)
38605,113.0688324,124.06250210352869,6.762500229337262,Datu Blah T. Sinsuat,Maguindanao del Norte,Bangsamoro Autonomous Region In Muslim Mindanao (BARMM)
38606,124.6390457,124.4125021094631,7.212500244598164,Northern Kabuntalan,Maguindanao del Norte,Bangsamoro Autonomous Region In Muslim Mindanao (BARMM)
38607,124.6400223,124.437502109887,7.212500244598164,Northern Kabuntalan,Maguindanao del Norte,Bangsamoro Autonomous Region In Muslim Mindanao (BARMM)
38608,124.4596176,124.3875021090392,7.187500243750336,Northern Kabuntalan,Maguindanao del Norte,Bangsamoro Autonomous Region In Muslim Mindanao (BARMM)
38609,124.6213455,124.4125021094631,7.187500243750336,Northern Kabuntalan,Maguindanao del Norte,Bangsamoro Autonomous Region In Muslim Mindanao (BARMM)
38610,124.5995636,124.437502109887,7.187500243750336,Northern Kabuntalan,Maguindanao del Norte,Bangsamoro Autonomous Region In Muslim Mindanao (BARMM)
38611,124.2828674,124.46250211031088,7.187500243750336,Northern Kabuntalan,Maguindanao del Norte,Bangsamoro Autonomous Region In Muslim Mindanao (BARMM)
38612,125.1368179,124.36250210861532,7.162500242902508,Northern Kabuntalan,Maguindanao del Norte,Bangsamoro Autonomous Region In Muslim Mindanao (BARMM)
38613,125.4228287,124.3875021090392,7.162500242902508,Northern Kabuntalan,Maguindanao del Norte,Bangsamoro Autonomous Region In Muslim Mindanao (BARMM)
38614,125.5185013,124.4125021094631,7.162500242902508,Northern Kabuntalan,Maguindanao del Norte,Bangsamoro Autonomous Region In Muslim Mindanao (BARMM)
38615,125.3135376,124.437502109887,7.162500242902508,Northern Kabuntalan,Maguindanao del Norte,Bangsamoro Autonomous Region In Muslim Mindanao (BARMM)
38616,125.2299194,124.46250211031088,7.162500242902508,Northern Kabuntalan,Maguindanao del Norte,Bangsamoro Autonomous Region In Muslim Mindanao (BARMM)
38617,125.9070816,124.4125021094631,7.13750024205468,Northern Kabuntalan,Maguindanao del Norte,Bangsamoro Autonomous Region In Muslim Mindanao (BARMM)
38618,125.9725418,124.437502109887,7.13750024205468,Northern Kabuntalan,Maguindanao del Norte,Bangsamoro Autonomous Region In Muslim Mindanao (BARMM)
38619,125.7419891,124.4125021094631,7.112500241206854,Northern Kabuntalan,Maguindanao del Norte,Bangsamoro Autonomous Region In Muslim Mindanao (BARMM)
38620,125.7322083,124.437502109887,7.112500241206854,Northern Kabuntalan,Maguindanao del Norte,Bangsamoro Autonomous Region In Muslim Mindanao (BARMM)
