unique id,value,lon,lat,municipality name,province name,region
38944,118.7961044,124.76250211539752,7.26250024629382,Special Geographic Area - Carmen,Special Geographic Area,Bangsamoro Autonomous Region In Muslim Mindanao (BARMM)
38945,118.3462524,124.7875021158214,7.26250024629382,Special Geographic Area - Carmen,Special Geographic Area,Bangsamoro Autonomous Region In Muslim Mindanao (BARMM)
38946,118.1683121,124.81250211624528,7.26250024629382,Special Geographic Area - Carmen,Special Geographic Area,Bangsamoro Autonomous Region In Muslim Mindanao (BARMM)
38947,118.1442261,124.83750211666919,7.26250024629382,Special Geographic Area - Carmen,Special Geographic Area,Bangsamoro Autonomous Region In Muslim Mindanao (BARMM)
38948,120.4137955,124.68750211412586,7.237500245445992,Special Geographic Area - Carmen,Special Geographic Area,Bangsamoro Autonomous Region In Muslim Mindanao (BARMM)
38949,119.6794357,124.71250211454976,7.237500245445992,Special Geographic Area - Carmen,Special Geographic Area,Bangsamoro Autonomous Region In Muslim Mindanao (BARMM)
38950,118.6563339,124.7875021158214,7.237500245445992,Special Geographic Area - Carmen,Special Geographic Area,Bangsamoro Autonomous Region In Muslim Mindanao (BARMM)
38951,118.4615173,124.81250211624528,7.237500245445992,Special Geographic Area - Carmen,Special Geographic Area,Bangsamoro Autonomous Region In Muslim Mindanao (BARMM)
38952,120.1529617,124.71250211454976,7.212500244598164,Special Geographic Area - Carmen,Special Geographic Area,Bangsamoro Autonomous Region In Muslim Mindanao (BARMM)
38953,119.9974213,124.73750211497364,7.187500243750336,Special Geographic Area - Carmen,Special Geographic Area,Bangsamoro Autonomous Region In Muslim Mindanao (BARMM)
38954,119.1141815,124.76250211539752,7.187500243750336,Special Geographic Area - Carmen,Special Geographic Area,Bangsamoro Autonomous Region In Muslim Mindanao (BARMM)
38955,119.7139206,124.76250211539752,7.162500242902508,Special Geographic Area - Carmen,Special Geographic Area,Bangsamoro Autonomous Region In Muslim Mindanao (BARMM)
38956,117.9537659,124.86250211709309,7.287500247141648,Special Geographic Area - Kabacan,Special Geographic Area,Bangsamoro Autonomous Region In Muslim Mindanao (BARMM)
38957,117.8437195,124.88750211751696,7.287500247141648,Special Geographic Area - Kabacan,Special Geographic Area,Bangsamoro Autonomous Region In Muslim Mindanao (BARMM)
38958,118.2167969,124.86250211709309,7.26250024629382,Special Geographic Area - Kabacan,Special Geographic Area,Bangsamoro Autonomous Region In Muslim Mindanao (BARMM)
38959,117.8463364,124.88750211751696,7.26250024629382,Special Geographic Area - Kabacan,Special Geographic Area,Bangsamoro Autonomous Region In Muslim Mindanao (BARMM)
38960,118.3972549,124.83750211666919,7.237500245445992,Special Geographic Area - Kabacan,Special Geographic Area,Bangsamoro Autonomous Region In Muslim Mindanao (BARMM)
38961,117.7273407,124.88750211751696,7.237500245445992,Special Geographic Area - Kabacan,Special Geographic Area,Bangsamoro Autonomous Region In Muslim Mindanao (BARMM)
38962,118.929245,124.83750211666919,7.212500244598164,Special Geographic Area - Kabacan,Special Geographic Area,Bangsamoro Autonomous Region In Muslim Mindanao (BARMM)
38963,118.8259277,124.83750211666919,7.187500243750336,Special Geographic Area - Kabacan,Special Geographic Area,Bangsamoro Autonomous Region In Muslim Mindanao (BARMM)
38964,119.0272675,124.81250211624528,7.162500242902508,Special Geographic Area - Kabacan,Special Geographic Area,Bangsamoro Autonomous Region In Muslim Mindanao (BARMM)
38965,118.5427094,124.83750211666919,7.162500242902508,Special Geographic Area - Kabacan,Special Geographic Area,Bangsamoro Autonomous Region In Muslim Mindanao (BARMM)
38966,117.6095276,124.88750211751696,7.13750024205468,Special Geographic Area - Kabacan,Special Geographic Area,Bangsamoro Autonomous Region In Muslim Mindanao (BARMM)
38967,124.3432007,124.46250211031088,7.212500244598164,Special Geographic Area - Midsayap I,Special Geographic Area,Bangsamoro Autonomous Region In Muslim Mindanao (BARMM)
38968,125.8016129,124.46250211031088,7.13750024205468,Special Geographic Area - Midsayap I,Special Geographic Area,Bangsamoro Autonomous Region In Muslim Mindanao (BARMM)
38969,125.0550537,124.48750211073477,7.13750024205468,Special Geographic Area - Midsayap I,Special Geographic Area,Bangsamoro Autonomous Region In Muslim Mindanao (BARMM)
38970,125.0714264,124.46250211031088,7.112500241206854,Special Geographic Area - Midsayap I,Special Geographic Area,Bangsamoro Autonomous Region In Muslim Mindanao (BARMM)
38971,124.6932907,124.51250211115864,7.112500241206854,Special Geographic Area - Midsayap I,Special Geographic Area,Bangsamoro Autonomous Region In Muslim Mindanao (BARMM)
38972,125.6495209,124.51250211115864,7.087500240359026,Special Geographic Area - Midsayap I,Special Geographic Area,Bangsamoro Autonomous Region In Muslim Mindanao (BARMM)
38973,124.8487244,124.48750211073477,7.112500241206854,Special Geographic Area - Midsayap II,Special Geographic Area,Bangsamoro Autonomous Region In Muslim Mindanao (BARMM)
38974,125.7943039,124.48750211073477,7.087500240359026,Special Geographic Area - Midsayap II,Special Geographic Area,Bangsamoro Autonomous Region In Muslim Mindanao (BARMM)
38975,127.0236664,124.46250211031088,7.062500239511198,Special Geographic Area - Midsayap II,Special Geographic Area,Bangsamoro Autonomous Region In Muslim Mindanao (BARMM)
38976,126.7999268,124.48750211073477,7.062500239511198,Special Geographic Area - Midsayap II,Special Geographic Area,Bangsamoro Autonomous Region In Muslim Mindanao (BARMM)
38977,126.6098175,124.51250211115864,7.062500239511198,Special Geographic Area - Midsayap II,Special Geographic Area,Bangsamoro Autonomous Region In Muslim Mindanao (BARMM)
38978,125.7675858,124.51250211115864,7.03750023866337,Special Geographic Area - Midsayap II,Special Geographic Area,Bangsamoro Autonomous Region In Muslim Mindanao (BARMM)
38979,115.9090195,124.437502109887,7.38750025053296,Special Geographic Area - Pigkawayan,Special Geographic Area,Bangsamoro Autonomous Region In Muslim Mindanao (BARMM)
38980,117.4718323,124.4125021094631,7.362500249685132,Special Geographic Area - Pigkawayan,Special Geographic Area,Bangsamoro Autonomous Region In Muslim Mindanao (BARMM)
38981,124.0469589,124.36250210861532,7.212500244598164,Special Geographic Area - Pigkawayan,Special Geographic Area,Bangsamoro Autonomous Region In Muslim Mindanao (BARMM)
38982,124.4560547,124.3875021090392,7.212500244598164,Special Geographic Area - Pigkawayan,Special Geographic Area,Bangsamoro Autonomous Region In Muslim Mindanao (BARMM)
38983,124.0681992,124.36250210861532,7.187500243750336,Special Geographic Area - Pigkawayan,Special Geographic Area,Bangsamoro Autonomous Region In Muslim Mindanao (BARMM)
38984,120.8073273,124.68750211412586,7.187500243750336,Special Geographic Area - Pikit I,Special Geographic Area,Bangsamoro Autonomous Region In Muslim Mindanao (BARMM)
38985,121.3389206,124.68750211412586,7.162500242902508,Special Geographic Area - Pikit I,Special Geographic Area,Bangsamoro Autonomous Region In Muslim Mindanao (BARMM)
38986,121.1756668,124.68750211412586,7.112500241206854,Special Geographic Area - Pikit I,Special Geographic Area,Bangsamoro Autonomous Region In Muslim Mindanao (BARMM)
38987,120.3667145,124.71250211454976,7.112500241206854,Special Geographic Area - Pikit I,Special Geographic Area,Bangsamoro Autonomous Region In Muslim Mindanao (BARMM)
38988,122.9335175,124.68750211412586,7.062500239511198,Special Geographic Area - Pikit I,Special Geographic Area,Bangsamoro Autonomous Region In Muslim Mindanao (BARMM)
38989,124.5086365,124.56250211200641,7.012500237815542,Special Geographic Area - Pikit II,Special Geographic Area,Bangsamoro Autonomous Region In Muslim Mindanao (BARMM)
38990,123.794426,124.66250211370196,7.012500237815542,Special Geographic Area - Pikit II,Special Geographic Area,Bangsamoro Autonomous Region In Muslim Mindanao (BARMM)
38991,121.1608582,124.71250211454976,7.012500237815542,Special Geographic Area - Pikit II,Special Geographic Area,Bangsamoro Autonomous Region In Muslim Mindanao (BARMM)
38992,124.341835,124.58750211243031,6.987500236967714,Special Geographic Area - Pikit II,Special Geographic Area,Bangsamoro Autonomous Region In Muslim Mindanao (BARMM)
38993,124.2219544,124.6125021128542,6.987500236967714,Special Geographic Area - Pikit II,Special Geographic Area,Bangsamoro Autonomous Region In Muslim Mindanao (BARMM)
38994,124.0911179,124.6375021132781,6.987500236967714,Special Geographic Area - Pikit II,Special Geographic Area,Bangsamoro Autonomous Region In Muslim Mindanao (BARMM)
38995,123.6342773,124.66250211370196,6.987500236967714,Special Geographic Area - Pikit II,Special Geographic Area,Bangsamoro Autonomous Region In Muslim Mindanao (BARMM)
38996,121.9472504,124.68750211412586,6.987500236967714,Special Geographic Area - Pikit II,Special Geographic Area,Bangsamoro Autonomous Region In Muslim Mindanao (BARMM)
38997,123.407135,124.66250211370196,6.962500236119886,Special Geographic Area - Pikit II,Special Geographic Area,Bangsamoro Autonomous Region In Muslim Mindanao (BARMM)
38998,121.7906113,124.68750211412586,6.962500236119886,Special Geographic Area - Pikit II,Special Geographic Area,Bangsamoro Autonomous Region In Muslim Mindanao (BARMM)
38999,123.5716324,124.56250211200641,7.112500241206854,Special Geographic Area - Pikit III,Special Geographic Area,Bangsamoro Autonomous Region In Muslim Mindanao (BARMM)
39000,124.2702408,124.6125021128542,7.087500240359026,Special Geographic Area - Pikit III,Special Geographic Area,Bangsamoro Autonomous Region In Muslim Mindanao (BARMM)
39001,125.3140259,124.58750211243031,7.062500239511198,Special Geographic Area - Pikit III,Special Geographic Area,Bangsamoro Autonomous Region In Muslim Mindanao (BARMM)
39002,125.1920166,124.6125021128542,7.062500239511198,Special Geographic Area - Pikit III,Special Geographic Area,Bangsamoro Autonomous Region In Muslim Mindanao (BARMM)
39003,125.2199097,124.53750211158254,7.03750023866337,Special Geographic Area - Pikit III,Special Geographic Area,Bangsamoro Autonomous Region In Muslim Mindanao (BARMM)
39004,124.3121948,124.6125021128542,7.03750023866337,Special Geographic Area - Pikit III,Special Geographic Area,Bangsamoro Autonomous Region In Muslim Mindanao (BARMM)
39005,124.2920609,124.6125021128542,7.012500237815542,Special Geographic Area - Pikit III,Special Geographic Area,Bangsamoro Autonomous Region In Muslim Mindanao (BARMM)
39006,124.2382584,124.6375021132781,7.012500237815542,Special Geographic Area - Pikit III,Special Geographic Area,Bangsamoro Autonomous Region In Muslim Mindanao (BARMM)
