unique id,value,lon,lat,municipality name,province name,region
37956,112.0314789,120.96250205096668,6.037500204750252,Indanan,Sulu,Bangsamoro Autonomous Region In Muslim Mindanao (BARMM)
37957,112.4407272,120.98750205139056,6.037500204750252,Indanan,Sulu,Bangsamoro Autonomous Region In Muslim Mindanao (BARMM)
37958,110.8126831,120.91250205011892,6.012500203902424,Indanan,Sulu,Bangsamoro Autonomous Region In Muslim Mindanao (BARMM)
37959,111.9696426,120.9375020505428,6.012500203902424,Indanan,Sulu,Bangsamoro Autonomous Region In Muslim Mindanao (BARMM)
37960,112.6086884,120.96250205096668,6.012500203902424,Indanan,Sulu,Bangsamoro Autonomous Region In Muslim Mindanao (BARMM)
37961,112.6697235,120.98750205139056,6.012500203902424,Indanan,Sulu,Bangsamoro Autonomous Region In Muslim Mindanao (BARMM)
37962,111.0699005,120.91250205011892,5.987500203054596,Indanan,Sulu,Bangsamoro Autonomous Region In Muslim Mindanao (BARMM)
37963,112.3242798,120.9375020505428,5.987500203054596,Indanan,Sulu,Bangsamoro Autonomous Region In Muslim Mindanao (BARMM)
37964,112.941536,120.96250205096668,5.987500203054596,Indanan,Sulu,Bangsamoro Autonomous Region In Muslim Mindanao (BARMM)
37965,112.8816605,120.98750205139056,5.987500203054596,Indanan,Sulu,Bangsamoro Autonomous Region In Muslim Mindanao (BARMM)
37966,113.0945969,120.9375020505428,5.962500202206768,Indanan,Sulu,Bangsamoro Autonomous Region In Muslim Mindanao (BARMM)
37967,113.6006241,120.96250205096668,5.962500202206768,Indanan,Sulu,Bangsamoro Autonomous Region In Muslim Mindanao (BARMM)
37968,114.4490585,121.26250205605332,5.93750020135894,Kalingalan Caluang,Sulu,Bangsamoro Autonomous Region In Muslim Mindanao (BARMM)
37969,114.4949112,121.28750205647722,5.93750020135894,Kalingalan Caluang,Sulu,Bangsamoro Autonomous Region In Muslim Mindanao (BARMM)
37970,114.3752365,121.26250205605332,5.912500200511112,Kalingalan Caluang,Sulu,Bangsamoro Autonomous Region In Muslim Mindanao (BARMM)
37971,114.4274139,121.28750205647722,5.912500200511112,Kalingalan Caluang,Sulu,Bangsamoro Autonomous Region In Muslim Mindanao (BARMM)
37972,114.3986206,121.31250205690112,5.912500200511112,Kalingalan Caluang,Sulu,Bangsamoro Autonomous Region In Muslim Mindanao (BARMM)
37973,114.3759995,121.26250205605332,5.887500199663284,Kalingalan Caluang,Sulu,Bangsamoro Autonomous Region In Muslim Mindanao (BARMM)
37974,114.4655762,121.28750205647722,5.887500199663284,Kalingalan Caluang,Sulu,Bangsamoro Autonomous Region In Muslim Mindanao (BARMM)
37975,113.9948349,121.28750205647722,6.012500203902424,Luuk,Sulu,Bangsamoro Autonomous Region In Muslim Mindanao (BARMM)
37976,113.9760284,121.28750205647722,5.987500203054596,Luuk,Sulu,Bangsamoro Autonomous Region In Muslim Mindanao (BARMM)
37977,114.1112976,121.31250205690112,5.987500203054596,Luuk,Sulu,Bangsamoro Autonomous Region In Muslim Mindanao (BARMM)
37978,114.1973724,121.337502057325,5.987500203054596,Luuk,Sulu,Bangsamoro Autonomous Region In Muslim Mindanao (BARMM)
37979,114.3875809,121.36250205774888,5.987500203054596,Luuk,Sulu,Bangsamoro Autonomous Region In Muslim Mindanao (BARMM)
37980,114.3600617,121.28750205647722,5.962500202206768,Luuk,Sulu,Bangsamoro Autonomous Region In Muslim Mindanao (BARMM)
37981,114.4418716,121.31250205690112,5.962500202206768,Luuk,Sulu,Bangsamoro Autonomous Region In Muslim Mindanao (BARMM)
37982,114.5873032,121.337502057325,5.962500202206768,Luuk,Sulu,Bangsamoro Autonomous Region In Muslim Mindanao (BARMM)
37983,114.4945221,121.31250205690112,5.93750020135894,Luuk,Sulu,Bangsamoro Autonomous Region In Muslim Mindanao (BARMM)
37984,114.7838059,121.337502057325,5.93750020135894,Luuk,Sulu,Bangsamoro Autonomous Region In Muslim Mindanao (BARMM)
37985,114.8051834,121.36250205774888,5.93750020135894,Luuk,Sulu,Bangsamoro Autonomous Region In Muslim Mindanao (BARMM)
37986,114.4347992,121.337502057325,5.912500200511112,Luuk,Sulu,Bangsamoro Autonomous Region In Muslim Mindanao (BARMM)
37987,112.9554291,121.01250205181447,5.987500203054596,Maimbung,Sulu,Bangsamoro Autonomous Region In Muslim Mindanao (BARMM)
37988,113.254776,120.98750205139056,5.962500202206768,Maimbung,Sulu,Bangsamoro Autonomous Region In Muslim Mindanao (BARMM)
37989,113.3166351,121.01250205181447,5.962500202206768,Maimbung,Sulu,Bangsamoro Autonomous Region In Muslim Mindanao (BARMM)
37990,113.7998657,120.98750205139056,5.93750020135894,Maimbung,Sulu,Bangsamoro Autonomous Region In Muslim Mindanao (BARMM)
37991,113.8695984,121.01250205181447,5.93750020135894,Maimbung,Sulu,Bangsamoro Autonomous Region In Muslim Mindanao (BARMM)
37992,113.7995834,121.03750205223837,5.93750020135894,Maimbung,Sulu,Bangsamoro Autonomous Region In Muslim Mindanao (BARMM)
37993,113.7521973,120.98750205139056,5.912500200511112,Maimbung,Sulu,Bangsamoro Autonomous Region In Muslim Mindanao (BARMM)
37994,110.8102722,120.86250204927114,6.337500214924186,Hadji Panglima Tahil (Marunggas),Sulu,Bangsamoro Autonomous Region In Muslim Mindanao (BARMM)
37995,111.1068115,120.86250204927114,6.312500214076358,Hadji Panglima Tahil (Marunggas),Sulu,Bangsamoro Autonomous Region In Muslim Mindanao (BARMM)
37996,112.0943985,120.96250205096668,6.18750020983722,Hadji Panglima Tahil (Marunggas),Sulu,Bangsamoro Autonomous Region In Muslim Mindanao (BARMM)
37997,112.1532288,120.98750205139056,6.18750020983722,Hadji Panglima Tahil (Marunggas),Sulu,Bangsamoro Autonomous Region In Muslim Mindanao (BARMM)
37998,113.4076233,121.16250205435777,6.012500203902424,Old Panamao,Sulu,Bangsamoro Autonomous Region In Muslim Mindanao (BARMM)
37999,113.577179,121.18750205478167,6.012500203902424,Old Panamao,Sulu,Bangsamoro Autonomous Region In Muslim Mindanao (BARMM)
38000,113.9504166,121.26250205605332,6.012500203902424,Old Panamao,Sulu,Bangsamoro Autonomous Region In Muslim Mindanao (BARMM)
38001,113.6191177,121.21250205520556,5.987500203054596,Old Panamao,Sulu,Bangsamoro Autonomous Region In Muslim Mindanao (BARMM)
38002,113.64608,121.23750205562946,5.987500203054596,Old Panamao,Sulu,Bangsamoro Autonomous Region In Muslim Mindanao (BARMM)
38003,113.9150085,121.26250205605332,5.987500203054596,Old Panamao,Sulu,Bangsamoro Autonomous Region In Muslim Mindanao (BARMM)
38004,114.0263901,121.21250205520556,5.962500202206768,Old Panamao,Sulu,Bangsamoro Autonomous Region In Muslim Mindanao (BARMM)
38005,114.1453934,121.23750205562946,5.962500202206768,Old Panamao,Sulu,Bangsamoro Autonomous Region In Muslim Mindanao (BARMM)
38006,114.1667023,121.26250205605332,5.962500202206768,Old Panamao,Sulu,Bangsamoro Autonomous Region In Muslim Mindanao (BARMM)
38007,114.4276581,121.23750205562946,5.93750020135894,Old Panamao,Sulu,Bangsamoro Autonomous Region In Muslim Mindanao (BARMM)
38008,111.3368759,120.68750204630392,6.41250021746767,Pangutaran,Sulu,Bangsamoro Autonomous Region In Muslim Mindanao (BARMM)
38009,111.288887,120.71250204672782,6.41250021746767,Pangutaran,Sulu,Bangsamoro Autonomous Region In Muslim Mindanao (BARMM)
38010,111.3956375,120.58750204460839,6.387500216619842,Pangutaran,Sulu,Bangsamoro Autonomous Region In Muslim Mindanao (BARMM)
38011,111.3311462,120.56250204418448,6.362500215772014,Pangutaran,Sulu,Bangsamoro Autonomous Region In Muslim Mindanao (BARMM)
38012,111.3778839,120.58750204460839,6.362500215772014,Pangutaran,Sulu,Bangsamoro Autonomous Region In Muslim Mindanao (BARMM)
38013,111.4716568,120.56250204418448,6.337500214924186,Pangutaran,Sulu,Bangsamoro Autonomous Region In Muslim Mindanao (BARMM)
38014,111.4207077,120.58750204460839,6.337500214924186,Pangutaran,Sulu,Bangsamoro Autonomous Region In Muslim Mindanao (BARMM)
38015,111.583313,120.56250204418448,6.312500214076358,Pangutaran,Sulu,Bangsamoro Autonomous Region In Muslim Mindanao (BARMM)
38016,111.8124313,120.5375020437606,6.28750021322853,Pangutaran,Sulu,Bangsamoro Autonomous Region In Muslim Mindanao (BARMM)
38017,111.6294403,120.56250204418448,6.28750021322853,Pangutaran,Sulu,Bangsamoro Autonomous Region In Muslim Mindanao (BARMM)
38018,111.2212906,120.66250204588005,6.28750021322853,Pangutaran,Sulu,Bangsamoro Autonomous Region In Muslim Mindanao (BARMM)
38019,112.0472336,120.48750204291284,6.262500212380704,Pangutaran,Sulu,Bangsamoro Autonomous Region In Muslim Mindanao (BARMM)
38020,112.1351624,120.5375020437606,6.262500212380704,Pangutaran,Sulu,Bangsamoro Autonomous Region In Muslim Mindanao (BARMM)
38021,111.8293381,120.56250204418448,6.262500212380704,Pangutaran,Sulu,Bangsamoro Autonomous Region In Muslim Mindanao (BARMM)
38022,111.3375015,120.63750204545616,6.262500212380704,Pangutaran,Sulu,Bangsamoro Autonomous Region In Muslim Mindanao (BARMM)
38023,112.9062271,120.43750204206506,6.162500208989392,Pangutaran,Sulu,Bangsamoro Autonomous Region In Muslim Mindanao (BARMM)
38024,112.9185486,120.46250204248896,6.162500208989392,Pangutaran,Sulu,Bangsamoro Autonomous Region In Muslim Mindanao (BARMM)
38025,113.1009598,120.43750204206506,6.137500208141564,Pangutaran,Sulu,Bangsamoro Autonomous Region In Muslim Mindanao (BARMM)
38026,113.0437851,120.5375020437606,6.137500208141564,Pangutaran,Sulu,Bangsamoro Autonomous Region In Muslim Mindanao (BARMM)
38027,0.0,119.98750203443508,5.93750020135894,Pangutaran,Sulu,Bangsamoro Autonomous Region In Muslim Mindanao (BARMM)
38028,111.8218918,120.11250203655452,5.93750020135894,Pangutaran,Sulu,Bangsamoro Autonomous Region In Muslim Mindanao (BARMM)
38029,0.0,119.98750203443508,5.912500200511112,Pangutaran,Sulu,Bangsamoro Autonomous Region In Muslim Mindanao (BARMM)
38030,0.0,120.01250203485898,5.887500199663284,Pangutaran,Sulu,Bangsamoro Autonomous Region In Muslim Mindanao (BARMM)
38031,111.4792786,120.88750204969504,5.962500202206768,Parang,Sulu,Bangsamoro Autonomous Region In Muslim Mindanao (BARMM)
38032,111.5378876,120.91250205011892,5.962500202206768,Parang,Sulu,Bangsamoro Autonomous Region In Muslim Mindanao (BARMM)
38033,112.4683151,120.88750204969504,5.93750020135894,Parang,Sulu,Bangsamoro Autonomous Region In Muslim Mindanao (BARMM)
38034,112.5145493,120.91250205011892,5.93750020135894,Parang,Sulu,Bangsamoro Autonomous Region In Muslim Mindanao (BARMM)
38035,113.5570602,120.9375020505428,5.93750020135894,Parang,Sulu,Bangsamoro Autonomous Region In Muslim Mindanao (BARMM)
38036,114.0475006,120.96250205096668,5.93750020135894,Parang,Sulu,Bangsamoro Autonomous Region In Muslim Mindanao (BARMM)
38037,112.5330658,120.91250205011892,5.912500200511112,Parang,Sulu,Bangsamoro Autonomous Region In Muslim Mindanao (BARMM)
38038,113.6498718,120.9375020505428,5.912500200511112,Parang,Sulu,Bangsamoro Autonomous Region In Muslim Mindanao (BARMM)
38039,113.8481979,120.96250205096668,5.912500200511112,Parang,Sulu,Bangsamoro Autonomous Region In Muslim Mindanao (BARMM)
38040,113.6796417,121.16250205435777,5.837500197967628,Pata,Sulu,Bangsamoro Autonomous Region In Muslim Mindanao (BARMM)
38041,113.4025726,121.1375020539339,5.8125001971198,Pata,Sulu,Bangsamoro Autonomous Region In Muslim Mindanao (BARMM)
38042,113.6550903,121.16250205435777,5.8125001971198,Pata,Sulu,Bangsamoro Autonomous Region In Muslim Mindanao (BARMM)
38043,113.8211975,121.18750205478167,5.8125001971198,Pata,Sulu,Bangsamoro Autonomous Region In Muslim Mindanao (BARMM)
38044,113.8552399,121.23750205562946,5.8125001971198,Pata,Sulu,Bangsamoro Autonomous Region In Muslim Mindanao (BARMM)
38045,113.5559692,121.16250205435777,5.787500196271972,Pata,Sulu,Bangsamoro Autonomous Region In Muslim Mindanao (BARMM)
38046,112.633316,121.06250205266224,6.087500206445908,Patikul,Sulu,Bangsamoro Autonomous Region In Muslim Mindanao (BARMM)
38047,112.7615051,121.11250205351,6.087500206445908,Patikul,Sulu,Bangsamoro Autonomous Region In Muslim Mindanao (BARMM)
38048,112.1530228,121.01250205181447,6.06250020559808,Patikul,Sulu,Bangsamoro Autonomous Region In Muslim Mindanao (BARMM)
38049,112.397934,121.03750205223837,6.06250020559808,Patikul,Sulu,Bangsamoro Autonomous Region In Muslim Mindanao (BARMM)
38050,112.426796,121.06250205266224,6.06250020559808,Patikul,Sulu,Bangsamoro Autonomous Region In Muslim Mindanao (BARMM)
38051,112.6651993,121.08750205308613,6.06250020559808,Patikul,Sulu,Bangsamoro Autonomous Region In Muslim Mindanao (BARMM)
38052,112.7430344,121.11250205351,6.06250020559808,Patikul,Sulu,Bangsamoro Autonomous Region In Muslim Mindanao (BARMM)
38053,112.8889923,121.1375020539339,6.06250020559808,Patikul,Sulu,Bangsamoro Autonomous Region In Muslim Mindanao (BARMM)
38054,112.6269531,121.01250205181447,6.037500204750252,Patikul,Sulu,Bangsamoro Autonomous Region In Muslim Mindanao (BARMM)
38055,112.5478821,121.03750205223837,6.037500204750252,Patikul,Sulu,Bangsamoro Autonomous Region In Muslim Mindanao (BARMM)
38056,112.5767822,121.06250205266224,6.037500204750252,Patikul,Sulu,Bangsamoro Autonomous Region In Muslim Mindanao (BARMM)
38057,112.8140259,121.08750205308613,6.037500204750252,Patikul,Sulu,Bangsamoro Autonomous Region In Muslim Mindanao (BARMM)
38058,112.872757,121.11250205351,6.037500204750252,Patikul,Sulu,Bangsamoro Autonomous Region In Muslim Mindanao (BARMM)
38059,112.9141083,121.1375020539339,6.037500204750252,Patikul,Sulu,Bangsamoro Autonomous Region In Muslim Mindanao (BARMM)
38060,113.2256851,121.16250205435777,6.037500204750252,Patikul,Sulu,Bangsamoro Autonomous Region In Muslim Mindanao (BARMM)
38061,112.8024139,121.01250205181447,6.012500203902424,Patikul,Sulu,Bangsamoro Autonomous Region In Muslim Mindanao (BARMM)
38062,114.2786942,120.83750204884724,5.56250018864152,Siasi,Sulu,Bangsamoro Autonomous Region In Muslim Mindanao (BARMM)
38063,114.393219,120.86250204927114,5.56250018864152,Siasi,Sulu,Bangsamoro Autonomous Region In Muslim Mindanao (BARMM)
38064,114.187912,120.83750204884724,5.537500187793692,Siasi,Sulu,Bangsamoro Autonomous Region In Muslim Mindanao (BARMM)
38065,114.3023605,120.86250204927114,5.537500187793692,Siasi,Sulu,Bangsamoro Autonomous Region In Muslim Mindanao (BARMM)
38066,114.4075394,120.88750204969504,5.537500187793692,Siasi,Sulu,Bangsamoro Autonomous Region In Muslim Mindanao (BARMM)
38067,113.6425247,120.83750204884724,5.512500186945864,Siasi,Sulu,Bangsamoro Autonomous Region In Muslim Mindanao (BARMM)
38068,114.1785812,120.86250204927114,5.512500186945864,Siasi,Sulu,Bangsamoro Autonomous Region In Muslim Mindanao (BARMM)
38069,114.1889038,120.88750204969504,5.512500186945864,Siasi,Sulu,Bangsamoro Autonomous Region In Muslim Mindanao (BARMM)
38070,112.8450623,121.03750205223837,6.012500203902424,Talipao,Sulu,Bangsamoro Autonomous Region In Muslim Mindanao (BARMM)
38071,112.9000549,121.06250205266224,6.012500203902424,Talipao,Sulu,Bangsamoro Autonomous Region In Muslim Mindanao (BARMM)
38072,112.9357224,121.08750205308613,6.012500203902424,Talipao,Sulu,Bangsamoro Autonomous Region In Muslim Mindanao (BARMM)
38073,112.9632645,121.11250205351,6.012500203902424,Talipao,Sulu,Bangsamoro Autonomous Region In Muslim Mindanao (BARMM)
38074,112.976738,121.1375020539339,6.012500203902424,Talipao,Sulu,Bangsamoro Autonomous Region In Muslim Mindanao (BARMM)
38075,113.0061188,121.03750205223837,5.987500203054596,Talipao,Sulu,Bangsamoro Autonomous Region In Muslim Mindanao (BARMM)
38076,113.0245972,121.06250205266224,5.987500203054596,Talipao,Sulu,Bangsamoro Autonomous Region In Muslim Mindanao (BARMM)
38077,113.0120926,121.08750205308613,5.987500203054596,Talipao,Sulu,Bangsamoro Autonomous Region In Muslim Mindanao (BARMM)
38078,113.0124512,121.11250205351,5.987500203054596,Talipao,Sulu,Bangsamoro Autonomous Region In Muslim Mindanao (BARMM)
38079,113.0221252,121.1375020539339,5.987500203054596,Talipao,Sulu,Bangsamoro Autonomous Region In Muslim Mindanao (BARMM)
38080,113.531456,121.03750205223837,5.962500202206768,Talipao,Sulu,Bangsamoro Autonomous Region In Muslim Mindanao (BARMM)
38081,113.5088501,121.06250205266224,5.962500202206768,Talipao,Sulu,Bangsamoro Autonomous Region In Muslim Mindanao (BARMM)
38082,113.3325958,121.08750205308613,5.962500202206768,Talipao,Sulu,Bangsamoro Autonomous Region In Muslim Mindanao (BARMM)
38083,113.3118134,121.11250205351,5.962500202206768,Talipao,Sulu,Bangsamoro Autonomous Region In Muslim Mindanao (BARMM)
38084,113.3994446,121.1375020539339,5.962500202206768,Talipao,Sulu,Bangsamoro Autonomous Region In Muslim Mindanao (BARMM)
38085,113.7769241,121.06250205266224,5.93750020135894,Talipao,Sulu,Bangsamoro Autonomous Region In Muslim Mindanao (BARMM)
38086,113.499321,121.08750205308613,5.93750020135894,Talipao,Sulu,Bangsamoro Autonomous Region In Muslim Mindanao (BARMM)
38087,113.4636002,121.11250205351,5.93750020135894,Talipao,Sulu,Bangsamoro Autonomous Region In Muslim Mindanao (BARMM)
38088,113.5698166,121.1375020539339,5.93750020135894,Talipao,Sulu,Bangsamoro Autonomous Region In Muslim Mindanao (BARMM)
38089,113.4550858,121.06250205266224,5.912500200511112,Talipao,Sulu,Bangsamoro Autonomous Region In Muslim Mindanao (BARMM)
38090,113.4115295,121.08750205308613,5.912500200511112,Talipao,Sulu,Bangsamoro Autonomous Region In Muslim Mindanao (BARMM)
38091,113.3803482,121.11250205351,5.912500200511112,Talipao,Sulu,Bangsamoro Autonomous Region In Muslim Mindanao (BARMM)
38092,113.3731766,121.1375020539339,5.912500200511112,Talipao,Sulu,Bangsamoro Autonomous Region In Muslim Mindanao (BARMM)
38093,113.4546661,121.06250205266224,5.887500199663284,Talipao,Sulu,Bangsamoro Autonomous Region In Muslim Mindanao (BARMM)
38094,113.9909134,120.88750204969504,5.737500194576316,Tapul,Sulu,Bangsamoro Autonomous Region In Muslim Mindanao (BARMM)
38095,113.9671097,120.91250205011892,5.737500194576316,Tapul,Sulu,Bangsamoro Autonomous Region In Muslim Mindanao (BARMM)
38096,114.0980911,120.88750204969504,5.712500193728488,Tapul,Sulu,Bangsamoro Autonomous Region In Muslim Mindanao (BARMM)
38097,114.0842056,120.91250205011892,5.712500193728488,Tapul,Sulu,Bangsamoro Autonomous Region In Muslim Mindanao (BARMM)
38098,114.2693329,121.01250205181447,5.68750019288066,Tapul,Sulu,Bangsamoro Autonomous Region In Muslim Mindanao (BARMM)
38099,113.9593506,121.06250205266224,5.68750019288066,Tapul,Sulu,Bangsamoro Autonomous Region In Muslim Mindanao (BARMM)
38100,114.6970139,121.83750206580272,6.237500211532876,Tongkil,Sulu,Bangsamoro Autonomous Region In Muslim Mindanao (BARMM)
38101,115.0326309,121.81250206537884,6.162500208989392,Tongkil,Sulu,Bangsamoro Autonomous Region In Muslim Mindanao (BARMM)
38102,114.7145386,121.81250206537884,6.137500208141564,Tongkil,Sulu,Bangsamoro Autonomous Region In Muslim Mindanao (BARMM)
38103,114.6019516,121.83750206580272,6.137500208141564,Tongkil,Sulu,Bangsamoro Autonomous Region In Muslim Mindanao (BARMM)
38104,115.0615387,121.66250206283554,6.087500206445908,Tongkil,Sulu,Bangsamoro Autonomous Region In Muslim Mindanao (BARMM)
38105,114.9510346,121.76250206453108,6.087500206445908,Tongkil,Sulu,Bangsamoro Autonomous Region In Muslim Mindanao (BARMM)
38106,115.1979599,121.7125020636833,6.06250020559808,Tongkil,Sulu,Bangsamoro Autonomous Region In Muslim Mindanao (BARMM)
38107,114.8797226,121.78750206495496,6.06250020559808,Tongkil,Sulu,Bangsamoro Autonomous Region In Muslim Mindanao (BARMM)
38108,114.9303818,121.6875020632594,6.037500204750252,Tongkil,Sulu,Bangsamoro Autonomous Region In Muslim Mindanao (BARMM)
38109,114.4846802,121.81250206537884,6.037500204750252,Tongkil,Sulu,Bangsamoro Autonomous Region In Muslim Mindanao (BARMM)
38110,114.8163834,121.53750206071608,6.012500203902424,Tongkil,Sulu,Bangsamoro Autonomous Region In Muslim Mindanao (BARMM)
38111,114.9027863,121.6875020632594,6.012500203902424,Tongkil,Sulu,Bangsamoro Autonomous Region In Muslim Mindanao (BARMM)
38112,114.5120468,121.83750206580272,6.012500203902424,Tongkil,Sulu,Bangsamoro Autonomous Region In Muslim Mindanao (BARMM)
38113,114.0225525,121.86250206622663,6.012500203902424,Tongkil,Sulu,Bangsamoro Autonomous Region In Muslim Mindanao (BARMM)
38114,113.9485092,121.88750206665053,6.012500203902424,Tongkil,Sulu,Bangsamoro Autonomous Region In Muslim Mindanao (BARMM)
38115,114.8109283,121.58750206156385,5.962500202206768,Tongkil,Sulu,Bangsamoro Autonomous Region In Muslim Mindanao (BARMM)
38116,114.7508774,121.56250206113998,5.93750020135894,Tongkil,Sulu,Bangsamoro Autonomous Region In Muslim Mindanao (BARMM)
38117,113.4331894,121.16250205435777,5.987500203054596,Panglima Estino (New Panamao),Sulu,Bangsamoro Autonomous Region In Muslim Mindanao (BARMM)
38118,113.5846329,121.18750205478167,5.987500203054596,Panglima Estino (New Panamao),Sulu,Bangsamoro Autonomous Region In Muslim Mindanao (BARMM)
38119,113.7783585,121.16250205435777,5.962500202206768,Panglima Estino (New Panamao),Sulu,Bangsamoro Autonomous Region In Muslim Mindanao (BARMM)
38120,113.9947739,121.18750205478167,5.962500202206768,Panglima Estino (New Panamao),Sulu,Bangsamoro Autonomous Region In Muslim Mindanao (BARMM)
38121,114.0536804,121.16250205435777,5.93750020135894,Panglima Estino (New Panamao),Sulu,Bangsamoro Autonomous Region In Muslim Mindanao (BARMM)
38122,113.3397522,120.81250204842338,5.68750019288066,Lugus,Sulu,Bangsamoro Autonomous Region In Muslim Mindanao (BARMM)
38123,113.4624558,120.83750204884724,5.68750019288066,Lugus,Sulu,Bangsamoro Autonomous Region In Muslim Mindanao (BARMM)
38124,113.951767,120.86250204927114,5.68750019288066,Lugus,Sulu,Bangsamoro Autonomous Region In Muslim Mindanao (BARMM)
38125,114.0053101,120.88750204969504,5.68750019288066,Lugus,Sulu,Bangsamoro Autonomous Region In Muslim Mindanao (BARMM)
38126,0.0,120.41250204164116,5.787500196271972,Pandami,Sulu,Bangsamoro Autonomous Region In Muslim Mindanao (BARMM)
38127,113.3798447,120.78750204799948,5.56250018864152,Pandami,Sulu,Bangsamoro Autonomous Region In Muslim Mindanao (BARMM)
38128,112.4089813,120.7625020475756,5.537500187793692,Pandami,Sulu,Bangsamoro Autonomous Region In Muslim Mindanao (BARMM)
38129,113.2274857,120.78750204799948,5.537500187793692,Pandami,Sulu,Bangsamoro Autonomous Region In Muslim Mindanao (BARMM)
38130,112.7288208,120.7625020475756,5.512500186945864,Pandami,Sulu,Bangsamoro Autonomous Region In Muslim Mindanao (BARMM)
38131,113.0354157,120.78750204799948,5.487500186098036,Pandami,Sulu,Bangsamoro Autonomous Region In Muslim Mindanao (BARMM)
38132,112.2660065,120.7375020471517,5.462500185250208,Pandami,Sulu,Bangsamoro Autonomous Region In Muslim Mindanao (BARMM)
38133,114.4684753,121.38750205817276,6.037500204750252,Omar,Sulu,Bangsamoro Autonomous Region In Muslim Mindanao (BARMM)
38134,114.5217972,121.41250205859664,6.037500204750252,Omar,Sulu,Bangsamoro Autonomous Region In Muslim Mindanao (BARMM)
38135,114.3784332,121.36250205774888,6.012500203902424,Omar,Sulu,Bangsamoro Autonomous Region In Muslim Mindanao (BARMM)
38136,114.483757,121.38750205817276,5.987500203054596,Omar,Sulu,Bangsamoro Autonomous Region In Muslim Mindanao (BARMM)
38137,114.5360794,121.41250205859664,5.987500203054596,Omar,Sulu,Bangsamoro Autonomous Region In Muslim Mindanao (BARMM)
38138,114.608635,121.36250205774888,5.962500202206768,Omar,Sulu,Bangsamoro Autonomous Region In Muslim Mindanao (BARMM)
38139,114.6407547,121.38750205817276,5.962500202206768,Omar,Sulu,Bangsamoro Autonomous Region In Muslim Mindanao (BARMM)
38140,114.6420593,121.41250205859664,5.962500202206768,Omar,Sulu,Bangsamoro Autonomous Region In Muslim Mindanao (BARMM)
