unique id,value,lon,lat,municipality name,province name,region
38141,109.308609,120.11250203655452,5.237500177619758,Panglima Sugala (Balimbing),Tawi-Tawi,Bangsamoro Autonomous Region In Muslim Mindanao (BARMM)
38142,109.0289383,120.1375020369784,5.237500177619758,Panglima Sugala (Balimbing),Tawi-Tawi,Bangsamoro Autonomous Region In Muslim Mindanao (BARMM)
38143,108.9865952,120.1625020374023,5.237500177619758,Panglima Sugala (Balimbing),Tawi-Tawi,Bangsamoro Autonomous Region In Muslim Mindanao (BARMM)
38144,109.5301285,120.06250203570676,5.21250017677193,Panglima Sugala (Balimbing),Tawi-Tawi,Bangsamoro Autonomous Region In Muslim Mindanao (BARMM)
38145,109.4168015,120.08750203613064,5.21250017677193,Panglima Sugala (Balimbing),Tawi-Tawi,Bangsamoro Autonomous Region In Muslim Mindanao (BARMM)
38146,109.3404541,120.11250203655452,5.21250017677193,Panglima Sugala (Balimbing),Tawi-Tawi,Bangsamoro Autonomous Region In Muslim Mindanao (BARMM)
38147,109.2590179,120.1375020369784,5.21250017677193,Panglima Sugala (Balimbing),Tawi-Tawi,Bangsamoro Autonomous Region In Muslim Mindanao (BARMM)
38148,110.2361908,120.03750203528288,5.187500175924102,Panglima Sugala (Balimbing),Tawi-Tawi,Bangsamoro Autonomous Region In Muslim Mindanao (BARMM)
38149,109.5704498,120.06250203570676,5.187500175924102,Panglima Sugala (Balimbing),Tawi-Tawi,Bangsamoro Autonomous Region In Muslim Mindanao (BARMM)
38150,109.4476166,120.08750203613064,5.187500175924102,Panglima Sugala (Balimbing),Tawi-Tawi,Bangsamoro Autonomous Region In Muslim Mindanao (BARMM)
38151,109.3432922,120.11250203655452,5.187500175924102,Panglima Sugala (Balimbing),Tawi-Tawi,Bangsamoro Autonomous Region In Muslim Mindanao (BARMM)
38152,110.5446625,119.98750203443508,5.162500175076274,Panglima Sugala (Balimbing),Tawi-Tawi,Bangsamoro Autonomous Region In Muslim Mindanao (BARMM)
38153,110.3285523,120.01250203485898,5.162500175076274,Panglima Sugala (Balimbing),Tawi-Tawi,Bangsamoro Autonomous Region In Muslim Mindanao (BARMM)
38154,109.9087067,120.06250203570676,5.162500175076274,Panglima Sugala (Balimbing),Tawi-Tawi,Bangsamoro Autonomous Region In Muslim Mindanao (BARMM)
38155,109.4669647,120.08750203613064,5.162500175076274,Panglima Sugala (Balimbing),Tawi-Tawi,Bangsamoro Autonomous Region In Muslim Mindanao (BARMM)
38156,111.4036408,119.91250203316343,5.137500174228446,Panglima Sugala (Balimbing),Tawi-Tawi,Bangsamoro Autonomous Region In Muslim Mindanao (BARMM)
38157,111.1698685,119.93750203358732,5.137500174228446,Panglima Sugala (Balimbing),Tawi-Tawi,Bangsamoro Autonomous Region In Muslim Mindanao (BARMM)
38158,111.1361694,119.96250203401122,5.137500174228446,Panglima Sugala (Balimbing),Tawi-Tawi,Bangsamoro Autonomous Region In Muslim Mindanao (BARMM)
38159,111.2578964,119.83750203189176,5.112500173380618,Panglima Sugala (Balimbing),Tawi-Tawi,Bangsamoro Autonomous Region In Muslim Mindanao (BARMM)
38160,111.2505188,119.86250203231566,5.112500173380618,Panglima Sugala (Balimbing),Tawi-Tawi,Bangsamoro Autonomous Region In Muslim Mindanao (BARMM)
38161,111.4298477,119.88750203273953,5.112500173380618,Panglima Sugala (Balimbing),Tawi-Tawi,Bangsamoro Autonomous Region In Muslim Mindanao (BARMM)
38162,111.5059433,119.91250203316343,5.112500173380618,Panglima Sugala (Balimbing),Tawi-Tawi,Bangsamoro Autonomous Region In Muslim Mindanao (BARMM)
38163,111.4954453,119.93750203358732,5.112500173380618,Panglima Sugala (Balimbing),Tawi-Tawi,Bangsamoro Autonomous Region In Muslim Mindanao (BARMM)
38164,111.1205444,119.96250203401122,5.112500173380618,Panglima Sugala (Balimbing),Tawi-Tawi,Bangsamoro Autonomous Region In Muslim Mindanao (BARMM)
38165,111.3738556,119.86250203231566,5.08750017253279,Panglima Sugala (Balimbing),Tawi-Tawi,Bangsamoro Autonomous Region In Muslim Mindanao (BARMM)
38166,111.5149078,119.88750203273953,5.08750017253279,Panglima Sugala (Balimbing),Tawi-Tawi,Bangsamoro Autonomous Region In Muslim Mindanao (BARMM)
38167,111.5804367,119.91250203316343,5.08750017253279,Panglima Sugala (Balimbing),Tawi-Tawi,Bangsamoro Autonomous Region In Muslim Mindanao (BARMM)
38168,111.588089,119.93750203358732,5.08750017253279,Panglima Sugala (Balimbing),Tawi-Tawi,Bangsamoro Autonomous Region In Muslim Mindanao (BARMM)
38169,111.215126,119.96250203401122,5.08750017253279,Panglima Sugala (Balimbing),Tawi-Tawi,Bangsamoro Autonomous Region In Muslim Mindanao (BARMM)
38170,111.084343,119.98750203443508,5.08750017253279,Panglima Sugala (Balimbing),Tawi-Tawi,Bangsamoro Autonomous Region In Muslim Mindanao (BARMM)
38171,111.5108032,119.86250203231566,5.062500171684962,Panglima Sugala (Balimbing),Tawi-Tawi,Bangsamoro Autonomous Region In Muslim Mindanao (BARMM)
38172,0.0,120.01250203485898,5.037500170837134,Panglima Sugala (Balimbing),Tawi-Tawi,Bangsamoro Autonomous Region In Muslim Mindanao (BARMM)
38173,0.0,119.98750203443508,5.012500169989306,Panglima Sugala (Balimbing),Tawi-Tawi,Bangsamoro Autonomous Region In Muslim Mindanao (BARMM)
38174,111.3783951,120.01250203485898,4.987500169141478,Panglima Sugala (Balimbing),Tawi-Tawi,Bangsamoro Autonomous Region In Muslim Mindanao (BARMM)
38175,111.5367279,119.98750203443508,4.96250016829365,Panglima Sugala (Balimbing),Tawi-Tawi,Bangsamoro Autonomous Region In Muslim Mindanao (BARMM)
38176,111.105423,119.83750203189176,5.137500174228446,Bongao (Capital),Tawi-Tawi,Bangsamoro Autonomous Region In Muslim Mindanao (BARMM)
38177,111.1014252,119.86250203231566,5.137500174228446,Bongao (Capital),Tawi-Tawi,Bangsamoro Autonomous Region In Muslim Mindanao (BARMM)
38178,111.3352509,119.88750203273953,5.137500174228446,Bongao (Capital),Tawi-Tawi,Bangsamoro Autonomous Region In Muslim Mindanao (BARMM)
38179,110.9893036,119.76250203062013,5.08750017253279,Bongao (Capital),Tawi-Tawi,Bangsamoro Autonomous Region In Muslim Mindanao (BARMM)
38180,110.9888458,119.787502031044,5.08750017253279,Bongao (Capital),Tawi-Tawi,Bangsamoro Autonomous Region In Muslim Mindanao (BARMM)
38181,111.3761292,119.83750203189176,5.08750017253279,Bongao (Capital),Tawi-Tawi,Bangsamoro Autonomous Region In Muslim Mindanao (BARMM)
38182,111.0966034,119.76250203062013,5.062500171684962,Bongao (Capital),Tawi-Tawi,Bangsamoro Autonomous Region In Muslim Mindanao (BARMM)
38183,111.0431137,119.787502031044,5.062500171684962,Bongao (Capital),Tawi-Tawi,Bangsamoro Autonomous Region In Muslim Mindanao (BARMM)
38184,111.2891388,119.81250203146789,5.062500171684962,Bongao (Capital),Tawi-Tawi,Bangsamoro Autonomous Region In Muslim Mindanao (BARMM)
38185,111.507637,119.83750203189176,5.062500171684962,Bongao (Capital),Tawi-Tawi,Bangsamoro Autonomous Region In Muslim Mindanao (BARMM)
38186,111.5004883,119.787502031044,5.037500170837134,Bongao (Capital),Tawi-Tawi,Bangsamoro Autonomous Region In Muslim Mindanao (BARMM)
38187,111.5878143,119.76250203062013,5.012500169989306,Bongao (Capital),Tawi-Tawi,Bangsamoro Autonomous Region In Muslim Mindanao (BARMM)
38188,0.0,118.43750200815408,7.087500240359026,Mapun (Cagayan de Tawi-Tawi),Tawi-Tawi,Bangsamoro Autonomous Region In Muslim Mindanao (BARMM)
38189,107.8845139,118.48750200900189,7.03750023866337,Mapun (Cagayan de Tawi-Tawi),Tawi-Tawi,Bangsamoro Autonomous Region In Muslim Mindanao (BARMM)
38190,107.8314438,118.51250200942576,7.03750023866337,Mapun (Cagayan de Tawi-Tawi),Tawi-Tawi,Bangsamoro Autonomous Region In Muslim Mindanao (BARMM)
38191,108.1884384,118.43750200815408,7.012500237815542,Mapun (Cagayan de Tawi-Tawi),Tawi-Tawi,Bangsamoro Autonomous Region In Muslim Mindanao (BARMM)
38192,107.9877167,118.46250200857799,7.012500237815542,Mapun (Cagayan de Tawi-Tawi),Tawi-Tawi,Bangsamoro Autonomous Region In Muslim Mindanao (BARMM)
38193,107.9679108,118.48750200900189,7.012500237815542,Mapun (Cagayan de Tawi-Tawi),Tawi-Tawi,Bangsamoro Autonomous Region In Muslim Mindanao (BARMM)
38194,107.934288,118.51250200942576,7.012500237815542,Mapun (Cagayan de Tawi-Tawi),Tawi-Tawi,Bangsamoro Autonomous Region In Muslim Mindanao (BARMM)
38195,108.2983475,118.43750200815408,6.987500236967714,Mapun (Cagayan de Tawi-Tawi),Tawi-Tawi,Bangsamoro Autonomous Region In Muslim Mindanao (BARMM)
38196,108.1007767,118.46250200857799,6.987500236967714,Mapun (Cagayan de Tawi-Tawi),Tawi-Tawi,Bangsamoro Autonomous Region In Muslim Mindanao (BARMM)
38197,108.0668411,118.48750200900189,6.987500236967714,Mapun (Cagayan de Tawi-Tawi),Tawi-Tawi,Bangsamoro Autonomous Region In Muslim Mindanao (BARMM)
38198,108.0424194,118.51250200942576,6.987500236967714,Mapun (Cagayan de Tawi-Tawi),Tawi-Tawi,Bangsamoro Autonomous Region In Muslim Mindanao (BARMM)
38199,112.2839737,119.81250203146789,4.912500166597994,Simunul,Tawi-Tawi,Bangsamoro Autonomous Region In Muslim Mindanao (BARMM)
38200,112.3037109,119.81250203146789,4.887500165750166,Simunul,Tawi-Tawi,Bangsamoro Autonomous Region In Muslim Mindanao (BARMM)
38201,112.2470551,119.83750203189176,4.887500165750166,Simunul,Tawi-Tawi,Bangsamoro Autonomous Region In Muslim Mindanao (BARMM)
38202,112.2787018,119.81250203146789,4.862500164902338,Simunul,Tawi-Tawi,Bangsamoro Autonomous Region In Muslim Mindanao (BARMM)
38203,112.0757599,119.83750203189176,4.862500164902338,Simunul,Tawi-Tawi,Bangsamoro Autonomous Region In Muslim Mindanao (BARMM)
38204,112.155014,119.81250203146789,4.812500163206682,Simunul,Tawi-Tawi,Bangsamoro Autonomous Region In Muslim Mindanao (BARMM)
38205,112.0939102,119.83750203189176,4.812500163206682,Simunul,Tawi-Tawi,Bangsamoro Autonomous Region In Muslim Mindanao (BARMM)
38206,0.0,119.41250202468568,4.862500164902338,Sitangkai,Tawi-Tawi,Bangsamoro Autonomous Region In Muslim Mindanao (BARMM)
38207,112.9625702,119.41250202468568,4.762500161511026,Sitangkai,Tawi-Tawi,Bangsamoro Autonomous Region In Muslim Mindanao (BARMM)
38208,112.644249,119.41250202468568,4.737500160663198,Sitangkai,Tawi-Tawi,Bangsamoro Autonomous Region In Muslim Mindanao (BARMM)
38209,112.6131363,119.41250202468568,4.71250015981537,Sitangkai,Tawi-Tawi,Bangsamoro Autonomous Region In Muslim Mindanao (BARMM)
38210,111.031807,120.58750204460839,5.462500185250208,South Ubian,Tawi-Tawi,Bangsamoro Autonomous Region In Muslim Mindanao (BARMM)
38211,110.6259842,120.58750204460839,5.412500183554554,South Ubian,Tawi-Tawi,Bangsamoro Autonomous Region In Muslim Mindanao (BARMM)
38212,108.0262146,120.58750204460839,5.21250017677193,South Ubian,Tawi-Tawi,Bangsamoro Autonomous Region In Muslim Mindanao (BARMM)
38213,107.6778412,120.48750204291284,5.187500175924102,South Ubian,Tawi-Tawi,Bangsamoro Autonomous Region In Muslim Mindanao (BARMM)
38214,108.9545441,120.21250203825008,5.287500179315414,Tandubas,Tawi-Tawi,Bangsamoro Autonomous Region In Muslim Mindanao (BARMM)
38215,109.0510864,120.1625020374023,5.262500178467586,Tandubas,Tawi-Tawi,Bangsamoro Autonomous Region In Muslim Mindanao (BARMM)
38216,108.9747238,120.1875020378262,5.262500178467586,Tandubas,Tawi-Tawi,Bangsamoro Autonomous Region In Muslim Mindanao (BARMM)
38217,108.9199905,120.21250203825008,5.262500178467586,Tandubas,Tawi-Tawi,Bangsamoro Autonomous Region In Muslim Mindanao (BARMM)
38218,108.6743774,120.23750203867397,5.262500178467586,Tandubas,Tawi-Tawi,Bangsamoro Autonomous Region In Muslim Mindanao (BARMM)
38219,108.7449799,120.1875020378262,5.237500177619758,Tandubas,Tawi-Tawi,Bangsamoro Autonomous Region In Muslim Mindanao (BARMM)
38220,108.6816635,120.21250203825008,5.237500177619758,Tandubas,Tawi-Tawi,Bangsamoro Autonomous Region In Muslim Mindanao (BARMM)
38221,108.5543137,120.23750203867397,5.237500177619758,Tandubas,Tawi-Tawi,Bangsamoro Autonomous Region In Muslim Mindanao (BARMM)
38222,108.5532379,120.26250203909784,5.237500177619758,Tandubas,Tawi-Tawi,Bangsamoro Autonomous Region In Muslim Mindanao (BARMM)
38223,108.3324814,120.28750203952174,5.237500177619758,Tandubas,Tawi-Tawi,Bangsamoro Autonomous Region In Muslim Mindanao (BARMM)
38224,108.2815857,120.31250203994561,5.237500177619758,Tandubas,Tawi-Tawi,Bangsamoro Autonomous Region In Muslim Mindanao (BARMM)
38225,108.69487,120.1625020374023,5.21250017677193,Tandubas,Tawi-Tawi,Bangsamoro Autonomous Region In Muslim Mindanao (BARMM)
38226,108.7121277,120.1875020378262,5.21250017677193,Tandubas,Tawi-Tawi,Bangsamoro Autonomous Region In Muslim Mindanao (BARMM)
38227,108.6721191,120.21250203825008,5.21250017677193,Tandubas,Tawi-Tawi,Bangsamoro Autonomous Region In Muslim Mindanao (BARMM)
38228,108.3544312,120.26250203909784,5.21250017677193,Tandubas,Tawi-Tawi,Bangsamoro Autonomous Region In Muslim Mindanao (BARMM)
38229,108.3348541,120.28750203952174,5.21250017677193,Tandubas,Tawi-Tawi,Bangsamoro Autonomous Region In Muslim Mindanao (BARMM)
38230,108.2755051,120.33750204036951,5.21250017677193,Tandubas,Tawi-Tawi,Bangsamoro Autonomous Region In Muslim Mindanao (BARMM)
38231,108.6610336,120.1625020374023,5.187500175924102,Tandubas,Tawi-Tawi,Bangsamoro Autonomous Region In Muslim Mindanao (BARMM)
38232,108.6865768,120.1875020378262,5.187500175924102,Tandubas,Tawi-Tawi,Bangsamoro Autonomous Region In Muslim Mindanao (BARMM)
38233,108.6386643,120.21250203825008,5.187500175924102,Tandubas,Tawi-Tawi,Bangsamoro Autonomous Region In Muslim Mindanao (BARMM)
38234,108.3213043,120.26250203909784,5.187500175924102,Tandubas,Tawi-Tawi,Bangsamoro Autonomous Region In Muslim Mindanao (BARMM)
38235,108.3340302,120.28750203952174,5.187500175924102,Tandubas,Tawi-Tawi,Bangsamoro Autonomous Region In Muslim Mindanao (BARMM)
38236,108.6645737,120.1875020378262,5.162500175076274,Tandubas,Tawi-Tawi,Bangsamoro Autonomous Region In Muslim Mindanao (BARMM)
38237,108.5792618,120.21250203825008,5.162500175076274,Tandubas,Tawi-Tawi,Bangsamoro Autonomous Region In Muslim Mindanao (BARMM)
38238,107.9490814,120.33750204036951,5.137500174228446,Tandubas,Tawi-Tawi,Bangsamoro Autonomous Region In Muslim Mindanao (BARMM)
38239,0.0,120.23750203867397,5.462500185250208,Languyan,Tawi-Tawi,Bangsamoro Autonomous Region In Muslim Mindanao (BARMM)
38240,109.0254593,120.1875020378262,5.33750018101107,Languyan,Tawi-Tawi,Bangsamoro Autonomous Region In Muslim Mindanao (BARMM)
38241,109.020874,120.21250203825008,5.33750018101107,Languyan,Tawi-Tawi,Bangsamoro Autonomous Region In Muslim Mindanao (BARMM)
38242,108.9867706,120.23750203867397,5.33750018101107,Languyan,Tawi-Tawi,Bangsamoro Autonomous Region In Muslim Mindanao (BARMM)
38243,109.341713,120.1375020369784,5.312500180163242,Languyan,Tawi-Tawi,Bangsamoro Autonomous Region In Muslim Mindanao (BARMM)
38244,108.91465,120.1625020374023,5.312500180163242,Languyan,Tawi-Tawi,Bangsamoro Autonomous Region In Muslim Mindanao (BARMM)
38245,108.9838867,120.1875020378262,5.312500180163242,Languyan,Tawi-Tawi,Bangsamoro Autonomous Region In Muslim Mindanao (BARMM)
38246,108.986702,120.21250203825008,5.312500180163242,Languyan,Tawi-Tawi,Bangsamoro Autonomous Region In Muslim Mindanao (BARMM)
38247,109.420044,120.11250203655452,5.287500179315414,Languyan,Tawi-Tawi,Bangsamoro Autonomous Region In Muslim Mindanao (BARMM)
38248,109.3434982,120.1375020369784,5.287500179315414,Languyan,Tawi-Tawi,Bangsamoro Autonomous Region In Muslim Mindanao (BARMM)
38249,108.9090805,120.1625020374023,5.287500179315414,Languyan,Tawi-Tawi,Bangsamoro Autonomous Region In Muslim Mindanao (BARMM)
38250,108.9704056,120.1875020378262,5.287500179315414,Languyan,Tawi-Tawi,Bangsamoro Autonomous Region In Muslim Mindanao (BARMM)
38251,109.7845001,120.06250203570676,5.262500178467586,Languyan,Tawi-Tawi,Bangsamoro Autonomous Region In Muslim Mindanao (BARMM)
38252,109.5014114,120.08750203613064,5.262500178467586,Languyan,Tawi-Tawi,Bangsamoro Autonomous Region In Muslim Mindanao (BARMM)
38253,109.4090347,120.11250203655452,5.262500178467586,Languyan,Tawi-Tawi,Bangsamoro Autonomous Region In Muslim Mindanao (BARMM)
38254,109.0934372,120.1375020369784,5.262500178467586,Languyan,Tawi-Tawi,Bangsamoro Autonomous Region In Muslim Mindanao (BARMM)
38255,109.7985611,120.03750203528288,5.237500177619758,Languyan,Tawi-Tawi,Bangsamoro Autonomous Region In Muslim Mindanao (BARMM)
38256,109.7729797,120.06250203570676,5.237500177619758,Languyan,Tawi-Tawi,Bangsamoro Autonomous Region In Muslim Mindanao (BARMM)
38257,109.4091721,120.08750203613064,5.237500177619758,Languyan,Tawi-Tawi,Bangsamoro Autonomous Region In Muslim Mindanao (BARMM)
38258,110.4223251,119.96250203401122,5.21250017677193,Languyan,Tawi-Tawi,Bangsamoro Autonomous Region In Muslim Mindanao (BARMM)
38259,110.3443375,119.98750203443508,5.21250017677193,Languyan,Tawi-Tawi,Bangsamoro Autonomous Region In Muslim Mindanao (BARMM)
38260,110.2372055,120.01250203485898,5.21250017677193,Languyan,Tawi-Tawi,Bangsamoro Autonomous Region In Muslim Mindanao (BARMM)
38261,110.1710434,120.03750203528288,5.21250017677193,Languyan,Tawi-Tawi,Bangsamoro Autonomous Region In Muslim Mindanao (BARMM)
38262,110.5917206,119.96250203401122,5.187500175924102,Languyan,Tawi-Tawi,Bangsamoro Autonomous Region In Muslim Mindanao (BARMM)
38263,110.4644089,119.98750203443508,5.187500175924102,Languyan,Tawi-Tawi,Bangsamoro Autonomous Region In Muslim Mindanao (BARMM)
38264,110.3245316,120.01250203485898,5.187500175924102,Languyan,Tawi-Tawi,Bangsamoro Autonomous Region In Muslim Mindanao (BARMM)
38265,110.9659882,119.91250203316343,5.162500175076274,Languyan,Tawi-Tawi,Bangsamoro Autonomous Region In Muslim Mindanao (BARMM)
38266,110.9719086,119.93750203358732,5.162500175076274,Languyan,Tawi-Tawi,Bangsamoro Autonomous Region In Muslim Mindanao (BARMM)
38267,110.9381867,119.96250203401122,5.162500175076274,Languyan,Tawi-Tawi,Bangsamoro Autonomous Region In Muslim Mindanao (BARMM)
38268,108.8055801,120.1875020378262,5.137500174228446,Sapa-Sapa,Tawi-Tawi,Bangsamoro Autonomous Region In Muslim Mindanao (BARMM)
38269,108.7165375,120.21250203825008,5.137500174228446,Sapa-Sapa,Tawi-Tawi,Bangsamoro Autonomous Region In Muslim Mindanao (BARMM)
38270,108.2754135,120.31250203994561,5.112500173380618,Sapa-Sapa,Tawi-Tawi,Bangsamoro Autonomous Region In Muslim Mindanao (BARMM)
38271,108.39888,120.28750203952174,5.08750017253279,Sapa-Sapa,Tawi-Tawi,Bangsamoro Autonomous Region In Muslim Mindanao (BARMM)
38272,109.3551636,120.21250203825008,5.037500170837134,Sapa-Sapa,Tawi-Tawi,Bangsamoro Autonomous Region In Muslim Mindanao (BARMM)
38273,113.3433838,119.46250202553345,4.887500165750166,Sibutu,Tawi-Tawi,Bangsamoro Autonomous Region In Muslim Mindanao (BARMM)
38274,113.4788742,119.46250202553345,4.862500164902338,Sibutu,Tawi-Tawi,Bangsamoro Autonomous Region In Muslim Mindanao (BARMM)
38275,113.4200668,119.46250202553345,4.83750016405451,Sibutu,Tawi-Tawi,Bangsamoro Autonomous Region In Muslim Mindanao (BARMM)
38276,113.2914047,119.48750202595735,4.83750016405451,Sibutu,Tawi-Tawi,Bangsamoro Autonomous Region In Muslim Mindanao (BARMM)
38277,113.138031,119.48750202595735,4.812500163206682,Sibutu,Tawi-Tawi,Bangsamoro Autonomous Region In Muslim Mindanao (BARMM)
38278,113.0436935,119.48750202595735,4.787500162358854,Sibutu,Tawi-Tawi,Bangsamoro Autonomous Region In Muslim Mindanao (BARMM)
38279,112.9507065,119.48750202595735,4.762500161511026,Sibutu,Tawi-Tawi,Bangsamoro Autonomous Region In Muslim Mindanao (BARMM)
38280,112.589119,119.48750202595735,4.737500160663198,Sibutu,Tawi-Tawi,Bangsamoro Autonomous Region In Muslim Mindanao (BARMM)
38281,112.604187,119.46250202553345,4.71250015981537,Sibutu,Tawi-Tawi,Bangsamoro Autonomous Region In Muslim Mindanao (BARMM)
38282,112.5516892,119.48750202595735,4.71250015981537,Sibutu,Tawi-Tawi,Bangsamoro Autonomous Region In Muslim Mindanao (BARMM)
38283,112.4713059,119.46250202553345,4.687500158967542,Sibutu,Tawi-Tawi,Bangsamoro Autonomous Region In Muslim Mindanao (BARMM)
38284,112.3751755,119.46250202553345,4.662500158119714,Sibutu,Tawi-Tawi,Bangsamoro Autonomous Region In Muslim Mindanao (BARMM)
