unique id,value,lon,lat,municipality name,province name,region
33772,113.7150421,121.83750206580272,13.462500456555343,Boac (Capital),Marinduque,Mimaropa Region
33773,113.4685974,121.86250206622663,13.462500456555343,Boac (Capital),Marinduque,Mimaropa Region
33774,114.6511917,121.83750206580272,13.437500455707514,Boac (Capital),Marinduque,Mimaropa Region
33775,114.4147644,121.86250206622663,13.437500455707514,Boac (Capital),Marinduque,Mimaropa Region
33776,114.4513092,121.88750206665053,13.437500455707514,Boac (Capital),Marinduque,Mimaropa Region
33777,113.8655777,121.9125020670744,13.437500455707514,Boac (Capital),Marinduque,Mimaropa Region
33778,112.7437286,121.93750206749829,13.437500455707514,Boac (Capital),Marinduque,Mimaropa Region
33779,112.7016373,121.96250206792216,13.437500455707514,Boac (Capital),Marinduque,Mimaropa Region
33780,115.584877,121.83750206580272,13.412500454859686,Boac (Capital),Marinduque,Mimaropa Region
33781,114.823616,121.86250206622663,13.412500454859686,Boac (Capital),Marinduque,Mimaropa Region
33782,114.7436981,121.88750206665053,13.412500454859686,Boac (Capital),Marinduque,Mimaropa Region
33783,114.2270432,121.9125020670744,13.412500454859686,Boac (Capital),Marinduque,Mimaropa Region
33784,113.8608322,121.93750206749829,13.412500454859686,Boac (Capital),Marinduque,Mimaropa Region
33785,113.1371765,121.96250206792216,13.412500454859686,Boac (Capital),Marinduque,Mimaropa Region
33786,116.7257996,121.83750206580272,13.387500454011857,Boac (Capital),Marinduque,Mimaropa Region
33787,116.0433884,121.86250206622663,13.387500454011857,Boac (Capital),Marinduque,Mimaropa Region
33788,115.834465,121.88750206665053,13.387500454011857,Boac (Capital),Marinduque,Mimaropa Region
33789,115.3337936,121.9125020670744,13.387500454011857,Boac (Capital),Marinduque,Mimaropa Region
33790,115.1068039,121.93750206749829,13.387500454011857,Boac (Capital),Marinduque,Mimaropa Region
33791,114.3465653,121.96250206792216,13.387500454011857,Boac (Capital),Marinduque,Mimaropa Region
33792,114.1667709,121.98750206834606,13.387500454011857,Boac (Capital),Marinduque,Mimaropa Region
33793,116.896431,121.88750206665053,13.362500453164028,Boac (Capital),Marinduque,Mimaropa Region
33794,116.3443451,121.9125020670744,13.362500453164028,Boac (Capital),Marinduque,Mimaropa Region
33795,116.227066,121.93750206749829,13.362500453164028,Boac (Capital),Marinduque,Mimaropa Region
33796,116.1404038,121.96250206792216,13.362500453164028,Boac (Capital),Marinduque,Mimaropa Region
33797,115.1832733,121.98750206834606,13.362500453164028,Boac (Capital),Marinduque,Mimaropa Region
33798,116.8831253,121.93750206749829,13.3375004523162,Boac (Capital),Marinduque,Mimaropa Region
33799,116.7965775,121.96250206792216,13.3375004523162,Boac (Capital),Marinduque,Mimaropa Region
33800,116.501236,121.98750206834606,13.3375004523162,Boac (Capital),Marinduque,Mimaropa Region
33801,117.3124542,121.96250206792216,13.31250045146837,Boac (Capital),Marinduque,Mimaropa Region
33802,117.1498718,121.98750206834606,13.31250045146837,Boac (Capital),Marinduque,Mimaropa Region
33803,119.304184,121.93750206749829,13.28750045062054,Buenavista,Marinduque,Mimaropa Region
33804,118.1699982,121.96250206792216,13.28750045062054,Buenavista,Marinduque,Mimaropa Region
33805,117.8933029,121.98750206834606,13.28750045062054,Buenavista,Marinduque,Mimaropa Region
33806,119.4145813,121.93750206749829,13.262500449772713,Buenavista,Marinduque,Mimaropa Region
33807,119.3072357,121.96250206792216,13.262500449772713,Buenavista,Marinduque,Mimaropa Region
33808,118.1664124,121.98750206834606,13.262500449772713,Buenavista,Marinduque,Mimaropa Region
33809,119.6333237,121.96250206792216,13.237500448924884,Buenavista,Marinduque,Mimaropa Region
33810,118.7517624,121.98750206834606,13.237500448924884,Buenavista,Marinduque,Mimaropa Region
33811,118.337822,122.01250206876993,13.237500448924884,Buenavista,Marinduque,Mimaropa Region
33812,118.7884903,121.98750206834606,13.212500448077051,Buenavista,Marinduque,Mimaropa Region
33813,118.5106964,122.01250206876993,13.212500448077051,Buenavista,Marinduque,Mimaropa Region
33814,117.8915024,121.83750206580272,13.362500453164028,Gasan,Marinduque,Mimaropa Region
33815,117.7889633,121.86250206622663,13.362500453164028,Gasan,Marinduque,Mimaropa Region
33816,118.5428543,121.83750206580272,13.3375004523162,Gasan,Marinduque,Mimaropa Region
33817,118.4399719,121.86250206622663,13.3375004523162,Gasan,Marinduque,Mimaropa Region
33818,118.5584869,121.88750206665053,13.3375004523162,Gasan,Marinduque,Mimaropa Region
33819,118.0030518,121.9125020670744,13.3375004523162,Gasan,Marinduque,Mimaropa Region
33820,119.3357086,121.86250206622663,13.31250045146837,Gasan,Marinduque,Mimaropa Region
33821,119.2420578,121.88750206665053,13.31250045146837,Gasan,Marinduque,Mimaropa Region
33822,118.7601547,121.9125020670744,13.31250045146837,Gasan,Marinduque,Mimaropa Region
33823,118.4274216,121.93750206749829,13.31250045146837,Gasan,Marinduque,Mimaropa Region
33824,120.0106964,121.88750206665053,13.28750045062054,Gasan,Marinduque,Mimaropa Region
33825,119.5361481,121.9125020670744,13.28750045062054,Gasan,Marinduque,Mimaropa Region
33826,111.3058243,121.86250206622663,13.56250045994666,Mogpog,Marinduque,Mimaropa Region
33827,111.574295,121.88750206665053,13.53750045909883,Mogpog,Marinduque,Mimaropa Region
33828,112.0990219,121.86250206622663,13.512500458251,Mogpog,Marinduque,Mimaropa Region
33829,112.0096054,121.88750206665053,13.512500458251,Mogpog,Marinduque,Mimaropa Region
33830,111.521492,121.9125020670744,13.512500458251,Mogpog,Marinduque,Mimaropa Region
33831,112.3258209,121.86250206622663,13.487500457403172,Mogpog,Marinduque,Mimaropa Region
33832,112.168045,121.88750206665053,13.487500457403172,Mogpog,Marinduque,Mimaropa Region
33833,111.6591721,121.9125020670744,13.487500457403172,Mogpog,Marinduque,Mimaropa Region
33834,111.391037,121.93750206749829,13.487500457403172,Mogpog,Marinduque,Mimaropa Region
33835,112.7369995,121.88750206665053,13.462500456555343,Mogpog,Marinduque,Mimaropa Region
33836,112.1562119,121.9125020670744,13.462500456555343,Mogpog,Marinduque,Mimaropa Region
33837,111.8401108,121.93750206749829,13.462500456555343,Mogpog,Marinduque,Mimaropa Region
33838,110.4601669,121.93750206749829,13.53750045909883,Santa Cruz,Marinduque,Mimaropa Region
33839,110.686882,122.01250206876993,13.53750045909883,Santa Cruz,Marinduque,Mimaropa Region
33840,111.2236481,121.93750206749829,13.512500458251,Santa Cruz,Marinduque,Mimaropa Region
33841,110.9379578,121.96250206792216,13.512500458251,Santa Cruz,Marinduque,Mimaropa Region
33842,110.9929733,121.98750206834606,13.512500458251,Santa Cruz,Marinduque,Mimaropa Region
33843,111.0426483,122.01250206876993,13.512500458251,Santa Cruz,Marinduque,Mimaropa Region
33844,111.0739594,122.03750206919383,13.512500458251,Santa Cruz,Marinduque,Mimaropa Region
33845,111.0815582,121.96250206792216,13.487500457403172,Santa Cruz,Marinduque,Mimaropa Region
33846,111.0811768,121.98750206834606,13.487500457403172,Santa Cruz,Marinduque,Mimaropa Region
33847,111.0972672,122.01250206876993,13.487500457403172,Santa Cruz,Marinduque,Mimaropa Region
33848,111.1205826,122.03750206919383,13.487500457403172,Santa Cruz,Marinduque,Mimaropa Region
33849,110.5526428,122.08750207004162,13.487500457403172,Santa Cruz,Marinduque,Mimaropa Region
33850,111.7980881,121.96250206792216,13.462500456555343,Santa Cruz,Marinduque,Mimaropa Region
33851,111.5647583,121.98750206834606,13.462500456555343,Santa Cruz,Marinduque,Mimaropa Region
33852,111.560791,122.01250206876993,13.462500456555343,Santa Cruz,Marinduque,Mimaropa Region
33853,111.8255234,122.03750206919383,13.462500456555343,Santa Cruz,Marinduque,Mimaropa Region
33854,110.8273087,122.06250206961772,13.462500456555343,Santa Cruz,Marinduque,Mimaropa Region
33855,110.6911163,122.08750207004162,13.462500456555343,Santa Cruz,Marinduque,Mimaropa Region
33856,110.9452896,122.11250207046548,13.462500456555343,Santa Cruz,Marinduque,Mimaropa Region
33857,112.870079,121.98750206834606,13.437500455707514,Santa Cruz,Marinduque,Mimaropa Region
33858,112.8228073,122.01250206876993,13.437500455707514,Santa Cruz,Marinduque,Mimaropa Region
33859,112.4371033,122.03750206919383,13.437500455707514,Santa Cruz,Marinduque,Mimaropa Region
33860,111.2524643,122.06250206961772,13.437500455707514,Santa Cruz,Marinduque,Mimaropa Region
33861,111.1102524,122.08750207004162,13.437500455707514,Santa Cruz,Marinduque,Mimaropa Region
33862,111.3376694,122.11250207046548,13.437500455707514,Santa Cruz,Marinduque,Mimaropa Region
33863,113.1260376,121.98750206834606,13.412500454859686,Santa Cruz,Marinduque,Mimaropa Region
33864,113.0494919,122.01250206876993,13.412500454859686,Santa Cruz,Marinduque,Mimaropa Region
33865,112.9419403,122.03750206919383,13.412500454859686,Santa Cruz,Marinduque,Mimaropa Region
33866,111.6689224,122.06250206961772,13.412500454859686,Santa Cruz,Marinduque,Mimaropa Region
33867,111.2238007,122.08750207004162,13.412500454859686,Santa Cruz,Marinduque,Mimaropa Region
33868,111.4241409,122.13750207088938,13.412500454859686,Santa Cruz,Marinduque,Mimaropa Region
33869,113.9312897,122.03750206919383,13.387500454011857,Santa Cruz,Marinduque,Mimaropa Region
33870,112.3875122,122.06250206961772,13.387500454011857,Santa Cruz,Marinduque,Mimaropa Region
33871,114.0139771,122.01250206876993,13.387500454011857,Torrijos,Marinduque,Mimaropa Region
33872,111.7536163,122.08750207004162,13.387500454011857,Torrijos,Marinduque,Mimaropa Region
33873,111.7980499,122.11250207046548,13.387500454011857,Torrijos,Marinduque,Mimaropa Region
33874,111.7541046,122.13750207088938,13.387500454011857,Torrijos,Marinduque,Mimaropa Region
33875,114.9105072,122.01250206876993,13.362500453164028,Torrijos,Marinduque,Mimaropa Region
33876,114.9271469,122.03750206919383,13.362500453164028,Torrijos,Marinduque,Mimaropa Region
33877,113.237587,122.06250206961772,13.362500453164028,Torrijos,Marinduque,Mimaropa Region
33878,112.2548599,122.08750207004162,13.362500453164028,Torrijos,Marinduque,Mimaropa Region
33879,112.2564011,122.11250207046548,13.362500453164028,Torrijos,Marinduque,Mimaropa Region
33880,116.1852493,122.01250206876993,13.3375004523162,Torrijos,Marinduque,Mimaropa Region
33881,115.2921219,122.03750206919383,13.3375004523162,Torrijos,Marinduque,Mimaropa Region
33882,113.5973892,122.06250206961772,13.3375004523162,Torrijos,Marinduque,Mimaropa Region
33883,112.7180405,122.08750207004162,13.3375004523162,Torrijos,Marinduque,Mimaropa Region
33884,112.6644592,122.11250207046548,13.3375004523162,Torrijos,Marinduque,Mimaropa Region
33885,116.9025726,122.01250206876993,13.31250045146837,Torrijos,Marinduque,Mimaropa Region
33886,116.6579056,122.03750206919383,13.31250045146837,Torrijos,Marinduque,Mimaropa Region
33887,114.1584854,122.06250206961772,13.31250045146837,Torrijos,Marinduque,Mimaropa Region
33888,117.6121979,122.01250206876993,13.28750045062054,Torrijos,Marinduque,Mimaropa Region
33889,117.4180298,122.03750206919383,13.28750045062054,Torrijos,Marinduque,Mimaropa Region
33890,114.9463577,122.06250206961772,13.28750045062054,Torrijos,Marinduque,Mimaropa Region
33891,117.7511597,122.01250206876993,13.262500449772713,Torrijos,Marinduque,Mimaropa Region
33892,117.3159638,122.03750206919383,13.262500449772713,Torrijos,Marinduque,Mimaropa Region
33893,117.6523514,122.03750206919383,13.237500448924884,Torrijos,Marinduque,Mimaropa Region
33894,118.2899094,122.03750206919383,13.212500448077051,Torrijos,Marinduque,Mimaropa Region
