unique id,value,lon,lat,municipality name,province name,region
33895,123.3629227,120.58750204460839,13.487500457403172,Abra de Ilog,Occidental Mindoro,Mimaropa Region
33896,123.0044861,120.61250204503229,13.487500457403172,Abra de Ilog,Occidental Mindoro,Mimaropa Region
33897,122.4209518,120.63750204545616,13.487500457403172,Abra de Ilog,Occidental Mindoro,Mimaropa Region
33898,120.413002,120.66250204588005,13.487500457403172,Abra de Ilog,Occidental Mindoro,Mimaropa Region
33899,108.5799866,120.86250204927114,13.487500457403172,Abra de Ilog,Occidental Mindoro,Mimaropa Region
33900,123.3180847,120.58750204460839,13.462500456555343,Abra de Ilog,Occidental Mindoro,Mimaropa Region
33901,122.7982559,120.61250204503229,13.462500456555343,Abra de Ilog,Occidental Mindoro,Mimaropa Region
33902,122.0772705,120.63750204545616,13.462500456555343,Abra de Ilog,Occidental Mindoro,Mimaropa Region
33903,121.6532898,120.66250204588005,13.462500456555343,Abra de Ilog,Occidental Mindoro,Mimaropa Region
33904,119.6867294,120.68750204630392,13.462500456555343,Abra de Ilog,Occidental Mindoro,Mimaropa Region
33905,119.0440674,120.71250204672782,13.462500456555343,Abra de Ilog,Occidental Mindoro,Mimaropa Region
33906,117.9351807,120.7375020471517,13.462500456555343,Abra de Ilog,Occidental Mindoro,Mimaropa Region
33907,117.5904541,120.7625020475756,13.462500456555343,Abra de Ilog,Occidental Mindoro,Mimaropa Region
33908,114.433754,120.78750204799948,13.462500456555343,Abra de Ilog,Occidental Mindoro,Mimaropa Region
33909,112.7252274,120.81250204842338,13.462500456555343,Abra de Ilog,Occidental Mindoro,Mimaropa Region
33910,109.8333359,120.83750204884724,13.462500456555343,Abra de Ilog,Occidental Mindoro,Mimaropa Region
33911,108.0210953,120.86250204927114,13.462500456555343,Abra de Ilog,Occidental Mindoro,Mimaropa Region
33912,105.6825562,120.88750204969504,13.462500456555343,Abra de Ilog,Occidental Mindoro,Mimaropa Region
33913,125.7287827,120.58750204460839,13.437500455707514,Abra de Ilog,Occidental Mindoro,Mimaropa Region
33914,125.2202683,120.61250204503229,13.437500455707514,Abra de Ilog,Occidental Mindoro,Mimaropa Region
33915,122.5335617,120.63750204545616,13.437500455707514,Abra de Ilog,Occidental Mindoro,Mimaropa Region
33916,122.0609436,120.66250204588005,13.437500455707514,Abra de Ilog,Occidental Mindoro,Mimaropa Region
33917,121.6137085,120.68750204630392,13.437500455707514,Abra de Ilog,Occidental Mindoro,Mimaropa Region
33918,120.9248657,120.71250204672782,13.437500455707514,Abra de Ilog,Occidental Mindoro,Mimaropa Region
33919,118.0271606,120.7375020471517,13.437500455707514,Abra de Ilog,Occidental Mindoro,Mimaropa Region
33920,117.6848145,120.7625020475756,13.437500455707514,Abra de Ilog,Occidental Mindoro,Mimaropa Region
33921,114.1458664,120.78750204799948,13.437500455707514,Abra de Ilog,Occidental Mindoro,Mimaropa Region
33922,112.1689682,120.81250204842338,13.437500455707514,Abra de Ilog,Occidental Mindoro,Mimaropa Region
33923,108.3873901,120.83750204884724,13.437500455707514,Abra de Ilog,Occidental Mindoro,Mimaropa Region
33924,106.2340469,120.86250204927114,13.437500455707514,Abra de Ilog,Occidental Mindoro,Mimaropa Region
33925,126.1601334,120.58750204460839,13.412500454859686,Abra de Ilog,Occidental Mindoro,Mimaropa Region
33926,125.8239746,120.61250204503229,13.412500454859686,Abra de Ilog,Occidental Mindoro,Mimaropa Region
33927,124.8173904,120.63750204545616,13.412500454859686,Abra de Ilog,Occidental Mindoro,Mimaropa Region
33928,122.3860245,120.66250204588005,13.412500454859686,Abra de Ilog,Occidental Mindoro,Mimaropa Region
33929,122.0729218,120.68750204630392,13.412500454859686,Abra de Ilog,Occidental Mindoro,Mimaropa Region
33930,121.5624237,120.71250204672782,13.412500454859686,Abra de Ilog,Occidental Mindoro,Mimaropa Region
33931,121.0302277,120.7375020471517,13.412500454859686,Abra de Ilog,Occidental Mindoro,Mimaropa Region
33932,116.1923752,120.7625020475756,13.412500454859686,Abra de Ilog,Occidental Mindoro,Mimaropa Region
33933,114.2319946,120.78750204799948,13.412500454859686,Abra de Ilog,Occidental Mindoro,Mimaropa Region
33934,112.5460358,120.81250204842338,13.412500454859686,Abra de Ilog,Occidental Mindoro,Mimaropa Region
33935,111.4850998,120.83750204884724,13.412500454859686,Abra de Ilog,Occidental Mindoro,Mimaropa Region
33936,102.8851471,120.86250204927114,13.412500454859686,Abra de Ilog,Occidental Mindoro,Mimaropa Region
33937,125.7011261,120.58750204460839,13.387500454011857,Abra de Ilog,Occidental Mindoro,Mimaropa Region
33938,125.4215164,120.61250204503229,13.387500454011857,Abra de Ilog,Occidental Mindoro,Mimaropa Region
33939,124.4049225,120.63750204545616,13.387500454011857,Abra de Ilog,Occidental Mindoro,Mimaropa Region
33940,121.8881455,120.66250204588005,13.387500454011857,Abra de Ilog,Occidental Mindoro,Mimaropa Region
33941,121.3391876,120.68750204630392,13.387500454011857,Abra de Ilog,Occidental Mindoro,Mimaropa Region
33942,120.8104248,120.71250204672782,13.387500454011857,Abra de Ilog,Occidental Mindoro,Mimaropa Region
33943,120.4782486,120.7375020471517,13.387500454011857,Abra de Ilog,Occidental Mindoro,Mimaropa Region
33944,115.5793915,120.7625020475756,13.387500454011857,Abra de Ilog,Occidental Mindoro,Mimaropa Region
33945,112.9247818,120.78750204799948,13.387500454011857,Abra de Ilog,Occidental Mindoro,Mimaropa Region
33946,110.8467407,120.81250204842338,13.387500454011857,Abra de Ilog,Occidental Mindoro,Mimaropa Region
33947,109.671814,120.83750204884724,13.387500454011857,Abra de Ilog,Occidental Mindoro,Mimaropa Region
33948,100.2781296,120.86250204927114,13.387500454011857,Abra de Ilog,Occidental Mindoro,Mimaropa Region
33949,124.8452759,120.61250204503229,13.362500453164028,Abra de Ilog,Occidental Mindoro,Mimaropa Region
33950,123.5686569,120.63750204545616,13.362500453164028,Abra de Ilog,Occidental Mindoro,Mimaropa Region
33951,122.8669205,120.66250204588005,13.362500453164028,Abra de Ilog,Occidental Mindoro,Mimaropa Region
33952,120.5794296,120.68750204630392,13.362500453164028,Abra de Ilog,Occidental Mindoro,Mimaropa Region
33953,119.8361511,120.71250204672782,13.362500453164028,Abra de Ilog,Occidental Mindoro,Mimaropa Region
33954,118.2850113,120.7375020471517,13.362500453164028,Abra de Ilog,Occidental Mindoro,Mimaropa Region
33955,117.7936783,120.7625020475756,13.362500453164028,Abra de Ilog,Occidental Mindoro,Mimaropa Region
33956,111.812439,120.78750204799948,13.362500453164028,Abra de Ilog,Occidental Mindoro,Mimaropa Region
33957,108.8458557,120.81250204842338,13.362500453164028,Abra de Ilog,Occidental Mindoro,Mimaropa Region
33958,104.5998612,120.83750204884724,13.362500453164028,Abra de Ilog,Occidental Mindoro,Mimaropa Region
33959,126.8151779,120.61250204503229,13.3375004523162,Abra de Ilog,Occidental Mindoro,Mimaropa Region
33960,124.5120926,120.63750204545616,13.3375004523162,Abra de Ilog,Occidental Mindoro,Mimaropa Region
33961,123.8061905,120.66250204588005,13.3375004523162,Abra de Ilog,Occidental Mindoro,Mimaropa Region
33962,123.521553,120.68750204630392,13.3375004523162,Abra de Ilog,Occidental Mindoro,Mimaropa Region
33963,122.8473053,120.71250204672782,13.3375004523162,Abra de Ilog,Occidental Mindoro,Mimaropa Region
33964,119.6902771,120.7375020471517,13.3375004523162,Abra de Ilog,Occidental Mindoro,Mimaropa Region
33965,119.1989594,120.7625020475756,13.3375004523162,Abra de Ilog,Occidental Mindoro,Mimaropa Region
33966,115.2827225,120.78750204799948,13.3375004523162,Abra de Ilog,Occidental Mindoro,Mimaropa Region
33967,112.2857895,120.81250204842338,13.3375004523162,Abra de Ilog,Occidental Mindoro,Mimaropa Region
33968,126.1965485,120.61250204503229,13.31250045146837,Abra de Ilog,Occidental Mindoro,Mimaropa Region
33969,124.5626297,120.63750204545616,13.31250045146837,Abra de Ilog,Occidental Mindoro,Mimaropa Region
33970,122.836998,120.66250204588005,13.31250045146837,Abra de Ilog,Occidental Mindoro,Mimaropa Region
33971,117.553894,120.7625020475756,13.31250045146837,Abra de Ilog,Occidental Mindoro,Mimaropa Region
33972,114.3777847,120.78750204799948,13.31250045146837,Abra de Ilog,Occidental Mindoro,Mimaropa Region
33973,111.9760437,120.81250204842338,13.31250045146837,Abra de Ilog,Occidental Mindoro,Mimaropa Region
33974,123.8069611,120.63750204545616,13.28750045062054,Abra de Ilog,Occidental Mindoro,Mimaropa Region
33975,113.8994522,120.78750204799948,13.28750045062054,Abra de Ilog,Occidental Mindoro,Mimaropa Region
33976,119.7215347,120.9375020505428,12.68750043027265,Calintaan,Occidental Mindoro,Mimaropa Region
33977,119.3375397,120.96250205096668,12.68750043027265,Calintaan,Occidental Mindoro,Mimaropa Region
33978,119.3657532,120.98750205139056,12.68750043027265,Calintaan,Occidental Mindoro,Mimaropa Region
33979,118.6344223,121.01250205181447,12.68750043027265,Calintaan,Occidental Mindoro,Mimaropa Region
33980,118.2363281,121.03750205223837,12.68750043027265,Calintaan,Occidental Mindoro,Mimaropa Region
33981,115.3742371,121.06250205266224,12.68750043027265,Calintaan,Occidental Mindoro,Mimaropa Region
33982,114.6383438,121.08750205308613,12.68750043027265,Calintaan,Occidental Mindoro,Mimaropa Region
33983,113.8301849,121.11250205351,12.68750043027265,Calintaan,Occidental Mindoro,Mimaropa Region
33984,120.7282715,120.91250205011892,12.66250042942482,Calintaan,Occidental Mindoro,Mimaropa Region
33985,118.902565,120.9375020505428,12.66250042942482,Calintaan,Occidental Mindoro,Mimaropa Region
33986,118.2651215,120.96250205096668,12.66250042942482,Calintaan,Occidental Mindoro,Mimaropa Region
33987,119.0181656,120.98750205139056,12.66250042942482,Calintaan,Occidental Mindoro,Mimaropa Region
33988,118.4118958,121.01250205181447,12.66250042942482,Calintaan,Occidental Mindoro,Mimaropa Region
33989,117.2882996,121.03750205223837,12.66250042942482,Calintaan,Occidental Mindoro,Mimaropa Region
33990,117.2158279,121.06250205266224,12.66250042942482,Calintaan,Occidental Mindoro,Mimaropa Region
33991,115.0660629,121.08750205308613,12.66250042942482,Calintaan,Occidental Mindoro,Mimaropa Region
33992,114.2921066,121.11250205351,12.66250042942482,Calintaan,Occidental Mindoro,Mimaropa Region
33993,120.0445862,120.9375020505428,12.637500428576992,Calintaan,Occidental Mindoro,Mimaropa Region
33994,119.7579651,120.96250205096668,12.637500428576992,Calintaan,Occidental Mindoro,Mimaropa Region
33995,119.7594223,120.98750205139056,12.637500428576992,Calintaan,Occidental Mindoro,Mimaropa Region
33996,119.6371002,121.01250205181447,12.637500428576992,Calintaan,Occidental Mindoro,Mimaropa Region
33997,119.9019089,121.03750205223837,12.637500428576992,Calintaan,Occidental Mindoro,Mimaropa Region
33998,119.8275299,121.06250205266224,12.637500428576992,Calintaan,Occidental Mindoro,Mimaropa Region
33999,120.9121094,120.9375020505428,12.612500427729165,Calintaan,Occidental Mindoro,Mimaropa Region
34000,121.8426666,120.96250205096668,12.612500427729165,Calintaan,Occidental Mindoro,Mimaropa Region
34001,121.8901901,120.98750205139056,12.612500427729165,Calintaan,Occidental Mindoro,Mimaropa Region
34002,122.1283341,121.01250205181447,12.612500427729165,Calintaan,Occidental Mindoro,Mimaropa Region
34003,122.3405762,121.03750205223837,12.612500427729165,Calintaan,Occidental Mindoro,Mimaropa Region
34004,120.4435883,120.9375020505428,12.587500426881334,Calintaan,Occidental Mindoro,Mimaropa Region
34005,121.363678,120.96250205096668,12.587500426881334,Calintaan,Occidental Mindoro,Mimaropa Region
34006,121.5417938,120.98750205139056,12.587500426881334,Calintaan,Occidental Mindoro,Mimaropa Region
34007,121.7973557,121.01250205181447,12.587500426881334,Calintaan,Occidental Mindoro,Mimaropa Region
34008,121.9122925,121.03750205223837,12.587500426881334,Calintaan,Occidental Mindoro,Mimaropa Region
34009,121.3687286,120.9375020505428,12.562500426033504,Calintaan,Occidental Mindoro,Mimaropa Region
34010,121.3357239,120.96250205096668,12.562500426033504,Calintaan,Occidental Mindoro,Mimaropa Region
34011,122.313118,120.98750205139056,12.562500426033504,Calintaan,Occidental Mindoro,Mimaropa Region
34012,122.7201004,121.01250205181447,12.562500426033504,Calintaan,Occidental Mindoro,Mimaropa Region
34013,121.9321976,120.9375020505428,12.537500425185677,Calintaan,Occidental Mindoro,Mimaropa Region
34014,121.8220673,120.96250205096668,12.537500425185677,Calintaan,Occidental Mindoro,Mimaropa Region
34015,122.012207,120.98750205139056,12.537500425185677,Calintaan,Occidental Mindoro,Mimaropa Region
34016,128.4242554,120.28750203952174,13.812500468424949,Looc,Occidental Mindoro,Mimaropa Region
34017,128.4123993,120.31250203994561,13.812500468424949,Looc,Occidental Mindoro,Mimaropa Region
34018,128.9811707,120.21250203825008,13.787500467577118,Looc,Occidental Mindoro,Mimaropa Region
34019,128.9668427,120.23750203867397,13.787500467577118,Looc,Occidental Mindoro,Mimaropa Region
34020,128.3840027,120.28750203952174,13.787500467577118,Looc,Occidental Mindoro,Mimaropa Region
34021,128.3498077,120.31250203994561,13.787500467577118,Looc,Occidental Mindoro,Mimaropa Region
34022,129.0443268,120.21250203825008,13.762500466729287,Looc,Occidental Mindoro,Mimaropa Region
34023,128.9490204,120.23750203867397,13.762500466729287,Looc,Occidental Mindoro,Mimaropa Region
34024,128.4692383,120.26250203909784,13.762500466729287,Looc,Occidental Mindoro,Mimaropa Region
34025,129.2037201,120.21250203825008,13.73750046588146,Looc,Occidental Mindoro,Mimaropa Region
34026,129.044693,120.23750203867397,13.73750046588146,Looc,Occidental Mindoro,Mimaropa Region
34027,128.4208527,120.26250203909784,13.73750046588146,Looc,Occidental Mindoro,Mimaropa Region
34028,129.2173615,120.23750203867397,13.712500465033632,Looc,Occidental Mindoro,Mimaropa Region
34029,128.1556091,120.26250203909784,13.687500464185804,Looc,Occidental Mindoro,Mimaropa Region
34030,127.739212,120.28750203952174,13.687500464185804,Looc,Occidental Mindoro,Mimaropa Region
34031,126.8131104,120.3625020407934,13.662500463337974,Looc,Occidental Mindoro,Mimaropa Region
34032,127.0648117,120.3875020412173,13.637500462490149,Looc,Occidental Mindoro,Mimaropa Region
34033,126.3751755,120.41250204164116,13.637500462490149,Looc,Occidental Mindoro,Mimaropa Region
34034,129.8536682,120.03750203528288,13.887500470968432,Lubang,Occidental Mindoro,Mimaropa Region
34035,129.4395752,120.11250203655452,13.837500469272776,Lubang,Occidental Mindoro,Mimaropa Region
34036,129.4042511,120.1375020369784,13.837500469272776,Lubang,Occidental Mindoro,Mimaropa Region
34037,129.5423889,120.11250203655452,13.812500468424949,Lubang,Occidental Mindoro,Mimaropa Region
34038,129.5344391,120.1375020369784,13.812500468424949,Lubang,Occidental Mindoro,Mimaropa Region
34039,129.4533386,120.1625020374023,13.812500468424949,Lubang,Occidental Mindoro,Mimaropa Region
34040,129.142273,120.1875020378262,13.812500468424949,Lubang,Occidental Mindoro,Mimaropa Region
34041,128.9953003,120.21250203825008,13.812500468424949,Lubang,Occidental Mindoro,Mimaropa Region
34042,129.5424957,120.11250203655452,13.787500467577118,Lubang,Occidental Mindoro,Mimaropa Region
34043,129.5326691,120.1375020369784,13.787500467577118,Lubang,Occidental Mindoro,Mimaropa Region
34044,129.4477081,120.1625020374023,13.787500467577118,Lubang,Occidental Mindoro,Mimaropa Region
34045,129.1343994,120.1875020378262,13.787500467577118,Lubang,Occidental Mindoro,Mimaropa Region
34046,129.8919983,120.1625020374023,13.762500466729287,Lubang,Occidental Mindoro,Mimaropa Region
34047,129.3152771,120.1875020378262,13.762500466729287,Lubang,Occidental Mindoro,Mimaropa Region
34048,125.4948578,121.18750205478167,12.46250042264219,Magsaysay,Occidental Mindoro,Mimaropa Region
34049,125.0751114,121.21250205520556,12.46250042264219,Magsaysay,Occidental Mindoro,Mimaropa Region
34050,125.7747879,121.18750205478167,12.43750042179436,Magsaysay,Occidental Mindoro,Mimaropa Region
34051,125.4418793,121.21250205520556,12.43750042179436,Magsaysay,Occidental Mindoro,Mimaropa Region
34052,127.4529038,121.16250205435777,12.412500420946532,Magsaysay,Occidental Mindoro,Mimaropa Region
34053,127.5480652,121.18750205478167,12.412500420946532,Magsaysay,Occidental Mindoro,Mimaropa Region
34054,127.3222122,121.21250205520556,12.412500420946532,Magsaysay,Occidental Mindoro,Mimaropa Region
34055,129.0099487,121.16250205435777,12.387500420098704,Magsaysay,Occidental Mindoro,Mimaropa Region
34056,129.3343353,121.18750205478167,12.387500420098704,Magsaysay,Occidental Mindoro,Mimaropa Region
34057,129.1385651,121.21250205520556,12.387500420098704,Magsaysay,Occidental Mindoro,Mimaropa Region
34058,129.2489014,121.18750205478167,12.362500419250877,Magsaysay,Occidental Mindoro,Mimaropa Region
34059,129.0044403,121.21250205520556,12.362500419250877,Magsaysay,Occidental Mindoro,Mimaropa Region
34060,129.1682282,121.16250205435777,12.337500418403046,Magsaysay,Occidental Mindoro,Mimaropa Region
34061,128.7726898,121.18750205478167,12.337500418403046,Magsaysay,Occidental Mindoro,Mimaropa Region
34062,128.5387878,121.21250205520556,12.337500418403046,Magsaysay,Occidental Mindoro,Mimaropa Region
34063,127.937706,121.1375020539339,12.31250041755522,Magsaysay,Occidental Mindoro,Mimaropa Region
34064,128.9564362,121.16250205435777,12.31250041755522,Magsaysay,Occidental Mindoro,Mimaropa Region
34065,129.2995606,121.18750205478167,12.31250041755522,Magsaysay,Occidental Mindoro,Mimaropa Region
34066,129.1275177,121.21250205520556,12.31250041755522,Magsaysay,Occidental Mindoro,Mimaropa Region
34067,129.0618897,121.23750205562946,12.31250041755522,Magsaysay,Occidental Mindoro,Mimaropa Region
34068,127.3867645,121.11250205351,12.287500416707388,Magsaysay,Occidental Mindoro,Mimaropa Region
34069,127.3646317,121.1375020539339,12.287500416707388,Magsaysay,Occidental Mindoro,Mimaropa Region
34070,128.3500671,121.16250205435777,12.287500416707388,Magsaysay,Occidental Mindoro,Mimaropa Region
34071,128.8421631,121.18750205478167,12.287500416707388,Magsaysay,Occidental Mindoro,Mimaropa Region
34072,128.6673126,121.21250205520556,12.287500416707388,Magsaysay,Occidental Mindoro,Mimaropa Region
34073,128.4447479,121.23750205562946,12.287500416707388,Magsaysay,Occidental Mindoro,Mimaropa Region
34074,126.9594879,121.1375020539339,12.26250041585956,Magsaysay,Occidental Mindoro,Mimaropa Region
34075,128.1145477,121.16250205435777,12.26250041585956,Magsaysay,Occidental Mindoro,Mimaropa Region
34076,128.9452057,121.18750205478167,12.26250041585956,Magsaysay,Occidental Mindoro,Mimaropa Region
34077,128.7005463,121.21250205520556,12.26250041585956,Magsaysay,Occidental Mindoro,Mimaropa Region
34078,127.250267,121.23750205562946,12.26250041585956,Magsaysay,Occidental Mindoro,Mimaropa Region
34079,126.9155655,121.21250205520556,12.237500415011732,Magsaysay,Occidental Mindoro,Mimaropa Region
34080,126.7579041,121.23750205562946,12.237500415011732,Magsaysay,Occidental Mindoro,Mimaropa Region
34081,122.6157837,120.68750204630392,13.31250045146837,Mamburao (Capital),Occidental Mindoro,Mimaropa Region
34082,122.2448654,120.71250204672782,13.31250045146837,Mamburao (Capital),Occidental Mindoro,Mimaropa Region
34083,121.8277817,120.7375020471517,13.31250045146837,Mamburao (Capital),Occidental Mindoro,Mimaropa Region
34084,125.5868378,120.61250204503229,13.28750045062054,Mamburao (Capital),Occidental Mindoro,Mimaropa Region
34085,122.0811157,120.66250204588005,13.28750045062054,Mamburao (Capital),Occidental Mindoro,Mimaropa Region
34086,121.8512726,120.68750204630392,13.28750045062054,Mamburao (Capital),Occidental Mindoro,Mimaropa Region
34087,121.6781845,120.71250204672782,13.28750045062054,Mamburao (Capital),Occidental Mindoro,Mimaropa Region
34088,121.6423874,120.7375020471517,13.28750045062054,Mamburao (Capital),Occidental Mindoro,Mimaropa Region
34089,117.5944138,120.7625020475756,13.28750045062054,Mamburao (Capital),Occidental Mindoro,Mimaropa Region
34090,128.4496307,120.56250204418448,13.262500449772713,Mamburao (Capital),Occidental Mindoro,Mimaropa Region
34091,125.7988205,120.58750204460839,13.262500449772713,Mamburao (Capital),Occidental Mindoro,Mimaropa Region
34092,125.767952,120.61250204503229,13.262500449772713,Mamburao (Capital),Occidental Mindoro,Mimaropa Region
34093,124.1873093,120.63750204545616,13.262500449772713,Mamburao (Capital),Occidental Mindoro,Mimaropa Region
34094,123.3797455,120.66250204588005,13.262500449772713,Mamburao (Capital),Occidental Mindoro,Mimaropa Region
34095,122.2934647,120.68750204630392,13.262500449772713,Mamburao (Capital),Occidental Mindoro,Mimaropa Region
34096,122.2051849,120.71250204672782,13.262500449772713,Mamburao (Capital),Occidental Mindoro,Mimaropa Region
34097,121.9901657,120.7375020471517,13.262500449772713,Mamburao (Capital),Occidental Mindoro,Mimaropa Region
34098,121.7571182,120.7625020475756,13.262500449772713,Mamburao (Capital),Occidental Mindoro,Mimaropa Region
34099,114.9963226,120.78750204799948,13.262500449772713,Mamburao (Capital),Occidental Mindoro,Mimaropa Region
34100,133.6528626,120.5375020437606,13.237500448924884,Mamburao (Capital),Occidental Mindoro,Mimaropa Region
34101,128.2050629,120.56250204418448,13.237500448924884,Mamburao (Capital),Occidental Mindoro,Mimaropa Region
34102,125.9454651,120.58750204460839,13.237500448924884,Mamburao (Capital),Occidental Mindoro,Mimaropa Region
34103,125.9782867,120.61250204503229,13.237500448924884,Mamburao (Capital),Occidental Mindoro,Mimaropa Region
34104,124.0382843,120.63750204545616,13.237500448924884,Mamburao (Capital),Occidental Mindoro,Mimaropa Region
34105,123.1677322,120.66250204588005,13.237500448924884,Mamburao (Capital),Occidental Mindoro,Mimaropa Region
34106,123.828682,120.68750204630392,13.237500448924884,Mamburao (Capital),Occidental Mindoro,Mimaropa Region
34107,123.8679123,120.71250204672782,13.237500448924884,Mamburao (Capital),Occidental Mindoro,Mimaropa Region
34108,122.6422195,120.7375020471517,13.237500448924884,Mamburao (Capital),Occidental Mindoro,Mimaropa Region
34109,122.4104614,120.7625020475756,13.237500448924884,Mamburao (Capital),Occidental Mindoro,Mimaropa Region
34110,125.5742722,120.61250204503229,13.212500448077051,Mamburao (Capital),Occidental Mindoro,Mimaropa Region
34111,123.5754776,120.63750204545616,13.212500448077051,Mamburao (Capital),Occidental Mindoro,Mimaropa Region
34112,123.2801971,120.66250204588005,13.212500448077051,Mamburao (Capital),Occidental Mindoro,Mimaropa Region
34113,123.4161682,120.68750204630392,13.212500448077051,Mamburao (Capital),Occidental Mindoro,Mimaropa Region
34114,123.5156479,120.71250204672782,13.212500448077051,Mamburao (Capital),Occidental Mindoro,Mimaropa Region
34115,123.5306702,120.7375020471517,13.212500448077051,Mamburao (Capital),Occidental Mindoro,Mimaropa Region
34116,122.1714706,120.7625020475756,13.212500448077051,Mamburao (Capital),Occidental Mindoro,Mimaropa Region
34117,123.582077,120.66250204588005,13.187500447229226,Mamburao (Capital),Occidental Mindoro,Mimaropa Region
34118,123.7164002,120.68750204630392,13.187500447229226,Mamburao (Capital),Occidental Mindoro,Mimaropa Region
34119,123.9423676,120.71250204672782,13.187500447229226,Mamburao (Capital),Occidental Mindoro,Mimaropa Region
34120,124.1977692,120.7375020471517,13.187500447229226,Mamburao (Capital),Occidental Mindoro,Mimaropa Region
34121,123.2420273,120.68750204630392,13.162500446381395,Mamburao (Capital),Occidental Mindoro,Mimaropa Region
34122,123.6517105,120.71250204672782,13.162500446381395,Mamburao (Capital),Occidental Mindoro,Mimaropa Region
34123,123.5241013,120.68750204630392,13.137500445533568,Mamburao (Capital),Occidental Mindoro,Mimaropa Region
34124,131.0326691,120.3625020407934,13.512500458251,Paluan,Occidental Mindoro,Mimaropa Region
34125,131.0439301,120.3875020412173,13.512500458251,Paluan,Occidental Mindoro,Mimaropa Region
34126,130.3168488,120.41250204164116,13.512500458251,Paluan,Occidental Mindoro,Mimaropa Region
34127,129.8275909,120.43750204206506,13.512500458251,Paluan,Occidental Mindoro,Mimaropa Region
34128,131.8285065,120.33750204036951,13.487500457403172,Paluan,Occidental Mindoro,Mimaropa Region
34129,131.8316803,120.3625020407934,13.487500457403172,Paluan,Occidental Mindoro,Mimaropa Region
34130,131.6819,120.3875020412173,13.487500457403172,Paluan,Occidental Mindoro,Mimaropa Region
34131,131.0166168,120.41250204164116,13.487500457403172,Paluan,Occidental Mindoro,Mimaropa Region
34132,130.807785,120.43750204206506,13.487500457403172,Paluan,Occidental Mindoro,Mimaropa Region
34133,129.8156433,120.46250204248896,13.487500457403172,Paluan,Occidental Mindoro,Mimaropa Region
34134,128.8311005,120.48750204291284,13.487500457403172,Paluan,Occidental Mindoro,Mimaropa Region
34135,128.2488709,120.51250204333672,13.487500457403172,Paluan,Occidental Mindoro,Mimaropa Region
34136,128.1180878,120.5375020437606,13.487500457403172,Paluan,Occidental Mindoro,Mimaropa Region
34137,124.6058273,120.56250204418448,13.487500457403172,Paluan,Occidental Mindoro,Mimaropa Region
34138,132.116745,120.31250203994561,13.462500456555343,Paluan,Occidental Mindoro,Mimaropa Region
34139,133.105072,120.33750204036951,13.462500456555343,Paluan,Occidental Mindoro,Mimaropa Region
34140,133.1442108,120.3625020407934,13.462500456555343,Paluan,Occidental Mindoro,Mimaropa Region
34141,132.2412872,120.3875020412173,13.462500456555343,Paluan,Occidental Mindoro,Mimaropa Region
34142,131.5621491,120.41250204164116,13.462500456555343,Paluan,Occidental Mindoro,Mimaropa Region
34143,131.9169464,120.43750204206506,13.462500456555343,Paluan,Occidental Mindoro,Mimaropa Region
34144,131.8482819,120.46250204248896,13.462500456555343,Paluan,Occidental Mindoro,Mimaropa Region
34145,129.3767853,120.48750204291284,13.462500456555343,Paluan,Occidental Mindoro,Mimaropa Region
34146,128.6294708,120.51250204333672,13.462500456555343,Paluan,Occidental Mindoro,Mimaropa Region
34147,128.7245178,120.5375020437606,13.462500456555343,Paluan,Occidental Mindoro,Mimaropa Region
34148,126.3591614,120.56250204418448,13.462500456555343,Paluan,Occidental Mindoro,Mimaropa Region
34149,133.8174439,120.31250203994561,13.437500455707514,Paluan,Occidental Mindoro,Mimaropa Region
34150,133.9532623,120.33750204036951,13.437500455707514,Paluan,Occidental Mindoro,Mimaropa Region
34151,133.9925537,120.3625020407934,13.437500455707514,Paluan,Occidental Mindoro,Mimaropa Region
34152,134.6732636,120.3875020412173,13.437500455707514,Paluan,Occidental Mindoro,Mimaropa Region
34153,133.976593,120.41250204164116,13.437500455707514,Paluan,Occidental Mindoro,Mimaropa Region
34154,132.9504547,120.43750204206506,13.437500455707514,Paluan,Occidental Mindoro,Mimaropa Region
34155,132.8820038,120.46250204248896,13.437500455707514,Paluan,Occidental Mindoro,Mimaropa Region
34156,132.1540222,120.48750204291284,13.437500455707514,Paluan,Occidental Mindoro,Mimaropa Region
34157,131.3802033,120.51250204333672,13.437500455707514,Paluan,Occidental Mindoro,Mimaropa Region
34158,129.7752686,120.5375020437606,13.437500455707514,Paluan,Occidental Mindoro,Mimaropa Region
34159,127.0262985,120.56250204418448,13.437500455707514,Paluan,Occidental Mindoro,Mimaropa Region
34160,134.1227112,120.33750204036951,13.412500454859686,Paluan,Occidental Mindoro,Mimaropa Region
34161,134.8720703,120.3625020407934,13.412500454859686,Paluan,Occidental Mindoro,Mimaropa Region
34162,134.9526215,120.3875020412173,13.412500454859686,Paluan,Occidental Mindoro,Mimaropa Region
34163,132.4723206,120.48750204291284,13.412500454859686,Paluan,Occidental Mindoro,Mimaropa Region
34164,131.8462677,120.51250204333672,13.412500454859686,Paluan,Occidental Mindoro,Mimaropa Region
34165,131.5532379,120.5375020437606,13.412500454859686,Paluan,Occidental Mindoro,Mimaropa Region
34166,127.5293274,120.56250204418448,13.412500454859686,Paluan,Occidental Mindoro,Mimaropa Region
34167,135.0903015,120.3625020407934,13.387500454011857,Paluan,Occidental Mindoro,Mimaropa Region
34168,135.0856323,120.3875020412173,13.387500454011857,Paluan,Occidental Mindoro,Mimaropa Region
34169,132.6837158,120.48750204291284,13.387500454011857,Paluan,Occidental Mindoro,Mimaropa Region
34170,132.0893555,120.51250204333672,13.387500454011857,Paluan,Occidental Mindoro,Mimaropa Region
34171,132.013794,120.5375020437606,13.387500454011857,Paluan,Occidental Mindoro,Mimaropa Region
34172,127.4812698,120.56250204418448,13.387500454011857,Paluan,Occidental Mindoro,Mimaropa Region
34173,132.8575592,120.48750204291284,13.362500453164028,Paluan,Occidental Mindoro,Mimaropa Region
34174,132.2075043,120.51250204333672,13.362500453164028,Paluan,Occidental Mindoro,Mimaropa Region
34175,132.3291016,120.5375020437606,13.362500453164028,Paluan,Occidental Mindoro,Mimaropa Region
34176,128.47612,120.56250204418448,13.362500453164028,Paluan,Occidental Mindoro,Mimaropa Region
34177,125.1880188,120.58750204460839,13.362500453164028,Paluan,Occidental Mindoro,Mimaropa Region
34178,133.9442291,120.48750204291284,13.3375004523162,Paluan,Occidental Mindoro,Mimaropa Region
34179,133.3398285,120.51250204333672,13.3375004523162,Paluan,Occidental Mindoro,Mimaropa Region
34180,132.9316254,120.5375020437606,13.3375004523162,Paluan,Occidental Mindoro,Mimaropa Region
34181,129.0614929,120.56250204418448,13.3375004523162,Paluan,Occidental Mindoro,Mimaropa Region
34182,127.1025085,120.58750204460839,13.3375004523162,Paluan,Occidental Mindoro,Mimaropa Region
34183,133.9463501,120.48750204291284,13.31250045146837,Paluan,Occidental Mindoro,Mimaropa Region
34184,133.4112701,120.51250204333672,13.31250045146837,Paluan,Occidental Mindoro,Mimaropa Region
34185,133.3398895,120.5375020437606,13.31250045146837,Paluan,Occidental Mindoro,Mimaropa Region
34186,128.4656067,120.56250204418448,13.31250045146837,Paluan,Occidental Mindoro,Mimaropa Region
34187,126.3538132,120.58750204460839,13.31250045146837,Paluan,Occidental Mindoro,Mimaropa Region
34188,133.471817,120.51250204333672,13.28750045062054,Paluan,Occidental Mindoro,Mimaropa Region
34189,133.4546051,120.5375020437606,13.28750045062054,Paluan,Occidental Mindoro,Mimaropa Region
34190,128.0327606,120.56250204418448,13.28750045062054,Paluan,Occidental Mindoro,Mimaropa Region
34191,125.6574173,120.58750204460839,13.28750045062054,Paluan,Occidental Mindoro,Mimaropa Region
34192,133.4673462,120.5375020437606,13.262500449772713,Paluan,Occidental Mindoro,Mimaropa Region
34193,113.2738724,121.1375020539339,12.68750043027265,Rizal,Occidental Mindoro,Mimaropa Region
34194,106.4097061,121.16250205435777,12.68750043027265,Rizal,Occidental Mindoro,Mimaropa Region
34195,104.7993088,121.18750205478167,12.68750043027265,Rizal,Occidental Mindoro,Mimaropa Region
34196,112.417244,121.1375020539339,12.66250042942482,Rizal,Occidental Mindoro,Mimaropa Region
34197,111.7112122,121.16250205435777,12.66250042942482,Rizal,Occidental Mindoro,Mimaropa Region
34198,118.9008408,121.08750205308613,12.637500428576992,Rizal,Occidental Mindoro,Mimaropa Region
34199,118.3381577,121.11250205351,12.637500428576992,Rizal,Occidental Mindoro,Mimaropa Region
34200,116.4597778,121.1375020539339,12.637500428576992,Rizal,Occidental Mindoro,Mimaropa Region
34201,115.3382492,121.16250205435777,12.637500428576992,Rizal,Occidental Mindoro,Mimaropa Region
34202,121.9450302,121.06250205266224,12.612500427729165,Rizal,Occidental Mindoro,Mimaropa Region
34203,121.6310577,121.08750205308613,12.612500427729165,Rizal,Occidental Mindoro,Mimaropa Region
34204,121.2883148,121.11250205351,12.612500427729165,Rizal,Occidental Mindoro,Mimaropa Region
34205,121.0179215,121.1375020539339,12.612500427729165,Rizal,Occidental Mindoro,Mimaropa Region
34206,121.5821533,121.06250205266224,12.587500426881334,Rizal,Occidental Mindoro,Mimaropa Region
34207,121.43573,121.08750205308613,12.587500426881334,Rizal,Occidental Mindoro,Mimaropa Region
34208,121.2242203,121.11250205351,12.587500426881334,Rizal,Occidental Mindoro,Mimaropa Region
34209,121.0343399,121.1375020539339,12.587500426881334,Rizal,Occidental Mindoro,Mimaropa Region
34210,122.5604706,121.03750205223837,12.562500426033504,Rizal,Occidental Mindoro,Mimaropa Region
34211,122.5740356,121.06250205266224,12.562500426033504,Rizal,Occidental Mindoro,Mimaropa Region
34212,122.5215073,121.08750205308613,12.562500426033504,Rizal,Occidental Mindoro,Mimaropa Region
34213,122.3296127,121.11250205351,12.562500426033504,Rizal,Occidental Mindoro,Mimaropa Region
34214,122.5131607,121.01250205181447,12.537500425185677,Rizal,Occidental Mindoro,Mimaropa Region
34215,123.268158,121.03750205223837,12.537500425185677,Rizal,Occidental Mindoro,Mimaropa Region
34216,123.2817612,121.06250205266224,12.537500425185677,Rizal,Occidental Mindoro,Mimaropa Region
34217,123.1233215,121.08750205308613,12.537500425185677,Rizal,Occidental Mindoro,Mimaropa Region
34218,121.0771179,120.9375020505428,12.512500424337848,Rizal,Occidental Mindoro,Mimaropa Region
34219,121.7411728,120.96250205096668,12.512500424337848,Rizal,Occidental Mindoro,Mimaropa Region
34220,121.8501205,120.98750205139056,12.512500424337848,Rizal,Occidental Mindoro,Mimaropa Region
34221,122.2966232,121.01250205181447,12.512500424337848,Rizal,Occidental Mindoro,Mimaropa Region
34222,122.6047745,121.03750205223837,12.512500424337848,Rizal,Occidental Mindoro,Mimaropa Region
34223,123.0580902,121.06250205266224,12.512500424337848,Rizal,Occidental Mindoro,Mimaropa Region
34224,123.0039215,121.08750205308613,12.512500424337848,Rizal,Occidental Mindoro,Mimaropa Region
34225,123.1713867,120.96250205096668,12.48750042349002,Rizal,Occidental Mindoro,Mimaropa Region
34226,123.3769379,120.98750205139056,12.48750042349002,Rizal,Occidental Mindoro,Mimaropa Region
34227,123.8220139,121.01250205181447,12.48750042349002,Rizal,Occidental Mindoro,Mimaropa Region
34228,124.062439,121.03750205223837,12.48750042349002,Rizal,Occidental Mindoro,Mimaropa Region
34229,124.0168991,120.96250205096668,12.46250042264219,Rizal,Occidental Mindoro,Mimaropa Region
34230,124.8998947,120.98750205139056,12.46250042264219,Rizal,Occidental Mindoro,Mimaropa Region
34231,125.4175949,121.01250205181447,12.46250042264219,Rizal,Occidental Mindoro,Mimaropa Region
34232,123.8061218,120.98750205139056,12.43750042179436,Rizal,Occidental Mindoro,Mimaropa Region
34233,80.00218964,121.01250205181447,13.162500446381395,Sablayan,Occidental Mindoro,Mimaropa Region
34234,84.39946747,120.98750205139056,13.137500445533568,Sablayan,Occidental Mindoro,Mimaropa Region
34235,82.97606659,121.01250205181447,13.137500445533568,Sablayan,Occidental Mindoro,Mimaropa Region
34236,77.00720978,121.03750205223837,13.137500445533568,Sablayan,Occidental Mindoro,Mimaropa Region
34237,76.40285492,121.06250205266224,13.137500445533568,Sablayan,Occidental Mindoro,Mimaropa Region
34238,86.43693542,120.96250205096668,13.11250044468574,Sablayan,Occidental Mindoro,Mimaropa Region
34239,84.84729767,120.98750205139056,13.11250044468574,Sablayan,Occidental Mindoro,Mimaropa Region
34240,84.10432434,121.01250205181447,13.11250044468574,Sablayan,Occidental Mindoro,Mimaropa Region
34241,82.78330994,121.03750205223837,13.11250044468574,Sablayan,Occidental Mindoro,Mimaropa Region
34242,73.9577179,121.06250205266224,13.11250044468574,Sablayan,Occidental Mindoro,Mimaropa Region
34243,73.15248108,121.08750205308613,13.11250044468574,Sablayan,Occidental Mindoro,Mimaropa Region
34244,86.48899841,120.96250205096668,13.087500443837913,Sablayan,Occidental Mindoro,Mimaropa Region
34245,84.4373703,120.98750205139056,13.087500443837913,Sablayan,Occidental Mindoro,Mimaropa Region
34246,82.94992065,121.01250205181447,13.087500443837913,Sablayan,Occidental Mindoro,Mimaropa Region
34247,81.53945923,121.03750205223837,13.087500443837913,Sablayan,Occidental Mindoro,Mimaropa Region
34248,72.70987701,121.06250205266224,13.087500443837913,Sablayan,Occidental Mindoro,Mimaropa Region
34249,71.54145813,121.08750205308613,13.087500443837913,Sablayan,Occidental Mindoro,Mimaropa Region
34250,70.19197083,121.11250205351,13.087500443837913,Sablayan,Occidental Mindoro,Mimaropa Region
34251,69.07909393,121.1375020539339,13.087500443837913,Sablayan,Occidental Mindoro,Mimaropa Region
34252,72.59627533,121.16250205435777,13.087500443837913,Sablayan,Occidental Mindoro,Mimaropa Region
34253,95.00140381,120.9375020505428,13.062500442990082,Sablayan,Occidental Mindoro,Mimaropa Region
34254,91.4404068,120.96250205096668,13.062500442990082,Sablayan,Occidental Mindoro,Mimaropa Region
34255,84.24862671,120.98750205139056,13.062500442990082,Sablayan,Occidental Mindoro,Mimaropa Region
34256,81.19139099,121.01250205181447,13.062500442990082,Sablayan,Occidental Mindoro,Mimaropa Region
34257,76.26439667,121.03750205223837,13.062500442990082,Sablayan,Occidental Mindoro,Mimaropa Region
34258,75.37411499,121.06250205266224,13.062500442990082,Sablayan,Occidental Mindoro,Mimaropa Region
34259,70.1002655,121.08750205308613,13.062500442990082,Sablayan,Occidental Mindoro,Mimaropa Region
34260,68.01696014,121.11250205351,13.062500442990082,Sablayan,Occidental Mindoro,Mimaropa Region
34261,65.14559937,121.1375020539339,13.062500442990082,Sablayan,Occidental Mindoro,Mimaropa Region
34262,70.57676697,121.16250205435777,13.062500442990082,Sablayan,Occidental Mindoro,Mimaropa Region
34263,72.68656158,121.18750205478167,13.062500442990082,Sablayan,Occidental Mindoro,Mimaropa Region
34264,72.77780151,121.21250205520556,13.062500442990082,Sablayan,Occidental Mindoro,Mimaropa Region
34265,72.95734406,121.23750205562946,13.062500442990082,Sablayan,Occidental Mindoro,Mimaropa Region
34266,96.92327881,120.9375020505428,13.037500442142251,Sablayan,Occidental Mindoro,Mimaropa Region
34267,93.30622864,120.96250205096668,13.037500442142251,Sablayan,Occidental Mindoro,Mimaropa Region
34268,88.5221405,120.98750205139056,13.037500442142251,Sablayan,Occidental Mindoro,Mimaropa Region
34269,85.41630554,121.01250205181447,13.037500442142251,Sablayan,Occidental Mindoro,Mimaropa Region
34270,77.7469635,121.03750205223837,13.037500442142251,Sablayan,Occidental Mindoro,Mimaropa Region
34271,76.85699463,121.06250205266224,13.037500442142251,Sablayan,Occidental Mindoro,Mimaropa Region
34272,72.19547272,121.08750205308613,13.037500442142251,Sablayan,Occidental Mindoro,Mimaropa Region
34273,69.90440369,121.11250205351,13.037500442142251,Sablayan,Occidental Mindoro,Mimaropa Region
34274,65.23135376,121.1375020539339,13.037500442142251,Sablayan,Occidental Mindoro,Mimaropa Region
34275,70.6703186,121.16250205435777,13.037500442142251,Sablayan,Occidental Mindoro,Mimaropa Region
34276,71.87411499,121.18750205478167,13.037500442142251,Sablayan,Occidental Mindoro,Mimaropa Region
34277,71.8338089,121.21250205520556,13.037500442142251,Sablayan,Occidental Mindoro,Mimaropa Region
34278,72.16856384,121.23750205562946,13.037500442142251,Sablayan,Occidental Mindoro,Mimaropa Region
34279,101.7117386,120.9375020505428,13.012500441294424,Sablayan,Occidental Mindoro,Mimaropa Region
34280,90.50795746,120.96250205096668,13.012500441294424,Sablayan,Occidental Mindoro,Mimaropa Region
34281,88.69254303,120.98750205139056,13.012500441294424,Sablayan,Occidental Mindoro,Mimaropa Region
34282,85.93534088,121.01250205181447,13.012500441294424,Sablayan,Occidental Mindoro,Mimaropa Region
34283,83.66384888,121.03750205223837,13.012500441294424,Sablayan,Occidental Mindoro,Mimaropa Region
34284,73.0191803,121.06250205266224,13.012500441294424,Sablayan,Occidental Mindoro,Mimaropa Region
34285,71.69562531,121.08750205308613,13.012500441294424,Sablayan,Occidental Mindoro,Mimaropa Region
34286,69.95742035,121.11250205351,13.012500441294424,Sablayan,Occidental Mindoro,Mimaropa Region
34287,68.41423798,121.1375020539339,13.012500441294424,Sablayan,Occidental Mindoro,Mimaropa Region
34288,68.06902313,121.16250205435777,13.012500441294424,Sablayan,Occidental Mindoro,Mimaropa Region
34289,70.21559143,121.18750205478167,13.012500441294424,Sablayan,Occidental Mindoro,Mimaropa Region
34290,70.05547333,121.21250205520556,13.012500441294424,Sablayan,Occidental Mindoro,Mimaropa Region
34291,69.91551971,121.23750205562946,13.012500441294424,Sablayan,Occidental Mindoro,Mimaropa Region
34292,111.3402634,120.91250205011892,12.987500440446595,Sablayan,Occidental Mindoro,Mimaropa Region
34293,102.927948,120.9375020505428,12.987500440446595,Sablayan,Occidental Mindoro,Mimaropa Region
34294,91.51417542,120.96250205096668,12.987500440446595,Sablayan,Occidental Mindoro,Mimaropa Region
34295,89.45537567,120.98750205139056,12.987500440446595,Sablayan,Occidental Mindoro,Mimaropa Region
34296,86.1363678,121.01250205181447,12.987500440446595,Sablayan,Occidental Mindoro,Mimaropa Region
34297,83.93258667,121.03750205223837,12.987500440446595,Sablayan,Occidental Mindoro,Mimaropa Region
34298,73.34558105,121.06250205266224,12.987500440446595,Sablayan,Occidental Mindoro,Mimaropa Region
34299,71.65003967,121.08750205308613,12.987500440446595,Sablayan,Occidental Mindoro,Mimaropa Region
34300,69.75238037,121.11250205351,12.987500440446595,Sablayan,Occidental Mindoro,Mimaropa Region
34301,68.27529907,121.1375020539339,12.987500440446595,Sablayan,Occidental Mindoro,Mimaropa Region
34302,67.07024384,121.16250205435777,12.987500440446595,Sablayan,Occidental Mindoro,Mimaropa Region
34303,68.62348175,121.18750205478167,12.987500440446595,Sablayan,Occidental Mindoro,Mimaropa Region
34304,68.24013519,121.21250205520556,12.987500440446595,Sablayan,Occidental Mindoro,Mimaropa Region
34305,67.92848969,121.23750205562946,12.987500440446595,Sablayan,Occidental Mindoro,Mimaropa Region
34306,120.5239258,120.78750204799948,12.962500439598768,Sablayan,Occidental Mindoro,Mimaropa Region
34307,119.9401779,120.81250204842338,12.962500439598768,Sablayan,Occidental Mindoro,Mimaropa Region
34308,120.347847,120.83750204884724,12.962500439598768,Sablayan,Occidental Mindoro,Mimaropa Region
34309,116.0981064,120.86250204927114,12.962500439598768,Sablayan,Occidental Mindoro,Mimaropa Region
34310,111.7415161,120.91250205011892,12.962500439598768,Sablayan,Occidental Mindoro,Mimaropa Region
34311,101.3714371,120.9375020505428,12.962500439598768,Sablayan,Occidental Mindoro,Mimaropa Region
34312,97.19854736,120.96250205096668,12.962500439598768,Sablayan,Occidental Mindoro,Mimaropa Region
34313,90.5952301,120.98750205139056,12.962500439598768,Sablayan,Occidental Mindoro,Mimaropa Region
34314,86.41911316,121.01250205181447,12.962500439598768,Sablayan,Occidental Mindoro,Mimaropa Region
34315,80.6036377,121.03750205223837,12.962500439598768,Sablayan,Occidental Mindoro,Mimaropa Region
34316,79.65146637,121.06250205266224,12.962500439598768,Sablayan,Occidental Mindoro,Mimaropa Region
34317,72.62705994,121.08750205308613,12.962500439598768,Sablayan,Occidental Mindoro,Mimaropa Region
34318,69.85975647,121.11250205351,12.962500439598768,Sablayan,Occidental Mindoro,Mimaropa Region
34319,66.09305573,121.1375020539339,12.962500439598768,Sablayan,Occidental Mindoro,Mimaropa Region
34320,69.86366272,121.16250205435777,12.962500439598768,Sablayan,Occidental Mindoro,Mimaropa Region
34321,68.88413239,121.18750205478167,12.962500439598768,Sablayan,Occidental Mindoro,Mimaropa Region
34322,68.17556,121.21250205520556,12.962500439598768,Sablayan,Occidental Mindoro,Mimaropa Region
34323,67.99525452,121.23750205562946,12.962500439598768,Sablayan,Occidental Mindoro,Mimaropa Region
34324,120.7354889,120.78750204799948,12.937500438750938,Sablayan,Occidental Mindoro,Mimaropa Region
34325,120.2744904,120.81250204842338,12.937500438750938,Sablayan,Occidental Mindoro,Mimaropa Region
34326,121.0139999,120.83750204884724,12.937500438750938,Sablayan,Occidental Mindoro,Mimaropa Region
34327,116.9574204,120.86250204927114,12.937500438750938,Sablayan,Occidental Mindoro,Mimaropa Region
34328,114.6766129,120.88750204969504,12.937500438750938,Sablayan,Occidental Mindoro,Mimaropa Region
34329,114.1268463,120.91250205011892,12.937500438750938,Sablayan,Occidental Mindoro,Mimaropa Region
34330,102.909996,120.9375020505428,12.937500438750938,Sablayan,Occidental Mindoro,Mimaropa Region
34331,98.51654816,120.96250205096668,12.937500438750938,Sablayan,Occidental Mindoro,Mimaropa Region
34332,94.7342453,120.98750205139056,12.937500438750938,Sablayan,Occidental Mindoro,Mimaropa Region
34333,90.38764954,121.01250205181447,12.937500438750938,Sablayan,Occidental Mindoro,Mimaropa Region
34334,82.58637238,121.03750205223837,12.937500438750938,Sablayan,Occidental Mindoro,Mimaropa Region
34335,81.63545227,121.06250205266224,12.937500438750938,Sablayan,Occidental Mindoro,Mimaropa Region
34336,77.34832001,121.08750205308613,12.937500438750938,Sablayan,Occidental Mindoro,Mimaropa Region
34337,74.52918243,121.11250205351,12.937500438750938,Sablayan,Occidental Mindoro,Mimaropa Region
34338,67.72654724,121.1375020539339,12.937500438750938,Sablayan,Occidental Mindoro,Mimaropa Region
34339,71.1696167,121.16250205435777,12.937500438750938,Sablayan,Occidental Mindoro,Mimaropa Region
34340,71.37189484,121.18750205478167,12.937500438750938,Sablayan,Occidental Mindoro,Mimaropa Region
34341,70.47982788,121.21250205520556,12.937500438750938,Sablayan,Occidental Mindoro,Mimaropa Region
34342,67.9081955,121.23750205562946,12.937500438750938,Sablayan,Occidental Mindoro,Mimaropa Region
34343,121.2716065,120.78750204799948,12.912500437903107,Sablayan,Occidental Mindoro,Mimaropa Region
34344,120.744812,120.81250204842338,12.912500437903107,Sablayan,Occidental Mindoro,Mimaropa Region
34345,121.0999374,120.83750204884724,12.912500437903107,Sablayan,Occidental Mindoro,Mimaropa Region
34346,117.5823669,120.86250204927114,12.912500437903107,Sablayan,Occidental Mindoro,Mimaropa Region
34347,115.5653458,120.88750204969504,12.912500437903107,Sablayan,Occidental Mindoro,Mimaropa Region
34348,115.2477112,120.91250205011892,12.912500437903107,Sablayan,Occidental Mindoro,Mimaropa Region
34349,106.0269318,120.9375020505428,12.912500437903107,Sablayan,Occidental Mindoro,Mimaropa Region
34350,96.70600891,120.96250205096668,12.912500437903107,Sablayan,Occidental Mindoro,Mimaropa Region
34351,95.17933655,120.98750205139056,12.912500437903107,Sablayan,Occidental Mindoro,Mimaropa Region
34352,91.57291412,121.01250205181447,12.912500437903107,Sablayan,Occidental Mindoro,Mimaropa Region
34353,89.08792877,121.03750205223837,12.912500437903107,Sablayan,Occidental Mindoro,Mimaropa Region
34354,79.42692566,121.06250205266224,12.912500437903107,Sablayan,Occidental Mindoro,Mimaropa Region
34355,77.97597504,121.08750205308613,12.912500437903107,Sablayan,Occidental Mindoro,Mimaropa Region
34356,75.96581268,121.11250205351,12.912500437903107,Sablayan,Occidental Mindoro,Mimaropa Region
34357,74.0729599,121.1375020539339,12.912500437903107,Sablayan,Occidental Mindoro,Mimaropa Region
34358,70.39678192,121.16250205435777,12.912500437903107,Sablayan,Occidental Mindoro,Mimaropa Region
34359,71.58006287,121.18750205478167,12.912500437903107,Sablayan,Occidental Mindoro,Mimaropa Region
34360,70.80053711,121.21250205520556,12.912500437903107,Sablayan,Occidental Mindoro,Mimaropa Region
34361,69.97705078,121.23750205562946,12.912500437903107,Sablayan,Occidental Mindoro,Mimaropa Region
34362,121.0986023,120.78750204799948,12.88750043705528,Sablayan,Occidental Mindoro,Mimaropa Region
34363,120.5754929,120.81250204842338,12.88750043705528,Sablayan,Occidental Mindoro,Mimaropa Region
34364,120.8758621,120.83750204884724,12.88750043705528,Sablayan,Occidental Mindoro,Mimaropa Region
34365,117.4317398,120.86250204927114,12.88750043705528,Sablayan,Occidental Mindoro,Mimaropa Region
34366,115.5396195,120.88750204969504,12.88750043705528,Sablayan,Occidental Mindoro,Mimaropa Region
34367,115.3686218,120.91250205011892,12.88750043705528,Sablayan,Occidental Mindoro,Mimaropa Region
34368,106.2806015,120.9375020505428,12.88750043705528,Sablayan,Occidental Mindoro,Mimaropa Region
34369,97.17434692,120.96250205096668,12.88750043705528,Sablayan,Occidental Mindoro,Mimaropa Region
34370,95.75157166,120.98750205139056,12.88750043705528,Sablayan,Occidental Mindoro,Mimaropa Region
34371,92.5078125,121.01250205181447,12.88750043705528,Sablayan,Occidental Mindoro,Mimaropa Region
34372,90.61241913,121.03750205223837,12.88750043705528,Sablayan,Occidental Mindoro,Mimaropa Region
34373,81.13301086,121.06250205266224,12.88750043705528,Sablayan,Occidental Mindoro,Mimaropa Region
34374,79.27965546,121.08750205308613,12.88750043705528,Sablayan,Occidental Mindoro,Mimaropa Region
34375,77.31233978,121.11250205351,12.88750043705528,Sablayan,Occidental Mindoro,Mimaropa Region
34376,75.9024353,121.1375020539339,12.88750043705528,Sablayan,Occidental Mindoro,Mimaropa Region
34377,72.23638153,121.16250205435777,12.88750043705528,Sablayan,Occidental Mindoro,Mimaropa Region
34378,72.84475708,121.18750205478167,12.88750043705528,Sablayan,Occidental Mindoro,Mimaropa Region
34379,71.81465912,121.21250205520556,12.88750043705528,Sablayan,Occidental Mindoro,Mimaropa Region
34380,71.13516998,121.23750205562946,12.88750043705528,Sablayan,Occidental Mindoro,Mimaropa Region
34381,121.8070984,120.78750204799948,12.862500436207451,Sablayan,Occidental Mindoro,Mimaropa Region
34382,121.4377365,120.81250204842338,12.862500436207451,Sablayan,Occidental Mindoro,Mimaropa Region
34383,122.0266113,120.83750204884724,12.862500436207451,Sablayan,Occidental Mindoro,Mimaropa Region
34384,118.2818451,120.86250204927114,12.862500436207451,Sablayan,Occidental Mindoro,Mimaropa Region
34385,116.4994431,120.88750204969504,12.862500436207451,Sablayan,Occidental Mindoro,Mimaropa Region
34386,116.3762894,120.91250205011892,12.862500436207451,Sablayan,Occidental Mindoro,Mimaropa Region
34387,106.6198349,120.9375020505428,12.862500436207451,Sablayan,Occidental Mindoro,Mimaropa Region
34388,102.482338,120.96250205096668,12.862500436207451,Sablayan,Occidental Mindoro,Mimaropa Region
34389,98.06372833,120.98750205139056,12.862500436207451,Sablayan,Occidental Mindoro,Mimaropa Region
34390,94.35556793,121.01250205181447,12.862500436207451,Sablayan,Occidental Mindoro,Mimaropa Region
34391,89.92045593,121.03750205223837,12.862500436207451,Sablayan,Occidental Mindoro,Mimaropa Region
34392,89.20773315,121.06250205266224,12.862500436207451,Sablayan,Occidental Mindoro,Mimaropa Region
34393,81.90444183,121.08750205308613,12.862500436207451,Sablayan,Occidental Mindoro,Mimaropa Region
34394,79.17578125,121.11250205351,12.862500436207451,Sablayan,Occidental Mindoro,Mimaropa Region
34395,75.85585022,121.1375020539339,12.862500436207451,Sablayan,Occidental Mindoro,Mimaropa Region
34396,78.67802429,121.16250205435777,12.862500436207451,Sablayan,Occidental Mindoro,Mimaropa Region
34397,74.49423981,121.18750205478167,12.862500436207451,Sablayan,Occidental Mindoro,Mimaropa Region
34398,72.86347198,121.21250205520556,12.862500436207451,Sablayan,Occidental Mindoro,Mimaropa Region
34399,72.22330475,121.23750205562946,12.862500436207451,Sablayan,Occidental Mindoro,Mimaropa Region
34400,122.858757,120.7625020475756,12.837500435359622,Sablayan,Occidental Mindoro,Mimaropa Region
34401,121.2607803,120.78750204799948,12.837500435359622,Sablayan,Occidental Mindoro,Mimaropa Region
34402,120.8847504,120.81250204842338,12.837500435359622,Sablayan,Occidental Mindoro,Mimaropa Region
34403,122.3245392,120.83750204884724,12.837500435359622,Sablayan,Occidental Mindoro,Mimaropa Region
34404,118.6087494,120.86250204927114,12.837500435359622,Sablayan,Occidental Mindoro,Mimaropa Region
34405,116.6988068,120.88750204969504,12.837500435359622,Sablayan,Occidental Mindoro,Mimaropa Region
34406,116.6729813,120.91250205011892,12.837500435359622,Sablayan,Occidental Mindoro,Mimaropa Region
34407,108.0605087,120.9375020505428,12.837500435359622,Sablayan,Occidental Mindoro,Mimaropa Region
34408,104.1247559,120.96250205096668,12.837500435359622,Sablayan,Occidental Mindoro,Mimaropa Region
34409,102.1212997,120.98750205139056,12.837500435359622,Sablayan,Occidental Mindoro,Mimaropa Region
34410,98.51369476,121.01250205181447,12.837500435359622,Sablayan,Occidental Mindoro,Mimaropa Region
34411,93.202034,121.03750205223837,12.837500435359622,Sablayan,Occidental Mindoro,Mimaropa Region
34412,92.47959137,121.06250205266224,12.837500435359622,Sablayan,Occidental Mindoro,Mimaropa Region
34413,89.04595947,121.08750205308613,12.837500435359622,Sablayan,Occidental Mindoro,Mimaropa Region
34414,86.3884201,121.11250205351,12.837500435359622,Sablayan,Occidental Mindoro,Mimaropa Region
34415,79.68074799,121.1375020539339,12.837500435359622,Sablayan,Occidental Mindoro,Mimaropa Region
34416,82.17246246,121.16250205435777,12.837500435359622,Sablayan,Occidental Mindoro,Mimaropa Region
34417,81.24832916,121.18750205478167,12.837500435359622,Sablayan,Occidental Mindoro,Mimaropa Region
34418,79.4790802,121.21250205520556,12.837500435359622,Sablayan,Occidental Mindoro,Mimaropa Region
34419,74.65689087,121.23750205562946,12.837500435359622,Sablayan,Occidental Mindoro,Mimaropa Region
34420,120.9815292,120.78750204799948,12.812500434511794,Sablayan,Occidental Mindoro,Mimaropa Region
34421,120.4331741,120.81250204842338,12.812500434511794,Sablayan,Occidental Mindoro,Mimaropa Region
34422,120.8143311,120.83750204884724,12.812500434511794,Sablayan,Occidental Mindoro,Mimaropa Region
34423,118.1435165,120.86250204927114,12.812500434511794,Sablayan,Occidental Mindoro,Mimaropa Region
34424,116.3870239,120.88750204969504,12.812500434511794,Sablayan,Occidental Mindoro,Mimaropa Region
34425,116.4237061,120.91250205011892,12.812500434511794,Sablayan,Occidental Mindoro,Mimaropa Region
34426,108.5045548,120.9375020505428,12.812500434511794,Sablayan,Occidental Mindoro,Mimaropa Region
34427,102.8554688,120.96250205096668,12.812500434511794,Sablayan,Occidental Mindoro,Mimaropa Region
34428,102.0631638,120.98750205139056,12.812500434511794,Sablayan,Occidental Mindoro,Mimaropa Region
34429,99.10740662,121.01250205181447,12.812500434511794,Sablayan,Occidental Mindoro,Mimaropa Region
34430,97.33562469,121.03750205223837,12.812500434511794,Sablayan,Occidental Mindoro,Mimaropa Region
34431,90.86929321,121.06250205266224,12.812500434511794,Sablayan,Occidental Mindoro,Mimaropa Region
34432,89.56163788,121.08750205308613,12.812500434511794,Sablayan,Occidental Mindoro,Mimaropa Region
34433,87.77333069,121.11250205351,12.812500434511794,Sablayan,Occidental Mindoro,Mimaropa Region
34434,86.08396149,121.1375020539339,12.812500434511794,Sablayan,Occidental Mindoro,Mimaropa Region
34435,81.63266754,121.16250205435777,12.812500434511794,Sablayan,Occidental Mindoro,Mimaropa Region
34436,82.23490143,121.18750205478167,12.812500434511794,Sablayan,Occidental Mindoro,Mimaropa Region
34437,80.91608429,121.21250205520556,12.812500434511794,Sablayan,Occidental Mindoro,Mimaropa Region
34438,79.58100891,121.23750205562946,12.812500434511794,Sablayan,Occidental Mindoro,Mimaropa Region
34439,122.4059296,120.78750204799948,12.787500433663965,Sablayan,Occidental Mindoro,Mimaropa Region
34440,121.8162918,120.81250204842338,12.787500433663965,Sablayan,Occidental Mindoro,Mimaropa Region
34441,122.013649,120.83750204884724,12.787500433663965,Sablayan,Occidental Mindoro,Mimaropa Region
34442,119.5161743,120.86250204927114,12.787500433663965,Sablayan,Occidental Mindoro,Mimaropa Region
34443,118.0273666,120.88750204969504,12.787500433663965,Sablayan,Occidental Mindoro,Mimaropa Region
34444,118.1644211,120.91250205011892,12.787500433663965,Sablayan,Occidental Mindoro,Mimaropa Region
34445,111.6756744,120.9375020505428,12.787500433663965,Sablayan,Occidental Mindoro,Mimaropa Region
34446,106.8147736,120.96250205096668,12.787500433663965,Sablayan,Occidental Mindoro,Mimaropa Region
34447,106.230484,120.98750205139056,12.787500433663965,Sablayan,Occidental Mindoro,Mimaropa Region
34448,103.6825104,121.01250205181447,12.787500433663965,Sablayan,Occidental Mindoro,Mimaropa Region
34449,102.3632431,121.03750205223837,12.787500433663965,Sablayan,Occidental Mindoro,Mimaropa Region
34450,95.8944931,121.06250205266224,12.787500433663965,Sablayan,Occidental Mindoro,Mimaropa Region
34451,94.36344147,121.08750205308613,12.787500433663965,Sablayan,Occidental Mindoro,Mimaropa Region
34452,92.74363708,121.11250205351,12.787500433663965,Sablayan,Occidental Mindoro,Mimaropa Region
34453,91.61157227,121.1375020539339,12.787500433663965,Sablayan,Occidental Mindoro,Mimaropa Region
34454,86.08448029,121.16250205435777,12.787500433663965,Sablayan,Occidental Mindoro,Mimaropa Region
34455,85.71697235,121.18750205478167,12.787500433663965,Sablayan,Occidental Mindoro,Mimaropa Region
34456,84.29322052,121.21250205520556,12.787500433663965,Sablayan,Occidental Mindoro,Mimaropa Region
34457,83.35614014,121.23750205562946,12.787500433663965,Sablayan,Occidental Mindoro,Mimaropa Region
34458,123.3309479,120.81250204842338,12.762500432816136,Sablayan,Occidental Mindoro,Mimaropa Region
34459,123.5623169,120.83750204884724,12.762500432816136,Sablayan,Occidental Mindoro,Mimaropa Region
34460,120.1790848,120.86250204927114,12.762500432816136,Sablayan,Occidental Mindoro,Mimaropa Region
34461,119.6977158,120.88750204969504,12.762500432816136,Sablayan,Occidental Mindoro,Mimaropa Region
34462,119.9699173,120.91250205011892,12.762500432816136,Sablayan,Occidental Mindoro,Mimaropa Region
34463,114.4499283,120.9375020505428,12.762500432816136,Sablayan,Occidental Mindoro,Mimaropa Region
34464,112.0946579,120.96250205096668,12.762500432816136,Sablayan,Occidental Mindoro,Mimaropa Region
34465,110.5236206,120.98750205139056,12.762500432816136,Sablayan,Occidental Mindoro,Mimaropa Region
34466,108.0685349,121.01250205181447,12.762500432816136,Sablayan,Occidental Mindoro,Mimaropa Region
34467,105.3932495,121.03750205223837,12.762500432816136,Sablayan,Occidental Mindoro,Mimaropa Region
34468,104.9899063,121.06250205266224,12.762500432816136,Sablayan,Occidental Mindoro,Mimaropa Region
34469,99.39247131,121.08750205308613,12.762500432816136,Sablayan,Occidental Mindoro,Mimaropa Region
34470,97.25862122,121.11250205351,12.762500432816136,Sablayan,Occidental Mindoro,Mimaropa Region
34471,94.3744812,121.1375020539339,12.762500432816136,Sablayan,Occidental Mindoro,Mimaropa Region
34472,95.25723267,121.16250205435777,12.762500432816136,Sablayan,Occidental Mindoro,Mimaropa Region
34473,89.2833252,121.18750205478167,12.762500432816136,Sablayan,Occidental Mindoro,Mimaropa Region
34474,87.20826721,121.21250205520556,12.762500432816136,Sablayan,Occidental Mindoro,Mimaropa Region
34475,85.71801758,121.23750205562946,12.762500432816136,Sablayan,Occidental Mindoro,Mimaropa Region
34476,120.6903839,120.81250204842338,12.737500431968307,Sablayan,Occidental Mindoro,Mimaropa Region
34477,122.4410858,120.83750204884724,12.737500431968307,Sablayan,Occidental Mindoro,Mimaropa Region
34478,119.0893097,120.86250204927114,12.737500431968307,Sablayan,Occidental Mindoro,Mimaropa Region
34479,117.3518143,120.88750204969504,12.737500431968307,Sablayan,Occidental Mindoro,Mimaropa Region
34480,117.6717758,120.91250205011892,12.737500431968307,Sablayan,Occidental Mindoro,Mimaropa Region
34481,113.7278061,120.9375020505428,12.737500431968307,Sablayan,Occidental Mindoro,Mimaropa Region
34482,111.3871918,120.96250205096668,12.737500431968307,Sablayan,Occidental Mindoro,Mimaropa Region
34483,110.5065918,120.98750205139056,12.737500431968307,Sablayan,Occidental Mindoro,Mimaropa Region
34484,108.2693634,121.01250205181447,12.737500431968307,Sablayan,Occidental Mindoro,Mimaropa Region
34485,106.1555481,121.03750205223837,12.737500431968307,Sablayan,Occidental Mindoro,Mimaropa Region
34486,105.7523499,121.06250205266224,12.737500431968307,Sablayan,Occidental Mindoro,Mimaropa Region
34487,103.4125519,121.08750205308613,12.737500431968307,Sablayan,Occidental Mindoro,Mimaropa Region
34488,101.537796,121.11250205351,12.737500431968307,Sablayan,Occidental Mindoro,Mimaropa Region
34489,96.88124084,121.1375020539339,12.737500431968307,Sablayan,Occidental Mindoro,Mimaropa Region
34490,97.80473328,121.16250205435777,12.737500431968307,Sablayan,Occidental Mindoro,Mimaropa Region
34491,95.69036102,121.18750205478167,12.737500431968307,Sablayan,Occidental Mindoro,Mimaropa Region
34492,93.60161591,121.21250205520556,12.737500431968307,Sablayan,Occidental Mindoro,Mimaropa Region
34493,88.193367,121.23750205562946,12.737500431968307,Sablayan,Occidental Mindoro,Mimaropa Region
34494,120.5379105,120.86250204927114,12.712500431120478,Sablayan,Occidental Mindoro,Mimaropa Region
34495,119.2295151,120.88750204969504,12.712500431120478,Sablayan,Occidental Mindoro,Mimaropa Region
34496,119.4759827,120.91250205011892,12.712500431120478,Sablayan,Occidental Mindoro,Mimaropa Region
34497,116.4796066,120.9375020505428,12.712500431120478,Sablayan,Occidental Mindoro,Mimaropa Region
34498,115.2178345,120.96250205096668,12.712500431120478,Sablayan,Occidental Mindoro,Mimaropa Region
34499,114.9693604,120.98750205139056,12.712500431120478,Sablayan,Occidental Mindoro,Mimaropa Region
34500,113.5005951,121.01250205181447,12.712500431120478,Sablayan,Occidental Mindoro,Mimaropa Region
34501,112.7951584,121.03750205223837,12.712500431120478,Sablayan,Occidental Mindoro,Mimaropa Region
34502,109.8095093,121.06250205266224,12.712500431120478,Sablayan,Occidental Mindoro,Mimaropa Region
34503,108.883049,121.08750205308613,12.712500431120478,Sablayan,Occidental Mindoro,Mimaropa Region
34504,107.6938553,121.11250205351,12.712500431120478,Sablayan,Occidental Mindoro,Mimaropa Region
34505,106.5970917,121.1375020539339,12.712500431120478,Sablayan,Occidental Mindoro,Mimaropa Region
34506,100.7565002,121.16250205435777,12.712500431120478,Sablayan,Occidental Mindoro,Mimaropa Region
34507,99.96718597,121.18750205478167,12.712500431120478,Sablayan,Occidental Mindoro,Mimaropa Region
34508,98.4249115,121.21250205520556,12.712500431120478,Sablayan,Occidental Mindoro,Mimaropa Region
34509,96.94515991,121.23750205562946,12.712500431120478,Sablayan,Occidental Mindoro,Mimaropa Region
34510,120.9298096,120.88750204969504,12.68750043027265,Sablayan,Occidental Mindoro,Mimaropa Region
34511,121.2002869,120.91250205011892,12.68750043027265,Sablayan,Occidental Mindoro,Mimaropa Region
34512,103.2453156,121.21250205520556,12.68750043027265,Sablayan,Occidental Mindoro,Mimaropa Region
34513,102.1606751,121.23750205562946,12.68750043027265,Sablayan,Occidental Mindoro,Mimaropa Region
34514,106.0901184,121.18750205478167,12.66250042942482,San Jose,Occidental Mindoro,Mimaropa Region
34515,103.9747391,121.21250205520556,12.66250042942482,San Jose,Occidental Mindoro,Mimaropa Region
34516,101.4574127,121.23750205562946,12.66250042942482,San Jose,Occidental Mindoro,Mimaropa Region
34517,112.3759995,121.18750205478167,12.637500428576992,San Jose,Occidental Mindoro,Mimaropa Region
34518,110.3616715,121.21250205520556,12.637500428576992,San Jose,Occidental Mindoro,Mimaropa Region
34519,105.6633225,121.23750205562946,12.637500428576992,San Jose,Occidental Mindoro,Mimaropa Region
34520,116.1699905,121.16250205435777,12.612500427729165,San Jose,Occidental Mindoro,Mimaropa Region
34521,114.66996,121.18750205478167,12.612500427729165,San Jose,Occidental Mindoro,Mimaropa Region
34522,113.3672485,121.21250205520556,12.612500427729165,San Jose,Occidental Mindoro,Mimaropa Region
34523,112.1811905,121.23750205562946,12.612500427729165,San Jose,Occidental Mindoro,Mimaropa Region
34524,116.3857346,121.16250205435777,12.587500426881334,San Jose,Occidental Mindoro,Mimaropa Region
34525,115.0189819,121.18750205478167,12.587500426881334,San Jose,Occidental Mindoro,Mimaropa Region
34526,114.0393524,121.21250205520556,12.587500426881334,San Jose,Occidental Mindoro,Mimaropa Region
34527,113.3297272,121.23750205562946,12.587500426881334,San Jose,Occidental Mindoro,Mimaropa Region
34528,121.1963043,121.1375020539339,12.562500426033504,San Jose,Occidental Mindoro,Mimaropa Region
34529,120.1629105,121.16250205435777,12.562500426033504,San Jose,Occidental Mindoro,Mimaropa Region
34530,117.0016098,121.18750205478167,12.562500426033504,San Jose,Occidental Mindoro,Mimaropa Region
34531,115.8847122,121.21250205520556,12.562500426033504,San Jose,Occidental Mindoro,Mimaropa Region
34532,113.8142166,121.23750205562946,12.562500426033504,San Jose,Occidental Mindoro,Mimaropa Region
34533,123.011734,121.11250205351,12.537500425185677,San Jose,Occidental Mindoro,Mimaropa Region
34534,122.4424591,121.1375020539339,12.537500425185677,San Jose,Occidental Mindoro,Mimaropa Region
34535,121.6424866,121.16250205435777,12.537500425185677,San Jose,Occidental Mindoro,Mimaropa Region
34536,120.2675858,121.18750205478167,12.537500425185677,San Jose,Occidental Mindoro,Mimaropa Region
34537,119.3395309,121.21250205520556,12.537500425185677,San Jose,Occidental Mindoro,Mimaropa Region
34538,116.6895828,121.23750205562946,12.537500425185677,San Jose,Occidental Mindoro,Mimaropa Region
34539,122.9639893,121.11250205351,12.512500424337848,San Jose,Occidental Mindoro,Mimaropa Region
34540,122.9435654,121.1375020539339,12.512500424337848,San Jose,Occidental Mindoro,Mimaropa Region
34541,121.0197067,121.16250205435777,12.512500424337848,San Jose,Occidental Mindoro,Mimaropa Region
34542,120.2984085,121.18750205478167,12.512500424337848,San Jose,Occidental Mindoro,Mimaropa Region
34543,119.7279358,121.21250205520556,12.512500424337848,San Jose,Occidental Mindoro,Mimaropa Region
34544,119.2015915,121.23750205562946,12.512500424337848,San Jose,Occidental Mindoro,Mimaropa Region
34545,124.562439,121.06250205266224,12.48750042349002,San Jose,Occidental Mindoro,Mimaropa Region
34546,124.6108933,121.08750205308613,12.48750042349002,San Jose,Occidental Mindoro,Mimaropa Region
34547,124.64357,121.11250205351,12.48750042349002,San Jose,Occidental Mindoro,Mimaropa Region
34548,124.6577683,121.1375020539339,12.48750042349002,San Jose,Occidental Mindoro,Mimaropa Region
34549,123.2969284,121.16250205435777,12.48750042349002,San Jose,Occidental Mindoro,Mimaropa Region
34550,122.866333,121.18750205478167,12.48750042349002,San Jose,Occidental Mindoro,Mimaropa Region
34551,122.4660187,121.21250205520556,12.48750042349002,San Jose,Occidental Mindoro,Mimaropa Region
34552,125.711792,121.03750205223837,12.46250042264219,San Jose,Occidental Mindoro,Mimaropa Region
34553,125.7817688,121.06250205266224,12.46250042264219,San Jose,Occidental Mindoro,Mimaropa Region
34554,126.2333145,121.08750205308613,12.46250042264219,San Jose,Occidental Mindoro,Mimaropa Region
34555,126.3370667,121.11250205351,12.46250042264219,San Jose,Occidental Mindoro,Mimaropa Region
34556,126.1159439,121.1375020539339,12.46250042264219,San Jose,Occidental Mindoro,Mimaropa Region
34557,126.4115372,121.16250205435777,12.46250042264219,San Jose,Occidental Mindoro,Mimaropa Region
34558,124.3246918,121.01250205181447,12.43750042179436,San Jose,Occidental Mindoro,Mimaropa Region
34559,125.2896042,121.03750205223837,12.43750042179436,San Jose,Occidental Mindoro,Mimaropa Region
34560,125.3594894,121.06250205266224,12.43750042179436,San Jose,Occidental Mindoro,Mimaropa Region
34561,125.4704437,121.08750205308613,12.43750042179436,San Jose,Occidental Mindoro,Mimaropa Region
34562,125.6127853,121.11250205351,12.43750042179436,San Jose,Occidental Mindoro,Mimaropa Region
34563,125.9523468,121.1375020539339,12.43750042179436,San Jose,Occidental Mindoro,Mimaropa Region
34564,126.247551,121.16250205435777,12.43750042179436,San Jose,Occidental Mindoro,Mimaropa Region
34565,125.5688171,121.01250205181447,12.412500420946532,San Jose,Occidental Mindoro,Mimaropa Region
34566,125.8351364,121.03750205223837,12.412500420946532,San Jose,Occidental Mindoro,Mimaropa Region
34567,126.6884537,121.06250205266224,12.412500420946532,San Jose,Occidental Mindoro,Mimaropa Region
34568,126.7494736,121.08750205308613,12.412500420946532,San Jose,Occidental Mindoro,Mimaropa Region
34569,126.8663788,121.11250205351,12.412500420946532,San Jose,Occidental Mindoro,Mimaropa Region
34570,126.996933,121.1375020539339,12.412500420946532,San Jose,Occidental Mindoro,Mimaropa Region
34571,126.9431763,121.03750205223837,12.387500420098704,San Jose,Occidental Mindoro,Mimaropa Region
34572,127.8107834,121.06250205266224,12.387500420098704,San Jose,Occidental Mindoro,Mimaropa Region
34573,127.9644928,121.08750205308613,12.387500420098704,San Jose,Occidental Mindoro,Mimaropa Region
34574,128.1055756,121.11250205351,12.387500420098704,San Jose,Occidental Mindoro,Mimaropa Region
34575,128.1888275,121.1375020539339,12.387500420098704,San Jose,Occidental Mindoro,Mimaropa Region
34576,126.9709778,121.06250205266224,12.362500419250877,San Jose,Occidental Mindoro,Mimaropa Region
34577,127.7545319,121.08750205308613,12.362500419250877,San Jose,Occidental Mindoro,Mimaropa Region
34578,127.9673767,121.11250205351,12.362500419250877,San Jose,Occidental Mindoro,Mimaropa Region
34579,127.8566208,121.1375020539339,12.362500419250877,San Jose,Occidental Mindoro,Mimaropa Region
34580,128.8699341,121.16250205435777,12.362500419250877,San Jose,Occidental Mindoro,Mimaropa Region
34581,127.1577911,121.08750205308613,12.337500418403046,San Jose,Occidental Mindoro,Mimaropa Region
34582,127.3573303,121.11250205351,12.337500418403046,San Jose,Occidental Mindoro,Mimaropa Region
34583,128.0413818,121.1375020539339,12.337500418403046,San Jose,Occidental Mindoro,Mimaropa Region
34584,127.23526,121.06250205266224,12.287500416707388,San Jose,Occidental Mindoro,Mimaropa Region
34585,126.851387,121.03750205223837,12.26250041585956,San Jose,Occidental Mindoro,Mimaropa Region
34586,126.8701706,121.06250205266224,12.26250041585956,San Jose,Occidental Mindoro,Mimaropa Region
34587,127.5401382,121.08750205308613,12.26250041585956,San Jose,Occidental Mindoro,Mimaropa Region
34588,126.8894882,121.06250205266224,12.237500415011732,San Jose,Occidental Mindoro,Mimaropa Region
34589,126.4371109,121.08750205308613,12.237500415011732,San Jose,Occidental Mindoro,Mimaropa Region
34590,126.2892151,121.01250205181447,12.212500414163902,San Jose,Occidental Mindoro,Mimaropa Region
34591,126.198494,121.08750205308613,12.212500414163902,San Jose,Occidental Mindoro,Mimaropa Region
34592,126.5854645,121.11250205351,12.187500413316071,San Jose,Occidental Mindoro,Mimaropa Region
34593,127.0596085,121.11250205351,12.162500412468244,San Jose,Occidental Mindoro,Mimaropa Region
34594,112.3653793,120.81250204842338,13.262500449772713,Santa Cruz,Occidental Mindoro,Mimaropa Region
34595,119.0709076,120.78750204799948,13.237500448924884,Santa Cruz,Occidental Mindoro,Mimaropa Region
34596,116.5393829,120.81250204842338,13.237500448924884,Santa Cruz,Occidental Mindoro,Mimaropa Region
34597,111.4678803,120.83750204884724,13.237500448924884,Santa Cruz,Occidental Mindoro,Mimaropa Region
34598,105.678772,120.86250204927114,13.237500448924884,Santa Cruz,Occidental Mindoro,Mimaropa Region
34599,99.78438568,120.88750204969504,13.237500448924884,Santa Cruz,Occidental Mindoro,Mimaropa Region
34600,118.784935,120.78750204799948,13.212500448077051,Santa Cruz,Occidental Mindoro,Mimaropa Region
34601,116.7084885,120.81250204842338,13.212500448077051,Santa Cruz,Occidental Mindoro,Mimaropa Region
34602,115.9073639,120.83750204884724,13.212500448077051,Santa Cruz,Occidental Mindoro,Mimaropa Region
34603,103.2284088,120.86250204927114,13.212500448077051,Santa Cruz,Occidental Mindoro,Mimaropa Region
34604,99.30135345,120.88750204969504,13.212500448077051,Santa Cruz,Occidental Mindoro,Mimaropa Region
34605,97.19567871,120.91250205011892,13.212500448077051,Santa Cruz,Occidental Mindoro,Mimaropa Region
34606,91.8734436,120.9375020505428,13.212500448077051,Santa Cruz,Occidental Mindoro,Mimaropa Region
34607,123.0158386,120.7625020475756,13.187500447229226,Santa Cruz,Occidental Mindoro,Mimaropa Region
34608,119.5603027,120.78750204799948,13.187500447229226,Santa Cruz,Occidental Mindoro,Mimaropa Region
34609,117.7415314,120.81250204842338,13.187500447229226,Santa Cruz,Occidental Mindoro,Mimaropa Region
34610,117.4912186,120.83750204884724,13.187500447229226,Santa Cruz,Occidental Mindoro,Mimaropa Region
34611,104.8770981,120.86250204927114,13.187500447229226,Santa Cruz,Occidental Mindoro,Mimaropa Region
34612,100.5477905,120.88750204969504,13.187500447229226,Santa Cruz,Occidental Mindoro,Mimaropa Region
34613,98.50733185,120.91250205011892,13.187500447229226,Santa Cruz,Occidental Mindoro,Mimaropa Region
34614,93.6089325,120.9375020505428,13.187500447229226,Santa Cruz,Occidental Mindoro,Mimaropa Region
34615,82.69402313,120.96250205096668,13.187500447229226,Santa Cruz,Occidental Mindoro,Mimaropa Region
34616,81.04862976,120.98750205139056,13.187500447229226,Santa Cruz,Occidental Mindoro,Mimaropa Region
34617,124.5407791,120.7375020471517,13.162500446381395,Santa Cruz,Occidental Mindoro,Mimaropa Region
34618,124.5519028,120.7625020475756,13.162500446381395,Santa Cruz,Occidental Mindoro,Mimaropa Region
34619,119.6258621,120.78750204799948,13.162500446381395,Santa Cruz,Occidental Mindoro,Mimaropa Region
34620,117.815361,120.81250204842338,13.162500446381395,Santa Cruz,Occidental Mindoro,Mimaropa Region
34621,116.5342255,120.83750204884724,13.162500446381395,Santa Cruz,Occidental Mindoro,Mimaropa Region
34622,110.365509,120.86250204927114,13.162500446381395,Santa Cruz,Occidental Mindoro,Mimaropa Region
34623,101.3281708,120.88750204969504,13.162500446381395,Santa Cruz,Occidental Mindoro,Mimaropa Region
34624,98.56945801,120.91250205011892,13.162500446381395,Santa Cruz,Occidental Mindoro,Mimaropa Region
34625,90.52437592,120.9375020505428,13.162500446381395,Santa Cruz,Occidental Mindoro,Mimaropa Region
34626,87.92686462,120.96250205096668,13.162500446381395,Santa Cruz,Occidental Mindoro,Mimaropa Region
34627,81.08296204,120.98750205139056,13.162500446381395,Santa Cruz,Occidental Mindoro,Mimaropa Region
34628,123.9806671,120.71250204672782,13.137500445533568,Santa Cruz,Occidental Mindoro,Mimaropa Region
34629,124.405571,120.7375020471517,13.137500445533568,Santa Cruz,Occidental Mindoro,Mimaropa Region
34630,124.416626,120.7625020475756,13.137500445533568,Santa Cruz,Occidental Mindoro,Mimaropa Region
34631,121.6750794,120.78750204799948,13.137500445533568,Santa Cruz,Occidental Mindoro,Mimaropa Region
34632,120.0017242,120.81250204842338,13.137500445533568,Santa Cruz,Occidental Mindoro,Mimaropa Region
34633,117.5174866,120.83750204884724,13.137500445533568,Santa Cruz,Occidental Mindoro,Mimaropa Region
34634,111.256546,120.86250204927114,13.137500445533568,Santa Cruz,Occidental Mindoro,Mimaropa Region
34635,105.7487488,120.88750204969504,13.137500445533568,Santa Cruz,Occidental Mindoro,Mimaropa Region
34636,103.1518478,120.91250205011892,13.137500445533568,Santa Cruz,Occidental Mindoro,Mimaropa Region
34637,91.84511566,120.9375020505428,13.137500445533568,Santa Cruz,Occidental Mindoro,Mimaropa Region
34638,88.99307251,120.96250205096668,13.137500445533568,Santa Cruz,Occidental Mindoro,Mimaropa Region
34639,123.9604569,120.71250204672782,13.11250044468574,Santa Cruz,Occidental Mindoro,Mimaropa Region
34640,124.2248612,120.7375020471517,13.11250044468574,Santa Cruz,Occidental Mindoro,Mimaropa Region
34641,124.8751526,120.7625020475756,13.11250044468574,Santa Cruz,Occidental Mindoro,Mimaropa Region
34642,121.8127976,120.78750204799948,13.11250044468574,Santa Cruz,Occidental Mindoro,Mimaropa Region
34643,120.3129959,120.81250204842338,13.11250044468574,Santa Cruz,Occidental Mindoro,Mimaropa Region
34644,120.1448441,120.83750204884724,13.11250044468574,Santa Cruz,Occidental Mindoro,Mimaropa Region
34645,109.9058456,120.86250204927114,13.11250044468574,Santa Cruz,Occidental Mindoro,Mimaropa Region
34646,106.0323334,120.88750204969504,13.11250044468574,Santa Cruz,Occidental Mindoro,Mimaropa Region
34647,104.3266068,120.91250205011892,13.11250044468574,Santa Cruz,Occidental Mindoro,Mimaropa Region
34648,98.04631042,120.9375020505428,13.11250044468574,Santa Cruz,Occidental Mindoro,Mimaropa Region
34649,123.0930328,120.7375020471517,13.087500443837913,Santa Cruz,Occidental Mindoro,Mimaropa Region
34650,123.8068848,120.7625020475756,13.087500443837913,Santa Cruz,Occidental Mindoro,Mimaropa Region
34651,120.872345,120.78750204799948,13.087500443837913,Santa Cruz,Occidental Mindoro,Mimaropa Region
34652,119.5595322,120.81250204842338,13.087500443837913,Santa Cruz,Occidental Mindoro,Mimaropa Region
34653,119.6277237,120.83750204884724,13.087500443837913,Santa Cruz,Occidental Mindoro,Mimaropa Region
34654,109.9285202,120.86250204927114,13.087500443837913,Santa Cruz,Occidental Mindoro,Mimaropa Region
34655,106.184166,120.88750204969504,13.087500443837913,Santa Cruz,Occidental Mindoro,Mimaropa Region
34656,104.78508,120.91250205011892,13.087500443837913,Santa Cruz,Occidental Mindoro,Mimaropa Region
34657,98.27340698,120.9375020505428,13.087500443837913,Santa Cruz,Occidental Mindoro,Mimaropa Region
34658,122.6237412,120.7375020471517,13.062500442990082,Santa Cruz,Occidental Mindoro,Mimaropa Region
34659,122.7289581,120.7625020475756,13.062500442990082,Santa Cruz,Occidental Mindoro,Mimaropa Region
34660,119.8965759,120.78750204799948,13.062500442990082,Santa Cruz,Occidental Mindoro,Mimaropa Region
34661,118.7417603,120.81250204842338,13.062500442990082,Santa Cruz,Occidental Mindoro,Mimaropa Region
34662,118.3118668,120.83750204884724,13.062500442990082,Santa Cruz,Occidental Mindoro,Mimaropa Region
34663,112.8603745,120.86250204927114,13.062500442990082,Santa Cruz,Occidental Mindoro,Mimaropa Region
34664,106.4817047,120.88750204969504,13.062500442990082,Santa Cruz,Occidental Mindoro,Mimaropa Region
34665,104.7853012,120.91250205011892,13.062500442990082,Santa Cruz,Occidental Mindoro,Mimaropa Region
34666,122.6684265,120.7625020475756,13.037500442142251,Santa Cruz,Occidental Mindoro,Mimaropa Region
34667,120.5259018,120.78750204799948,13.037500442142251,Santa Cruz,Occidental Mindoro,Mimaropa Region
34668,119.4601669,120.81250204842338,13.037500442142251,Santa Cruz,Occidental Mindoro,Mimaropa Region
34669,118.8985596,120.83750204884724,13.037500442142251,Santa Cruz,Occidental Mindoro,Mimaropa Region
34670,113.4211426,120.86250204927114,13.037500442142251,Santa Cruz,Occidental Mindoro,Mimaropa Region
34671,109.664856,120.88750204969504,13.037500442142251,Santa Cruz,Occidental Mindoro,Mimaropa Region
34672,108.190567,120.91250205011892,13.037500442142251,Santa Cruz,Occidental Mindoro,Mimaropa Region
34673,123.021225,120.7625020475756,13.012500441294424,Santa Cruz,Occidental Mindoro,Mimaropa Region
34674,120.5918121,120.78750204799948,13.012500441294424,Santa Cruz,Occidental Mindoro,Mimaropa Region
34675,119.6193085,120.81250204842338,13.012500441294424,Santa Cruz,Occidental Mindoro,Mimaropa Region
34676,119.7973862,120.83750204884724,13.012500441294424,Santa Cruz,Occidental Mindoro,Mimaropa Region
34677,113.5539551,120.86250204927114,13.012500441294424,Santa Cruz,Occidental Mindoro,Mimaropa Region
34678,110.7148514,120.88750204969504,13.012500441294424,Santa Cruz,Occidental Mindoro,Mimaropa Region
34679,109.7914963,120.91250205011892,13.012500441294424,Santa Cruz,Occidental Mindoro,Mimaropa Region
34680,120.6070557,120.78750204799948,12.987500440446595,Santa Cruz,Occidental Mindoro,Mimaropa Region
34681,119.8336029,120.81250204842338,12.987500440446595,Santa Cruz,Occidental Mindoro,Mimaropa Region
34682,120.1000595,120.83750204884724,12.987500440446595,Santa Cruz,Occidental Mindoro,Mimaropa Region
34683,114.5310669,120.86250204927114,12.987500440446595,Santa Cruz,Occidental Mindoro,Mimaropa Region
34684,112.0033569,120.88750204969504,12.987500440446595,Santa Cruz,Occidental Mindoro,Mimaropa Region
34685,112.4504623,120.88750204969504,12.962500439598768,Santa Cruz,Occidental Mindoro,Mimaropa Region
