unique id,value,lon,lat,municipality name,province name,region
34686,95.92301941,121.08750205308613,13.412500454859686,Baco,Oriental Mindoro,Mimaropa Region
34687,96.40746307,121.11250205351,13.412500454859686,Baco,Oriental Mindoro,Mimaropa Region
34688,92.22390747,121.08750205308613,13.387500454011857,Baco,Oriental Mindoro,Mimaropa Region
34689,92.73950195,121.11250205351,13.387500454011857,Baco,Oriental Mindoro,Mimaropa Region
34690,86.66637421,120.98750205139056,13.362500453164028,Baco,Oriental Mindoro,Mimaropa Region
34691,87.77654266,121.01250205181447,13.362500453164028,Baco,Oriental Mindoro,Mimaropa Region
34692,86.56498718,121.03750205223837,13.362500453164028,Baco,Oriental Mindoro,Mimaropa Region
34693,86.55135345,121.06250205266224,13.362500453164028,Baco,Oriental Mindoro,Mimaropa Region
34694,88.66136169,121.08750205308613,13.362500453164028,Baco,Oriental Mindoro,Mimaropa Region
34695,89.38970184,121.11250205351,13.362500453164028,Baco,Oriental Mindoro,Mimaropa Region
34696,94.73226929,120.91250205011892,13.3375004523162,Baco,Oriental Mindoro,Mimaropa Region
34697,88.4564743,120.9375020505428,13.3375004523162,Baco,Oriental Mindoro,Mimaropa Region
34698,87.74649811,120.96250205096668,13.3375004523162,Baco,Oriental Mindoro,Mimaropa Region
34699,85.12963104,120.98750205139056,13.3375004523162,Baco,Oriental Mindoro,Mimaropa Region
34700,86.03251648,121.01250205181447,13.3375004523162,Baco,Oriental Mindoro,Mimaropa Region
34701,85.31388855,121.03750205223837,13.3375004523162,Baco,Oriental Mindoro,Mimaropa Region
34702,85.30003357,121.06250205266224,13.3375004523162,Baco,Oriental Mindoro,Mimaropa Region
34703,85.10817719,121.08750205308613,13.3375004523162,Baco,Oriental Mindoro,Mimaropa Region
34704,110.5938034,120.83750204884724,13.31250045146837,Baco,Oriental Mindoro,Mimaropa Region
34705,98.30366516,120.86250204927114,13.31250045146837,Baco,Oriental Mindoro,Mimaropa Region
34706,95.30953979,120.88750204969504,13.31250045146837,Baco,Oriental Mindoro,Mimaropa Region
34707,93.53066254,120.91250205011892,13.31250045146837,Baco,Oriental Mindoro,Mimaropa Region
34708,90.57372284,120.9375020505428,13.31250045146837,Baco,Oriental Mindoro,Mimaropa Region
34709,82.75619507,120.96250205096668,13.31250045146837,Baco,Oriental Mindoro,Mimaropa Region
34710,82.12255096,120.98750205139056,13.31250045146837,Baco,Oriental Mindoro,Mimaropa Region
34711,83.17552948,121.01250205181447,13.31250045146837,Baco,Oriental Mindoro,Mimaropa Region
34712,83.31326294,121.03750205223837,13.31250045146837,Baco,Oriental Mindoro,Mimaropa Region
34713,81.61979675,121.06250205266224,13.31250045146837,Baco,Oriental Mindoro,Mimaropa Region
34714,81.87135315,121.08750205308613,13.31250045146837,Baco,Oriental Mindoro,Mimaropa Region
34715,111.5718155,120.81250204842338,13.28750045062054,Baco,Oriental Mindoro,Mimaropa Region
34716,110.7861328,120.83750204884724,13.28750045062054,Baco,Oriental Mindoro,Mimaropa Region
34717,97.91159058,120.86250204927114,13.28750045062054,Baco,Oriental Mindoro,Mimaropa Region
34718,94.06985474,120.88750204969504,13.28750045062054,Baco,Oriental Mindoro,Mimaropa Region
34719,92.07837677,120.91250205011892,13.28750045062054,Baco,Oriental Mindoro,Mimaropa Region
34720,88.42464447,120.9375020505428,13.28750045062054,Baco,Oriental Mindoro,Mimaropa Region
34721,80.26799011,120.96250205096668,13.28750045062054,Baco,Oriental Mindoro,Mimaropa Region
34722,79.32134247,120.98750205139056,13.28750045062054,Baco,Oriental Mindoro,Mimaropa Region
34723,80.14585114,121.01250205181447,13.28750045062054,Baco,Oriental Mindoro,Mimaropa Region
34724,80.09963226,121.03750205223837,13.28750045062054,Baco,Oriental Mindoro,Mimaropa Region
34725,78.26733398,121.06250205266224,13.28750045062054,Baco,Oriental Mindoro,Mimaropa Region
34726,109.6841202,120.83750204884724,13.262500449772713,Baco,Oriental Mindoro,Mimaropa Region
34727,104.2508164,120.86250204927114,13.262500449772713,Baco,Oriental Mindoro,Mimaropa Region
34728,95.36794281,120.88750204969504,13.262500449772713,Baco,Oriental Mindoro,Mimaropa Region
34729,92.40715027,120.91250205011892,13.262500449772713,Baco,Oriental Mindoro,Mimaropa Region
34730,86.07585144,120.9375020505428,13.262500449772713,Baco,Oriental Mindoro,Mimaropa Region
34731,84.34828949,120.96250205096668,13.262500449772713,Baco,Oriental Mindoro,Mimaropa Region
34732,79.79419708,120.98750205139056,13.262500449772713,Baco,Oriental Mindoro,Mimaropa Region
34733,79.9664917,121.01250205181447,13.262500449772713,Baco,Oriental Mindoro,Mimaropa Region
34734,78.49208069,121.03750205223837,13.262500449772713,Baco,Oriental Mindoro,Mimaropa Region
34735,96.78166962,120.91250205011892,13.237500448924884,Baco,Oriental Mindoro,Mimaropa Region
34736,86.46117401,120.9375020505428,13.237500448924884,Baco,Oriental Mindoro,Mimaropa Region
34737,84.5070343,120.96250205096668,13.237500448924884,Baco,Oriental Mindoro,Mimaropa Region
34738,81.02842712,120.98750205139056,13.237500448924884,Baco,Oriental Mindoro,Mimaropa Region
34739,80.97977448,121.01250205181447,13.237500448924884,Baco,Oriental Mindoro,Mimaropa Region
34740,81.07795715,120.96250205096668,13.212500448077051,Baco,Oriental Mindoro,Mimaropa Region
34741,79.99251556,120.98750205139056,13.212500448077051,Baco,Oriental Mindoro,Mimaropa Region
34742,69.98735046,121.26250205605332,12.88750043705528,Bansud,Oriental Mindoro,Mimaropa Region
34743,70.21665955,121.28750205647722,12.88750043705528,Bansud,Oriental Mindoro,Mimaropa Region
34744,76.30832672,121.31250205690112,12.88750043705528,Bansud,Oriental Mindoro,Mimaropa Region
34745,79.34165192,121.337502057325,12.88750043705528,Bansud,Oriental Mindoro,Mimaropa Region
34746,83.35536957,121.36250205774888,12.88750043705528,Bansud,Oriental Mindoro,Mimaropa Region
34747,89.46894073,121.38750205817276,12.88750043705528,Bansud,Oriental Mindoro,Mimaropa Region
34748,71.98736572,121.26250205605332,12.862500436207451,Bansud,Oriental Mindoro,Mimaropa Region
34749,71.00222015,121.28750205647722,12.862500436207451,Bansud,Oriental Mindoro,Mimaropa Region
34750,76.95174408,121.31250205690112,12.862500436207451,Bansud,Oriental Mindoro,Mimaropa Region
34751,81.70542908,121.337502057325,12.862500436207451,Bansud,Oriental Mindoro,Mimaropa Region
34752,81.94645691,121.36250205774888,12.862500436207451,Bansud,Oriental Mindoro,Mimaropa Region
34753,89.3762207,121.38750205817276,12.862500436207451,Bansud,Oriental Mindoro,Mimaropa Region
34754,93.11065674,121.41250205859664,12.862500436207451,Bansud,Oriental Mindoro,Mimaropa Region
34755,95.78819275,121.43750205902055,12.862500436207451,Bansud,Oriental Mindoro,Mimaropa Region
34756,99.59036255,121.46250205944445,12.862500436207451,Bansud,Oriental Mindoro,Mimaropa Region
34757,103.7183304,121.48750205986832,12.862500436207451,Bansud,Oriental Mindoro,Mimaropa Region
34758,74.4196701,121.26250205605332,12.837500435359622,Bansud,Oriental Mindoro,Mimaropa Region
34759,74.93315887,121.28750205647722,12.837500435359622,Bansud,Oriental Mindoro,Mimaropa Region
34760,80.79490662,121.31250205690112,12.837500435359622,Bansud,Oriental Mindoro,Mimaropa Region
34761,82.64176178,121.337502057325,12.837500435359622,Bansud,Oriental Mindoro,Mimaropa Region
34762,82.88346863,121.36250205774888,12.837500435359622,Bansud,Oriental Mindoro,Mimaropa Region
34763,90.35980225,121.38750205817276,12.837500435359622,Bansud,Oriental Mindoro,Mimaropa Region
34764,93.92230225,121.41250205859664,12.837500435359622,Bansud,Oriental Mindoro,Mimaropa Region
34765,95.6761322,121.43750205902055,12.837500435359622,Bansud,Oriental Mindoro,Mimaropa Region
34766,99.42555237,121.46250205944445,12.837500435359622,Bansud,Oriental Mindoro,Mimaropa Region
34767,103.05233,121.48750205986832,12.837500435359622,Bansud,Oriental Mindoro,Mimaropa Region
34768,75.69665527,121.26250205605332,12.812500434511794,Bansud,Oriental Mindoro,Mimaropa Region
34769,75.83509827,121.28750205647722,12.812500434511794,Bansud,Oriental Mindoro,Mimaropa Region
34770,81.55210876,121.31250205690112,12.812500434511794,Bansud,Oriental Mindoro,Mimaropa Region
34771,83.97787476,121.337502057325,12.812500434511794,Bansud,Oriental Mindoro,Mimaropa Region
34772,85.10474396,121.36250205774888,12.812500434511794,Bansud,Oriental Mindoro,Mimaropa Region
34773,90.89570618,121.38750205817276,12.812500434511794,Bansud,Oriental Mindoro,Mimaropa Region
34774,94.00440979,121.41250205859664,12.812500434511794,Bansud,Oriental Mindoro,Mimaropa Region
34775,94.58776855,121.43750205902055,12.812500434511794,Bansud,Oriental Mindoro,Mimaropa Region
34776,101.1165772,121.46250205944445,12.812500434511794,Bansud,Oriental Mindoro,Mimaropa Region
34777,79.2228775,121.26250205605332,12.787500433663965,Bansud,Oriental Mindoro,Mimaropa Region
34778,78.7661972,121.28750205647722,12.787500433663965,Bansud,Oriental Mindoro,Mimaropa Region
34779,83.62572479,121.31250205690112,12.787500433663965,Bansud,Oriental Mindoro,Mimaropa Region
34780,85.85677338,121.337502057325,12.787500433663965,Bansud,Oriental Mindoro,Mimaropa Region
34781,86.76789093,121.36250205774888,12.787500433663965,Bansud,Oriental Mindoro,Mimaropa Region
34782,91.84669495,121.38750205817276,12.787500433663965,Bansud,Oriental Mindoro,Mimaropa Region
34783,94.54899597,121.41250205859664,12.787500433663965,Bansud,Oriental Mindoro,Mimaropa Region
34784,95.05045319,121.43750205902055,12.787500433663965,Bansud,Oriental Mindoro,Mimaropa Region
34785,85.25028992,121.26250205605332,12.762500432816136,Bansud,Oriental Mindoro,Mimaropa Region
34786,81.61212921,121.28750205647722,12.762500432816136,Bansud,Oriental Mindoro,Mimaropa Region
34787,85.50888062,121.31250205690112,12.762500432816136,Bansud,Oriental Mindoro,Mimaropa Region
34788,88.42843628,121.337502057325,12.762500432816136,Bansud,Oriental Mindoro,Mimaropa Region
34789,88.36077118,121.36250205774888,12.762500432816136,Bansud,Oriental Mindoro,Mimaropa Region
34790,92.61313629,121.38750205817276,12.762500432816136,Bansud,Oriental Mindoro,Mimaropa Region
34791,95.15942383,121.41250205859664,12.762500432816136,Bansud,Oriental Mindoro,Mimaropa Region
34792,101.2695999,121.46250205944445,12.787500433663965,Bongabong,Oriental Mindoro,Mimaropa Region
34793,97.09842682,121.43750205902055,12.762500432816136,Bongabong,Oriental Mindoro,Mimaropa Region
34794,100.3140945,121.46250205944445,12.762500432816136,Bongabong,Oriental Mindoro,Mimaropa Region
34795,87.72563934,121.26250205605332,12.737500431968307,Bongabong,Oriental Mindoro,Mimaropa Region
34796,86.39518738,121.28750205647722,12.737500431968307,Bongabong,Oriental Mindoro,Mimaropa Region
34797,90.36591339,121.31250205690112,12.737500431968307,Bongabong,Oriental Mindoro,Mimaropa Region
34798,89.74786377,121.337502057325,12.737500431968307,Bongabong,Oriental Mindoro,Mimaropa Region
34799,89.68043518,121.36250205774888,12.737500431968307,Bongabong,Oriental Mindoro,Mimaropa Region
34800,95.08488464,121.38750205817276,12.737500431968307,Bongabong,Oriental Mindoro,Mimaropa Region
34801,97.5512085,121.41250205859664,12.737500431968307,Bongabong,Oriental Mindoro,Mimaropa Region
34802,97.62133026,121.43750205902055,12.737500431968307,Bongabong,Oriental Mindoro,Mimaropa Region
34803,100.853508,121.46250205944445,12.737500431968307,Bongabong,Oriental Mindoro,Mimaropa Region
34804,103.9801865,121.48750205986832,12.737500431968307,Bongabong,Oriental Mindoro,Mimaropa Region
34805,104.580864,121.5125020602922,12.737500431968307,Bongabong,Oriental Mindoro,Mimaropa Region
34806,90.85514832,121.26250205605332,12.712500431120478,Bongabong,Oriental Mindoro,Mimaropa Region
34807,90.39115143,121.28750205647722,12.712500431120478,Bongabong,Oriental Mindoro,Mimaropa Region
34808,93.48473358,121.31250205690112,12.712500431120478,Bongabong,Oriental Mindoro,Mimaropa Region
34809,94.40785217,121.337502057325,12.712500431120478,Bongabong,Oriental Mindoro,Mimaropa Region
34810,92.62845612,121.36250205774888,12.712500431120478,Bongabong,Oriental Mindoro,Mimaropa Region
34811,96.79505157,121.38750205817276,12.712500431120478,Bongabong,Oriental Mindoro,Mimaropa Region
34812,98.81616974,121.41250205859664,12.712500431120478,Bongabong,Oriental Mindoro,Mimaropa Region
34813,98.93289185,121.43750205902055,12.712500431120478,Bongabong,Oriental Mindoro,Mimaropa Region
34814,103.0708771,121.46250205944445,12.712500431120478,Bongabong,Oriental Mindoro,Mimaropa Region
34815,104.7047653,121.48750205986832,12.712500431120478,Bongabong,Oriental Mindoro,Mimaropa Region
34816,105.0840836,121.5125020602922,12.712500431120478,Bongabong,Oriental Mindoro,Mimaropa Region
34817,95.78404236,121.26250205605332,12.68750043027265,Bongabong,Oriental Mindoro,Mimaropa Region
34818,94.7838974,121.28750205647722,12.68750043027265,Bongabong,Oriental Mindoro,Mimaropa Region
34819,96.64339447,121.31250205690112,12.68750043027265,Bongabong,Oriental Mindoro,Mimaropa Region
34820,97.25008392,121.337502057325,12.68750043027265,Bongabong,Oriental Mindoro,Mimaropa Region
34821,95.30352783,121.36250205774888,12.68750043027265,Bongabong,Oriental Mindoro,Mimaropa Region
34822,98.58899689,121.38750205817276,12.68750043027265,Bongabong,Oriental Mindoro,Mimaropa Region
34823,100.2369537,121.41250205859664,12.68750043027265,Bongabong,Oriental Mindoro,Mimaropa Region
34824,100.4678574,121.43750205902055,12.68750043027265,Bongabong,Oriental Mindoro,Mimaropa Region
34825,104.1754761,121.46250205944445,12.68750043027265,Bongabong,Oriental Mindoro,Mimaropa Region
34826,105.4321747,121.48750205986832,12.68750043027265,Bongabong,Oriental Mindoro,Mimaropa Region
34827,105.7130814,121.5125020602922,12.68750043027265,Bongabong,Oriental Mindoro,Mimaropa Region
34828,107.1508637,121.53750206071608,12.68750043027265,Bongabong,Oriental Mindoro,Mimaropa Region
34829,100.8652878,121.26250205605332,12.66250042942482,Bongabong,Oriental Mindoro,Mimaropa Region
34830,95.88478851,121.28750205647722,12.66250042942482,Bongabong,Oriental Mindoro,Mimaropa Region
34831,97.23194885,121.31250205690112,12.66250042942482,Bongabong,Oriental Mindoro,Mimaropa Region
34832,97.70570374,121.337502057325,12.66250042942482,Bongabong,Oriental Mindoro,Mimaropa Region
34833,97.4515152,121.36250205774888,12.66250042942482,Bongabong,Oriental Mindoro,Mimaropa Region
34834,99.13355255,121.38750205817276,12.66250042942482,Bongabong,Oriental Mindoro,Mimaropa Region
34835,100.7628937,121.41250205859664,12.66250042942482,Bongabong,Oriental Mindoro,Mimaropa Region
34836,102.1197662,121.43750205902055,12.66250042942482,Bongabong,Oriental Mindoro,Mimaropa Region
34837,104.5757065,121.46250205944445,12.66250042942482,Bongabong,Oriental Mindoro,Mimaropa Region
34838,105.7245102,121.48750205986832,12.66250042942482,Bongabong,Oriental Mindoro,Mimaropa Region
34839,106.0353775,121.5125020602922,12.66250042942482,Bongabong,Oriental Mindoro,Mimaropa Region
34840,108.2873612,121.53750206071608,12.66250042942482,Bongabong,Oriental Mindoro,Mimaropa Region
34841,100.5720673,121.337502057325,12.637500428576992,Bongabong,Oriental Mindoro,Mimaropa Region
34842,100.3153153,121.36250205774888,12.637500428576992,Bongabong,Oriental Mindoro,Mimaropa Region
34843,108.3733521,121.5125020602922,12.637500428576992,Bongabong,Oriental Mindoro,Mimaropa Region
34844,109.0114746,121.53750206071608,12.637500428576992,Bongabong,Oriental Mindoro,Mimaropa Region
34845,120.5526581,121.28750205647722,12.46250042264219,Bulalacao (San Pedro),Oriental Mindoro,Mimaropa Region
34846,120.2001114,121.31250205690112,12.46250042264219,Bulalacao (San Pedro),Oriental Mindoro,Mimaropa Region
34847,119.024971,121.337502057325,12.46250042264219,Bulalacao (San Pedro),Oriental Mindoro,Mimaropa Region
34848,124.441597,121.23750205562946,12.43750042179436,Bulalacao (San Pedro),Oriental Mindoro,Mimaropa Region
34849,124.1967392,121.26250205605332,12.43750042179436,Bulalacao (San Pedro),Oriental Mindoro,Mimaropa Region
34850,122.269577,121.28750205647722,12.43750042179436,Bulalacao (San Pedro),Oriental Mindoro,Mimaropa Region
34851,122.0116501,121.31250205690112,12.43750042179436,Bulalacao (San Pedro),Oriental Mindoro,Mimaropa Region
34852,120.0009766,121.337502057325,12.43750042179436,Bulalacao (San Pedro),Oriental Mindoro,Mimaropa Region
34853,119.6510468,121.36250205774888,12.43750042179436,Bulalacao (San Pedro),Oriental Mindoro,Mimaropa Region
34854,127.1545715,121.23750205562946,12.412500420946532,Bulalacao (San Pedro),Oriental Mindoro,Mimaropa Region
34855,124.6572952,121.26250205605332,12.412500420946532,Bulalacao (San Pedro),Oriental Mindoro,Mimaropa Region
34856,123.9974976,121.28750205647722,12.412500420946532,Bulalacao (San Pedro),Oriental Mindoro,Mimaropa Region
34857,123.9056702,121.31250205690112,12.412500420946532,Bulalacao (San Pedro),Oriental Mindoro,Mimaropa Region
34858,123.5491715,121.337502057325,12.412500420946532,Bulalacao (San Pedro),Oriental Mindoro,Mimaropa Region
34859,119.7456894,121.36250205774888,12.412500420946532,Bulalacao (San Pedro),Oriental Mindoro,Mimaropa Region
34860,120.0169983,121.38750205817276,12.412500420946532,Bulalacao (San Pedro),Oriental Mindoro,Mimaropa Region
34861,128.9556732,121.23750205562946,12.387500420098704,Bulalacao (San Pedro),Oriental Mindoro,Mimaropa Region
34862,126.4728622,121.26250205605332,12.387500420098704,Bulalacao (San Pedro),Oriental Mindoro,Mimaropa Region
34863,125.8720322,121.28750205647722,12.387500420098704,Bulalacao (San Pedro),Oriental Mindoro,Mimaropa Region
34864,125.6660614,121.31250205690112,12.387500420098704,Bulalacao (San Pedro),Oriental Mindoro,Mimaropa Region
34865,125.3090439,121.337502057325,12.387500420098704,Bulalacao (San Pedro),Oriental Mindoro,Mimaropa Region
34866,121.4979553,121.36250205774888,12.387500420098704,Bulalacao (San Pedro),Oriental Mindoro,Mimaropa Region
34867,121.2211533,121.38750205817276,12.387500420098704,Bulalacao (San Pedro),Oriental Mindoro,Mimaropa Region
34868,120.6576157,121.41250205859664,12.387500420098704,Bulalacao (San Pedro),Oriental Mindoro,Mimaropa Region
34869,127.8935547,121.23750205562946,12.362500419250877,Bulalacao (San Pedro),Oriental Mindoro,Mimaropa Region
34870,127.712822,121.26250205605332,12.362500419250877,Bulalacao (San Pedro),Oriental Mindoro,Mimaropa Region
34871,126.0066071,121.28750205647722,12.362500419250877,Bulalacao (San Pedro),Oriental Mindoro,Mimaropa Region
34872,125.5913315,121.31250205690112,12.362500419250877,Bulalacao (San Pedro),Oriental Mindoro,Mimaropa Region
34873,123.7857513,121.337502057325,12.362500419250877,Bulalacao (San Pedro),Oriental Mindoro,Mimaropa Region
34874,123.4830551,121.36250205774888,12.362500419250877,Bulalacao (San Pedro),Oriental Mindoro,Mimaropa Region
34875,119.0297546,121.43750205902055,12.362500419250877,Bulalacao (San Pedro),Oriental Mindoro,Mimaropa Region
34876,128.3159943,121.23750205562946,12.337500418403046,Bulalacao (San Pedro),Oriental Mindoro,Mimaropa Region
34877,128.1339417,121.26250205605332,12.337500418403046,Bulalacao (San Pedro),Oriental Mindoro,Mimaropa Region
34878,126.0908814,121.28750205647722,12.337500418403046,Bulalacao (San Pedro),Oriental Mindoro,Mimaropa Region
34879,125.5994415,121.31250205690112,12.337500418403046,Bulalacao (San Pedro),Oriental Mindoro,Mimaropa Region
34880,124.3874359,121.337502057325,12.337500418403046,Bulalacao (San Pedro),Oriental Mindoro,Mimaropa Region
34881,124.0829468,121.36250205774888,12.337500418403046,Bulalacao (San Pedro),Oriental Mindoro,Mimaropa Region
34882,127.1288681,121.26250205605332,12.31250041755522,Bulalacao (San Pedro),Oriental Mindoro,Mimaropa Region
34883,126.5590057,121.28750205647722,12.31250041755522,Bulalacao (San Pedro),Oriental Mindoro,Mimaropa Region
34884,126.2153702,121.31250205690112,12.31250041755522,Bulalacao (San Pedro),Oriental Mindoro,Mimaropa Region
34885,125.8899841,121.337502057325,12.31250041755522,Bulalacao (San Pedro),Oriental Mindoro,Mimaropa Region
34886,126.5374985,121.26250205605332,12.287500416707388,Bulalacao (San Pedro),Oriental Mindoro,Mimaropa Region
34887,127.1016388,121.26250205605332,12.26250041585956,Bulalacao (San Pedro),Oriental Mindoro,Mimaropa Region
34888,103.9965439,121.16250205435777,13.412500454859686,City of Calapan (Capital),Oriental Mindoro,Mimaropa Region
34889,106.2380676,121.18750205478167,13.412500454859686,City of Calapan (Capital),Oriental Mindoro,Mimaropa Region
34890,106.8043823,121.21250205520556,13.412500454859686,City of Calapan (Capital),Oriental Mindoro,Mimaropa Region
34891,92.99941254,121.1375020539339,13.387500454011857,City of Calapan (Capital),Oriental Mindoro,Mimaropa Region
34892,100.9649429,121.16250205435777,13.387500454011857,City of Calapan (Capital),Oriental Mindoro,Mimaropa Region
34893,104.0477371,121.18750205478167,13.387500454011857,City of Calapan (Capital),Oriental Mindoro,Mimaropa Region
34894,104.7394562,121.21250205520556,13.387500454011857,City of Calapan (Capital),Oriental Mindoro,Mimaropa Region
34895,105.1796188,121.23750205562946,13.387500454011857,City of Calapan (Capital),Oriental Mindoro,Mimaropa Region
34896,89.64614105,121.1375020539339,13.362500453164028,City of Calapan (Capital),Oriental Mindoro,Mimaropa Region
34897,95.88536072,121.16250205435777,13.362500453164028,City of Calapan (Capital),Oriental Mindoro,Mimaropa Region
34898,101.9045105,121.18750205478167,13.362500453164028,City of Calapan (Capital),Oriental Mindoro,Mimaropa Region
34899,102.9540329,121.21250205520556,13.362500453164028,City of Calapan (Capital),Oriental Mindoro,Mimaropa Region
34900,103.7394028,121.23750205562946,13.362500453164028,City of Calapan (Capital),Oriental Mindoro,Mimaropa Region
34901,104.0320969,121.26250205605332,13.362500453164028,City of Calapan (Capital),Oriental Mindoro,Mimaropa Region
34902,85.79007721,121.11250205351,13.3375004523162,City of Calapan (Capital),Oriental Mindoro,Mimaropa Region
34903,88.08015442,121.1375020539339,13.3375004523162,City of Calapan (Capital),Oriental Mindoro,Mimaropa Region
34904,94.21606445,121.16250205435777,13.3375004523162,City of Calapan (Capital),Oriental Mindoro,Mimaropa Region
34905,97.94270325,121.18750205478167,13.3375004523162,City of Calapan (Capital),Oriental Mindoro,Mimaropa Region
34906,99.04164886,121.21250205520556,13.3375004523162,City of Calapan (Capital),Oriental Mindoro,Mimaropa Region
34907,102.3553238,121.23750205562946,13.3375004523162,City of Calapan (Capital),Oriental Mindoro,Mimaropa Region
34908,102.6480026,121.26250205605332,13.3375004523162,City of Calapan (Capital),Oriental Mindoro,Mimaropa Region
34909,82.25845337,121.11250205351,13.31250045146837,City of Calapan (Capital),Oriental Mindoro,Mimaropa Region
34910,82.66740417,121.1375020539339,13.31250045146837,City of Calapan (Capital),Oriental Mindoro,Mimaropa Region
34911,91.83668518,121.16250205435777,13.31250045146837,City of Calapan (Capital),Oriental Mindoro,Mimaropa Region
34912,95.34388733,121.18750205478167,13.31250045146837,City of Calapan (Capital),Oriental Mindoro,Mimaropa Region
34913,96.11624146,121.21250205520556,13.31250045146837,City of Calapan (Capital),Oriental Mindoro,Mimaropa Region
34914,96.88768005,121.23750205562946,13.31250045146837,City of Calapan (Capital),Oriental Mindoro,Mimaropa Region
34915,68.05111694,121.26250205605332,12.962500439598768,Gloria,Oriental Mindoro,Mimaropa Region
34916,69.7245636,121.28750205647722,12.962500439598768,Gloria,Oriental Mindoro,Mimaropa Region
34917,76.36737061,121.31250205690112,12.962500439598768,Gloria,Oriental Mindoro,Mimaropa Region
34918,81.52804565,121.337502057325,12.962500439598768,Gloria,Oriental Mindoro,Mimaropa Region
34919,82.00223541,121.36250205774888,12.962500439598768,Gloria,Oriental Mindoro,Mimaropa Region
34920,90.58892822,121.38750205817276,12.962500439598768,Gloria,Oriental Mindoro,Mimaropa Region
34921,94.63347626,121.41250205859664,12.962500439598768,Gloria,Oriental Mindoro,Mimaropa Region
34922,97.67119598,121.43750205902055,12.962500439598768,Gloria,Oriental Mindoro,Mimaropa Region
34923,101.3649368,121.46250205944445,12.962500439598768,Gloria,Oriental Mindoro,Mimaropa Region
34924,105.749527,121.48750205986832,12.962500439598768,Gloria,Oriental Mindoro,Mimaropa Region
34925,67.96352386,121.26250205605332,12.937500438750938,Gloria,Oriental Mindoro,Mimaropa Region
34926,69.72302246,121.28750205647722,12.937500438750938,Gloria,Oriental Mindoro,Mimaropa Region
34927,76.36837769,121.31250205690112,12.937500438750938,Gloria,Oriental Mindoro,Mimaropa Region
34928,80.83992767,121.337502057325,12.937500438750938,Gloria,Oriental Mindoro,Mimaropa Region
34929,81.31058502,121.36250205774888,12.937500438750938,Gloria,Oriental Mindoro,Mimaropa Region
34930,89.58822632,121.38750205817276,12.937500438750938,Gloria,Oriental Mindoro,Mimaropa Region
34931,93.66474152,121.41250205859664,12.937500438750938,Gloria,Oriental Mindoro,Mimaropa Region
34932,96.93818665,121.43750205902055,12.937500438750938,Gloria,Oriental Mindoro,Mimaropa Region
34933,100.7658463,121.46250205944445,12.937500438750938,Gloria,Oriental Mindoro,Mimaropa Region
34934,104.5202179,121.48750205986832,12.937500438750938,Gloria,Oriental Mindoro,Mimaropa Region
34935,69.04110718,121.26250205605332,12.912500437903107,Gloria,Oriental Mindoro,Mimaropa Region
34936,69.64220428,121.28750205647722,12.912500437903107,Gloria,Oriental Mindoro,Mimaropa Region
34937,75.93741608,121.31250205690112,12.912500437903107,Gloria,Oriental Mindoro,Mimaropa Region
34938,79.03118134,121.337502057325,12.912500437903107,Gloria,Oriental Mindoro,Mimaropa Region
34939,83.21089935,121.36250205774888,12.912500437903107,Gloria,Oriental Mindoro,Mimaropa Region
34940,89.42707062,121.38750205817276,12.912500437903107,Gloria,Oriental Mindoro,Mimaropa Region
34941,93.04224396,121.41250205859664,12.912500437903107,Gloria,Oriental Mindoro,Mimaropa Region
34942,94.04372406,121.43750205902055,12.912500437903107,Gloria,Oriental Mindoro,Mimaropa Region
34943,102.172821,121.46250205944445,12.912500437903107,Gloria,Oriental Mindoro,Mimaropa Region
34944,92.95568085,121.41250205859664,12.88750043705528,Gloria,Oriental Mindoro,Mimaropa Region
34945,93.82765961,121.43750205902055,12.88750043705528,Gloria,Oriental Mindoro,Mimaropa Region
34946,101.8797607,121.46250205944445,12.88750043705528,Gloria,Oriental Mindoro,Mimaropa Region
34947,105.0591507,121.26250205605332,12.637500428576992,Mansalay,Oriental Mindoro,Mimaropa Region
34948,102.7434158,121.28750205647722,12.637500428576992,Mansalay,Oriental Mindoro,Mimaropa Region
34949,103.5559387,121.31250205690112,12.637500428576992,Mansalay,Oriental Mindoro,Mimaropa Region
34950,106.2063065,121.26250205605332,12.612500427729165,Mansalay,Oriental Mindoro,Mimaropa Region
34951,105.4020691,121.28750205647722,12.612500427729165,Mansalay,Oriental Mindoro,Mimaropa Region
34952,106.0947495,121.31250205690112,12.612500427729165,Mansalay,Oriental Mindoro,Mimaropa Region
34953,105.7706146,121.337502057325,12.612500427729165,Mansalay,Oriental Mindoro,Mimaropa Region
34954,106.2217789,121.43750205902055,12.612500427729165,Mansalay,Oriental Mindoro,Mimaropa Region
34955,107.5117798,121.26250205605332,12.587500426881334,Mansalay,Oriental Mindoro,Mimaropa Region
34956,106.3997192,121.28750205647722,12.587500426881334,Mansalay,Oriental Mindoro,Mimaropa Region
34957,107.145134,121.31250205690112,12.587500426881334,Mansalay,Oriental Mindoro,Mimaropa Region
34958,107.2115479,121.337502057325,12.587500426881334,Mansalay,Oriental Mindoro,Mimaropa Region
34959,103.7512665,121.36250205774888,12.587500426881334,Mansalay,Oriental Mindoro,Mimaropa Region
34960,106.2111282,121.38750205817276,12.587500426881334,Mansalay,Oriental Mindoro,Mimaropa Region
34961,107.2510986,121.41250205859664,12.587500426881334,Mansalay,Oriental Mindoro,Mimaropa Region
34962,107.1938477,121.43750205902055,12.587500426881334,Mansalay,Oriental Mindoro,Mimaropa Region
34963,108.7359161,121.46250205944445,12.587500426881334,Mansalay,Oriental Mindoro,Mimaropa Region
34964,113.4073563,121.26250205605332,12.562500426033504,Mansalay,Oriental Mindoro,Mimaropa Region
34965,108.8396912,121.28750205647722,12.562500426033504,Mansalay,Oriental Mindoro,Mimaropa Region
34966,108.9180908,121.31250205690112,12.562500426033504,Mansalay,Oriental Mindoro,Mimaropa Region
34967,108.3539963,121.337502057325,12.562500426033504,Mansalay,Oriental Mindoro,Mimaropa Region
34968,108.0179291,121.36250205774888,12.562500426033504,Mansalay,Oriental Mindoro,Mimaropa Region
34969,107.7406158,121.38750205817276,12.562500426033504,Mansalay,Oriental Mindoro,Mimaropa Region
34970,108.4374237,121.41250205859664,12.562500426033504,Mansalay,Oriental Mindoro,Mimaropa Region
34971,108.9819565,121.43750205902055,12.562500426033504,Mansalay,Oriental Mindoro,Mimaropa Region
34972,110.6526489,121.46250205944445,12.562500426033504,Mansalay,Oriental Mindoro,Mimaropa Region
34973,110.2065048,121.48750205986832,12.562500426033504,Mansalay,Oriental Mindoro,Mimaropa Region
34974,116.2775345,121.26250205605332,12.537500425185677,Mansalay,Oriental Mindoro,Mimaropa Region
34975,114.3196945,121.28750205647722,12.537500425185677,Mansalay,Oriental Mindoro,Mimaropa Region
34976,114.2417069,121.31250205690112,12.537500425185677,Mansalay,Oriental Mindoro,Mimaropa Region
34977,111.209198,121.337502057325,12.537500425185677,Mansalay,Oriental Mindoro,Mimaropa Region
34978,110.8703842,121.36250205774888,12.537500425185677,Mansalay,Oriental Mindoro,Mimaropa Region
34979,112.3292007,121.38750205817276,12.537500425185677,Mansalay,Oriental Mindoro,Mimaropa Region
34980,112.8144913,121.41250205859664,12.537500425185677,Mansalay,Oriental Mindoro,Mimaropa Region
34981,110.6774826,121.43750205902055,12.537500425185677,Mansalay,Oriental Mindoro,Mimaropa Region
34982,112.144577,121.46250205944445,12.537500425185677,Mansalay,Oriental Mindoro,Mimaropa Region
34983,112.7074814,121.48750205986832,12.537500425185677,Mansalay,Oriental Mindoro,Mimaropa Region
34984,115.3862381,121.26250205605332,12.512500424337848,Mansalay,Oriental Mindoro,Mimaropa Region
34985,114.6301346,121.28750205647722,12.512500424337848,Mansalay,Oriental Mindoro,Mimaropa Region
34986,115.0502853,121.31250205690112,12.512500424337848,Mansalay,Oriental Mindoro,Mimaropa Region
34987,114.716568,121.337502057325,12.512500424337848,Mansalay,Oriental Mindoro,Mimaropa Region
34988,110.7889252,121.36250205774888,12.512500424337848,Mansalay,Oriental Mindoro,Mimaropa Region
34989,112.8605499,121.38750205817276,12.512500424337848,Mansalay,Oriental Mindoro,Mimaropa Region
34990,113.4419479,121.41250205859664,12.512500424337848,Mansalay,Oriental Mindoro,Mimaropa Region
34991,122.1871033,121.23750205562946,12.48750042349002,Mansalay,Oriental Mindoro,Mimaropa Region
34992,118.4272003,121.26250205605332,12.48750042349002,Mansalay,Oriental Mindoro,Mimaropa Region
34993,117.5396042,121.28750205647722,12.48750042349002,Mansalay,Oriental Mindoro,Mimaropa Region
34994,117.7706223,121.31250205690112,12.48750042349002,Mansalay,Oriental Mindoro,Mimaropa Region
34995,117.6354065,121.337502057325,12.48750042349002,Mansalay,Oriental Mindoro,Mimaropa Region
34996,113.6452713,121.36250205774888,12.48750042349002,Mansalay,Oriental Mindoro,Mimaropa Region
34997,114.8528366,121.38750205817276,12.48750042349002,Mansalay,Oriental Mindoro,Mimaropa Region
34998,115.0720444,121.41250205859664,12.48750042349002,Mansalay,Oriental Mindoro,Mimaropa Region
34999,114.6727829,121.43750205902055,12.48750042349002,Mansalay,Oriental Mindoro,Mimaropa Region
35000,124.0226975,121.23750205562946,12.46250042264219,Mansalay,Oriental Mindoro,Mimaropa Region
35001,123.7778244,121.26250205605332,12.46250042264219,Mansalay,Oriental Mindoro,Mimaropa Region
35002,118.6748734,121.36250205774888,12.46250042264219,Mansalay,Oriental Mindoro,Mimaropa Region
35003,116.846283,121.38750205817276,12.46250042264219,Mansalay,Oriental Mindoro,Mimaropa Region
35004,116.4877319,121.41250205859664,12.46250042264219,Mansalay,Oriental Mindoro,Mimaropa Region
35005,118.9800644,121.38750205817276,12.43750042179436,Mansalay,Oriental Mindoro,Mimaropa Region
35006,119.6747818,121.41250205859664,12.412500420946532,Mansalay,Oriental Mindoro,Mimaropa Region
35007,103.4951325,121.28750205647722,13.3375004523162,Naujan,Oriental Mindoro,Mimaropa Region
35008,100.4298019,121.26250205605332,13.31250045146837,Naujan,Oriental Mindoro,Mimaropa Region
35009,100.7876434,121.28750205647722,13.31250045146837,Naujan,Oriental Mindoro,Mimaropa Region
35010,103.4817352,121.31250205690112,13.31250045146837,Naujan,Oriental Mindoro,Mimaropa Region
35011,78.52040863,121.08750205308613,13.28750045062054,Naujan,Oriental Mindoro,Mimaropa Region
35012,78.74377441,121.11250205351,13.28750045062054,Naujan,Oriental Mindoro,Mimaropa Region
35013,78.84486389,121.1375020539339,13.28750045062054,Naujan,Oriental Mindoro,Mimaropa Region
35014,88.46712494,121.16250205435777,13.28750045062054,Naujan,Oriental Mindoro,Mimaropa Region
35015,92.49273682,121.18750205478167,13.28750045062054,Naujan,Oriental Mindoro,Mimaropa Region
35016,93.24230957,121.21250205520556,13.28750045062054,Naujan,Oriental Mindoro,Mimaropa Region
35017,93.73775482,121.23750205562946,13.28750045062054,Naujan,Oriental Mindoro,Mimaropa Region
35018,97.23165131,121.26250205605332,13.28750045062054,Naujan,Oriental Mindoro,Mimaropa Region
35019,97.87256622,121.28750205647722,13.28750045062054,Naujan,Oriental Mindoro,Mimaropa Region
35020,101.1702347,121.31250205690112,13.28750045062054,Naujan,Oriental Mindoro,Mimaropa Region
35021,102.823616,121.337502057325,13.28750045062054,Naujan,Oriental Mindoro,Mimaropa Region
35022,78.20631409,121.06250205266224,13.262500449772713,Naujan,Oriental Mindoro,Mimaropa Region
35023,78.1563797,121.08750205308613,13.262500449772713,Naujan,Oriental Mindoro,Mimaropa Region
35024,78.34895325,121.11250205351,13.262500449772713,Naujan,Oriental Mindoro,Mimaropa Region
35025,78.59029388,121.1375020539339,13.262500449772713,Naujan,Oriental Mindoro,Mimaropa Region
35026,85.70183563,121.16250205435777,13.262500449772713,Naujan,Oriental Mindoro,Mimaropa Region
35027,91.71671295,121.18750205478167,13.262500449772713,Naujan,Oriental Mindoro,Mimaropa Region
35028,92.75114441,121.21250205520556,13.262500449772713,Naujan,Oriental Mindoro,Mimaropa Region
35029,93.83770752,121.23750205562946,13.262500449772713,Naujan,Oriental Mindoro,Mimaropa Region
35030,94.15811157,121.26250205605332,13.262500449772713,Naujan,Oriental Mindoro,Mimaropa Region
35031,97.167099,121.28750205647722,13.262500449772713,Naujan,Oriental Mindoro,Mimaropa Region
35032,100.7553101,121.31250205690112,13.262500449772713,Naujan,Oriental Mindoro,Mimaropa Region
35033,102.9050369,121.337502057325,13.262500449772713,Naujan,Oriental Mindoro,Mimaropa Region
35034,103.1904984,121.36250205774888,13.262500449772713,Naujan,Oriental Mindoro,Mimaropa Region
35035,77.19493866,121.03750205223837,13.237500448924884,Naujan,Oriental Mindoro,Mimaropa Region
35036,76.91510773,121.06250205266224,13.237500448924884,Naujan,Oriental Mindoro,Mimaropa Region
35037,75.8644104,121.08750205308613,13.237500448924884,Naujan,Oriental Mindoro,Mimaropa Region
35038,75.8684082,121.11250205351,13.237500448924884,Naujan,Oriental Mindoro,Mimaropa Region
35039,76.04619598,121.1375020539339,13.237500448924884,Naujan,Oriental Mindoro,Mimaropa Region
35040,83.29985809,121.16250205435777,13.237500448924884,Naujan,Oriental Mindoro,Mimaropa Region
35041,87.21129608,121.18750205478167,13.237500448924884,Naujan,Oriental Mindoro,Mimaropa Region
35042,88.16819763,121.21250205520556,13.237500448924884,Naujan,Oriental Mindoro,Mimaropa Region
35043,91.00773621,121.23750205562946,13.237500448924884,Naujan,Oriental Mindoro,Mimaropa Region
35044,91.32350922,121.26250205605332,13.237500448924884,Naujan,Oriental Mindoro,Mimaropa Region
35045,92.48931122,121.28750205647722,13.237500448924884,Naujan,Oriental Mindoro,Mimaropa Region
35046,96.34955597,121.31250205690112,13.237500448924884,Naujan,Oriental Mindoro,Mimaropa Region
35047,100.8276596,121.337502057325,13.237500448924884,Naujan,Oriental Mindoro,Mimaropa Region
35048,101.1102982,121.36250205774888,13.237500448924884,Naujan,Oriental Mindoro,Mimaropa Region
35049,104.3317871,121.38750205817276,13.237500448924884,Naujan,Oriental Mindoro,Mimaropa Region
35050,106.0500336,121.41250205859664,13.237500448924884,Naujan,Oriental Mindoro,Mimaropa Region
35051,80.28128815,121.01250205181447,13.212500448077051,Naujan,Oriental Mindoro,Mimaropa Region
35052,79.66437531,121.03750205223837,13.212500448077051,Naujan,Oriental Mindoro,Mimaropa Region
35053,74.56745148,121.06250205266224,13.212500448077051,Naujan,Oriental Mindoro,Mimaropa Region
35054,74.4613266,121.08750205308613,13.212500448077051,Naujan,Oriental Mindoro,Mimaropa Region
35055,74.28813934,121.11250205351,13.212500448077051,Naujan,Oriental Mindoro,Mimaropa Region
35056,74.14189911,121.1375020539339,13.212500448077051,Naujan,Oriental Mindoro,Mimaropa Region
35057,81.87916565,121.16250205435777,13.212500448077051,Naujan,Oriental Mindoro,Mimaropa Region
35058,85.62869263,121.18750205478167,13.212500448077051,Naujan,Oriental Mindoro,Mimaropa Region
35059,86.22444916,121.21250205520556,13.212500448077051,Naujan,Oriental Mindoro,Mimaropa Region
35060,86.82400513,121.23750205562946,13.212500448077051,Naujan,Oriental Mindoro,Mimaropa Region
35061,90.18543243,121.26250205605332,13.212500448077051,Naujan,Oriental Mindoro,Mimaropa Region
35062,90.68127441,121.28750205647722,13.212500448077051,Naujan,Oriental Mindoro,Mimaropa Region
35063,103.3747253,121.38750205817276,13.212500448077051,Naujan,Oriental Mindoro,Mimaropa Region
35064,81.08776093,121.01250205181447,13.187500447229226,Naujan,Oriental Mindoro,Mimaropa Region
35065,80.53507233,121.03750205223837,13.187500447229226,Naujan,Oriental Mindoro,Mimaropa Region
35066,75.17879486,121.06250205266224,13.187500447229226,Naujan,Oriental Mindoro,Mimaropa Region
35067,74.73796844,121.08750205308613,13.187500447229226,Naujan,Oriental Mindoro,Mimaropa Region
35068,74.25278473,121.11250205351,13.187500447229226,Naujan,Oriental Mindoro,Mimaropa Region
35069,73.85231781,121.1375020539339,13.187500447229226,Naujan,Oriental Mindoro,Mimaropa Region
35070,81.3467865,121.16250205435777,13.187500447229226,Naujan,Oriental Mindoro,Mimaropa Region
35071,102.8725433,121.38750205817276,13.187500447229226,Naujan,Oriental Mindoro,Mimaropa Region
35072,77.32637024,121.03750205223837,13.162500446381395,Naujan,Oriental Mindoro,Mimaropa Region
35073,76.71004486,121.06250205266224,13.162500446381395,Naujan,Oriental Mindoro,Mimaropa Region
35074,73.65224457,121.08750205308613,13.162500446381395,Naujan,Oriental Mindoro,Mimaropa Region
35075,72.75325775,121.11250205351,13.162500446381395,Naujan,Oriental Mindoro,Mimaropa Region
35076,71.87193298,121.1375020539339,13.162500446381395,Naujan,Oriental Mindoro,Mimaropa Region
35077,78.84570313,121.16250205435777,13.162500446381395,Naujan,Oriental Mindoro,Mimaropa Region
35078,73.06919861,121.08750205308613,13.137500445533568,Naujan,Oriental Mindoro,Mimaropa Region
35079,71.92549896,121.11250205351,13.137500445533568,Naujan,Oriental Mindoro,Mimaropa Region
35080,69.89343262,121.1375020539339,13.137500445533568,Naujan,Oriental Mindoro,Mimaropa Region
35081,76.71268463,121.16250205435777,13.137500445533568,Naujan,Oriental Mindoro,Mimaropa Region
35082,72.12459564,121.11250205351,13.11250044468574,Naujan,Oriental Mindoro,Mimaropa Region
35083,71.26306915,121.1375020539339,13.11250044468574,Naujan,Oriental Mindoro,Mimaropa Region
35084,75.45057678,121.16250205435777,13.11250044468574,Naujan,Oriental Mindoro,Mimaropa Region
35085,110.3480377,121.53750206071608,13.087500443837913,Pinamalayan,Oriental Mindoro,Mimaropa Region
35086,100.9634247,121.43750205902055,13.062500442990082,Pinamalayan,Oriental Mindoro,Mimaropa Region
35087,103.9357758,121.46250205944445,13.062500442990082,Pinamalayan,Oriental Mindoro,Mimaropa Region
35088,107.6934891,121.48750205986832,13.062500442990082,Pinamalayan,Oriental Mindoro,Mimaropa Region
35089,108.5905991,121.5125020602922,13.062500442990082,Pinamalayan,Oriental Mindoro,Mimaropa Region
35090,96.86650848,121.41250205859664,13.037500442142251,Pinamalayan,Oriental Mindoro,Mimaropa Region
35091,100.5786438,121.43750205902055,13.037500442142251,Pinamalayan,Oriental Mindoro,Mimaropa Region
35092,103.5413208,121.46250205944445,13.037500442142251,Pinamalayan,Oriental Mindoro,Mimaropa Region
35093,106.9234238,121.48750205986832,13.037500442142251,Pinamalayan,Oriental Mindoro,Mimaropa Region
35094,95.61223602,121.41250205859664,13.012500441294424,Pinamalayan,Oriental Mindoro,Mimaropa Region
35095,96.72398376,121.43750205902055,13.012500441294424,Pinamalayan,Oriental Mindoro,Mimaropa Region
35096,104.6990433,121.46250205944445,13.012500441294424,Pinamalayan,Oriental Mindoro,Mimaropa Region
35097,69.3311615,121.26250205605332,12.987500440446595,Pinamalayan,Oriental Mindoro,Mimaropa Region
35098,70.0569458,121.28750205647722,12.987500440446595,Pinamalayan,Oriental Mindoro,Mimaropa Region
35099,76.38401031,121.31250205690112,12.987500440446595,Pinamalayan,Oriental Mindoro,Mimaropa Region
35100,79.62342072,121.337502057325,12.987500440446595,Pinamalayan,Oriental Mindoro,Mimaropa Region
35101,85.08079529,121.36250205774888,12.987500440446595,Pinamalayan,Oriental Mindoro,Mimaropa Region
35102,91.03047943,121.38750205817276,12.987500440446595,Pinamalayan,Oriental Mindoro,Mimaropa Region
35103,94.5738678,121.41250205859664,12.987500440446595,Pinamalayan,Oriental Mindoro,Mimaropa Region
35104,95.61294556,121.43750205902055,12.987500440446595,Pinamalayan,Oriental Mindoro,Mimaropa Region
35105,103.9345398,121.46250205944445,12.987500440446595,Pinamalayan,Oriental Mindoro,Mimaropa Region
35106,106.0592804,121.48750205986832,12.987500440446595,Pinamalayan,Oriental Mindoro,Mimaropa Region
35107,105.054245,121.41250205859664,13.212500448077051,Pola,Oriental Mindoro,Mimaropa Region
35108,105.6829376,121.43750205902055,13.212500448077051,Pola,Oriental Mindoro,Mimaropa Region
35109,104.6771927,121.41250205859664,13.187500447229226,Pola,Oriental Mindoro,Mimaropa Region
35110,105.2814636,121.43750205902055,13.187500447229226,Pola,Oriental Mindoro,Mimaropa Region
35111,103.9099503,121.41250205859664,13.162500446381395,Pola,Oriental Mindoro,Mimaropa Region
35112,105.5103912,121.43750205902055,13.162500446381395,Pola,Oriental Mindoro,Mimaropa Region
35113,98.74729156,121.38750205817276,13.137500445533568,Pola,Oriental Mindoro,Mimaropa Region
35114,101.3308487,121.41250205859664,13.137500445533568,Pola,Oriental Mindoro,Mimaropa Region
35115,104.4697647,121.43750205902055,13.137500445533568,Pola,Oriental Mindoro,Mimaropa Region
35116,106.4861145,121.46250205944445,13.137500445533568,Pola,Oriental Mindoro,Mimaropa Region
35117,109.0077057,121.48750205986832,13.137500445533568,Pola,Oriental Mindoro,Mimaropa Region
35118,109.7115784,121.5125020602922,13.137500445533568,Pola,Oriental Mindoro,Mimaropa Region
35119,98.55220795,121.38750205817276,13.11250044468574,Pola,Oriental Mindoro,Mimaropa Region
35120,100.8519669,121.41250205859664,13.11250044468574,Pola,Oriental Mindoro,Mimaropa Region
35121,101.771698,121.43750205902055,13.11250044468574,Pola,Oriental Mindoro,Mimaropa Region
35122,107.7784424,121.46250205944445,13.11250044468574,Pola,Oriental Mindoro,Mimaropa Region
35123,109.0017319,121.48750205986832,13.11250044468574,Pola,Oriental Mindoro,Mimaropa Region
35124,109.5482864,121.5125020602922,13.11250044468574,Pola,Oriental Mindoro,Mimaropa Region
35125,110.667366,121.53750206071608,13.11250044468574,Pola,Oriental Mindoro,Mimaropa Region
35126,99.47001648,121.41250205859664,13.087500443837913,Pola,Oriental Mindoro,Mimaropa Region
35127,100.3869705,121.43750205902055,13.087500443837913,Pola,Oriental Mindoro,Mimaropa Region
35128,106.8764801,121.46250205944445,13.087500443837913,Pola,Oriental Mindoro,Mimaropa Region
35129,108.3934555,121.48750205986832,13.087500443837913,Pola,Oriental Mindoro,Mimaropa Region
35130,109.0055924,121.5125020602922,13.087500443837913,Pola,Oriental Mindoro,Mimaropa Region
35131,107.5477448,120.88750204969504,13.487500457403172,Puerto Galera,Oriental Mindoro,Mimaropa Region
35132,106.7141647,120.91250205011892,13.487500457403172,Puerto Galera,Oriental Mindoro,Mimaropa Region
35133,106.3515625,120.9375020505428,13.487500457403172,Puerto Galera,Oriental Mindoro,Mimaropa Region
35134,104.3493195,120.91250205011892,13.462500456555343,Puerto Galera,Oriental Mindoro,Mimaropa Region
35135,101.4184341,120.9375020505428,13.462500456555343,Puerto Galera,Oriental Mindoro,Mimaropa Region
35136,101.2938309,120.96250205096668,13.462500456555343,Puerto Galera,Oriental Mindoro,Mimaropa Region
35137,101.6351471,120.98750205139056,13.462500456555343,Puerto Galera,Oriental Mindoro,Mimaropa Region
35138,101.5435867,120.88750204969504,13.437500455707514,Puerto Galera,Oriental Mindoro,Mimaropa Region
35139,100.0348053,120.91250205011892,13.437500455707514,Puerto Galera,Oriental Mindoro,Mimaropa Region
35140,98.17389679,120.9375020505428,13.437500455707514,Puerto Galera,Oriental Mindoro,Mimaropa Region
35141,98.01766968,120.96250205096668,13.437500455707514,Puerto Galera,Oriental Mindoro,Mimaropa Region
35142,95.05549622,120.98750205139056,13.437500455707514,Puerto Galera,Oriental Mindoro,Mimaropa Region
35143,99.8361969,120.91250205011892,13.412500454859686,Puerto Galera,Oriental Mindoro,Mimaropa Region
35144,99.2043457,120.9375020505428,13.412500454859686,Puerto Galera,Oriental Mindoro,Mimaropa Region
35145,103.6468735,121.38750205817276,12.637500428576992,Roxas,Oriental Mindoro,Mimaropa Region
35146,105.0752106,121.41250205859664,12.637500428576992,Roxas,Oriental Mindoro,Mimaropa Region
35147,103.8633652,121.43750205902055,12.637500428576992,Roxas,Oriental Mindoro,Mimaropa Region
35148,106.1038513,121.46250205944445,12.637500428576992,Roxas,Oriental Mindoro,Mimaropa Region
35149,108.1557083,121.48750205986832,12.637500428576992,Roxas,Oriental Mindoro,Mimaropa Region
35150,102.3636322,121.36250205774888,12.612500427729165,Roxas,Oriental Mindoro,Mimaropa Region
35151,105.2371445,121.38750205817276,12.612500427729165,Roxas,Oriental Mindoro,Mimaropa Region
35152,106.4282608,121.41250205859664,12.612500427729165,Roxas,Oriental Mindoro,Mimaropa Region
35153,107.8778687,121.46250205944445,12.612500427729165,Roxas,Oriental Mindoro,Mimaropa Region
35154,108.9340897,121.48750205986832,12.612500427729165,Roxas,Oriental Mindoro,Mimaropa Region
35155,109.0148544,121.5125020602922,12.612500427729165,Roxas,Oriental Mindoro,Mimaropa Region
35156,110.0130386,121.53750206071608,12.612500427729165,Roxas,Oriental Mindoro,Mimaropa Region
35157,109.5026169,121.48750205986832,12.587500426881334,Roxas,Oriental Mindoro,Mimaropa Region
35158,109.4470978,121.5125020602922,12.587500426881334,Roxas,Oriental Mindoro,Mimaropa Region
35159,95.9159317,121.01250205181447,13.437500455707514,San Teodoro,Oriental Mindoro,Mimaropa Region
35160,101.0633926,120.88750204969504,13.412500454859686,San Teodoro,Oriental Mindoro,Mimaropa Region
35161,94.73298645,120.96250205096668,13.412500454859686,San Teodoro,Oriental Mindoro,Mimaropa Region
35162,94.25160217,120.98750205139056,13.412500454859686,San Teodoro,Oriental Mindoro,Mimaropa Region
35163,95.16333771,121.01250205181447,13.412500454859686,San Teodoro,Oriental Mindoro,Mimaropa Region
35164,95.58798218,121.03750205223837,13.412500454859686,San Teodoro,Oriental Mindoro,Mimaropa Region
35165,98.07289124,120.88750204969504,13.387500454011857,San Teodoro,Oriental Mindoro,Mimaropa Region
35166,96.63845062,120.91250205011892,13.387500454011857,San Teodoro,Oriental Mindoro,Mimaropa Region
35167,95.25832367,120.9375020505428,13.387500454011857,San Teodoro,Oriental Mindoro,Mimaropa Region
35168,90.59191132,120.96250205096668,13.387500454011857,San Teodoro,Oriental Mindoro,Mimaropa Region
35169,90.31594849,120.98750205139056,13.387500454011857,San Teodoro,Oriental Mindoro,Mimaropa Region
35170,91.40732574,121.01250205181447,13.387500454011857,San Teodoro,Oriental Mindoro,Mimaropa Region
35171,91.54719543,121.03750205223837,13.387500454011857,San Teodoro,Oriental Mindoro,Mimaropa Region
35172,91.62224579,121.06250205266224,13.387500454011857,San Teodoro,Oriental Mindoro,Mimaropa Region
35173,100.7464981,120.86250204927114,13.362500453164028,San Teodoro,Oriental Mindoro,Mimaropa Region
35174,95.4071579,120.88750204969504,13.362500453164028,San Teodoro,Oriental Mindoro,Mimaropa Region
35175,93.29057312,120.91250205011892,13.362500453164028,San Teodoro,Oriental Mindoro,Mimaropa Region
35176,88.52147675,120.9375020505428,13.362500453164028,San Teodoro,Oriental Mindoro,Mimaropa Region
35177,87.81130981,120.96250205096668,13.362500453164028,San Teodoro,Oriental Mindoro,Mimaropa Region
35178,105.9378738,120.83750204884724,13.3375004523162,San Teodoro,Oriental Mindoro,Mimaropa Region
35179,102.0445023,120.86250204927114,13.3375004523162,San Teodoro,Oriental Mindoro,Mimaropa Region
35180,97.04841614,120.88750204969504,13.3375004523162,San Teodoro,Oriental Mindoro,Mimaropa Region
35181,87.24310303,121.31250205690112,13.11250044468574,Socorro,Oriental Mindoro,Mimaropa Region
35182,95.03391266,121.36250205774888,13.11250044468574,Socorro,Oriental Mindoro,Mimaropa Region
35183,79.26019287,121.28750205647722,13.087500443837913,Socorro,Oriental Mindoro,Mimaropa Region
35184,84.54837799,121.31250205690112,13.087500443837913,Socorro,Oriental Mindoro,Mimaropa Region
35185,87.2497406,121.337502057325,13.087500443837913,Socorro,Oriental Mindoro,Mimaropa Region
35186,92.39559937,121.36250205774888,13.087500443837913,Socorro,Oriental Mindoro,Mimaropa Region
35187,96.75845337,121.38750205817276,13.087500443837913,Socorro,Oriental Mindoro,Mimaropa Region
35188,73.16282654,121.26250205605332,13.062500442990082,Socorro,Oriental Mindoro,Mimaropa Region
35189,75.93107605,121.28750205647722,13.062500442990082,Socorro,Oriental Mindoro,Mimaropa Region
35190,82.1576004,121.31250205690112,13.062500442990082,Socorro,Oriental Mindoro,Mimaropa Region
35191,86.5854187,121.337502057325,13.062500442990082,Socorro,Oriental Mindoro,Mimaropa Region
35192,87.07038116,121.36250205774888,13.062500442990082,Socorro,Oriental Mindoro,Mimaropa Region
35193,94.8398819,121.38750205817276,13.062500442990082,Socorro,Oriental Mindoro,Mimaropa Region
35194,98.37013245,121.41250205859664,13.062500442990082,Socorro,Oriental Mindoro,Mimaropa Region
35195,72.37403107,121.26250205605332,13.037500442142251,Socorro,Oriental Mindoro,Mimaropa Region
35196,74.02352905,121.28750205647722,13.037500442142251,Socorro,Oriental Mindoro,Mimaropa Region
35197,80.13891602,121.31250205690112,13.037500442142251,Socorro,Oriental Mindoro,Mimaropa Region
35198,85.80921173,121.337502057325,13.037500442142251,Socorro,Oriental Mindoro,Mimaropa Region
35199,86.29399872,121.36250205774888,13.037500442142251,Socorro,Oriental Mindoro,Mimaropa Region
35200,93.30004883,121.38750205817276,13.037500442142251,Socorro,Oriental Mindoro,Mimaropa Region
35201,71.46031189,121.26250205605332,13.012500441294424,Socorro,Oriental Mindoro,Mimaropa Region
35202,72.13787079,121.28750205647722,13.012500441294424,Socorro,Oriental Mindoro,Mimaropa Region
35203,78.18656921,121.31250205690112,13.012500441294424,Socorro,Oriental Mindoro,Mimaropa Region
35204,81.38381195,121.337502057325,13.012500441294424,Socorro,Oriental Mindoro,Mimaropa Region
35205,86.93514252,121.36250205774888,13.012500441294424,Socorro,Oriental Mindoro,Mimaropa Region
35206,92.30641937,121.38750205817276,13.012500441294424,Socorro,Oriental Mindoro,Mimaropa Region
35207,94.59217072,121.31250205690112,13.212500448077051,Victoria,Oriental Mindoro,Mimaropa Region
35208,85.12539673,121.18750205478167,13.187500447229226,Victoria,Oriental Mindoro,Mimaropa Region
35209,85.57117462,121.21250205520556,13.187500447229226,Victoria,Oriental Mindoro,Mimaropa Region
35210,85.83665466,121.23750205562946,13.187500447229226,Victoria,Oriental Mindoro,Mimaropa Region
35211,89.16501617,121.26250205605332,13.187500447229226,Victoria,Oriental Mindoro,Mimaropa Region
35212,89.95965576,121.28750205647722,13.187500447229226,Victoria,Oriental Mindoro,Mimaropa Region
35213,93.92351532,121.31250205690112,13.187500447229226,Victoria,Oriental Mindoro,Mimaropa Region
35214,83.09323883,121.18750205478167,13.162500446381395,Victoria,Oriental Mindoro,Mimaropa Region
35215,83.58470917,121.21250205520556,13.162500446381395,Victoria,Oriental Mindoro,Mimaropa Region
35216,84.29732513,121.23750205562946,13.162500446381395,Victoria,Oriental Mindoro,Mimaropa Region
35217,84.55873108,121.26250205605332,13.162500446381395,Victoria,Oriental Mindoro,Mimaropa Region
35218,87.59796143,121.28750205647722,13.162500446381395,Victoria,Oriental Mindoro,Mimaropa Region
35219,92.31537628,121.31250205690112,13.162500446381395,Victoria,Oriental Mindoro,Mimaropa Region
35220,79.01844788,121.18750205478167,13.137500445533568,Victoria,Oriental Mindoro,Mimaropa Region
35221,79.40466309,121.21250205520556,13.137500445533568,Victoria,Oriental Mindoro,Mimaropa Region
35222,81.40306091,121.23750205562946,13.137500445533568,Victoria,Oriental Mindoro,Mimaropa Region
35223,81.65966797,121.26250205605332,13.137500445533568,Victoria,Oriental Mindoro,Mimaropa Region
35224,82.91822815,121.28750205647722,13.137500445533568,Victoria,Oriental Mindoro,Mimaropa Region
35225,78.66444397,121.18750205478167,13.11250044468574,Victoria,Oriental Mindoro,Mimaropa Region
35226,78.88799286,121.21250205520556,13.11250044468574,Victoria,Oriental Mindoro,Mimaropa Region
35227,79.16649628,121.23750205562946,13.11250044468574,Victoria,Oriental Mindoro,Mimaropa Region
35228,81.94019318,121.26250205605332,13.11250044468574,Victoria,Oriental Mindoro,Mimaropa Region
35229,82.56597137,121.28750205647722,13.11250044468574,Victoria,Oriental Mindoro,Mimaropa Region
35230,75.63484192,121.18750205478167,13.087500443837913,Victoria,Oriental Mindoro,Mimaropa Region
35231,75.75642395,121.21250205520556,13.087500443837913,Victoria,Oriental Mindoro,Mimaropa Region
35232,75.76754761,121.23750205562946,13.087500443837913,Victoria,Oriental Mindoro,Mimaropa Region
35233,78.42449188,121.26250205605332,13.087500443837913,Victoria,Oriental Mindoro,Mimaropa Region
