unique id,value,lon,lat,municipality name,province name,region
37135,115.3790894,122.03750206919383,12.337500418403046,Alcantara,Romblon,Mimaropa Region
37136,114.0983124,122.06250206961772,12.337500418403046,Alcantara,Romblon,Mimaropa Region
37137,113.5034485,122.08750207004162,12.337500418403046,Alcantara,Romblon,Mimaropa Region
37138,115.5435486,122.03750206919383,12.31250041755522,Alcantara,Romblon,Mimaropa Region
37139,114.2197571,122.06250206961772,12.31250041755522,Alcantara,Romblon,Mimaropa Region
37140,113.62397,122.08750207004162,12.31250041755522,Alcantara,Romblon,Mimaropa Region
37141,115.5865479,122.03750206919383,12.287500416707388,Alcantara,Romblon,Mimaropa Region
37142,114.2733383,122.06250206961772,12.287500416707388,Alcantara,Romblon,Mimaropa Region
37143,115.6177826,122.03750206919383,12.26250041585956,Alcantara,Romblon,Mimaropa Region
37144,115.6130676,122.03750206919383,12.237500415011732,Alcantara,Romblon,Mimaropa Region
37145,115.5073471,122.03750206919383,12.212500414163902,Alcantara,Romblon,Mimaropa Region
37146,114.2510529,122.06250206961772,12.962500439598768,Banton,Romblon,Mimaropa Region
37147,114.0650253,122.06250206961772,12.937500438750938,Banton,Romblon,Mimaropa Region
37148,113.7584763,122.08750207004162,12.937500438750938,Banton,Romblon,Mimaropa Region
37149,114.0682678,122.06250206961772,12.912500437903107,Banton,Romblon,Mimaropa Region
37150,112.3216248,122.61250207894324,12.48750042349002,Cajidiocan,Romblon,Mimaropa Region
37151,112.1931915,122.61250207894324,12.46250042264219,Cajidiocan,Romblon,Mimaropa Region
37152,112.3824387,122.63750207936712,12.46250042264219,Cajidiocan,Romblon,Mimaropa Region
37153,112.9101639,122.662502079791,12.46250042264219,Cajidiocan,Romblon,Mimaropa Region
37154,113.426445,122.58750207851936,12.43750042179436,Cajidiocan,Romblon,Mimaropa Region
37155,113.5454788,122.61250207894324,12.43750042179436,Cajidiocan,Romblon,Mimaropa Region
37156,112.7098007,122.63750207936712,12.43750042179436,Cajidiocan,Romblon,Mimaropa Region
37157,113.238945,122.662502079791,12.43750042179436,Cajidiocan,Romblon,Mimaropa Region
37158,114.0274429,122.61250207894324,12.412500420946532,Cajidiocan,Romblon,Mimaropa Region
37159,113.8435516,122.63750207936712,12.412500420946532,Cajidiocan,Romblon,Mimaropa Region
37160,113.9852219,122.662502079791,12.412500420946532,Cajidiocan,Romblon,Mimaropa Region
37161,114.2982559,122.68750208021488,12.412500420946532,Cajidiocan,Romblon,Mimaropa Region
37162,114.4734039,122.63750207936712,12.387500420098704,Cajidiocan,Romblon,Mimaropa Region
37163,114.4578934,122.662502079791,12.387500420098704,Cajidiocan,Romblon,Mimaropa Region
37164,114.5602646,122.68750208021488,12.387500420098704,Cajidiocan,Romblon,Mimaropa Region
37165,115.3565521,122.662502079791,12.362500419250877,Cajidiocan,Romblon,Mimaropa Region
37166,114.8254242,122.68750208021488,12.362500419250877,Cajidiocan,Romblon,Mimaropa Region
37167,113.1159439,122.03750206919383,12.612500427729165,Calatrava,Romblon,Mimaropa Region
37168,112.2862167,122.06250206961772,12.612500427729165,Calatrava,Romblon,Mimaropa Region
37169,111.9301834,122.08750207004162,12.612500427729165,Calatrava,Romblon,Mimaropa Region
37170,113.2048264,122.03750206919383,12.587500426881334,Calatrava,Romblon,Mimaropa Region
37171,113.7885437,121.6875020632594,12.937500438750938,Concepcion,Romblon,Mimaropa Region
37172,114.6484909,121.7125020636833,12.937500438750938,Concepcion,Romblon,Mimaropa Region
37173,114.3477631,121.7125020636833,12.912500437903107,Concepcion,Romblon,Mimaropa Region
37174,114.0339279,122.03750206919383,12.812500434511794,Corcuera,Romblon,Mimaropa Region
37175,113.6684723,122.06250206961772,12.812500434511794,Corcuera,Romblon,Mimaropa Region
37176,113.8572922,122.03750206919383,12.787500433663965,Corcuera,Romblon,Mimaropa Region
37177,113.5289154,122.06250206961772,12.787500433663965,Corcuera,Romblon,Mimaropa Region
37178,115.5477524,121.98750206834606,12.31250041755522,Looc,Romblon,Mimaropa Region
37179,115.5472717,122.01250206876993,12.31250041755522,Looc,Romblon,Mimaropa Region
37180,115.5411072,121.96250206792216,12.287500416707388,Looc,Romblon,Mimaropa Region
37181,115.5533142,121.98750206834606,12.287500416707388,Looc,Romblon,Mimaropa Region
37182,115.5696487,122.01250206876993,12.287500416707388,Looc,Romblon,Mimaropa Region
37183,115.5264969,121.98750206834606,12.26250041585956,Looc,Romblon,Mimaropa Region
37184,115.5622177,122.01250206876993,12.26250041585956,Looc,Romblon,Mimaropa Region
37185,115.4675369,122.01250206876993,12.212500414163902,Looc,Romblon,Mimaropa Region
37186,111.5715332,122.4875020768238,12.48750042349002,Magdiwang,Romblon,Mimaropa Region
37187,111.6967316,122.5125020772477,12.48750042349002,Magdiwang,Romblon,Mimaropa Region
37188,111.7362518,122.53750207767156,12.48750042349002,Magdiwang,Romblon,Mimaropa Region
37189,111.5186768,122.56250207809546,12.48750042349002,Magdiwang,Romblon,Mimaropa Region
37190,112.0588989,122.58750207851936,12.48750042349002,Magdiwang,Romblon,Mimaropa Region
37191,112.6484833,122.43750207597601,12.46250042264219,Magdiwang,Romblon,Mimaropa Region
37192,112.7480469,122.46250207639991,12.46250042264219,Magdiwang,Romblon,Mimaropa Region
37193,111.8808746,122.4875020768238,12.46250042264219,Magdiwang,Romblon,Mimaropa Region
37194,111.8218002,122.5125020772477,12.46250042264219,Magdiwang,Romblon,Mimaropa Region
37195,111.8898087,122.53750207767156,12.46250042264219,Magdiwang,Romblon,Mimaropa Region
37196,111.8262787,122.56250207809546,12.46250042264219,Magdiwang,Romblon,Mimaropa Region
37197,112.0119324,122.58750207851936,12.46250042264219,Magdiwang,Romblon,Mimaropa Region
37198,114.2167587,122.01250206876993,12.46250042264219,Odiongan,Romblon,Mimaropa Region
37199,114.2687149,122.03750206919383,12.46250042264219,Odiongan,Romblon,Mimaropa Region
37200,112.9783096,122.06250206961772,12.46250042264219,Odiongan,Romblon,Mimaropa Region
37201,114.6886444,122.01250206876993,12.43750042179436,Odiongan,Romblon,Mimaropa Region
37202,114.4564591,122.03750206919383,12.43750042179436,Odiongan,Romblon,Mimaropa Region
37203,113.1639633,122.06250206961772,12.43750042179436,Odiongan,Romblon,Mimaropa Region
37204,114.8422089,122.01250206876993,12.412500420946532,Odiongan,Romblon,Mimaropa Region
37205,114.8017807,122.03750206919383,12.412500420946532,Odiongan,Romblon,Mimaropa Region
37206,115.0623093,121.96250206792216,12.387500420098704,Odiongan,Romblon,Mimaropa Region
37207,115.0288239,121.98750206834606,12.387500420098704,Odiongan,Romblon,Mimaropa Region
37208,115.0076752,122.01250206876993,12.387500420098704,Odiongan,Romblon,Mimaropa Region
37209,115.0068741,122.03750206919383,12.387500420098704,Odiongan,Romblon,Mimaropa Region
37210,115.2726593,121.96250206792216,12.362500419250877,Odiongan,Romblon,Mimaropa Region
37211,115.1107941,121.98750206834606,12.362500419250877,Odiongan,Romblon,Mimaropa Region
37212,115.0873413,122.01250206876993,12.362500419250877,Odiongan,Romblon,Mimaropa Region
37213,115.1567841,122.03750206919383,12.362500419250877,Odiongan,Romblon,Mimaropa Region
37214,115.45858,121.98750206834606,12.337500418403046,Odiongan,Romblon,Mimaropa Region
37215,115.4447708,122.01250206876993,12.337500418403046,Odiongan,Romblon,Mimaropa Region
37216,111.3153305,122.23750207258492,12.66250042942482,Romblon (Capital),Romblon,Mimaropa Region
37217,110.6309738,122.2875020734327,12.612500427729165,Romblon (Capital),Romblon,Mimaropa Region
37218,110.7153244,122.2875020734327,12.587500426881334,Romblon (Capital),Romblon,Mimaropa Region
37219,111.0638199,122.2625020730088,12.562500426033504,Romblon (Capital),Romblon,Mimaropa Region
37220,110.6236649,122.2875020734327,12.562500426033504,Romblon (Capital),Romblon,Mimaropa Region
37221,111.1743927,122.2625020730088,12.537500425185677,Romblon (Capital),Romblon,Mimaropa Region
37222,111.2832413,122.2875020734327,12.537500425185677,Romblon (Capital),Romblon,Mimaropa Region
37223,111.1559601,122.3125020738566,12.537500425185677,Romblon (Capital),Romblon,Mimaropa Region
37224,111.4922104,122.2875020734327,12.512500424337848,Romblon (Capital),Romblon,Mimaropa Region
37225,111.3729019,122.3125020738566,12.512500424337848,Romblon (Capital),Romblon,Mimaropa Region
37226,111.6693649,122.2875020734327,12.48750042349002,Romblon (Capital),Romblon,Mimaropa Region
37227,111.6235886,122.3125020738566,12.48750042349002,Romblon (Capital),Romblon,Mimaropa Region
37228,112.1226273,122.11250207046548,12.637500428576992,San Agustin,Romblon,Mimaropa Region
37229,111.7799606,122.13750207088938,12.637500428576992,San Agustin,Romblon,Mimaropa Region
37230,111.9332275,122.11250207046548,12.612500427729165,San Agustin,Romblon,Mimaropa Region
37231,111.9530716,122.11250207046548,12.587500426881334,San Agustin,Romblon,Mimaropa Region
37232,111.8647842,122.11250207046548,12.562500426033504,San Agustin,Romblon,Mimaropa Region
37233,112.1136551,122.08750207004162,12.537500425185677,San Agustin,Romblon,Mimaropa Region
37234,112.0619507,122.11250207046548,12.537500425185677,San Agustin,Romblon,Mimaropa Region
37235,111.5455933,122.13750207088938,12.537500425185677,San Agustin,Romblon,Mimaropa Region
37236,112.1838303,122.08750207004162,12.512500424337848,San Agustin,Romblon,Mimaropa Region
37237,112.1487198,122.11250207046548,12.512500424337848,San Agustin,Romblon,Mimaropa Region
37238,112.1799622,122.08750207004162,12.48750042349002,San Agustin,Romblon,Mimaropa Region
37239,112.1663666,122.08750207004162,12.46250042264219,San Agustin,Romblon,Mimaropa Region
37240,113.201355,122.01250206876993,12.587500426881334,San Andres,Romblon,Mimaropa Region
37241,112.3604202,122.06250206961772,12.587500426881334,San Andres,Romblon,Mimaropa Region
37242,111.9725113,122.08750207004162,12.587500426881334,San Andres,Romblon,Mimaropa Region
37243,113.3383484,122.01250206876993,12.562500426033504,San Andres,Romblon,Mimaropa Region
37244,113.389389,122.03750206919383,12.562500426033504,San Andres,Romblon,Mimaropa Region
37245,112.4506149,122.06250206961772,12.562500426033504,San Andres,Romblon,Mimaropa Region
37246,111.9091797,122.08750207004162,12.562500426033504,San Andres,Romblon,Mimaropa Region
37247,113.8365631,122.01250206876993,12.537500425185677,San Andres,Romblon,Mimaropa Region
37248,113.6140747,122.03750206919383,12.537500425185677,San Andres,Romblon,Mimaropa Region
37249,112.5498428,122.06250206961772,12.537500425185677,San Andres,Romblon,Mimaropa Region
37250,113.9204712,122.01250206876993,12.512500424337848,San Andres,Romblon,Mimaropa Region
37251,113.8845291,122.03750206919383,12.512500424337848,San Andres,Romblon,Mimaropa Region
37252,112.6773834,122.06250206961772,12.512500424337848,San Andres,Romblon,Mimaropa Region
37253,114.0794067,122.01250206876993,12.48750042349002,San Andres,Romblon,Mimaropa Region
37254,114.0708618,122.03750206919383,12.48750042349002,San Andres,Romblon,Mimaropa Region
37255,112.7518921,122.06250206961772,12.48750042349002,San Andres,Romblon,Mimaropa Region
37256,113.5742035,122.43750207597601,12.43750042179436,San Fernando,Romblon,Mimaropa Region
37257,113.6752167,122.46250207639991,12.43750042179436,San Fernando,Romblon,Mimaropa Region
37258,114.030632,122.4875020768238,12.43750042179436,San Fernando,Romblon,Mimaropa Region
37259,113.9503861,122.5125020772477,12.43750042179436,San Fernando,Romblon,Mimaropa Region
37260,112.6485214,122.53750207767156,12.43750042179436,San Fernando,Romblon,Mimaropa Region
37261,112.5851364,122.56250207809546,12.43750042179436,San Fernando,Romblon,Mimaropa Region
37262,115.086586,122.43750207597601,12.412500420946532,San Fernando,Romblon,Mimaropa Region
37263,114.9038315,122.46250207639991,12.412500420946532,San Fernando,Romblon,Mimaropa Region
37264,114.8207779,122.4875020768238,12.412500420946532,San Fernando,Romblon,Mimaropa Region
37265,114.7831955,122.5125020772477,12.412500420946532,San Fernando,Romblon,Mimaropa Region
37266,114.582161,122.53750207767156,12.412500420946532,San Fernando,Romblon,Mimaropa Region
37267,113.6276398,122.56250207809546,12.412500420946532,San Fernando,Romblon,Mimaropa Region
37268,113.9835434,122.58750207851936,12.412500420946532,San Fernando,Romblon,Mimaropa Region
37269,115.7554779,122.4875020768238,12.387500420098704,San Fernando,Romblon,Mimaropa Region
37270,115.6792603,122.5125020772477,12.387500420098704,San Fernando,Romblon,Mimaropa Region
37271,115.6679688,122.53750207767156,12.387500420098704,San Fernando,Romblon,Mimaropa Region
37272,114.6819229,122.56250207809546,12.387500420098704,San Fernando,Romblon,Mimaropa Region
37273,114.6597366,122.58750207851936,12.387500420098704,San Fernando,Romblon,Mimaropa Region
37274,114.5629425,122.61250207894324,12.387500420098704,San Fernando,Romblon,Mimaropa Region
37275,116.313446,122.56250207809546,12.362500419250877,San Fernando,Romblon,Mimaropa Region
37276,115.1506271,122.58750207851936,12.362500419250877,San Fernando,Romblon,Mimaropa Region
37277,114.913475,122.61250207894324,12.362500419250877,San Fernando,Romblon,Mimaropa Region
37278,115.0923767,122.63750207936712,12.362500419250877,San Fernando,Romblon,Mimaropa Region
37279,117.5344315,122.56250207809546,12.337500418403046,San Fernando,Romblon,Mimaropa Region
37280,117.5085831,122.58750207851936,12.337500418403046,San Fernando,Romblon,Mimaropa Region
37281,117.2085114,122.61250207894324,12.337500418403046,San Fernando,Romblon,Mimaropa Region
37282,115.9877396,122.63750207936712,12.337500418403046,San Fernando,Romblon,Mimaropa Region
37283,116.1440964,122.662502079791,12.337500418403046,San Fernando,Romblon,Mimaropa Region
37284,117.9734879,122.58750207851936,12.31250041755522,San Fernando,Romblon,Mimaropa Region
37285,117.7451248,122.61250207894324,12.31250041755522,San Fernando,Romblon,Mimaropa Region
37286,117.449379,122.63750207936712,12.31250041755522,San Fernando,Romblon,Mimaropa Region
37287,116.4684067,122.662502079791,12.31250041755522,San Fernando,Romblon,Mimaropa Region
37288,117.953392,122.63750207936712,12.287500416707388,San Fernando,Romblon,Mimaropa Region
37289,113.6995087,121.93750206749829,12.087500409924758,San Jose,Romblon,Mimaropa Region
37290,113.7666473,121.9125020670744,12.062500409076929,San Jose,Romblon,Mimaropa Region
37291,113.5802536,121.93750206749829,12.062500409076929,San Jose,Romblon,Mimaropa Region
37292,115.2511444,121.96250206792216,12.187500413316071,Santa Fe,Romblon,Mimaropa Region
37293,115.3039322,121.98750206834606,12.187500413316071,Santa Fe,Romblon,Mimaropa Region
37294,115.3600693,122.01250206876993,12.187500413316071,Santa Fe,Romblon,Mimaropa Region
37295,115.4021606,122.03750206919383,12.187500413316071,Santa Fe,Romblon,Mimaropa Region
37296,114.5483398,122.06250206961772,12.187500413316071,Santa Fe,Romblon,Mimaropa Region
37297,115.1790085,121.98750206834606,12.162500412468244,Santa Fe,Romblon,Mimaropa Region
37298,115.2672195,122.01250206876993,12.162500412468244,Santa Fe,Romblon,Mimaropa Region
37299,114.9342194,122.01250206876993,12.137500411620415,Santa Fe,Romblon,Mimaropa Region
37300,114.4798355,122.01250206876993,12.112500410772586,Santa Fe,Romblon,Mimaropa Region
37301,115.4301758,121.96250206792216,12.337500418403046,Ferrol,Romblon,Mimaropa Region
37302,115.384819,121.93750206749829,12.31250041755522,Ferrol,Romblon,Mimaropa Region
37303,115.5467758,121.96250206792216,12.31250041755522,Ferrol,Romblon,Mimaropa Region
37304,112.6340256,122.08750207004162,12.43750042179436,Santa Maria (Imelda),Romblon,Mimaropa Region
37305,113.3768463,122.06250206961772,12.412500420946532,Santa Maria (Imelda),Romblon,Mimaropa Region
37306,112.7874908,122.08750207004162,12.412500420946532,Santa Maria (Imelda),Romblon,Mimaropa Region
37307,113.5888062,122.06250206961772,12.387500420098704,Santa Maria (Imelda),Romblon,Mimaropa Region
37308,112.9644013,122.08750207004162,12.387500420098704,Santa Maria (Imelda),Romblon,Mimaropa Region
37309,113.8741226,122.06250206961772,12.362500419250877,Santa Maria (Imelda),Romblon,Mimaropa Region
37310,113.0558243,122.08750207004162,12.362500419250877,Santa Maria (Imelda),Romblon,Mimaropa Region
