unique id,value,lon,lat,municipality name,province name,region
450,138.1092835,120.5375020437606,16.93750057440355,Alilem,Ilocos Sur,Region I (Ilocos Region)
451,130.9806519,120.63750204545616,16.93750057440355,Alilem,Ilocos Sur,Region I (Ilocos Region)
452,134.4121094,120.5375020437606,16.91250057355572,Alilem,Ilocos Sur,Region I (Ilocos Region)
453,131.1933899,120.56250204418448,16.91250057355572,Alilem,Ilocos Sur,Region I (Ilocos Region)
454,128.0211792,120.58750204460839,16.91250057355572,Alilem,Ilocos Sur,Region I (Ilocos Region)
455,128.9236298,120.61250204503229,16.91250057355572,Alilem,Ilocos Sur,Region I (Ilocos Region)
456,126.8914261,120.63750204545616,16.91250057355572,Alilem,Ilocos Sur,Region I (Ilocos Region)
457,131.9473724,120.51250204333672,16.887500572707893,Alilem,Ilocos Sur,Region I (Ilocos Region)
458,132.8731842,120.5375020437606,16.887500572707893,Alilem,Ilocos Sur,Region I (Ilocos Region)
459,128.8110352,120.56250204418448,16.887500572707893,Alilem,Ilocos Sur,Region I (Ilocos Region)
460,125.1527863,120.58750204460839,16.887500572707893,Alilem,Ilocos Sur,Region I (Ilocos Region)
461,126.1265717,120.61250204503229,16.887500572707893,Alilem,Ilocos Sur,Region I (Ilocos Region)
462,136.1199799,120.5375020437606,16.862500571860064,Alilem,Ilocos Sur,Region I (Ilocos Region)
463,127.2755127,120.56250204418448,16.862500571860064,Alilem,Ilocos Sur,Region I (Ilocos Region)
464,125.3232422,120.58750204460839,16.862500571860064,Alilem,Ilocos Sur,Region I (Ilocos Region)
465,126.7644806,120.61250204503229,16.862500571860064,Alilem,Ilocos Sur,Region I (Ilocos Region)
466,124.6524887,120.58750204460839,16.837500571012235,Alilem,Ilocos Sur,Region I (Ilocos Region)
467,140.6535187,120.48750204291284,17.262500585425325,Banayoyo,Ilocos Sur,Region I (Ilocos Region)
468,142.0481415,120.48750204291284,17.237500584577496,Banayoyo,Ilocos Sur,Region I (Ilocos Region)
469,142.1638031,120.51250204333672,17.237500584577496,Banayoyo,Ilocos Sur,Region I (Ilocos Region)
470,143.0669403,120.48750204291284,17.637500598142758,Bantay,Ilocos Sur,Region I (Ilocos Region)
471,141.2878876,120.41250204164116,17.61250059729493,Bantay,Ilocos Sur,Region I (Ilocos Region)
472,141.492569,120.43750204206506,17.61250059729493,Bantay,Ilocos Sur,Region I (Ilocos Region)
473,143.3123016,120.46250204248896,17.61250059729493,Bantay,Ilocos Sur,Region I (Ilocos Region)
474,143.080368,120.48750204291284,17.61250059729493,Bantay,Ilocos Sur,Region I (Ilocos Region)
475,141.0539703,120.3875020412173,17.5875005964471,Bantay,Ilocos Sur,Region I (Ilocos Region)
476,141.1647797,120.41250204164116,17.5875005964471,Bantay,Ilocos Sur,Region I (Ilocos Region)
477,141.3261414,120.43750204206506,17.5875005964471,Bantay,Ilocos Sur,Region I (Ilocos Region)
478,143.1339111,120.46250204248896,17.5875005964471,Bantay,Ilocos Sur,Region I (Ilocos Region)
479,142.9006805,120.48750204291284,17.5875005964471,Bantay,Ilocos Sur,Region I (Ilocos Region)
480,141.9331207,120.43750204206506,17.56250059559927,Bantay,Ilocos Sur,Region I (Ilocos Region)
481,142.0823364,120.46250204248896,17.56250059559927,Bantay,Ilocos Sur,Region I (Ilocos Region)
482,142.6616669,120.48750204291284,17.56250059559927,Bantay,Ilocos Sur,Region I (Ilocos Region)
483,142.8927002,120.48750204291284,17.33750058796881,Burgos,Ilocos Sur,Region I (Ilocos Region)
484,142.9990692,120.51250204333672,17.33750058796881,Burgos,Ilocos Sur,Region I (Ilocos Region)
485,143.9897156,120.5375020437606,17.33750058796881,Burgos,Ilocos Sur,Region I (Ilocos Region)
486,143.206955,120.48750204291284,17.312500587120983,Burgos,Ilocos Sur,Region I (Ilocos Region)
487,143.175415,120.51250204333672,17.312500587120983,Burgos,Ilocos Sur,Region I (Ilocos Region)
488,143.4880676,120.5375020437606,17.312500587120983,Burgos,Ilocos Sur,Region I (Ilocos Region)
489,142.0033112,120.48750204291284,17.287500586273154,Burgos,Ilocos Sur,Region I (Ilocos Region)
490,141.937561,120.51250204333672,17.287500586273154,Burgos,Ilocos Sur,Region I (Ilocos Region)
491,145.1850586,120.43750204206506,17.81250060407756,Cabugao,Ilocos Sur,Region I (Ilocos Region)
492,146.4891663,120.46250204248896,17.81250060407756,Cabugao,Ilocos Sur,Region I (Ilocos Region)
493,146.1758575,120.48750204291284,17.81250060407756,Cabugao,Ilocos Sur,Region I (Ilocos Region)
494,146.1989746,120.51250204333672,17.81250060407756,Cabugao,Ilocos Sur,Region I (Ilocos Region)
495,146.4533539,120.5375020437606,17.81250060407756,Cabugao,Ilocos Sur,Region I (Ilocos Region)
496,143.7827301,120.41250204164116,17.78750060322973,Cabugao,Ilocos Sur,Region I (Ilocos Region)
497,143.995285,120.43750204206506,17.78750060322973,Cabugao,Ilocos Sur,Region I (Ilocos Region)
498,145.3471069,120.46250204248896,17.78750060322973,Cabugao,Ilocos Sur,Region I (Ilocos Region)
499,145.2461395,120.48750204291284,17.78750060322973,Cabugao,Ilocos Sur,Region I (Ilocos Region)
500,145.3240356,120.51250204333672,17.78750060322973,Cabugao,Ilocos Sur,Region I (Ilocos Region)
501,145.4684296,120.5375020437606,17.78750060322973,Cabugao,Ilocos Sur,Region I (Ilocos Region)
502,143.4825134,120.56250204418448,17.78750060322973,Cabugao,Ilocos Sur,Region I (Ilocos Region)
503,144.73172,120.48750204291284,17.762500602381902,Cabugao,Ilocos Sur,Region I (Ilocos Region)
504,144.9661713,120.51250204333672,17.762500602381902,Cabugao,Ilocos Sur,Region I (Ilocos Region)
505,145.1180267,120.5375020437606,17.762500602381902,Cabugao,Ilocos Sur,Region I (Ilocos Region)
506,144.3916168,120.5375020437606,17.737500601534073,Cabugao,Ilocos Sur,Region I (Ilocos Region)
507,139.21521,120.41250204164116,17.212500583729668,City of Candon,Ilocos Sur,Region I (Ilocos Region)
508,139.1180573,120.43750204206506,17.212500583729668,City of Candon,Ilocos Sur,Region I (Ilocos Region)
509,141.5824738,120.46250204248896,17.212500583729668,City of Candon,Ilocos Sur,Region I (Ilocos Region)
510,140.6093597,120.48750204291284,17.212500583729668,City of Candon,Ilocos Sur,Region I (Ilocos Region)
511,140.474411,120.51250204333672,17.212500583729668,City of Candon,Ilocos Sur,Region I (Ilocos Region)
512,140.8844757,120.5375020437606,17.212500583729668,City of Candon,Ilocos Sur,Region I (Ilocos Region)
513,137.7736969,120.43750204206506,17.18750058288184,City of Candon,Ilocos Sur,Region I (Ilocos Region)
514,140.2465668,120.46250204248896,17.18750058288184,City of Candon,Ilocos Sur,Region I (Ilocos Region)
515,139.3120728,120.43750204206506,17.16250058203401,City of Candon,Ilocos Sur,Region I (Ilocos Region)
516,139.5486755,120.46250204248896,17.16250058203401,City of Candon,Ilocos Sur,Region I (Ilocos Region)
517,139.206604,120.48750204291284,17.16250058203401,City of Candon,Ilocos Sur,Region I (Ilocos Region)
518,139.3455048,120.51250204333672,17.16250058203401,City of Candon,Ilocos Sur,Region I (Ilocos Region)
519,141.157196,120.3875020412173,17.537500594751442,Caoayan,Ilocos Sur,Region I (Ilocos Region)
520,131.9124146,120.66250204588005,17.062500578642695,Cervantes,Ilocos Sur,Region I (Ilocos Region)
521,134.4495239,120.68750204630392,17.062500578642695,Cervantes,Ilocos Sur,Region I (Ilocos Region)
522,135.6851196,120.71250204672782,17.062500578642695,Cervantes,Ilocos Sur,Region I (Ilocos Region)
523,131.7515564,120.66250204588005,17.037500577794866,Cervantes,Ilocos Sur,Region I (Ilocos Region)
524,134.0813751,120.68750204630392,17.037500577794866,Cervantes,Ilocos Sur,Region I (Ilocos Region)
525,135.2087708,120.71250204672782,17.037500577794866,Cervantes,Ilocos Sur,Region I (Ilocos Region)
526,136.6128845,120.7375020471517,17.037500577794866,Cervantes,Ilocos Sur,Region I (Ilocos Region)
527,136.7268524,120.7625020475756,17.037500577794866,Cervantes,Ilocos Sur,Region I (Ilocos Region)
528,133.7019348,120.66250204588005,17.012500576947037,Cervantes,Ilocos Sur,Region I (Ilocos Region)
529,134.2965851,120.68750204630392,17.012500576947037,Cervantes,Ilocos Sur,Region I (Ilocos Region)
530,135.0006714,120.71250204672782,17.012500576947037,Cervantes,Ilocos Sur,Region I (Ilocos Region)
531,135.5939789,120.7375020471517,17.012500576947037,Cervantes,Ilocos Sur,Region I (Ilocos Region)
532,135.5373993,120.7625020475756,17.012500576947037,Cervantes,Ilocos Sur,Region I (Ilocos Region)
533,132.2499695,120.66250204588005,16.987500576099208,Cervantes,Ilocos Sur,Region I (Ilocos Region)
534,132.6728363,120.68750204630392,16.987500576099208,Cervantes,Ilocos Sur,Region I (Ilocos Region)
535,133.1936493,120.71250204672782,16.987500576099208,Cervantes,Ilocos Sur,Region I (Ilocos Region)
536,133.6178589,120.7375020471517,16.987500576099208,Cervantes,Ilocos Sur,Region I (Ilocos Region)
537,133.372879,120.7625020475756,16.987500576099208,Cervantes,Ilocos Sur,Region I (Ilocos Region)
538,130.1525879,120.63750204545616,16.96250057525138,Cervantes,Ilocos Sur,Region I (Ilocos Region)
539,129.2416229,120.66250204588005,16.96250057525138,Cervantes,Ilocos Sur,Region I (Ilocos Region)
540,130.9235077,120.68750204630392,16.96250057525138,Cervantes,Ilocos Sur,Region I (Ilocos Region)
541,131.5108032,120.71250204672782,16.96250057525138,Cervantes,Ilocos Sur,Region I (Ilocos Region)
542,131.7493134,120.7375020471517,16.96250057525138,Cervantes,Ilocos Sur,Region I (Ilocos Region)
543,131.6126251,120.7625020475756,16.96250057525138,Cervantes,Ilocos Sur,Region I (Ilocos Region)
544,130.0621033,120.66250204588005,16.93750057440355,Cervantes,Ilocos Sur,Region I (Ilocos Region)
545,131.9639587,120.68750204630392,16.93750057440355,Cervantes,Ilocos Sur,Region I (Ilocos Region)
546,132.425293,120.71250204672782,16.93750057440355,Cervantes,Ilocos Sur,Region I (Ilocos Region)
547,131.6981354,120.7375020471517,16.93750057440355,Cervantes,Ilocos Sur,Region I (Ilocos Region)
548,131.5614624,120.7625020475756,16.93750057440355,Cervantes,Ilocos Sur,Region I (Ilocos Region)
549,128.5059204,120.66250204588005,16.91250057355572,Cervantes,Ilocos Sur,Region I (Ilocos Region)
550,139.0957489,120.48750204291284,17.18750058288184,Galimuyod,Ilocos Sur,Region I (Ilocos Region)
551,138.9491882,120.51250204333672,17.18750058288184,Galimuyod,Ilocos Sur,Region I (Ilocos Region)
552,139.4999695,120.5375020437606,17.18750058288184,Galimuyod,Ilocos Sur,Region I (Ilocos Region)
553,131.3012238,120.63750204545616,17.18750058288184,Gregorio del Pilar (Concepcion),Ilocos Sur,Region I (Ilocos Region)
554,132.7937775,120.58750204460839,17.16250058203401,Gregorio del Pilar (Concepcion),Ilocos Sur,Region I (Ilocos Region)
555,133.8993835,120.61250204503229,17.16250058203401,Gregorio del Pilar (Concepcion),Ilocos Sur,Region I (Ilocos Region)
556,134.2928009,120.63750204545616,17.16250058203401,Gregorio del Pilar (Concepcion),Ilocos Sur,Region I (Ilocos Region)
557,133.0708618,120.58750204460839,17.13750058118618,Gregorio del Pilar (Concepcion),Ilocos Sur,Region I (Ilocos Region)
558,134.1840057,120.61250204503229,17.13750058118618,Gregorio del Pilar (Concepcion),Ilocos Sur,Region I (Ilocos Region)
559,133.7254639,120.63750204545616,17.13750058118618,Gregorio del Pilar (Concepcion),Ilocos Sur,Region I (Ilocos Region)
560,130.8257599,120.63750204545616,17.112500580338352,Gregorio del Pilar (Concepcion),Ilocos Sur,Region I (Ilocos Region)
561,142.3857422,120.5375020437606,17.287500586273154,Lidlidda,Ilocos Sur,Region I (Ilocos Region)
562,140.73526,120.51250204333672,17.262500585425325,Lidlidda,Ilocos Sur,Region I (Ilocos Region)
563,142.87677,120.5375020437606,17.262500585425325,Lidlidda,Ilocos Sur,Region I (Ilocos Region)
564,143.5698853,120.5375020437606,17.237500584577496,Lidlidda,Ilocos Sur,Region I (Ilocos Region)
565,141.4269104,120.43750204206506,17.712500600686244,Magsingal,Ilocos Sur,Region I (Ilocos Region)
566,143.223114,120.46250204248896,17.712500600686244,Magsingal,Ilocos Sur,Region I (Ilocos Region)
567,141.0075531,120.3875020412173,17.687500599838415,Magsingal,Ilocos Sur,Region I (Ilocos Region)
568,141.2637787,120.41250204164116,17.687500599838415,Magsingal,Ilocos Sur,Region I (Ilocos Region)
569,141.518631,120.43750204206506,17.687500599838415,Magsingal,Ilocos Sur,Region I (Ilocos Region)
570,143.3272553,120.46250204248896,17.687500599838415,Magsingal,Ilocos Sur,Region I (Ilocos Region)
571,143.1229858,120.48750204291284,17.687500599838415,Magsingal,Ilocos Sur,Region I (Ilocos Region)
572,143.2464447,120.51250204333672,17.687500599838415,Magsingal,Ilocos Sur,Region I (Ilocos Region)
573,141.3717804,120.41250204164116,17.662500598990587,Magsingal,Ilocos Sur,Region I (Ilocos Region)
574,142.4652863,120.43750204206506,17.662500598990587,Magsingal,Ilocos Sur,Region I (Ilocos Region)
575,142.628952,120.46250204248896,17.662500598990587,Magsingal,Ilocos Sur,Region I (Ilocos Region)
576,143.0703735,120.48750204291284,17.662500598990587,Magsingal,Ilocos Sur,Region I (Ilocos Region)
577,143.3392487,120.51250204333672,17.662500598990587,Magsingal,Ilocos Sur,Region I (Ilocos Region)
578,139.2437897,120.56250204418448,17.462500592207956,Nagbukel,Ilocos Sur,Region I (Ilocos Region)
579,142.9572449,120.51250204333672,17.437500591360127,Nagbukel,Ilocos Sur,Region I (Ilocos Region)
580,143.8138886,120.5375020437606,17.437500591360127,Nagbukel,Ilocos Sur,Region I (Ilocos Region)
581,139.1269836,120.56250204418448,17.437500591360127,Nagbukel,Ilocos Sur,Region I (Ilocos Region)
582,142.8911133,120.5375020437606,17.4125005905123,Nagbukel,Ilocos Sur,Region I (Ilocos Region)
583,140.2830353,120.56250204418448,17.4125005905123,Nagbukel,Ilocos Sur,Region I (Ilocos Region)
584,142.334198,120.51250204333672,17.487500593055785,Narvacan,Ilocos Sur,Region I (Ilocos Region)
585,142.6481171,120.5375020437606,17.487500593055785,Narvacan,Ilocos Sur,Region I (Ilocos Region)
586,139.7921906,120.56250204418448,17.487500593055785,Narvacan,Ilocos Sur,Region I (Ilocos Region)
587,142.2102203,120.46250204248896,17.462500592207956,Narvacan,Ilocos Sur,Region I (Ilocos Region)
588,142.3555756,120.48750204291284,17.462500592207956,Narvacan,Ilocos Sur,Region I (Ilocos Region)
589,142.532135,120.51250204333672,17.462500592207956,Narvacan,Ilocos Sur,Region I (Ilocos Region)
590,143.8948517,120.5375020437606,17.462500592207956,Narvacan,Ilocos Sur,Region I (Ilocos Region)
591,142.1811218,120.46250204248896,17.437500591360127,Narvacan,Ilocos Sur,Region I (Ilocos Region)
592,142.8072815,120.48750204291284,17.437500591360127,Narvacan,Ilocos Sur,Region I (Ilocos Region)
593,143.127121,120.46250204248896,17.4125005905123,Narvacan,Ilocos Sur,Region I (Ilocos Region)
594,142.6418457,120.48750204291284,17.4125005905123,Narvacan,Ilocos Sur,Region I (Ilocos Region)
595,142.6235657,120.51250204333672,17.4125005905123,Narvacan,Ilocos Sur,Region I (Ilocos Region)
596,134.8646088,120.66250204588005,17.18750058288184,Quirino (Angkaki),Ilocos Sur,Region I (Ilocos Region)
597,133.3991394,120.66250204588005,17.16250058203401,Quirino (Angkaki),Ilocos Sur,Region I (Ilocos Region)
598,135.8686371,120.68750204630392,17.16250058203401,Quirino (Angkaki),Ilocos Sur,Region I (Ilocos Region)
599,137.4438019,120.71250204672782,17.16250058203401,Quirino (Angkaki),Ilocos Sur,Region I (Ilocos Region)
600,132.8200836,120.66250204588005,17.13750058118618,Quirino (Angkaki),Ilocos Sur,Region I (Ilocos Region)
601,135.9244537,120.68750204630392,17.13750058118618,Quirino (Angkaki),Ilocos Sur,Region I (Ilocos Region)
602,137.454483,120.71250204672782,17.13750058118618,Quirino (Angkaki),Ilocos Sur,Region I (Ilocos Region)
603,139.6907196,120.7375020471517,17.13750058118618,Quirino (Angkaki),Ilocos Sur,Region I (Ilocos Region)
604,139.9343414,120.7625020475756,17.13750058118618,Quirino (Angkaki),Ilocos Sur,Region I (Ilocos Region)
605,135.8765106,120.78750204799948,17.13750058118618,Quirino (Angkaki),Ilocos Sur,Region I (Ilocos Region)
606,134.1522369,120.66250204588005,17.112500580338352,Quirino (Angkaki),Ilocos Sur,Region I (Ilocos Region)
607,135.0218658,120.68750204630392,17.112500580338352,Quirino (Angkaki),Ilocos Sur,Region I (Ilocos Region)
608,136.0492706,120.71250204672782,17.112500580338352,Quirino (Angkaki),Ilocos Sur,Region I (Ilocos Region)
609,136.8959503,120.7375020471517,17.112500580338352,Quirino (Angkaki),Ilocos Sur,Region I (Ilocos Region)
610,139.0103912,120.7625020475756,17.112500580338352,Quirino (Angkaki),Ilocos Sur,Region I (Ilocos Region)
611,134.3805389,120.66250204588005,17.087500579490523,Quirino (Angkaki),Ilocos Sur,Region I (Ilocos Region)
612,135.1407929,120.68750204630392,17.087500579490523,Quirino (Angkaki),Ilocos Sur,Region I (Ilocos Region)
613,136.0756531,120.71250204672782,17.087500579490523,Quirino (Angkaki),Ilocos Sur,Region I (Ilocos Region)
614,136.8588867,120.7375020471517,17.087500579490523,Quirino (Angkaki),Ilocos Sur,Region I (Ilocos Region)
615,138.8778687,120.7625020475756,17.087500579490523,Quirino (Angkaki),Ilocos Sur,Region I (Ilocos Region)
616,137.5104828,120.7375020471517,17.062500578642695,Quirino (Angkaki),Ilocos Sur,Region I (Ilocos Region)
617,137.6249695,120.7625020475756,17.062500578642695,Quirino (Angkaki),Ilocos Sur,Region I (Ilocos Region)
618,141.8618622,120.5375020437606,17.16250058203401,Salcedo (Baugen),Ilocos Sur,Region I (Ilocos Region)
619,134.6518707,120.56250204418448,17.16250058203401,Salcedo (Baugen),Ilocos Sur,Region I (Ilocos Region)
620,139.4276733,120.51250204333672,17.13750058118618,Salcedo (Baugen),Ilocos Sur,Region I (Ilocos Region)
621,141.3908386,120.5375020437606,17.13750058118618,Salcedo (Baugen),Ilocos Sur,Region I (Ilocos Region)
622,134.080719,120.56250204418448,17.13750058118618,Salcedo (Baugen),Ilocos Sur,Region I (Ilocos Region)
623,138.9605408,120.5375020437606,17.112500580338352,Salcedo (Baugen),Ilocos Sur,Region I (Ilocos Region)
624,135.2067719,120.56250204418448,17.112500580338352,Salcedo (Baugen),Ilocos Sur,Region I (Ilocos Region)
625,139.2123871,120.5375020437606,17.087500579490523,Salcedo (Baugen),Ilocos Sur,Region I (Ilocos Region)
626,135.4655914,120.56250204418448,17.087500579490523,Salcedo (Baugen),Ilocos Sur,Region I (Ilocos Region)
627,140.5246735,120.5375020437606,17.062500578642695,Salcedo (Baugen),Ilocos Sur,Region I (Ilocos Region)
628,133.2618408,120.56250204418448,17.062500578642695,Salcedo (Baugen),Ilocos Sur,Region I (Ilocos Region)
629,139.3800049,120.56250204418448,17.287500586273154,San Emilio,Ilocos Sur,Region I (Ilocos Region)
630,137.0704041,120.58750204460839,17.287500586273154,San Emilio,Ilocos Sur,Region I (Ilocos Region)
631,137.7483978,120.61250204503229,17.287500586273154,San Emilio,Ilocos Sur,Region I (Ilocos Region)
632,136.6013336,120.56250204418448,17.262500585425325,San Emilio,Ilocos Sur,Region I (Ilocos Region)
633,134.855896,120.58750204460839,17.262500585425325,San Emilio,Ilocos Sur,Region I (Ilocos Region)
634,135.850174,120.61250204503229,17.262500585425325,San Emilio,Ilocos Sur,Region I (Ilocos Region)
635,136.4089508,120.63750204545616,17.262500585425325,San Emilio,Ilocos Sur,Region I (Ilocos Region)
636,135.6421814,120.66250204588005,17.262500585425325,San Emilio,Ilocos Sur,Region I (Ilocos Region)
637,137.2625275,120.56250204418448,17.237500584577496,San Emilio,Ilocos Sur,Region I (Ilocos Region)
638,136.8524933,120.58750204460839,17.237500584577496,San Emilio,Ilocos Sur,Region I (Ilocos Region)
639,137.8892822,120.61250204503229,17.237500584577496,San Emilio,Ilocos Sur,Region I (Ilocos Region)
640,137.3328552,120.63750204545616,17.237500584577496,San Emilio,Ilocos Sur,Region I (Ilocos Region)
641,136.5579376,120.66250204588005,17.237500584577496,San Emilio,Ilocos Sur,Region I (Ilocos Region)
642,137.4271698,120.56250204418448,17.212500583729668,San Emilio,Ilocos Sur,Region I (Ilocos Region)
643,134.7910919,120.58750204460839,17.212500583729668,San Emilio,Ilocos Sur,Region I (Ilocos Region)
644,135.5354309,120.61250204503229,17.212500583729668,San Emilio,Ilocos Sur,Region I (Ilocos Region)
645,133.4178162,120.63750204545616,17.212500583729668,San Emilio,Ilocos Sur,Region I (Ilocos Region)
646,137.1209717,120.66250204588005,17.212500583729668,San Emilio,Ilocos Sur,Region I (Ilocos Region)
647,135.5810394,120.56250204418448,17.18750058288184,San Emilio,Ilocos Sur,Region I (Ilocos Region)
648,132.6277313,120.58750204460839,17.18750058288184,San Emilio,Ilocos Sur,Region I (Ilocos Region)
649,133.3941498,120.61250204503229,17.18750058288184,San Emilio,Ilocos Sur,Region I (Ilocos Region)
650,142.1274262,120.43750204206506,17.33750058796881,San Esteban,Ilocos Sur,Region I (Ilocos Region)
651,141.7676544,120.43750204206506,17.312500587120983,San Esteban,Ilocos Sur,Region I (Ilocos Region)
652,143.8032379,120.46250204248896,17.312500587120983,San Esteban,Ilocos Sur,Region I (Ilocos Region)
653,141.1291504,120.3875020412173,17.61250059729493,San Ildefonso,Ilocos Sur,Region I (Ilocos Region)
654,143.3337555,120.43750204206506,17.762500602381902,San Juan (Lapog),Ilocos Sur,Region I (Ilocos Region)
655,143.4818726,120.46250204248896,17.762500602381902,San Juan (Lapog),Ilocos Sur,Region I (Ilocos Region)
656,142.4654541,120.43750204206506,17.737500601534073,San Juan (Lapog),Ilocos Sur,Region I (Ilocos Region)
657,142.6130981,120.46250204248896,17.737500601534073,San Juan (Lapog),Ilocos Sur,Region I (Ilocos Region)
658,143.3061829,120.48750204291284,17.737500601534073,San Juan (Lapog),Ilocos Sur,Region I (Ilocos Region)
659,143.5527191,120.51250204333672,17.737500601534073,San Juan (Lapog),Ilocos Sur,Region I (Ilocos Region)
660,143.0340424,120.48750204291284,17.712500600686244,San Juan (Lapog),Ilocos Sur,Region I (Ilocos Region)
661,143.1408844,120.51250204333672,17.712500600686244,San Juan (Lapog),Ilocos Sur,Region I (Ilocos Region)
662,143.3983765,120.5375020437606,17.712500600686244,San Juan (Lapog),Ilocos Sur,Region I (Ilocos Region)
663,140.1994782,120.3625020407934,17.637500598142758,San Vicente,Ilocos Sur,Region I (Ilocos Region)
664,140.8526459,120.3625020407934,17.61250059729493,San Vicente,Ilocos Sur,Region I (Ilocos Region)
665,141.3494415,120.41250204164116,17.537500594751442,Santa,Ilocos Sur,Region I (Ilocos Region)
666,142.0078888,120.43750204206506,17.537500594751442,Santa,Ilocos Sur,Region I (Ilocos Region)
667,142.1571045,120.46250204248896,17.537500594751442,Santa,Ilocos Sur,Region I (Ilocos Region)
668,141.1530151,120.43750204206506,17.512500593903614,Santa,Ilocos Sur,Region I (Ilocos Region)
669,142.9040527,120.46250204248896,17.512500593903614,Santa,Ilocos Sur,Region I (Ilocos Region)
670,140.9684448,120.43750204206506,17.487500593055785,Santa,Ilocos Sur,Region I (Ilocos Region)
671,142.7183991,120.46250204248896,17.487500593055785,Santa,Ilocos Sur,Region I (Ilocos Region)
672,142.0570068,120.43750204206506,17.462500592207956,Santa,Ilocos Sur,Region I (Ilocos Region)
673,140.7814636,120.3625020407934,17.5875005964471,Santa Catalina,Ilocos Sur,Region I (Ilocos Region)
674,136.9449005,120.43750204206506,17.087500579490523,Santa Cruz,Ilocos Sur,Region I (Ilocos Region)
675,139.776886,120.46250204248896,17.087500579490523,Santa Cruz,Ilocos Sur,Region I (Ilocos Region)
676,138.6682587,120.48750204291284,17.087500579490523,Santa Cruz,Ilocos Sur,Region I (Ilocos Region)
677,138.5963745,120.51250204333672,17.087500579490523,Santa Cruz,Ilocos Sur,Region I (Ilocos Region)
678,137.6848145,120.46250204248896,17.062500578642695,Santa Cruz,Ilocos Sur,Region I (Ilocos Region)
679,137.7450409,120.48750204291284,17.062500578642695,Santa Cruz,Ilocos Sur,Region I (Ilocos Region)
680,138.0053406,120.51250204333672,17.062500578642695,Santa Cruz,Ilocos Sur,Region I (Ilocos Region)
681,136.8761139,120.46250204248896,17.037500577794866,Santa Cruz,Ilocos Sur,Region I (Ilocos Region)
682,137.4568481,120.48750204291284,17.037500577794866,Santa Cruz,Ilocos Sur,Region I (Ilocos Region)
683,138.6241455,120.46250204248896,17.012500576947037,Santa Cruz,Ilocos Sur,Region I (Ilocos Region)
684,137.6891785,120.48750204291284,17.012500576947037,Santa Cruz,Ilocos Sur,Region I (Ilocos Region)
685,138.6733704,120.43750204206506,17.13750058118618,Santa Lucia,Ilocos Sur,Region I (Ilocos Region)
686,138.908432,120.46250204248896,17.13750058118618,Santa Lucia,Ilocos Sur,Region I (Ilocos Region)
687,139.2779694,120.48750204291284,17.13750058118618,Santa Lucia,Ilocos Sur,Region I (Ilocos Region)
688,136.8217316,120.43750204206506,17.112500580338352,Santa Lucia,Ilocos Sur,Region I (Ilocos Region)
689,139.638382,120.46250204248896,17.112500580338352,Santa Lucia,Ilocos Sur,Region I (Ilocos Region)
690,138.54039,120.48750204291284,17.112500580338352,Santa Lucia,Ilocos Sur,Region I (Ilocos Region)
691,138.428833,120.51250204333672,17.112500580338352,Santa Lucia,Ilocos Sur,Region I (Ilocos Region)
692,143.3928986,120.46250204248896,17.38750058966447,Santa Maria,Ilocos Sur,Region I (Ilocos Region)
693,142.8531799,120.48750204291284,17.38750058966447,Santa Maria,Ilocos Sur,Region I (Ilocos Region)
694,142.8518066,120.51250204333672,17.38750058966447,Santa Maria,Ilocos Sur,Region I (Ilocos Region)
695,143.2046814,120.5375020437606,17.38750058966447,Santa Maria,Ilocos Sur,Region I (Ilocos Region)
696,142.4378967,120.46250204248896,17.36250058881664,Santa Maria,Ilocos Sur,Region I (Ilocos Region)
697,142.3270874,120.48750204291284,17.36250058881664,Santa Maria,Ilocos Sur,Region I (Ilocos Region)
698,142.4529114,120.51250204333672,17.36250058881664,Santa Maria,Ilocos Sur,Region I (Ilocos Region)
699,144.1010895,120.5375020437606,17.36250058881664,Santa Maria,Ilocos Sur,Region I (Ilocos Region)
700,142.2862244,120.46250204248896,17.33750058796881,Santa Maria,Ilocos Sur,Region I (Ilocos Region)
701,140.776825,120.43750204206506,17.287500586273154,Santiago,Ilocos Sur,Region I (Ilocos Region)
702,142.8209534,120.46250204248896,17.287500586273154,Santiago,Ilocos Sur,Region I (Ilocos Region)
703,140.8595886,120.43750204206506,17.262500585425325,Santiago,Ilocos Sur,Region I (Ilocos Region)
704,141.0508728,120.46250204248896,17.262500585425325,Santiago,Ilocos Sur,Region I (Ilocos Region)
705,141.2806091,120.43750204206506,17.237500584577496,Santiago,Ilocos Sur,Region I (Ilocos Region)
706,141.4719696,120.46250204248896,17.237500584577496,Santiago,Ilocos Sur,Region I (Ilocos Region)
707,141.0120697,120.3875020412173,17.662500598990587,Santo Domingo,Ilocos Sur,Region I (Ilocos Region)
708,141.0864258,120.3875020412173,17.637500598142758,Santo Domingo,Ilocos Sur,Region I (Ilocos Region)
709,141.3976135,120.41250204164116,17.637500598142758,Santo Domingo,Ilocos Sur,Region I (Ilocos Region)
710,142.4353638,120.43750204206506,17.637500598142758,Santo Domingo,Ilocos Sur,Region I (Ilocos Region)
711,142.5989838,120.46250204248896,17.637500598142758,Santo Domingo,Ilocos Sur,Region I (Ilocos Region)
712,132.2544708,120.58750204460839,17.112500580338352,Sigay,Ilocos Sur,Region I (Ilocos Region)
713,133.0444031,120.61250204503229,17.112500580338352,Sigay,Ilocos Sur,Region I (Ilocos Region)
714,132.4509277,120.58750204460839,17.087500579490523,Sigay,Ilocos Sur,Region I (Ilocos Region)
715,133.2490997,120.61250204503229,17.087500579490523,Sigay,Ilocos Sur,Region I (Ilocos Region)
716,131.0955963,120.63750204545616,17.087500579490523,Sigay,Ilocos Sur,Region I (Ilocos Region)
717,131.7705994,120.58750204460839,17.062500578642695,Sigay,Ilocos Sur,Region I (Ilocos Region)
718,132.8927155,120.61250204503229,17.062500578642695,Sigay,Ilocos Sur,Region I (Ilocos Region)
719,132.8484192,120.63750204545616,17.062500578642695,Sigay,Ilocos Sur,Region I (Ilocos Region)
720,132.8788147,120.56250204418448,17.037500577794866,Sigay,Ilocos Sur,Region I (Ilocos Region)
721,132.0839844,120.58750204460839,17.037500577794866,Sigay,Ilocos Sur,Region I (Ilocos Region)
722,133.2134552,120.61250204503229,17.037500577794866,Sigay,Ilocos Sur,Region I (Ilocos Region)
723,132.6563568,120.63750204545616,17.037500577794866,Sigay,Ilocos Sur,Region I (Ilocos Region)
724,135.2530212,120.56250204418448,17.012500576947037,Sigay,Ilocos Sur,Region I (Ilocos Region)
725,132.4293366,120.58750204460839,17.012500576947037,Sigay,Ilocos Sur,Region I (Ilocos Region)
726,133.2479096,120.61250204503229,17.012500576947037,Sigay,Ilocos Sur,Region I (Ilocos Region)
727,131.1712799,120.63750204545616,17.012500576947037,Sigay,Ilocos Sur,Region I (Ilocos Region)
728,147.4740906,120.46250204248896,17.887500606621046,Sinait,Ilocos Sur,Region I (Ilocos Region)
729,147.2378235,120.48750204291284,17.887500606621046,Sinait,Ilocos Sur,Region I (Ilocos Region)
730,147.8289795,120.46250204248896,17.862500605773217,Sinait,Ilocos Sur,Region I (Ilocos Region)
731,147.7079468,120.48750204291284,17.862500605773217,Sinait,Ilocos Sur,Region I (Ilocos Region)
732,147.7711334,120.51250204333672,17.862500605773217,Sinait,Ilocos Sur,Region I (Ilocos Region)
733,147.5268402,120.46250204248896,17.83750060492539,Sinait,Ilocos Sur,Region I (Ilocos Region)
734,146.9697266,120.48750204291284,17.83750060492539,Sinait,Ilocos Sur,Region I (Ilocos Region)
735,147.0372467,120.51250204333672,17.83750060492539,Sinait,Ilocos Sur,Region I (Ilocos Region)
736,148.4317932,120.5375020437606,17.83750060492539,Sinait,Ilocos Sur,Region I (Ilocos Region)
737,132.39534,120.51250204333672,16.862500571860064,Sugpon,Ilocos Sur,Region I (Ilocos Region)
738,132.1996765,120.51250204333672,16.837500571012235,Sugpon,Ilocos Sur,Region I (Ilocos Region)
739,135.5166016,120.5375020437606,16.837500571012235,Sugpon,Ilocos Sur,Region I (Ilocos Region)
740,125.9241943,120.56250204418448,16.837500571012235,Sugpon,Ilocos Sur,Region I (Ilocos Region)
741,131.9069672,120.5375020437606,16.812500570164406,Sugpon,Ilocos Sur,Region I (Ilocos Region)
742,126.9975128,120.56250204418448,16.812500570164406,Sugpon,Ilocos Sur,Region I (Ilocos Region)
743,132.21698,120.5375020437606,16.787500569316578,Sugpon,Ilocos Sur,Region I (Ilocos Region)
744,127.2995834,120.56250204418448,16.787500569316578,Sugpon,Ilocos Sur,Region I (Ilocos Region)
745,123.8658676,120.56250204418448,16.76250056846875,Sugpon,Ilocos Sur,Region I (Ilocos Region)
746,121.4191437,120.58750204460839,16.76250056846875,Sugpon,Ilocos Sur,Region I (Ilocos Region)
747,122.5635757,120.56250204418448,16.73750056762092,Sugpon,Ilocos Sur,Region I (Ilocos Region)
748,119.7524109,120.58750204460839,16.73750056762092,Sugpon,Ilocos Sur,Region I (Ilocos Region)
749,124.4941254,120.56250204418448,16.71250056677309,Sugpon,Ilocos Sur,Region I (Ilocos Region)
750,119.7232742,120.58750204460839,16.71250056677309,Sugpon,Ilocos Sur,Region I (Ilocos Region)
751,122.8541641,120.56250204418448,16.687500565925262,Sugpon,Ilocos Sur,Region I (Ilocos Region)
752,137.766037,120.51250204333672,17.037500577794866,Suyo,Ilocos Sur,Region I (Ilocos Region)
753,140.0141144,120.5375020437606,17.037500577794866,Suyo,Ilocos Sur,Region I (Ilocos Region)
754,137.7280121,120.51250204333672,17.012500576947037,Suyo,Ilocos Sur,Region I (Ilocos Region)
755,138.3610535,120.5375020437606,17.012500576947037,Suyo,Ilocos Sur,Region I (Ilocos Region)
756,136.0493774,120.48750204291284,16.987500576099208,Suyo,Ilocos Sur,Region I (Ilocos Region)
757,136.1697388,120.51250204333672,16.987500576099208,Suyo,Ilocos Sur,Region I (Ilocos Region)
758,136.8899689,120.5375020437606,16.987500576099208,Suyo,Ilocos Sur,Region I (Ilocos Region)
759,133.7386017,120.56250204418448,16.987500576099208,Suyo,Ilocos Sur,Region I (Ilocos Region)
760,130.8450012,120.58750204460839,16.987500576099208,Suyo,Ilocos Sur,Region I (Ilocos Region)
761,131.6781158,120.61250204503229,16.987500576099208,Suyo,Ilocos Sur,Region I (Ilocos Region)
762,129.7891235,120.63750204545616,16.987500576099208,Suyo,Ilocos Sur,Region I (Ilocos Region)
763,134.2263184,120.48750204291284,16.96250057525138,Suyo,Ilocos Sur,Region I (Ilocos Region)
764,134.7500916,120.51250204333672,16.96250057525138,Suyo,Ilocos Sur,Region I (Ilocos Region)
765,137.5514679,120.5375020437606,16.96250057525138,Suyo,Ilocos Sur,Region I (Ilocos Region)
766,130.3769379,120.56250204418448,16.96250057525138,Suyo,Ilocos Sur,Region I (Ilocos Region)
767,129.0540161,120.58750204460839,16.96250057525138,Suyo,Ilocos Sur,Region I (Ilocos Region)
768,130.2277985,120.61250204503229,16.96250057525138,Suyo,Ilocos Sur,Region I (Ilocos Region)
769,130.9039002,120.56250204418448,16.93750057440355,Suyo,Ilocos Sur,Region I (Ilocos Region)
770,130.754715,120.58750204460839,16.93750057440355,Suyo,Ilocos Sur,Region I (Ilocos Region)
771,131.9765015,120.61250204503229,16.93750057440355,Suyo,Ilocos Sur,Region I (Ilocos Region)
772,136.9090424,120.46250204248896,16.987500576099208,Tagudin,Ilocos Sur,Region I (Ilocos Region)
773,133.6564789,120.46250204248896,16.96250057525138,Tagudin,Ilocos Sur,Region I (Ilocos Region)
774,133.4534149,120.43750204206506,16.93750057440355,Tagudin,Ilocos Sur,Region I (Ilocos Region)
775,133.7415772,120.46250204248896,16.93750057440355,Tagudin,Ilocos Sur,Region I (Ilocos Region)
776,135.0113068,120.48750204291284,16.93750057440355,Tagudin,Ilocos Sur,Region I (Ilocos Region)
777,135.5997467,120.51250204333672,16.93750057440355,Tagudin,Ilocos Sur,Region I (Ilocos Region)
778,130.2494659,120.43750204206506,16.91250057355572,Tagudin,Ilocos Sur,Region I (Ilocos Region)
779,133.4108124,120.48750204291284,16.91250057355572,Tagudin,Ilocos Sur,Region I (Ilocos Region)
780,139.9967957,120.3625020407934,17.56250059559927,City of Vigan (Capital),Ilocos Sur,Region I (Ilocos Region)
781,140.9180908,120.3875020412173,17.56250059559927,City of Vigan (Capital),Ilocos Sur,Region I (Ilocos Region)
782,141.1158905,120.41250204164116,17.56250059559927,City of Vigan (Capital),Ilocos Sur,Region I (Ilocos Region)
