unique id,value,lon,lat,municipality name,province name,region
0,99.69876099,120.91250205011892,18.512500627816767,Adams,Ilocos Norte,Region I (Ilocos Region)
1,96.04636383,120.9375020505428,18.512500627816767,Adams,Ilocos Norte,Region I (Ilocos Region)
2,101.448616,120.88750204969504,18.48750062696893,Adams,Ilocos Norte,Region I (Ilocos Region)
3,100.1886292,120.91250205011892,18.48750062696893,Adams,Ilocos Norte,Region I (Ilocos Region)
4,95.72231293,120.9375020505428,18.48750062696893,Adams,Ilocos Norte,Region I (Ilocos Region)
5,88.49259186,120.96250205096668,18.48750062696893,Adams,Ilocos Norte,Region I (Ilocos Region)
6,102.2060623,120.88750204969504,18.46250062612111,Adams,Ilocos Norte,Region I (Ilocos Region)
7,100.2814484,120.91250205011892,18.46250062612111,Adams,Ilocos Norte,Region I (Ilocos Region)
8,93.16278839,120.9375020505428,18.46250062612111,Adams,Ilocos Norte,Region I (Ilocos Region)
9,105.1577454,120.88750204969504,18.43750062527328,Adams,Ilocos Norte,Region I (Ilocos Region)
10,103.0717697,120.91250205011892,18.43750062527328,Adams,Ilocos Norte,Region I (Ilocos Region)
11,93.70246124,120.9375020505428,18.43750062527328,Adams,Ilocos Norte,Region I (Ilocos Region)
12,104.9429855,120.88750204969504,18.412500624425448,Adams,Ilocos Norte,Region I (Ilocos Region)
13,103.3396225,120.91250205011892,18.412500624425448,Adams,Ilocos Norte,Region I (Ilocos Region)
14,96.40331268,120.9375020505428,18.412500624425448,Adams,Ilocos Norte,Region I (Ilocos Region)
15,103.3048935,120.91250205011892,18.387500623577623,Adams,Ilocos Norte,Region I (Ilocos Region)
16,95.2762146,120.9375020505428,18.387500623577623,Adams,Ilocos Norte,Region I (Ilocos Region)
17,138.9727783,120.58750204460839,18.287500620186307,Bacarra,Ilocos Norte,Region I (Ilocos Region)
18,139.2949982,120.61250204503229,18.287500620186307,Bacarra,Ilocos Norte,Region I (Ilocos Region)
19,138.5444489,120.63750204545616,18.287500620186307,Bacarra,Ilocos Norte,Region I (Ilocos Region)
20,138.8577118,120.66250204588005,18.287500620186307,Bacarra,Ilocos Norte,Region I (Ilocos Region)
21,139.5670013,120.58750204460839,18.26250061933848,Bacarra,Ilocos Norte,Region I (Ilocos Region)
22,140.0561676,120.61250204503229,18.26250061933848,Bacarra,Ilocos Norte,Region I (Ilocos Region)
23,140.3186951,120.63750204545616,18.26250061933848,Bacarra,Ilocos Norte,Region I (Ilocos Region)
24,141.2372284,120.61250204503229,18.23750061849065,Bacarra,Ilocos Norte,Region I (Ilocos Region)
25,145.7488709,120.46250204248896,17.937500608316704,Badoc,Ilocos Norte,Region I (Ilocos Region)
26,146.4383698,120.48750204291284,17.937500608316704,Badoc,Ilocos Norte,Region I (Ilocos Region)
27,145.7041473,120.43750204206506,17.912500607468875,Badoc,Ilocos Norte,Region I (Ilocos Region)
28,146.7812042,120.46250204248896,17.912500607468875,Badoc,Ilocos Norte,Region I (Ilocos Region)
29,146.6856079,120.48750204291284,17.912500607468875,Badoc,Ilocos Norte,Region I (Ilocos Region)
30,146.779541,120.51250204333672,17.912500607468875,Badoc,Ilocos Norte,Region I (Ilocos Region)
31,146.9594879,120.5375020437606,17.912500607468875,Badoc,Ilocos Norte,Region I (Ilocos Region)
32,145.649353,120.56250204418448,17.912500607468875,Badoc,Ilocos Norte,Region I (Ilocos Region)
33,147.2691956,120.51250204333672,17.887500606621046,Badoc,Ilocos Norte,Region I (Ilocos Region)
34,147.4689789,120.5375020437606,17.887500606621046,Badoc,Ilocos Norte,Region I (Ilocos Region)
35,145.8647003,120.56250204418448,17.887500606621046,Badoc,Ilocos Norte,Region I (Ilocos Region)
36,148.7096405,120.5375020437606,17.862500605773217,Badoc,Ilocos Norte,Region I (Ilocos Region)
37,113.5974426,120.7625020475756,18.5375006286646,Bangui,Ilocos Norte,Region I (Ilocos Region)
38,118.0928574,120.71250204672782,18.512500627816767,Bangui,Ilocos Norte,Region I (Ilocos Region)
39,117.6414795,120.7375020471517,18.512500627816767,Bangui,Ilocos Norte,Region I (Ilocos Region)
40,114.7275543,120.7625020475756,18.512500627816767,Bangui,Ilocos Norte,Region I (Ilocos Region)
41,112.8652573,120.78750204799948,18.512500627816767,Bangui,Ilocos Norte,Region I (Ilocos Region)
42,120.2635574,120.71250204672782,18.48750062696893,Bangui,Ilocos Norte,Region I (Ilocos Region)
43,120.2605972,120.7375020471517,18.48750062696893,Bangui,Ilocos Norte,Region I (Ilocos Region)
44,117.346199,120.7625020475756,18.48750062696893,Bangui,Ilocos Norte,Region I (Ilocos Region)
45,114.8041763,120.78750204799948,18.48750062696893,Bangui,Ilocos Norte,Region I (Ilocos Region)
46,122.1850662,120.71250204672782,18.46250062612111,Bangui,Ilocos Norte,Region I (Ilocos Region)
47,122.7464371,120.7375020471517,18.46250062612111,Bangui,Ilocos Norte,Region I (Ilocos Region)
48,122.5065689,120.7625020475756,18.46250062612111,Bangui,Ilocos Norte,Region I (Ilocos Region)
49,116.7072678,120.78750204799948,18.46250062612111,Bangui,Ilocos Norte,Region I (Ilocos Region)
50,127.5915222,120.71250204672782,18.43750062527328,Bangui,Ilocos Norte,Region I (Ilocos Region)
51,125.0014267,120.7375020471517,18.43750062527328,Bangui,Ilocos Norte,Region I (Ilocos Region)
52,142.8271942,120.56250204418448,18.112500614251505,City of Batac,Ilocos Norte,Region I (Ilocos Region)
53,142.4239807,120.58750204460839,18.112500614251505,City of Batac,Ilocos Norte,Region I (Ilocos Region)
54,143.1457367,120.56250204418448,18.08750061340368,City of Batac,Ilocos Norte,Region I (Ilocos Region)
55,142.6401215,120.58750204460839,18.08750061340368,City of Batac,Ilocos Norte,Region I (Ilocos Region)
56,143.0310822,120.61250204503229,18.08750061340368,City of Batac,Ilocos Norte,Region I (Ilocos Region)
57,142.4270172,120.56250204418448,18.062500612555848,City of Batac,Ilocos Norte,Region I (Ilocos Region)
58,142.6317596,120.58750204460839,18.062500612555848,City of Batac,Ilocos Norte,Region I (Ilocos Region)
59,143.1789093,120.61250204503229,18.062500612555848,City of Batac,Ilocos Norte,Region I (Ilocos Region)
60,143.6353607,120.63750204545616,18.062500612555848,City of Batac,Ilocos Norte,Region I (Ilocos Region)
61,142.8174591,120.56250204418448,18.037500611708015,City of Batac,Ilocos Norte,Region I (Ilocos Region)
62,143.3438416,120.58750204460839,18.037500611708015,City of Batac,Ilocos Norte,Region I (Ilocos Region)
63,143.8833313,120.61250204503229,18.037500611708015,City of Batac,Ilocos Norte,Region I (Ilocos Region)
64,143.779953,120.63750204545616,18.037500611708015,City of Batac,Ilocos Norte,Region I (Ilocos Region)
65,144.6305542,120.5375020437606,18.01250061086019,City of Batac,Ilocos Norte,Region I (Ilocos Region)
66,144.2675476,120.56250204418448,18.01250061086019,City of Batac,Ilocos Norte,Region I (Ilocos Region)
67,143.5917664,120.58750204460839,18.01250061086019,City of Batac,Ilocos Norte,Region I (Ilocos Region)
68,143.966217,120.61250204503229,18.01250061086019,City of Batac,Ilocos Norte,Region I (Ilocos Region)
69,144.5939179,120.56250204418448,17.98750061001236,City of Batac,Ilocos Norte,Region I (Ilocos Region)
70,143.8304596,120.58750204460839,17.98750061001236,City of Batac,Ilocos Norte,Region I (Ilocos Region)
71,144.1906891,120.61250204503229,17.98750061001236,City of Batac,Ilocos Norte,Region I (Ilocos Region)
72,143.8496857,120.58750204460839,17.962500609164533,City of Batac,Ilocos Norte,Region I (Ilocos Region)
73,117.0475082,120.63750204545616,18.5375006286646,Burgos,Ilocos Norte,Region I (Ilocos Region)
74,120.6631317,120.58750204460839,18.512500627816767,Burgos,Ilocos Norte,Region I (Ilocos Region)
75,120.6873932,120.61250204503229,18.512500627816767,Burgos,Ilocos Norte,Region I (Ilocos Region)
76,119.5614471,120.63750204545616,18.512500627816767,Burgos,Ilocos Norte,Region I (Ilocos Region)
77,118.4758148,120.66250204588005,18.512500627816767,Burgos,Ilocos Norte,Region I (Ilocos Region)
78,118.403595,120.68750204630392,18.512500627816767,Burgos,Ilocos Norte,Region I (Ilocos Region)
79,122.6546478,120.58750204460839,18.48750062696893,Burgos,Ilocos Norte,Region I (Ilocos Region)
80,122.7304611,120.61250204503229,18.48750062696893,Burgos,Ilocos Norte,Region I (Ilocos Region)
81,121.9389496,120.63750204545616,18.48750062696893,Burgos,Ilocos Norte,Region I (Ilocos Region)
82,120.887291,120.66250204588005,18.48750062696893,Burgos,Ilocos Norte,Region I (Ilocos Region)
83,120.5018311,120.68750204630392,18.48750062696893,Burgos,Ilocos Norte,Region I (Ilocos Region)
84,124.6188965,120.61250204503229,18.46250062612111,Burgos,Ilocos Norte,Region I (Ilocos Region)
85,125.1237793,120.63750204545616,18.46250062612111,Burgos,Ilocos Norte,Region I (Ilocos Region)
86,124.6099854,120.66250204588005,18.46250062612111,Burgos,Ilocos Norte,Region I (Ilocos Region)
87,122.4653473,120.68750204630392,18.46250062612111,Burgos,Ilocos Norte,Region I (Ilocos Region)
88,127.1145401,120.63750204545616,18.43750062527328,Burgos,Ilocos Norte,Region I (Ilocos Region)
89,126.5924912,120.66250204588005,18.43750062527328,Burgos,Ilocos Norte,Region I (Ilocos Region)
90,127.8329163,120.68750204630392,18.43750062527328,Burgos,Ilocos Norte,Region I (Ilocos Region)
91,129.831665,120.66250204588005,18.412500624425448,Burgos,Ilocos Norte,Region I (Ilocos Region)
92,129.8673706,120.68750204630392,18.412500624425448,Burgos,Ilocos Norte,Region I (Ilocos Region)
93,108.0808411,120.88750204969504,18.287500620186307,Carasi,Ilocos Norte,Region I (Ilocos Region)
94,105.9268112,120.91250205011892,18.287500620186307,Carasi,Ilocos Norte,Region I (Ilocos Region)
95,126.4670334,120.83750204884724,18.26250061933848,Carasi,Ilocos Norte,Region I (Ilocos Region)
96,118.931694,120.86250204927114,18.26250061933848,Carasi,Ilocos Norte,Region I (Ilocos Region)
97,109.3580093,120.88750204969504,18.26250061933848,Carasi,Ilocos Norte,Region I (Ilocos Region)
98,106.2482529,120.91250205011892,18.26250061933848,Carasi,Ilocos Norte,Region I (Ilocos Region)
99,127.9739151,120.83750204884724,18.23750061849065,Carasi,Ilocos Norte,Region I (Ilocos Region)
100,120.2780457,120.86250204927114,18.23750061849065,Carasi,Ilocos Norte,Region I (Ilocos Region)
101,111.651886,120.88750204969504,18.23750061849065,Carasi,Ilocos Norte,Region I (Ilocos Region)
102,108.4980011,120.91250205011892,18.23750061849065,Carasi,Ilocos Norte,Region I (Ilocos Region)
103,132.3519135,120.83750204884724,18.21250061764282,Carasi,Ilocos Norte,Region I (Ilocos Region)
104,116.368782,120.86250204927114,18.21250061764282,Carasi,Ilocos Norte,Region I (Ilocos Region)
105,111.4564285,120.88750204969504,18.21250061764282,Carasi,Ilocos Norte,Region I (Ilocos Region)
106,109.2151489,120.91250205011892,18.21250061764282,Carasi,Ilocos Norte,Region I (Ilocos Region)
107,98.7249527,120.9375020505428,18.21250061764282,Carasi,Ilocos Norte,Region I (Ilocos Region)
108,134.3102264,120.81250204842338,18.187500616794992,Carasi,Ilocos Norte,Region I (Ilocos Region)
109,133.4996491,120.83750204884724,18.187500616794992,Carasi,Ilocos Norte,Region I (Ilocos Region)
110,117.3439865,120.86250204927114,18.187500616794992,Carasi,Ilocos Norte,Region I (Ilocos Region)
111,112.2463226,120.88750204969504,18.187500616794992,Carasi,Ilocos Norte,Region I (Ilocos Region)
112,135.0574493,120.81250204842338,18.162500615947163,Carasi,Ilocos Norte,Region I (Ilocos Region)
113,131.1330872,120.83750204884724,18.162500615947163,Carasi,Ilocos Norte,Region I (Ilocos Region)
114,123.1084976,120.86250204927114,18.162500615947163,Carasi,Ilocos Norte,Region I (Ilocos Region)
115,142.4147492,120.48750204291284,18.062500612555848,Currimao,Ilocos Norte,Region I (Ilocos Region)
116,143.5834198,120.48750204291284,18.037500611708015,Currimao,Ilocos Norte,Region I (Ilocos Region)
117,144.4080353,120.51250204333672,18.01250061086019,Currimao,Ilocos Norte,Region I (Ilocos Region)
118,144.6794128,120.51250204333672,17.98750061001236,Currimao,Ilocos Norte,Region I (Ilocos Region)
119,143.9081879,120.68750204630392,18.13750061509933,Dingras,Ilocos Norte,Region I (Ilocos Region)
120,144.2515564,120.71250204672782,18.13750061509933,Dingras,Ilocos Norte,Region I (Ilocos Region)
121,143.8480225,120.66250204588005,18.112500614251505,Dingras,Ilocos Norte,Region I (Ilocos Region)
122,144.0784149,120.68750204630392,18.112500614251505,Dingras,Ilocos Norte,Region I (Ilocos Region)
123,144.3363037,120.71250204672782,18.112500614251505,Dingras,Ilocos Norte,Region I (Ilocos Region)
124,143.9920654,120.66250204588005,18.08750061340368,Dingras,Ilocos Norte,Region I (Ilocos Region)
125,144.2118378,120.68750204630392,18.08750061340368,Dingras,Ilocos Norte,Region I (Ilocos Region)
126,144.4959564,120.71250204672782,18.08750061340368,Dingras,Ilocos Norte,Region I (Ilocos Region)
127,144.7507935,120.7375020471517,18.08750061340368,Dingras,Ilocos Norte,Region I (Ilocos Region)
128,144.6582794,120.71250204672782,18.062500612555848,Dingras,Ilocos Norte,Region I (Ilocos Region)
129,144.4857636,120.7375020471517,18.062500612555848,Dingras,Ilocos Norte,Region I (Ilocos Region)
130,144.2797699,120.7625020475756,18.062500612555848,Dingras,Ilocos Norte,Region I (Ilocos Region)
131,144.6327057,120.7375020471517,18.037500611708015,Dingras,Ilocos Norte,Region I (Ilocos Region)
132,144.4269257,120.7625020475756,18.037500611708015,Dingras,Ilocos Norte,Region I (Ilocos Region)
133,138.1861877,120.78750204799948,18.037500611708015,Dingras,Ilocos Norte,Region I (Ilocos Region)
134,142.3086853,120.7625020475756,18.01250061086019,Dingras,Ilocos Norte,Region I (Ilocos Region)
135,111.4271622,120.81250204842338,18.512500627816767,Dumalneg,Ilocos Norte,Region I (Ilocos Region)
136,110.5801392,120.83750204884724,18.512500627816767,Dumalneg,Ilocos Norte,Region I (Ilocos Region)
137,113.2194061,120.81250204842338,18.48750062696893,Dumalneg,Ilocos Norte,Region I (Ilocos Region)
138,112.7369537,120.83750204884724,18.48750062696893,Dumalneg,Ilocos Norte,Region I (Ilocos Region)
139,114.6401672,120.81250204842338,18.46250062612111,Dumalneg,Ilocos Norte,Region I (Ilocos Region)
140,113.3655167,120.83750204884724,18.46250062612111,Dumalneg,Ilocos Norte,Region I (Ilocos Region)
141,108.913559,120.86250204927114,18.46250062612111,Dumalneg,Ilocos Norte,Region I (Ilocos Region)
142,115.1493607,120.83750204884724,18.43750062527328,Dumalneg,Ilocos Norte,Region I (Ilocos Region)
143,110.635704,120.86250204927114,18.43750062527328,Dumalneg,Ilocos Norte,Region I (Ilocos Region)
144,143.2787781,120.63750204545616,18.01250061086019,Banna (Espiritu),Ilocos Norte,Region I (Ilocos Region)
145,143.5601807,120.63750204545616,17.98750061001236,Banna (Espiritu),Ilocos Norte,Region I (Ilocos Region)
146,144.8539429,120.66250204588005,17.98750061001236,Banna (Espiritu),Ilocos Norte,Region I (Ilocos Region)
147,145.0630951,120.68750204630392,17.98750061001236,Banna (Espiritu),Ilocos Norte,Region I (Ilocos Region)
148,144.3462067,120.61250204503229,17.962500609164533,Banna (Espiritu),Ilocos Norte,Region I (Ilocos Region)
149,144.6429138,120.63750204545616,17.962500609164533,Banna (Espiritu),Ilocos Norte,Region I (Ilocos Region)
150,144.2938843,120.66250204588005,17.962500609164533,Banna (Espiritu),Ilocos Norte,Region I (Ilocos Region)
151,144.938385,120.68750204630392,17.962500609164533,Banna (Espiritu),Ilocos Norte,Region I (Ilocos Region)
152,145.3386993,120.71250204672782,17.962500609164533,Banna (Espiritu),Ilocos Norte,Region I (Ilocos Region)
153,144.9714661,120.61250204503229,17.937500608316704,Banna (Espiritu),Ilocos Norte,Region I (Ilocos Region)
154,144.6768036,120.63750204545616,17.937500608316704,Banna (Espiritu),Ilocos Norte,Region I (Ilocos Region)
155,144.2871857,120.66250204588005,17.937500608316704,Banna (Espiritu),Ilocos Norte,Region I (Ilocos Region)
156,139.8812866,120.56250204418448,18.26250061933848,Laoag City (Capital),Ilocos Norte,Region I (Ilocos Region)
157,140.4566956,120.56250204418448,18.23750061849065,Laoag City (Capital),Ilocos Norte,Region I (Ilocos Region)
158,140.7251587,120.58750204460839,18.23750061849065,Laoag City (Capital),Ilocos Norte,Region I (Ilocos Region)
159,141.324585,120.5375020437606,18.21250061764282,Laoag City (Capital),Ilocos Norte,Region I (Ilocos Region)
160,141.366394,120.56250204418448,18.21250061764282,Laoag City (Capital),Ilocos Norte,Region I (Ilocos Region)
161,140.8197022,120.58750204460839,18.21250061764282,Laoag City (Capital),Ilocos Norte,Region I (Ilocos Region)
162,141.1904907,120.61250204503229,18.21250061764282,Laoag City (Capital),Ilocos Norte,Region I (Ilocos Region)
163,141.5904083,120.5375020437606,18.187500616794992,Laoag City (Capital),Ilocos Norte,Region I (Ilocos Region)
164,141.8400574,120.56250204418448,18.187500616794992,Laoag City (Capital),Ilocos Norte,Region I (Ilocos Region)
165,141.3916473,120.58750204460839,18.187500616794992,Laoag City (Capital),Ilocos Norte,Region I (Ilocos Region)
166,141.7785797,120.61250204503229,18.187500616794992,Laoag City (Capital),Ilocos Norte,Region I (Ilocos Region)
167,141.3484802,120.63750204545616,18.187500616794992,Laoag City (Capital),Ilocos Norte,Region I (Ilocos Region)
168,142.7198334,120.5375020437606,18.162500615947163,Laoag City (Capital),Ilocos Norte,Region I (Ilocos Region)
169,141.4499512,120.56250204418448,18.162500615947163,Laoag City (Capital),Ilocos Norte,Region I (Ilocos Region)
170,142.8125916,120.5375020437606,18.13750061509933,Laoag City (Capital),Ilocos Norte,Region I (Ilocos Region)
171,143.4278259,120.66250204588005,18.062500612555848,Marcos,Ilocos Norte,Region I (Ilocos Region)
172,144.2368622,120.68750204630392,18.062500612555848,Marcos,Ilocos Norte,Region I (Ilocos Region)
173,143.5299072,120.66250204588005,18.037500611708015,Marcos,Ilocos Norte,Region I (Ilocos Region)
174,144.7945862,120.68750204630392,18.037500611708015,Marcos,Ilocos Norte,Region I (Ilocos Region)
175,145.222168,120.71250204672782,18.037500611708015,Marcos,Ilocos Norte,Region I (Ilocos Region)
176,144.5839996,120.66250204588005,18.01250061086019,Marcos,Ilocos Norte,Region I (Ilocos Region)
177,144.862442,120.68750204630392,18.01250061086019,Marcos,Ilocos Norte,Region I (Ilocos Region)
178,145.1603394,120.71250204672782,18.01250061086019,Marcos,Ilocos Norte,Region I (Ilocos Region)
179,145.377655,120.7375020471517,18.01250061086019,Marcos,Ilocos Norte,Region I (Ilocos Region)
180,145.3522339,120.71250204672782,17.98750061001236,Marcos,Ilocos Norte,Region I (Ilocos Region)
181,145.6225586,120.7375020471517,17.98750061001236,Marcos,Ilocos Norte,Region I (Ilocos Region)
182,109.981842,120.91250205011892,18.187500616794992,Nueva Era,Ilocos Norte,Region I (Ilocos Region)
183,99.08905029,120.9375020505428,18.187500616794992,Nueva Era,Ilocos Norte,Region I (Ilocos Region)
184,85.00196838,120.96250205096668,18.187500616794992,Nueva Era,Ilocos Norte,Region I (Ilocos Region)
185,113.4520874,120.88750204969504,18.162500615947163,Nueva Era,Ilocos Norte,Region I (Ilocos Region)
186,110.2311173,120.91250205011892,18.162500615947163,Nueva Era,Ilocos Norte,Region I (Ilocos Region)
187,94.78852844,120.9375020505428,18.162500615947163,Nueva Era,Ilocos Norte,Region I (Ilocos Region)
188,123.3826218,120.86250204927114,18.13750061509933,Nueva Era,Ilocos Norte,Region I (Ilocos Region)
189,114.1449814,120.88750204969504,18.13750061509933,Nueva Era,Ilocos Norte,Region I (Ilocos Region)
190,110.9252777,120.91250205011892,18.13750061509933,Nueva Era,Ilocos Norte,Region I (Ilocos Region)
191,95.04257965,120.9375020505428,18.13750061509933,Nueva Era,Ilocos Norte,Region I (Ilocos Region)
192,118.4563675,120.86250204927114,18.112500614251505,Nueva Era,Ilocos Norte,Region I (Ilocos Region)
193,113.2569351,120.88750204969504,18.112500614251505,Nueva Era,Ilocos Norte,Region I (Ilocos Region)
194,110.9937363,120.91250205011892,18.112500614251505,Nueva Era,Ilocos Norte,Region I (Ilocos Region)
195,99.5786972,120.9375020505428,18.112500614251505,Nueva Era,Ilocos Norte,Region I (Ilocos Region)
196,134.7397614,120.83750204884724,18.08750061340368,Nueva Era,Ilocos Norte,Region I (Ilocos Region)
197,118.0690002,120.86250204927114,18.08750061340368,Nueva Era,Ilocos Norte,Region I (Ilocos Region)
198,112.8312378,120.88750204969504,18.08750061340368,Nueva Era,Ilocos Norte,Region I (Ilocos Region)
199,110.5939636,120.91250205011892,18.08750061340368,Nueva Era,Ilocos Norte,Region I (Ilocos Region)
200,130.9938507,120.83750204884724,18.062500612555848,Nueva Era,Ilocos Norte,Region I (Ilocos Region)
201,122.6219177,120.86250204927114,18.062500612555848,Nueva Era,Ilocos Norte,Region I (Ilocos Region)
202,113.2688217,120.88750204969504,18.062500612555848,Nueva Era,Ilocos Norte,Region I (Ilocos Region)
203,110.1259689,120.91250205011892,18.062500612555848,Nueva Era,Ilocos Norte,Region I (Ilocos Region)
204,134.8811493,120.81250204842338,18.037500611708015,Nueva Era,Ilocos Norte,Region I (Ilocos Region)
205,130.2261353,120.83750204884724,18.037500611708015,Nueva Era,Ilocos Norte,Region I (Ilocos Region)
206,121.7416687,120.86250204927114,18.037500611708015,Nueva Era,Ilocos Norte,Region I (Ilocos Region)
207,111.4137955,120.88750204969504,18.037500611708015,Nueva Era,Ilocos Norte,Region I (Ilocos Region)
208,108.2380142,120.91250205011892,18.037500611708015,Nueva Era,Ilocos Norte,Region I (Ilocos Region)
209,137.5862274,120.78750204799948,18.01250061086019,Nueva Era,Ilocos Norte,Region I (Ilocos Region)
210,134.6038055,120.81250204842338,18.01250061086019,Nueva Era,Ilocos Norte,Region I (Ilocos Region)
211,133.5369263,120.83750204884724,18.01250061086019,Nueva Era,Ilocos Norte,Region I (Ilocos Region)
212,115.457016,120.86250204927114,18.01250061086019,Nueva Era,Ilocos Norte,Region I (Ilocos Region)
213,109.994545,120.88750204969504,18.01250061086019,Nueva Era,Ilocos Norte,Region I (Ilocos Region)
214,107.6747665,120.91250205011892,18.01250061086019,Nueva Era,Ilocos Norte,Region I (Ilocos Region)
215,96.9012146,120.9375020505428,18.01250061086019,Nueva Era,Ilocos Norte,Region I (Ilocos Region)
216,142.4576111,120.7625020475756,17.98750061001236,Nueva Era,Ilocos Norte,Region I (Ilocos Region)
217,137.5817413,120.78750204799948,17.98750061001236,Nueva Era,Ilocos Norte,Region I (Ilocos Region)
218,134.4074554,120.81250204842338,17.98750061001236,Nueva Era,Ilocos Norte,Region I (Ilocos Region)
219,133.1303864,120.83750204884724,17.98750061001236,Nueva Era,Ilocos Norte,Region I (Ilocos Region)
220,114.9238586,120.86250204927114,17.98750061001236,Nueva Era,Ilocos Norte,Region I (Ilocos Region)
221,109.5156708,120.88750204969504,17.98750061001236,Nueva Era,Ilocos Norte,Region I (Ilocos Region)
222,107.0527725,120.91250205011892,17.98750061001236,Nueva Era,Ilocos Norte,Region I (Ilocos Region)
223,96.05229187,120.9375020505428,17.98750061001236,Nueva Era,Ilocos Norte,Region I (Ilocos Region)
224,144.8413086,120.7375020471517,17.962500609164533,Nueva Era,Ilocos Norte,Region I (Ilocos Region)
225,144.5098724,120.7625020475756,17.962500609164533,Nueva Era,Ilocos Norte,Region I (Ilocos Region)
226,137.3498077,120.78750204799948,17.962500609164533,Nueva Era,Ilocos Norte,Region I (Ilocos Region)
227,133.2696991,120.81250204842338,17.962500609164533,Nueva Era,Ilocos Norte,Region I (Ilocos Region)
228,127.3314667,120.83750204884724,17.962500609164533,Nueva Era,Ilocos Norte,Region I (Ilocos Region)
229,118.2491608,120.86250204927114,17.962500609164533,Nueva Era,Ilocos Norte,Region I (Ilocos Region)
230,108.4881439,120.88750204969504,17.962500609164533,Nueva Era,Ilocos Norte,Region I (Ilocos Region)
231,104.9391327,120.91250205011892,17.962500609164533,Nueva Era,Ilocos Norte,Region I (Ilocos Region)
232,145.2639923,120.68750204630392,17.937500608316704,Nueva Era,Ilocos Norte,Region I (Ilocos Region)
233,145.662262,120.71250204672782,17.937500608316704,Nueva Era,Ilocos Norte,Region I (Ilocos Region)
234,144.8235321,120.7375020471517,17.937500608316704,Nueva Era,Ilocos Norte,Region I (Ilocos Region)
235,144.4926453,120.7625020475756,17.937500608316704,Nueva Era,Ilocos Norte,Region I (Ilocos Region)
236,137.038147,120.78750204799948,17.937500608316704,Nueva Era,Ilocos Norte,Region I (Ilocos Region)
237,144.644104,120.58750204460839,17.912500607468875,Nueva Era,Ilocos Norte,Region I (Ilocos Region)
238,144.9639587,120.61250204503229,17.912500607468875,Nueva Era,Ilocos Norte,Region I (Ilocos Region)
239,144.0774078,120.63750204545616,17.912500607468875,Nueva Era,Ilocos Norte,Region I (Ilocos Region)
240,145.1131439,120.66250204588005,17.912500607468875,Nueva Era,Ilocos Norte,Region I (Ilocos Region)
241,145.3564758,120.68750204630392,17.912500607468875,Nueva Era,Ilocos Norte,Region I (Ilocos Region)
242,145.6416016,120.71250204672782,17.912500607468875,Nueva Era,Ilocos Norte,Region I (Ilocos Region)
243,145.87146,120.7375020471517,17.912500607468875,Nueva Era,Ilocos Norte,Region I (Ilocos Region)
244,142.3811188,120.7625020475756,17.912500607468875,Nueva Era,Ilocos Norte,Region I (Ilocos Region)
245,144.6808777,120.58750204460839,17.887500606621046,Nueva Era,Ilocos Norte,Region I (Ilocos Region)
246,144.9664002,120.61250204503229,17.887500606621046,Nueva Era,Ilocos Norte,Region I (Ilocos Region)
247,143.9525604,120.63750204545616,17.887500606621046,Nueva Era,Ilocos Norte,Region I (Ilocos Region)
248,144.9154511,120.66250204588005,17.887500606621046,Nueva Era,Ilocos Norte,Region I (Ilocos Region)
249,145.1494141,120.68750204630392,17.887500606621046,Nueva Era,Ilocos Norte,Region I (Ilocos Region)
250,145.4389038,120.71250204672782,17.887500606621046,Nueva Era,Ilocos Norte,Region I (Ilocos Region)
251,145.539917,120.56250204418448,17.862500605773217,Nueva Era,Ilocos Norte,Region I (Ilocos Region)
252,144.6408844,120.58750204460839,17.862500605773217,Nueva Era,Ilocos Norte,Region I (Ilocos Region)
253,145.0164642,120.61250204503229,17.862500605773217,Nueva Era,Ilocos Norte,Region I (Ilocos Region)
254,144.6025848,120.63750204545616,17.862500605773217,Nueva Era,Ilocos Norte,Region I (Ilocos Region)
255,144.0800629,120.66250204588005,17.862500605773217,Nueva Era,Ilocos Norte,Region I (Ilocos Region)
256,144.876236,120.68750204630392,17.862500605773217,Nueva Era,Ilocos Norte,Region I (Ilocos Region)
257,145.2874603,120.71250204672782,17.862500605773217,Nueva Era,Ilocos Norte,Region I (Ilocos Region)
258,145.2680206,120.56250204418448,17.83750060492539,Nueva Era,Ilocos Norte,Region I (Ilocos Region)
259,143.8993225,120.58750204460839,17.83750060492539,Nueva Era,Ilocos Norte,Region I (Ilocos Region)
260,144.2680512,120.61250204503229,17.83750060492539,Nueva Era,Ilocos Norte,Region I (Ilocos Region)
261,144.2882843,120.63750204545616,17.83750060492539,Nueva Era,Ilocos Norte,Region I (Ilocos Region)
262,143.767273,120.66250204588005,17.83750060492539,Nueva Era,Ilocos Norte,Region I (Ilocos Region)
263,144.2569275,120.68750204630392,17.83750060492539,Nueva Era,Ilocos Norte,Region I (Ilocos Region)
264,144.5022888,120.56250204418448,17.81250060407756,Nueva Era,Ilocos Norte,Region I (Ilocos Region)
265,143.1116333,120.58750204460839,17.81250060407756,Nueva Era,Ilocos Norte,Region I (Ilocos Region)
266,143.3811493,120.61250204503229,17.81250060407756,Nueva Era,Ilocos Norte,Region I (Ilocos Region)
267,98.85913086,120.83750204884724,18.63750063205591,Pagudpud,Ilocos Norte,Region I (Ilocos Region)
268,103.6618271,120.78750204799948,18.61250063120809,Pagudpud,Ilocos Norte,Region I (Ilocos Region)
269,102.6054382,120.81250204842338,18.61250063120809,Pagudpud,Ilocos Norte,Region I (Ilocos Region)
270,101.9617233,120.83750204884724,18.61250063120809,Pagudpud,Ilocos Norte,Region I (Ilocos Region)
271,96.73475647,120.86250204927114,18.61250063120809,Pagudpud,Ilocos Norte,Region I (Ilocos Region)
272,104.8178024,120.78750204799948,18.587500630360253,Pagudpud,Ilocos Norte,Region I (Ilocos Region)
273,103.6557465,120.81250204842338,18.587500630360253,Pagudpud,Ilocos Norte,Region I (Ilocos Region)
274,103.2581787,120.83750204884724,18.587500630360253,Pagudpud,Ilocos Norte,Region I (Ilocos Region)
275,97.86673737,120.86250204927114,18.587500630360253,Pagudpud,Ilocos Norte,Region I (Ilocos Region)
276,96.26859283,120.88750204969504,18.587500630360253,Pagudpud,Ilocos Norte,Region I (Ilocos Region)
277,106.1509781,120.78750204799948,18.562500629512424,Pagudpud,Ilocos Norte,Region I (Ilocos Region)
278,104.5602493,120.81250204842338,18.562500629512424,Pagudpud,Ilocos Norte,Region I (Ilocos Region)
279,103.7412872,120.83750204884724,18.562500629512424,Pagudpud,Ilocos Norte,Region I (Ilocos Region)
280,101.1320725,120.86250204927114,18.562500629512424,Pagudpud,Ilocos Norte,Region I (Ilocos Region)
281,96.7691803,120.88750204969504,18.562500629512424,Pagudpud,Ilocos Norte,Region I (Ilocos Region)
282,95.54793549,120.91250205011892,18.562500629512424,Pagudpud,Ilocos Norte,Region I (Ilocos Region)
283,90.55490875,120.96250205096668,18.562500629512424,Pagudpud,Ilocos Norte,Region I (Ilocos Region)
284,111.9548416,120.78750204799948,18.5375006286646,Pagudpud,Ilocos Norte,Region I (Ilocos Region)
285,110.2188721,120.81250204842338,18.5375006286646,Pagudpud,Ilocos Norte,Region I (Ilocos Region)
286,105.9080124,120.83750204884724,18.5375006286646,Pagudpud,Ilocos Norte,Region I (Ilocos Region)
287,102.9493866,120.86250204927114,18.5375006286646,Pagudpud,Ilocos Norte,Region I (Ilocos Region)
288,100.1616516,120.88750204969504,18.5375006286646,Pagudpud,Ilocos Norte,Region I (Ilocos Region)
289,98.79561615,120.91250205011892,18.5375006286646,Pagudpud,Ilocos Norte,Region I (Ilocos Region)
290,92.13518524,120.9375020505428,18.5375006286646,Pagudpud,Ilocos Norte,Region I (Ilocos Region)
291,90.59724426,120.96250205096668,18.5375006286646,Pagudpud,Ilocos Norte,Region I (Ilocos Region)
292,102.7055359,120.86250204927114,18.512500627816767,Pagudpud,Ilocos Norte,Region I (Ilocos Region)
293,100.771225,120.88750204969504,18.512500627816767,Pagudpud,Ilocos Norte,Region I (Ilocos Region)
294,89.33246613,120.96250205096668,18.512500627816767,Pagudpud,Ilocos Norte,Region I (Ilocos Region)
295,104.1223526,120.86250204927114,18.48750062696893,Pagudpud,Ilocos Norte,Region I (Ilocos Region)
296,142.2378388,120.51250204333672,18.112500614251505,Paoay,Ilocos Norte,Region I (Ilocos Region)
297,142.4939575,120.5375020437606,18.112500614251505,Paoay,Ilocos Norte,Region I (Ilocos Region)
298,142.4069824,120.48750204291284,18.08750061340368,Paoay,Ilocos Norte,Region I (Ilocos Region)
299,142.6761932,120.51250204333672,18.08750061340368,Paoay,Ilocos Norte,Region I (Ilocos Region)
300,142.9630127,120.5375020437606,18.08750061340368,Paoay,Ilocos Norte,Region I (Ilocos Region)
301,142.820221,120.51250204333672,18.062500612555848,Paoay,Ilocos Norte,Region I (Ilocos Region)
302,144.0069122,120.5375020437606,18.062500612555848,Paoay,Ilocos Norte,Region I (Ilocos Region)
303,143.9623413,120.51250204333672,18.037500611708015,Paoay,Ilocos Norte,Region I (Ilocos Region)
304,144.614975,120.5375020437606,18.037500611708015,Paoay,Ilocos Norte,Region I (Ilocos Region)
305,124.4702835,120.58750204460839,18.46250062612111,Pasuquin,Ilocos Norte,Region I (Ilocos Region)
306,129.2291107,120.58750204460839,18.43750062527328,Pasuquin,Ilocos Norte,Region I (Ilocos Region)
307,129.4142761,120.61250204503229,18.43750062527328,Pasuquin,Ilocos Norte,Region I (Ilocos Region)
308,131.3948822,120.61250204503229,18.412500624425448,Pasuquin,Ilocos Norte,Region I (Ilocos Region)
309,130.267807,120.63750204545616,18.412500624425448,Pasuquin,Ilocos Norte,Region I (Ilocos Region)
310,133.5961151,120.61250204503229,18.387500623577623,Pasuquin,Ilocos Norte,Region I (Ilocos Region)
311,132.812088,120.63750204545616,18.387500623577623,Pasuquin,Ilocos Norte,Region I (Ilocos Region)
312,132.4071808,120.66250204588005,18.387500623577623,Pasuquin,Ilocos Norte,Region I (Ilocos Region)
313,132.1313629,120.68750204630392,18.387500623577623,Pasuquin,Ilocos Norte,Region I (Ilocos Region)
314,134.4857636,120.61250204503229,18.362500622729797,Pasuquin,Ilocos Norte,Region I (Ilocos Region)
315,135.1655731,120.63750204545616,18.362500622729797,Pasuquin,Ilocos Norte,Region I (Ilocos Region)
316,134.6691284,120.66250204588005,18.362500622729797,Pasuquin,Ilocos Norte,Region I (Ilocos Region)
317,133.0551453,120.68750204630392,18.362500622729797,Pasuquin,Ilocos Norte,Region I (Ilocos Region)
318,138.1344605,120.61250204503229,18.337500621881965,Pasuquin,Ilocos Norte,Region I (Ilocos Region)
319,137.1458893,120.63750204545616,18.337500621881965,Pasuquin,Ilocos Norte,Region I (Ilocos Region)
320,136.6639252,120.66250204588005,18.337500621881965,Pasuquin,Ilocos Norte,Region I (Ilocos Region)
321,137.3421783,120.68750204630392,18.337500621881965,Pasuquin,Ilocos Norte,Region I (Ilocos Region)
322,138.9927979,120.61250204503229,18.312500621034136,Pasuquin,Ilocos Norte,Region I (Ilocos Region)
323,138.1196594,120.63750204545616,18.312500621034136,Pasuquin,Ilocos Norte,Region I (Ilocos Region)
324,138.3792267,120.66250204588005,18.312500621034136,Pasuquin,Ilocos Norte,Region I (Ilocos Region)
325,138.4086304,120.68750204630392,18.312500621034136,Pasuquin,Ilocos Norte,Region I (Ilocos Region)
326,135.7565613,120.78750204799948,18.23750061849065,Piddig,Ilocos Norte,Region I (Ilocos Region)
327,132.8227997,120.81250204842338,18.23750061849065,Piddig,Ilocos Norte,Region I (Ilocos Region)
328,139.5348511,120.7625020475756,18.21250061764282,Piddig,Ilocos Norte,Region I (Ilocos Region)
329,135.7390137,120.78750204799948,18.21250061764282,Piddig,Ilocos Norte,Region I (Ilocos Region)
330,133.2992249,120.81250204842338,18.21250061764282,Piddig,Ilocos Norte,Region I (Ilocos Region)
331,142.4602966,120.66250204588005,18.187500616794992,Piddig,Ilocos Norte,Region I (Ilocos Region)
332,142.6039429,120.68750204630392,18.187500616794992,Piddig,Ilocos Norte,Region I (Ilocos Region)
333,142.7968597,120.71250204672782,18.187500616794992,Piddig,Ilocos Norte,Region I (Ilocos Region)
334,142.9788666,120.7375020471517,18.187500616794992,Piddig,Ilocos Norte,Region I (Ilocos Region)
335,140.5346985,120.7625020475756,18.187500616794992,Piddig,Ilocos Norte,Region I (Ilocos Region)
336,136.6980591,120.78750204799948,18.187500616794992,Piddig,Ilocos Norte,Region I (Ilocos Region)
337,143.3716888,120.68750204630392,18.162500615947163,Piddig,Ilocos Norte,Region I (Ilocos Region)
338,143.685669,120.71250204672782,18.162500615947163,Piddig,Ilocos Norte,Region I (Ilocos Region)
339,143.4963226,120.7375020471517,18.162500615947163,Piddig,Ilocos Norte,Region I (Ilocos Region)
340,143.3167267,120.7625020475756,18.162500615947163,Piddig,Ilocos Norte,Region I (Ilocos Region)
341,137.8342285,120.78750204799948,18.162500615947163,Piddig,Ilocos Norte,Region I (Ilocos Region)
342,143.8157196,120.7375020471517,18.13750061509933,Piddig,Ilocos Norte,Region I (Ilocos Region)
343,143.6361237,120.7625020475756,18.13750061509933,Piddig,Ilocos Norte,Region I (Ilocos Region)
344,138.6058197,120.78750204799948,18.13750061509933,Piddig,Ilocos Norte,Region I (Ilocos Region)
345,144.9754028,120.5375020437606,17.98750061001236,Pinili,Ilocos Norte,Region I (Ilocos Region)
346,144.9671021,120.48750204291284,17.962500609164533,Pinili,Ilocos Norte,Region I (Ilocos Region)
347,145.2556152,120.51250204333672,17.962500609164533,Pinili,Ilocos Norte,Region I (Ilocos Region)
348,146.6158752,120.5375020437606,17.962500609164533,Pinili,Ilocos Norte,Region I (Ilocos Region)
349,144.2962647,120.56250204418448,17.962500609164533,Pinili,Ilocos Norte,Region I (Ilocos Region)
350,146.6754761,120.51250204333672,17.937500608316704,Pinili,Ilocos Norte,Region I (Ilocos Region)
351,147.2713776,120.5375020437606,17.937500608316704,Pinili,Ilocos Norte,Region I (Ilocos Region)
352,144.6755829,120.56250204418448,17.937500608316704,Pinili,Ilocos Norte,Region I (Ilocos Region)
353,144.4936523,120.58750204460839,17.937500608316704,Pinili,Ilocos Norte,Region I (Ilocos Region)
354,141.8805542,120.58750204460839,18.162500615947163,San Nicolas,Ilocos Norte,Region I (Ilocos Region)
355,142.4404144,120.61250204503229,18.162500615947163,San Nicolas,Ilocos Norte,Region I (Ilocos Region)
356,141.5417328,120.56250204418448,18.13750061509933,San Nicolas,Ilocos Norte,Region I (Ilocos Region)
357,142.1412964,120.58750204460839,18.13750061509933,San Nicolas,Ilocos Norte,Region I (Ilocos Region)
358,142.7046204,120.61250204503229,18.13750061509933,San Nicolas,Ilocos Norte,Region I (Ilocos Region)
359,142.8202972,120.61250204503229,18.112500614251505,San Nicolas,Ilocos Norte,Region I (Ilocos Region)
360,142.9068909,120.63750204545616,18.162500615947163,Sarrat,Ilocos Norte,Region I (Ilocos Region)
361,142.7500458,120.66250204588005,18.162500615947163,Sarrat,Ilocos Norte,Region I (Ilocos Region)
362,143.0214691,120.63750204545616,18.13750061509933,Sarrat,Ilocos Norte,Region I (Ilocos Region)
363,142.8643799,120.66250204588005,18.13750061509933,Sarrat,Ilocos Norte,Region I (Ilocos Region)
364,142.4237366,120.63750204545616,18.112500614251505,Sarrat,Ilocos Norte,Region I (Ilocos Region)
365,142.5889587,120.63750204545616,18.08750061340368,Sarrat,Ilocos Norte,Region I (Ilocos Region)
366,135.8185577,120.81250204842338,18.13750061509933,Solsona,Ilocos Norte,Region I (Ilocos Region)
367,131.4234772,120.83750204884724,18.13750061509933,Solsona,Ilocos Norte,Region I (Ilocos Region)
368,144.5316773,120.7375020471517,18.112500614251505,Solsona,Ilocos Norte,Region I (Ilocos Region)
369,142.3055115,120.7625020475756,18.112500614251505,Solsona,Ilocos Norte,Region I (Ilocos Region)
370,138.327301,120.78750204799948,18.112500614251505,Solsona,Ilocos Norte,Region I (Ilocos Region)
371,135.8438721,120.81250204842338,18.112500614251505,Solsona,Ilocos Norte,Region I (Ilocos Region)
372,134.9744873,120.83750204884724,18.112500614251505,Solsona,Ilocos Norte,Region I (Ilocos Region)
373,142.5041809,120.7625020475756,18.08750061340368,Solsona,Ilocos Norte,Region I (Ilocos Region)
374,138.2809753,120.78750204799948,18.08750061340368,Solsona,Ilocos Norte,Region I (Ilocos Region)
375,135.6554718,120.81250204842338,18.08750061340368,Solsona,Ilocos Norte,Region I (Ilocos Region)
376,138.5783081,120.78750204799948,18.062500612555848,Solsona,Ilocos Norte,Region I (Ilocos Region)
377,135.4417267,120.81250204842338,18.062500612555848,Solsona,Ilocos Norte,Region I (Ilocos Region)
378,124.7615814,120.7625020475756,18.43750062527328,Vintar,Ilocos Norte,Region I (Ilocos Region)
379,121.8433456,120.78750204799948,18.43750062527328,Vintar,Ilocos Norte,Region I (Ilocos Region)
380,119.6774445,120.81250204842338,18.43750062527328,Vintar,Ilocos Norte,Region I (Ilocos Region)
381,129.7104645,120.71250204672782,18.412500624425448,Vintar,Ilocos Norte,Region I (Ilocos Region)
382,129.4113312,120.7375020471517,18.412500624425448,Vintar,Ilocos Norte,Region I (Ilocos Region)
383,126.252594,120.7625020475756,18.412500624425448,Vintar,Ilocos Norte,Region I (Ilocos Region)
384,123.360199,120.78750204799948,18.412500624425448,Vintar,Ilocos Norte,Region I (Ilocos Region)
385,121.3645554,120.81250204842338,18.412500624425448,Vintar,Ilocos Norte,Region I (Ilocos Region)
386,120.4360123,120.83750204884724,18.412500624425448,Vintar,Ilocos Norte,Region I (Ilocos Region)
387,108.3425903,120.86250204927114,18.412500624425448,Vintar,Ilocos Norte,Region I (Ilocos Region)
388,132.0012054,120.71250204672782,18.387500623577623,Vintar,Ilocos Norte,Region I (Ilocos Region)
389,132.0636139,120.7375020471517,18.387500623577623,Vintar,Ilocos Norte,Region I (Ilocos Region)
390,128.8262482,120.7625020475756,18.387500623577623,Vintar,Ilocos Norte,Region I (Ilocos Region)
391,125.2562866,120.78750204799948,18.387500623577623,Vintar,Ilocos Norte,Region I (Ilocos Region)
392,123.0035934,120.81250204842338,18.387500623577623,Vintar,Ilocos Norte,Region I (Ilocos Region)
393,122.2279053,120.83750204884724,18.387500623577623,Vintar,Ilocos Norte,Region I (Ilocos Region)
394,109.1909638,120.86250204927114,18.387500623577623,Vintar,Ilocos Norte,Region I (Ilocos Region)
395,105.139595,120.88750204969504,18.387500623577623,Vintar,Ilocos Norte,Region I (Ilocos Region)
396,132.8933411,120.71250204672782,18.362500622729797,Vintar,Ilocos Norte,Region I (Ilocos Region)
397,133.1440125,120.7375020471517,18.362500622729797,Vintar,Ilocos Norte,Region I (Ilocos Region)
398,132.8343658,120.7625020475756,18.362500622729797,Vintar,Ilocos Norte,Region I (Ilocos Region)
399,126.3002625,120.78750204799948,18.362500622729797,Vintar,Ilocos Norte,Region I (Ilocos Region)
400,123.482132,120.81250204842338,18.362500622729797,Vintar,Ilocos Norte,Region I (Ilocos Region)
401,120.4302597,120.83750204884724,18.362500622729797,Vintar,Ilocos Norte,Region I (Ilocos Region)
402,114.1267548,120.86250204927114,18.362500622729797,Vintar,Ilocos Norte,Region I (Ilocos Region)
403,105.8853989,120.88750204969504,18.362500622729797,Vintar,Ilocos Norte,Region I (Ilocos Region)
404,103.1085358,120.91250205011892,18.362500622729797,Vintar,Ilocos Norte,Region I (Ilocos Region)
405,91.71810913,120.9375020505428,18.362500622729797,Vintar,Ilocos Norte,Region I (Ilocos Region)
406,137.2195587,120.71250204672782,18.337500621881965,Vintar,Ilocos Norte,Region I (Ilocos Region)
407,135.4109955,120.7375020471517,18.337500621881965,Vintar,Ilocos Norte,Region I (Ilocos Region)
408,135.0997315,120.7625020475756,18.337500621881965,Vintar,Ilocos Norte,Region I (Ilocos Region)
409,130.405304,120.78750204799948,18.337500621881965,Vintar,Ilocos Norte,Region I (Ilocos Region)
410,127.4436722,120.81250204842338,18.337500621881965,Vintar,Ilocos Norte,Region I (Ilocos Region)
411,122.1439972,120.83750204884724,18.337500621881965,Vintar,Ilocos Norte,Region I (Ilocos Region)
412,115.350502,120.86250204927114,18.337500621881965,Vintar,Ilocos Norte,Region I (Ilocos Region)
413,107.7019959,120.88750204969504,18.337500621881965,Vintar,Ilocos Norte,Region I (Ilocos Region)
414,104.812851,120.91250205011892,18.337500621881965,Vintar,Ilocos Norte,Region I (Ilocos Region)
415,138.3647003,120.71250204672782,18.312500621034136,Vintar,Ilocos Norte,Region I (Ilocos Region)
416,138.2545013,120.7375020471517,18.312500621034136,Vintar,Ilocos Norte,Region I (Ilocos Region)
417,134.9986572,120.7625020475756,18.312500621034136,Vintar,Ilocos Norte,Region I (Ilocos Region)
418,131.2095947,120.78750204799948,18.312500621034136,Vintar,Ilocos Norte,Region I (Ilocos Region)
419,128.6879578,120.81250204842338,18.312500621034136,Vintar,Ilocos Norte,Region I (Ilocos Region)
420,127.6091461,120.83750204884724,18.312500621034136,Vintar,Ilocos Norte,Region I (Ilocos Region)
421,112.1212997,120.86250204927114,18.312500621034136,Vintar,Ilocos Norte,Region I (Ilocos Region)
422,107.5539169,120.88750204969504,18.312500621034136,Vintar,Ilocos Norte,Region I (Ilocos Region)
423,105.471695,120.91250205011892,18.312500621034136,Vintar,Ilocos Norte,Region I (Ilocos Region)
424,138.8201141,120.68750204630392,18.287500620186307,Vintar,Ilocos Norte,Region I (Ilocos Region)
425,138.8542481,120.71250204672782,18.287500620186307,Vintar,Ilocos Norte,Region I (Ilocos Region)
426,138.9564056,120.7375020471517,18.287500620186307,Vintar,Ilocos Norte,Region I (Ilocos Region)
427,135.7532196,120.7625020475756,18.287500620186307,Vintar,Ilocos Norte,Region I (Ilocos Region)
428,131.7935791,120.78750204799948,18.287500620186307,Vintar,Ilocos Norte,Region I (Ilocos Region)
429,129.3002319,120.81250204842338,18.287500620186307,Vintar,Ilocos Norte,Region I (Ilocos Region)
430,128.4377136,120.83750204884724,18.287500620186307,Vintar,Ilocos Norte,Region I (Ilocos Region)
431,112.8870239,120.86250204927114,18.287500620186307,Vintar,Ilocos Norte,Region I (Ilocos Region)
432,139.9702301,120.66250204588005,18.26250061933848,Vintar,Ilocos Norte,Region I (Ilocos Region)
433,139.7545929,120.68750204630392,18.26250061933848,Vintar,Ilocos Norte,Region I (Ilocos Region)
434,139.864502,120.71250204672782,18.26250061933848,Vintar,Ilocos Norte,Region I (Ilocos Region)
435,139.6794434,120.7375020471517,18.26250061933848,Vintar,Ilocos Norte,Region I (Ilocos Region)
436,139.4344482,120.7625020475756,18.26250061933848,Vintar,Ilocos Norte,Region I (Ilocos Region)
437,133.1168213,120.78750204799948,18.26250061933848,Vintar,Ilocos Norte,Region I (Ilocos Region)
438,130.1680603,120.81250204842338,18.26250061933848,Vintar,Ilocos Norte,Region I (Ilocos Region)
439,141.2271576,120.63750204545616,18.23750061849065,Vintar,Ilocos Norte,Region I (Ilocos Region)
440,140.925705,120.66250204588005,18.23750061849065,Vintar,Ilocos Norte,Region I (Ilocos Region)
441,141.6706238,120.68750204630392,18.23750061849065,Vintar,Ilocos Norte,Region I (Ilocos Region)
442,141.8300324,120.71250204672782,18.23750061849065,Vintar,Ilocos Norte,Region I (Ilocos Region)
443,140.9764099,120.7375020471517,18.23750061849065,Vintar,Ilocos Norte,Region I (Ilocos Region)
444,140.7303925,120.7625020475756,18.23750061849065,Vintar,Ilocos Norte,Region I (Ilocos Region)
445,140.6256256,120.63750204545616,18.21250061764282,Vintar,Ilocos Norte,Region I (Ilocos Region)
446,141.6481476,120.66250204588005,18.21250061764282,Vintar,Ilocos Norte,Region I (Ilocos Region)
447,141.7818909,120.68750204630392,18.21250061764282,Vintar,Ilocos Norte,Region I (Ilocos Region)
448,141.9230042,120.71250204672782,18.21250061764282,Vintar,Ilocos Norte,Region I (Ilocos Region)
449,142.018631,120.7375020471517,18.21250061764282,Vintar,Ilocos Norte,Region I (Ilocos Region)
