unique id,value,lon,lat,municipality name,province name,region
1678,94.39174652,121.96250206792216,20.462500693947412,Basco (Capital),Batanes,Region II (Cagayan Valley)
1679,94.58457184,121.98750206834606,20.462500693947412,Basco (Capital),Batanes,Region II (Cagayan Valley)
1680,94.69854736,122.01250206876993,20.462500693947412,Basco (Capital),Batanes,Region II (Cagayan Valley)
1681,94.23174286,121.96250206792216,20.437500693099587,Basco (Capital),Batanes,Region II (Cagayan Valley)
1682,95.86959076,121.83750206580272,20.812500705817016,Itbayat,Batanes,Region II (Cagayan Valley)
1683,96.18810272,121.86250206622663,20.812500705817016,Itbayat,Batanes,Region II (Cagayan Valley)
1684,95.85778046,121.83750206580272,20.78750070496919,Itbayat,Batanes,Region II (Cagayan Valley)
1685,96.18138123,121.86250206622663,20.78750070496919,Itbayat,Batanes,Region II (Cagayan Valley)
1686,96.01302338,121.83750206580272,20.76250070412136,Itbayat,Batanes,Region II (Cagayan Valley)
1687,96.08203888,121.86250206622663,20.76250070412136,Itbayat,Batanes,Region II (Cagayan Valley)
1688,95.83504486,121.81250206537884,20.737500703273533,Itbayat,Batanes,Region II (Cagayan Valley)
1689,96.02600098,121.83750206580272,20.737500703273533,Itbayat,Batanes,Region II (Cagayan Valley)
1690,95.7907486,121.78750206495496,20.712500702425704,Itbayat,Batanes,Region II (Cagayan Valley)
1691,95.85490417,121.81250206537884,20.712500702425704,Itbayat,Batanes,Region II (Cagayan Valley)
1692,95.99539185,121.83750206580272,20.712500702425704,Itbayat,Batanes,Region II (Cagayan Valley)
1693,94.24217224,121.93750206749829,20.38750069140393,Ivana,Batanes,Region II (Cagayan Valley)
1694,94.0436554,121.96250206792216,20.38750069140393,Mahatao,Batanes,Region II (Cagayan Valley)
1695,94.96681976,121.86250206622663,20.33750068970827,Sabtang,Batanes,Region II (Cagayan Valley)
1696,95.19119263,121.81250206537884,20.31250068886044,Sabtang,Batanes,Region II (Cagayan Valley)
1697,94.67175293,121.86250206622663,20.31250068886044,Sabtang,Batanes,Region II (Cagayan Valley)
1698,94.54275513,121.88750206665053,20.31250068886044,Sabtang,Batanes,Region II (Cagayan Valley)
1699,94.82752228,121.86250206622663,20.287500688012614,Sabtang,Batanes,Region II (Cagayan Valley)
1700,95.23184967,121.86250206622663,20.262500687164785,Sabtang,Batanes,Region II (Cagayan Valley)
1701,94.03257751,121.93750206749829,20.3625006905561,Uyugan,Batanes,Region II (Cagayan Valley)
