unique id,value,lon,lat,municipality name,province name,region
4327,58.47788239,121.06250205266224,16.612500563381776,Ambaguio,Nueva Vizcaya,Region II (Cagayan Valley)
4328,58.4188118,121.08750205308613,16.612500563381776,Ambaguio,Nueva Vizcaya,Region II (Cagayan Valley)
4329,60.75878525,121.01250205181447,16.587500562533947,Ambaguio,Nueva Vizcaya,Region II (Cagayan Valley)
4330,60.6683197,121.03750205223837,16.587500562533947,Ambaguio,Nueva Vizcaya,Region II (Cagayan Valley)
4331,57.23984528,121.06250205266224,16.587500562533947,Ambaguio,Nueva Vizcaya,Region II (Cagayan Valley)
4332,57.22568893,121.08750205308613,16.587500562533947,Ambaguio,Nueva Vizcaya,Region II (Cagayan Valley)
4333,59.88825989,120.98750205139056,16.562500561686118,Ambaguio,Nueva Vizcaya,Region II (Cagayan Valley)
4334,60.30751801,121.01250205181447,16.562500561686118,Ambaguio,Nueva Vizcaya,Region II (Cagayan Valley)
4335,57.97078323,121.03750205223837,16.562500561686118,Ambaguio,Nueva Vizcaya,Region II (Cagayan Valley)
4336,57.62873459,121.06250205266224,16.562500561686118,Ambaguio,Nueva Vizcaya,Region II (Cagayan Valley)
4337,56.91113281,121.08750205308613,16.562500561686118,Ambaguio,Nueva Vizcaya,Region II (Cagayan Valley)
4338,59.63438034,121.01250205181447,16.53750056083829,Ambaguio,Nueva Vizcaya,Region II (Cagayan Valley)
4339,57.45218658,121.03750205223837,16.53750056083829,Ambaguio,Nueva Vizcaya,Region II (Cagayan Valley)
4340,57.11101913,121.06250205266224,16.53750056083829,Ambaguio,Nueva Vizcaya,Region II (Cagayan Valley)
4341,55.1895752,121.08750205308613,16.53750056083829,Ambaguio,Nueva Vizcaya,Region II (Cagayan Valley)
4342,59.77878571,121.01250205181447,16.51250055999046,Ambaguio,Nueva Vizcaya,Region II (Cagayan Valley)
4343,59.49094391,121.03750205223837,16.51250055999046,Ambaguio,Nueva Vizcaya,Region II (Cagayan Valley)
4344,55.08535767,121.06250205266224,16.51250055999046,Ambaguio,Nueva Vizcaya,Region II (Cagayan Valley)
4345,54.83294678,121.08750205308613,16.51250055999046,Ambaguio,Nueva Vizcaya,Region II (Cagayan Valley)
4346,59.72781372,121.01250205181447,16.48750055914263,Ambaguio,Nueva Vizcaya,Region II (Cagayan Valley)
4347,59.38884354,121.03750205223837,16.48750055914263,Ambaguio,Nueva Vizcaya,Region II (Cagayan Valley)
4348,54.91971588,121.06250205266224,16.48750055914263,Ambaguio,Nueva Vizcaya,Region II (Cagayan Valley)
4349,57.14731979,121.03750205223837,16.462500558294803,Ambaguio,Nueva Vizcaya,Region II (Cagayan Valley)
4350,56.7188797,121.06250205266224,16.462500558294803,Ambaguio,Nueva Vizcaya,Region II (Cagayan Valley)
4351,69.4519577,121.01250205181447,16.33750055405566,Aritao,Nueva Vizcaya,Region II (Cagayan Valley)
4352,73.19891357,120.98750205139056,16.31250055320783,Aritao,Nueva Vizcaya,Region II (Cagayan Valley)
4353,73.10431671,121.01250205181447,16.31250055320783,Aritao,Nueva Vizcaya,Region II (Cagayan Valley)
4354,72.45230865,121.03750205223837,16.31250055320783,Aritao,Nueva Vizcaya,Region II (Cagayan Valley)
4355,87.36138153,120.9375020505428,16.28750055236,Aritao,Nueva Vizcaya,Region II (Cagayan Valley)
4356,77.93454742,120.96250205096668,16.28750055236,Aritao,Nueva Vizcaya,Region II (Cagayan Valley)
4357,76.94515228,120.98750205139056,16.28750055236,Aritao,Nueva Vizcaya,Region II (Cagayan Valley)
4358,76.79325104,121.01250205181447,16.28750055236,Aritao,Nueva Vizcaya,Region II (Cagayan Valley)
4359,76.51712036,121.03750205223837,16.28750055236,Aritao,Nueva Vizcaya,Region II (Cagayan Valley)
4360,72.57271576,121.06250205266224,16.28750055236,Aritao,Nueva Vizcaya,Region II (Cagayan Valley)
4361,85.18953705,120.9375020505428,16.262500551512172,Aritao,Nueva Vizcaya,Region II (Cagayan Valley)
4362,82.94500732,120.96250205096668,16.262500551512172,Aritao,Nueva Vizcaya,Region II (Cagayan Valley)
4363,77.93756104,120.98750205139056,16.262500551512172,Aritao,Nueva Vizcaya,Region II (Cagayan Valley)
4364,77.52709198,121.01250205181447,16.262500551512172,Aritao,Nueva Vizcaya,Region II (Cagayan Valley)
4365,76.81365967,121.03750205223837,16.262500551512172,Aritao,Nueva Vizcaya,Region II (Cagayan Valley)
4366,76.48261261,121.06250205266224,16.262500551512172,Aritao,Nueva Vizcaya,Region II (Cagayan Valley)
4367,73.06246185,121.08750205308613,16.262500551512172,Aritao,Nueva Vizcaya,Region II (Cagayan Valley)
4368,89.09252167,120.9375020505428,16.237500550664343,Aritao,Nueva Vizcaya,Region II (Cagayan Valley)
4369,86.86719513,120.96250205096668,16.237500550664343,Aritao,Nueva Vizcaya,Region II (Cagayan Valley)
4370,85.62284851,120.98750205139056,16.237500550664343,Aritao,Nueva Vizcaya,Region II (Cagayan Valley)
4371,85.10127258,121.01250205181447,16.237500550664343,Aritao,Nueva Vizcaya,Region II (Cagayan Valley)
4372,80.87347412,121.03750205223837,16.237500550664343,Aritao,Nueva Vizcaya,Region II (Cagayan Valley)
4373,80.53694153,121.06250205266224,16.237500550664343,Aritao,Nueva Vizcaya,Region II (Cagayan Valley)
4374,80.40996552,121.08750205308613,16.237500550664343,Aritao,Nueva Vizcaya,Region II (Cagayan Valley)
4375,89.04232025,120.96250205096668,16.212500549816514,Aritao,Nueva Vizcaya,Region II (Cagayan Valley)
4376,88.56633759,120.98750205139056,16.212500549816514,Aritao,Nueva Vizcaya,Region II (Cagayan Valley)
4377,88.17216492,121.01250205181447,16.212500549816514,Aritao,Nueva Vizcaya,Region II (Cagayan Valley)
4378,87.42123413,121.03750205223837,16.212500549816514,Aritao,Nueva Vizcaya,Region II (Cagayan Valley)
4379,83.27018738,121.06250205266224,16.212500549816514,Aritao,Nueva Vizcaya,Region II (Cagayan Valley)
4380,82.93266296,121.08750205308613,16.212500549816514,Aritao,Nueva Vizcaya,Region II (Cagayan Valley)
4381,89.71193695,121.01250205181447,16.187500548968686,Aritao,Nueva Vizcaya,Region II (Cagayan Valley)
4382,89.49364471,121.03750205223837,16.187500548968686,Aritao,Nueva Vizcaya,Region II (Cagayan Valley)
4383,85.31797028,121.06250205266224,16.187500548968686,Aritao,Nueva Vizcaya,Region II (Cagayan Valley)
4384,84.42537689,121.08750205308613,16.187500548968686,Aritao,Nueva Vizcaya,Region II (Cagayan Valley)
4385,91.73801422,121.06250205266224,16.162500548120857,Aritao,Nueva Vizcaya,Region II (Cagayan Valley)
4386,87.14126587,121.08750205308613,16.162500548120857,Aritao,Nueva Vizcaya,Region II (Cagayan Valley)
4387,96.78423309,121.08750205308613,16.137500547273028,Aritao,Nueva Vizcaya,Region II (Cagayan Valley)
4388,95.51911163,121.11250205351,16.137500547273028,Aritao,Nueva Vizcaya,Region II (Cagayan Valley)
4389,79.65685272,121.18750205478167,16.637500564229605,Bagabag,Nueva Vizcaya,Region II (Cagayan Valley)
4390,81.43258667,121.21250205520556,16.637500564229605,Bagabag,Nueva Vizcaya,Region II (Cagayan Valley)
4391,85.34862518,121.23750205562946,16.637500564229605,Bagabag,Nueva Vizcaya,Region II (Cagayan Valley)
4392,85.57369232,121.26250205605332,16.637500564229605,Bagabag,Nueva Vizcaya,Region II (Cagayan Valley)
4393,83.93000031,121.28750205647722,16.637500564229605,Bagabag,Nueva Vizcaya,Region II (Cagayan Valley)
4394,78.42687988,121.21250205520556,16.612500563381776,Bagabag,Nueva Vizcaya,Region II (Cagayan Valley)
4395,79.55034637,121.23750205562946,16.612500563381776,Bagabag,Nueva Vizcaya,Region II (Cagayan Valley)
4396,81.35765839,121.26250205605332,16.612500563381776,Bagabag,Nueva Vizcaya,Region II (Cagayan Valley)
4397,80.84220123,121.28750205647722,16.612500563381776,Bagabag,Nueva Vizcaya,Region II (Cagayan Valley)
4398,83.48799133,121.31250205690112,16.612500563381776,Bagabag,Nueva Vizcaya,Region II (Cagayan Valley)
4399,75.52435303,121.21250205520556,16.587500562533947,Bagabag,Nueva Vizcaya,Region II (Cagayan Valley)
4400,76.18383789,121.23750205562946,16.587500562533947,Bagabag,Nueva Vizcaya,Region II (Cagayan Valley)
4401,77.84762573,121.26250205605332,16.587500562533947,Bagabag,Nueva Vizcaya,Region II (Cagayan Valley)
4402,77.6760788,121.28750205647722,16.587500562533947,Bagabag,Nueva Vizcaya,Region II (Cagayan Valley)
4403,80.24872589,121.31250205690112,16.587500562533947,Bagabag,Nueva Vizcaya,Region II (Cagayan Valley)
4404,75.18312073,121.23750205562946,16.562500561686118,Bagabag,Nueva Vizcaya,Region II (Cagayan Valley)
4405,75.2641983,121.26250205605332,16.562500561686118,Bagabag,Nueva Vizcaya,Region II (Cagayan Valley)
4406,76.73834229,121.28750205647722,16.562500561686118,Bagabag,Nueva Vizcaya,Region II (Cagayan Valley)
4407,79.02385712,121.31250205690112,16.562500561686118,Bagabag,Nueva Vizcaya,Region II (Cagayan Valley)
4408,72.26567078,121.26250205605332,16.53750056083829,Bagabag,Nueva Vizcaya,Region II (Cagayan Valley)
4409,58.03128815,121.03750205223837,16.437500557446974,Bambang,Nueva Vizcaya,Region II (Cagayan Valley)
4410,57.5995903,121.06250205266224,16.437500557446974,Bambang,Nueva Vizcaya,Region II (Cagayan Valley)
4411,56.54291916,121.08750205308613,16.437500557446974,Bambang,Nueva Vizcaya,Region II (Cagayan Valley)
4412,62.10217667,121.01250205181447,16.412500556599145,Bambang,Nueva Vizcaya,Region II (Cagayan Valley)
4413,61.5737648,121.03750205223837,16.412500556599145,Bambang,Nueva Vizcaya,Region II (Cagayan Valley)
4414,57.21448898,121.06250205266224,16.412500556599145,Bambang,Nueva Vizcaya,Region II (Cagayan Valley)
4415,57.01674652,121.08750205308613,16.412500556599145,Bambang,Nueva Vizcaya,Region II (Cagayan Valley)
4416,56.64942169,121.11250205351,16.412500556599145,Bambang,Nueva Vizcaya,Region II (Cagayan Valley)
4417,56.22660065,121.1375020539339,16.412500556599145,Bambang,Nueva Vizcaya,Region II (Cagayan Valley)
4418,62.5361824,121.16250205435777,16.412500556599145,Bambang,Nueva Vizcaya,Region II (Cagayan Valley)
4419,66.04988861,121.18750205478167,16.412500556599145,Bambang,Nueva Vizcaya,Region II (Cagayan Valley)
4420,64.24597168,121.01250205181447,16.387500555751316,Bambang,Nueva Vizcaya,Region II (Cagayan Valley)
4421,63.84669113,121.03750205223837,16.387500555751316,Bambang,Nueva Vizcaya,Region II (Cagayan Valley)
4422,59.46905518,121.06250205266224,16.387500555751316,Bambang,Nueva Vizcaya,Region II (Cagayan Valley)
4423,59.13065338,121.08750205308613,16.387500555751316,Bambang,Nueva Vizcaya,Region II (Cagayan Valley)
4424,58.85596848,121.11250205351,16.387500555751316,Bambang,Nueva Vizcaya,Region II (Cagayan Valley)
4425,58.74876404,121.1375020539339,16.387500555751316,Bambang,Nueva Vizcaya,Region II (Cagayan Valley)
4426,64.0391922,121.16250205435777,16.387500555751316,Bambang,Nueva Vizcaya,Region II (Cagayan Valley)
4427,66.06301117,121.01250205181447,16.362500554903487,Bambang,Nueva Vizcaya,Region II (Cagayan Valley)
4428,64.17362213,121.03750205223837,16.362500554903487,Bambang,Nueva Vizcaya,Region II (Cagayan Valley)
4429,63.84538651,121.06250205266224,16.362500554903487,Bambang,Nueva Vizcaya,Region II (Cagayan Valley)
4430,61.22044754,121.08750205308613,16.362500554903487,Bambang,Nueva Vizcaya,Region II (Cagayan Valley)
4431,60.90787125,121.11250205351,16.362500554903487,Bambang,Nueva Vizcaya,Region II (Cagayan Valley)
4432,61.18396378,121.1375020539339,16.362500554903487,Bambang,Nueva Vizcaya,Region II (Cagayan Valley)
4433,66.36428833,121.16250205435777,16.362500554903487,Bambang,Nueva Vizcaya,Region II (Cagayan Valley)
4434,65.8520813,121.03750205223837,16.33750055405566,Bambang,Nueva Vizcaya,Region II (Cagayan Valley)
4435,65.52413177,121.06250205266224,16.33750055405566,Bambang,Nueva Vizcaya,Region II (Cagayan Valley)
4436,65.39590454,121.08750205308613,16.33750055405566,Bambang,Nueva Vizcaya,Region II (Cagayan Valley)
4437,62.78756714,121.1375020539339,16.33750055405566,Bambang,Nueva Vizcaya,Region II (Cagayan Valley)
4438,68.10663605,121.16250205435777,16.33750055405566,Bambang,Nueva Vizcaya,Region II (Cagayan Valley)
4439,54.89209747,121.11250205351,16.53750056083829,Bayombong (Capital),Nueva Vizcaya,Region II (Cagayan Valley)
4440,54.56727219,121.11250205351,16.51250055999046,Bayombong (Capital),Nueva Vizcaya,Region II (Cagayan Valley)
4441,54.38853073,121.1375020539339,16.51250055999046,Bayombong (Capital),Nueva Vizcaya,Region II (Cagayan Valley)
4442,63.14581299,121.16250205435777,16.51250055999046,Bayombong (Capital),Nueva Vizcaya,Region II (Cagayan Valley)
4443,54.6504097,121.08750205308613,16.48750055914263,Bayombong (Capital),Nueva Vizcaya,Region II (Cagayan Valley)
4444,54.28800964,121.11250205351,16.48750055914263,Bayombong (Capital),Nueva Vizcaya,Region II (Cagayan Valley)
4445,53.94515228,121.1375020539339,16.48750055914263,Bayombong (Capital),Nueva Vizcaya,Region II (Cagayan Valley)
4446,62.49428558,121.16250205435777,16.48750055914263,Bayombong (Capital),Nueva Vizcaya,Region II (Cagayan Valley)
4447,66.78675842,121.18750205478167,16.48750055914263,Bayombong (Capital),Nueva Vizcaya,Region II (Cagayan Valley)
4448,55.00101852,121.08750205308613,16.462500558294803,Bayombong (Capital),Nueva Vizcaya,Region II (Cagayan Valley)
4449,54.41270065,121.11250205351,16.462500558294803,Bayombong (Capital),Nueva Vizcaya,Region II (Cagayan Valley)
4450,53.38719559,121.1375020539339,16.462500558294803,Bayombong (Capital),Nueva Vizcaya,Region II (Cagayan Valley)
4451,60.82924271,121.16250205435777,16.462500558294803,Bayombong (Capital),Nueva Vizcaya,Region II (Cagayan Valley)
4452,65.79429626,121.18750205478167,16.462500558294803,Bayombong (Capital),Nueva Vizcaya,Region II (Cagayan Valley)
4453,66.26961517,121.21250205520556,16.462500558294803,Bayombong (Capital),Nueva Vizcaya,Region II (Cagayan Valley)
4454,55.95031357,121.11250205351,16.437500557446974,Bayombong (Capital),Nueva Vizcaya,Region II (Cagayan Valley)
4455,54.24478912,121.1375020539339,16.437500557446974,Bayombong (Capital),Nueva Vizcaya,Region II (Cagayan Valley)
4456,61.21921539,121.16250205435777,16.437500557446974,Bayombong (Capital),Nueva Vizcaya,Region II (Cagayan Valley)
4457,65.37468719,121.18750205478167,16.437500557446974,Bayombong (Capital),Nueva Vizcaya,Region II (Cagayan Valley)
4458,65.67925262,121.21250205520556,16.437500557446974,Bayombong (Capital),Nueva Vizcaya,Region II (Cagayan Valley)
4459,101.4033051,121.337502057325,16.73750056762092,Diadi,Nueva Vizcaya,Region II (Cagayan Valley)
4460,101.3355408,121.36250205774888,16.73750056762092,Diadi,Nueva Vizcaya,Region II (Cagayan Valley)
4461,99.39643097,121.337502057325,16.71250056677309,Diadi,Nueva Vizcaya,Region II (Cagayan Valley)
4462,98.67988586,121.36250205774888,16.71250056677309,Diadi,Nueva Vizcaya,Region II (Cagayan Valley)
4463,94.87462616,121.31250205690112,16.687500565925262,Diadi,Nueva Vizcaya,Region II (Cagayan Valley)
4464,96.02716064,121.337502057325,16.687500565925262,Diadi,Nueva Vizcaya,Region II (Cagayan Valley)
4465,95.33255005,121.36250205774888,16.687500565925262,Diadi,Nueva Vizcaya,Region II (Cagayan Valley)
4466,96.81195068,121.38750205817276,16.687500565925262,Diadi,Nueva Vizcaya,Region II (Cagayan Valley)
4467,92.18759918,121.31250205690112,16.662500565077433,Diadi,Nueva Vizcaya,Region II (Cagayan Valley)
4468,91.6651001,121.337502057325,16.662500565077433,Diadi,Nueva Vizcaya,Region II (Cagayan Valley)
4469,91.6120224,121.36250205774888,16.662500565077433,Diadi,Nueva Vizcaya,Region II (Cagayan Valley)
4470,94.42552948,121.38750205817276,16.662500565077433,Diadi,Nueva Vizcaya,Region II (Cagayan Valley)
4471,86.46710968,121.31250205690112,16.637500564229605,Diadi,Nueva Vizcaya,Region II (Cagayan Valley)
4472,89.10900879,121.337502057325,16.637500564229605,Diadi,Nueva Vizcaya,Region II (Cagayan Valley)
4473,89.05549622,121.36250205774888,16.637500564229605,Diadi,Nueva Vizcaya,Region II (Cagayan Valley)
4474,88.93882751,121.38750205817276,16.637500564229605,Diadi,Nueva Vizcaya,Region II (Cagayan Valley)
4475,89.84629059,121.41250205859664,16.637500564229605,Diadi,Nueva Vizcaya,Region II (Cagayan Valley)
4476,84.78035736,121.337502057325,16.612500563381776,Diadi,Nueva Vizcaya,Region II (Cagayan Valley)
4477,84.53481293,121.36250205774888,16.612500563381776,Diadi,Nueva Vizcaya,Region II (Cagayan Valley)
4478,86.28483582,121.38750205817276,16.612500563381776,Diadi,Nueva Vizcaya,Region II (Cagayan Valley)
4479,81.03504944,121.337502057325,16.587500562533947,Diadi,Nueva Vizcaya,Region II (Cagayan Valley)
4480,80.84375763,121.36250205774888,16.587500562533947,Diadi,Nueva Vizcaya,Region II (Cagayan Valley)
4481,83.39045715,121.38750205817276,16.587500562533947,Diadi,Nueva Vizcaya,Region II (Cagayan Valley)
4482,77.85631561,121.337502057325,16.562500561686118,Diadi,Nueva Vizcaya,Region II (Cagayan Valley)
4483,77.87059784,121.36250205774888,16.562500561686118,Diadi,Nueva Vizcaya,Region II (Cagayan Valley)
4484,82.20761871,121.38750205817276,16.562500561686118,Diadi,Nueva Vizcaya,Region II (Cagayan Valley)
4485,76.11396027,121.38750205817276,16.53750056083829,Diadi,Nueva Vizcaya,Region II (Cagayan Valley)
4486,65.07215881,121.11250205351,16.33750055405566,Dupax del Norte,Nueva Vizcaya,Region II (Cagayan Valley)
4487,68.53585815,121.08750205308613,16.31250055320783,Dupax del Norte,Nueva Vizcaya,Region II (Cagayan Valley)
4488,68.22003937,121.11250205351,16.31250055320783,Dupax del Norte,Nueva Vizcaya,Region II (Cagayan Valley)
4489,67.79524231,121.1375020539339,16.31250055320783,Dupax del Norte,Nueva Vizcaya,Region II (Cagayan Valley)
4490,69.532341,121.16250205435777,16.31250055320783,Dupax del Norte,Nueva Vizcaya,Region II (Cagayan Valley)
4491,71.11708069,121.18750205478167,16.31250055320783,Dupax del Norte,Nueva Vizcaya,Region II (Cagayan Valley)
4492,71.31166077,121.1375020539339,16.28750055236,Dupax del Norte,Nueva Vizcaya,Region II (Cagayan Valley)
4493,71.38898468,121.16250205435777,16.28750055236,Dupax del Norte,Nueva Vizcaya,Region II (Cagayan Valley)
4494,71.92292023,121.18750205478167,16.28750055236,Dupax del Norte,Nueva Vizcaya,Region II (Cagayan Valley)
4495,71.29524994,121.21250205520556,16.28750055236,Dupax del Norte,Nueva Vizcaya,Region II (Cagayan Valley)
4496,72.7009964,121.18750205478167,16.262500551512172,Dupax del Norte,Nueva Vizcaya,Region II (Cagayan Valley)
4497,71.69245911,121.21250205520556,16.262500551512172,Dupax del Norte,Nueva Vizcaya,Region II (Cagayan Valley)
4498,70.8997345,121.23750205562946,16.262500551512172,Dupax del Norte,Nueva Vizcaya,Region II (Cagayan Valley)
4499,70.64477539,121.26250205605332,16.262500551512172,Dupax del Norte,Nueva Vizcaya,Region II (Cagayan Valley)
4500,77.14888,121.18750205478167,16.237500550664343,Dupax del Norte,Nueva Vizcaya,Region II (Cagayan Valley)
4501,76.0526123,121.21250205520556,16.237500550664343,Dupax del Norte,Nueva Vizcaya,Region II (Cagayan Valley)
4502,72.2348938,121.23750205562946,16.237500550664343,Dupax del Norte,Nueva Vizcaya,Region II (Cagayan Valley)
4503,71.98046875,121.26250205605332,16.237500550664343,Dupax del Norte,Nueva Vizcaya,Region II (Cagayan Valley)
4504,71.64182281,121.28750205647722,16.237500550664343,Dupax del Norte,Nueva Vizcaya,Region II (Cagayan Valley)
4505,77.04634857,121.21250205520556,16.212500549816514,Dupax del Norte,Nueva Vizcaya,Region II (Cagayan Valley)
4506,76.17411804,121.23750205562946,16.212500549816514,Dupax del Norte,Nueva Vizcaya,Region II (Cagayan Valley)
4507,72.45677948,121.26250205605332,16.212500549816514,Dupax del Norte,Nueva Vizcaya,Region II (Cagayan Valley)
4508,72.19263458,121.28750205647722,16.212500549816514,Dupax del Norte,Nueva Vizcaya,Region II (Cagayan Valley)
4509,78.23532867,121.21250205520556,16.187500548968686,Dupax del Norte,Nueva Vizcaya,Region II (Cagayan Valley)
4510,77.69161987,121.23750205562946,16.187500548968686,Dupax del Norte,Nueva Vizcaya,Region II (Cagayan Valley)
4511,73.86753845,121.26250205605332,16.187500548968686,Dupax del Norte,Nueva Vizcaya,Region II (Cagayan Valley)
4512,73.16183472,121.28750205647722,16.187500548968686,Dupax del Norte,Nueva Vizcaya,Region II (Cagayan Valley)
4513,77.69468689,121.26250205605332,16.162500548120857,Dupax del Norte,Nueva Vizcaya,Region II (Cagayan Valley)
4514,73.25835419,121.31250205690112,16.162500548120857,Dupax del Norte,Nueva Vizcaya,Region II (Cagayan Valley)
4515,79.93869781,121.26250205605332,16.137500547273028,Dupax del Norte,Nueva Vizcaya,Region II (Cagayan Valley)
4516,79.07636261,121.28750205647722,16.1125005464252,Dupax del Norte,Nueva Vizcaya,Region II (Cagayan Valley)
4517,80.0718689,121.28750205647722,16.08750054557737,Dupax del Norte,Nueva Vizcaya,Region II (Cagayan Valley)
4518,78.12086487,121.31250205690112,16.08750054557737,Dupax del Norte,Nueva Vizcaya,Region II (Cagayan Valley)
4519,77.85713196,121.31250205690112,16.06250054472954,Dupax del Norte,Nueva Vizcaya,Region II (Cagayan Valley)
4520,75.26298523,121.337502057325,16.06250054472954,Dupax del Norte,Nueva Vizcaya,Region II (Cagayan Valley)
4521,74.84224701,121.36250205774888,16.06250054472954,Dupax del Norte,Nueva Vizcaya,Region II (Cagayan Valley)
4522,83.0294342,121.31250205690112,16.037500543881713,Dupax del Norte,Nueva Vizcaya,Region II (Cagayan Valley)
4523,76.84824371,121.337502057325,16.037500543881713,Dupax del Norte,Nueva Vizcaya,Region II (Cagayan Valley)
4524,68.62107849,121.06250205266224,16.31250055320783,Dupax del Sur,Nueva Vizcaya,Region II (Cagayan Valley)
4525,72.00049591,121.08750205308613,16.28750055236,Dupax del Sur,Nueva Vizcaya,Region II (Cagayan Valley)
4526,71.5322876,121.11250205351,16.28750055236,Dupax del Sur,Nueva Vizcaya,Region II (Cagayan Valley)
4527,72.29572296,121.11250205351,16.262500551512172,Dupax del Sur,Nueva Vizcaya,Region II (Cagayan Valley)
4528,72.13721466,121.1375020539339,16.262500551512172,Dupax del Sur,Nueva Vizcaya,Region II (Cagayan Valley)
4529,74.49794006,121.16250205435777,16.262500551512172,Dupax del Sur,Nueva Vizcaya,Region II (Cagayan Valley)
4530,79.53565216,121.11250205351,16.237500550664343,Dupax del Sur,Nueva Vizcaya,Region II (Cagayan Valley)
4531,75.47068787,121.1375020539339,16.237500550664343,Dupax del Sur,Nueva Vizcaya,Region II (Cagayan Valley)
4532,76.87826538,121.16250205435777,16.237500550664343,Dupax del Sur,Nueva Vizcaya,Region II (Cagayan Valley)
4533,82.24188995,121.11250205351,16.212500549816514,Dupax del Sur,Nueva Vizcaya,Region II (Cagayan Valley)
4534,81.44261169,121.1375020539339,16.212500549816514,Dupax del Sur,Nueva Vizcaya,Region II (Cagayan Valley)
4535,78.02409363,121.16250205435777,16.212500549816514,Dupax del Sur,Nueva Vizcaya,Region II (Cagayan Valley)
4536,77.8651886,121.18750205478167,16.212500549816514,Dupax del Sur,Nueva Vizcaya,Region II (Cagayan Valley)
4537,83.63565826,121.11250205351,16.187500548968686,Dupax del Sur,Nueva Vizcaya,Region II (Cagayan Valley)
4538,83.20579529,121.1375020539339,16.187500548968686,Dupax del Sur,Nueva Vizcaya,Region II (Cagayan Valley)
4539,79.72792816,121.16250205435777,16.187500548968686,Dupax del Sur,Nueva Vizcaya,Region II (Cagayan Valley)
4540,79.12143707,121.18750205478167,16.187500548968686,Dupax del Sur,Nueva Vizcaya,Region II (Cagayan Valley)
4541,85.9400177,121.11250205351,16.162500548120857,Dupax del Sur,Nueva Vizcaya,Region II (Cagayan Valley)
4542,85.42119598,121.1375020539339,16.162500548120857,Dupax del Sur,Nueva Vizcaya,Region II (Cagayan Valley)
4543,84.8538208,121.16250205435777,16.162500548120857,Dupax del Sur,Nueva Vizcaya,Region II (Cagayan Valley)
4544,80.30387878,121.18750205478167,16.162500548120857,Dupax del Sur,Nueva Vizcaya,Region II (Cagayan Valley)
4545,79.01118469,121.21250205520556,16.162500548120857,Dupax del Sur,Nueva Vizcaya,Region II (Cagayan Valley)
4546,78.09111023,121.23750205562946,16.162500548120857,Dupax del Sur,Nueva Vizcaya,Region II (Cagayan Valley)
4547,89.82688141,121.1375020539339,16.137500547273028,Dupax del Sur,Nueva Vizcaya,Region II (Cagayan Valley)
4548,88.30678558,121.16250205435777,16.137500547273028,Dupax del Sur,Nueva Vizcaya,Region II (Cagayan Valley)
4549,87.10180664,121.18750205478167,16.137500547273028,Dupax del Sur,Nueva Vizcaya,Region II (Cagayan Valley)
4550,85.69673157,121.21250205520556,16.137500547273028,Dupax del Sur,Nueva Vizcaya,Region II (Cagayan Valley)
4551,80.33491516,121.23750205562946,16.137500547273028,Dupax del Sur,Nueva Vizcaya,Region II (Cagayan Valley)
4552,96.29992676,121.1375020539339,16.1125005464252,Dupax del Sur,Nueva Vizcaya,Region II (Cagayan Valley)
4553,89.51152802,121.16250205435777,16.1125005464252,Dupax del Sur,Nueva Vizcaya,Region II (Cagayan Valley)
4554,88.33531189,121.18750205478167,16.1125005464252,Dupax del Sur,Nueva Vizcaya,Region II (Cagayan Valley)
4555,87.20594025,121.21250205520556,16.1125005464252,Dupax del Sur,Nueva Vizcaya,Region II (Cagayan Valley)
4556,86.01541138,121.23750205562946,16.1125005464252,Dupax del Sur,Nueva Vizcaya,Region II (Cagayan Valley)
4557,79.77667236,121.26250205605332,16.1125005464252,Dupax del Sur,Nueva Vizcaya,Region II (Cagayan Valley)
4558,90.01296997,121.18750205478167,16.08750054557737,Dupax del Sur,Nueva Vizcaya,Region II (Cagayan Valley)
4559,88.6603241,121.21250205520556,16.08750054557737,Dupax del Sur,Nueva Vizcaya,Region II (Cagayan Valley)
4560,87.78930664,121.23750205562946,16.08750054557737,Dupax del Sur,Nueva Vizcaya,Region II (Cagayan Valley)
4561,81.32983398,121.26250205605332,16.08750054557737,Dupax del Sur,Nueva Vizcaya,Region II (Cagayan Valley)
4562,91.65473175,121.18750205478167,16.06250054472954,Dupax del Sur,Nueva Vizcaya,Region II (Cagayan Valley)
4563,89.58797455,121.21250205520556,16.06250054472954,Dupax del Sur,Nueva Vizcaya,Region II (Cagayan Valley)
4564,87.53501129,121.23750205562946,16.06250054472954,Dupax del Sur,Nueva Vizcaya,Region II (Cagayan Valley)
4565,86.83672333,121.26250205605332,16.06250054472954,Dupax del Sur,Nueva Vizcaya,Region II (Cagayan Valley)
4566,81.14098358,121.28750205647722,16.06250054472954,Dupax del Sur,Nueva Vizcaya,Region II (Cagayan Valley)
4567,96.5295105,121.21250205520556,16.037500543881713,Dupax del Sur,Nueva Vizcaya,Region II (Cagayan Valley)
4568,90.10235596,121.23750205562946,16.037500543881713,Dupax del Sur,Nueva Vizcaya,Region II (Cagayan Valley)
4569,89.40410614,121.26250205605332,16.037500543881713,Dupax del Sur,Nueva Vizcaya,Region II (Cagayan Valley)
4570,86.53261566,121.28750205647722,16.037500543881713,Dupax del Sur,Nueva Vizcaya,Region II (Cagayan Valley)
4571,98.6387558,121.21250205520556,16.012500543033884,Dupax del Sur,Nueva Vizcaya,Region II (Cagayan Valley)
4572,97.20050812,121.23750205562946,16.012500543033884,Dupax del Sur,Nueva Vizcaya,Region II (Cagayan Valley)
4573,100.7055206,121.21250205520556,15.987500542186051,Dupax del Sur,Nueva Vizcaya,Region II (Cagayan Valley)
4574,99.76958466,121.23750205562946,15.987500542186051,Dupax del Sur,Nueva Vizcaya,Region II (Cagayan Valley)
4575,101.5632935,121.21250205520556,15.962500541338226,Dupax del Sur,Nueva Vizcaya,Region II (Cagayan Valley)
4576,99.00397491,121.23750205562946,15.962500541338226,Dupax del Sur,Nueva Vizcaya,Region II (Cagayan Valley)
4577,106.6570816,121.21250205520556,15.937500540490396,Dupax del Sur,Nueva Vizcaya,Region II (Cagayan Valley)
4578,108.2233582,121.21250205520556,15.912500539642568,Dupax del Sur,Nueva Vizcaya,Region II (Cagayan Valley)
4579,65.71327209,121.36250205774888,16.437500557446974,Kasibu,Nueva Vizcaya,Region II (Cagayan Valley)
4580,69.16532898,121.38750205817276,16.437500557446974,Kasibu,Nueva Vizcaya,Region II (Cagayan Valley)
4581,66.14037323,121.21250205520556,16.412500556599145,Kasibu,Nueva Vizcaya,Region II (Cagayan Valley)
4582,66.1184082,121.23750205562946,16.412500556599145,Kasibu,Nueva Vizcaya,Region II (Cagayan Valley)
4583,64.85425568,121.26250205605332,16.412500556599145,Kasibu,Nueva Vizcaya,Region II (Cagayan Valley)
4584,66.62155914,121.337502057325,16.412500556599145,Kasibu,Nueva Vizcaya,Region II (Cagayan Valley)
4585,67.19435883,121.36250205774888,16.412500556599145,Kasibu,Nueva Vizcaya,Region II (Cagayan Valley)
4586,69.58419037,121.38750205817276,16.412500556599145,Kasibu,Nueva Vizcaya,Region II (Cagayan Valley)
4587,71.20597076,121.41250205859664,16.412500556599145,Kasibu,Nueva Vizcaya,Region II (Cagayan Valley)
4588,71.89768219,121.43750205902055,16.412500556599145,Kasibu,Nueva Vizcaya,Region II (Cagayan Valley)
4589,66.68093872,121.18750205478167,16.387500555751316,Kasibu,Nueva Vizcaya,Region II (Cagayan Valley)
4590,66.54480743,121.21250205520556,16.387500555751316,Kasibu,Nueva Vizcaya,Region II (Cagayan Valley)
4591,66.52872467,121.23750205562946,16.387500555751316,Kasibu,Nueva Vizcaya,Region II (Cagayan Valley)
4592,65.18876648,121.26250205605332,16.387500555751316,Kasibu,Nueva Vizcaya,Region II (Cagayan Valley)
4593,64.75230408,121.28750205647722,16.387500555751316,Kasibu,Nueva Vizcaya,Region II (Cagayan Valley)
4594,66.07112122,121.31250205690112,16.387500555751316,Kasibu,Nueva Vizcaya,Region II (Cagayan Valley)
4595,66.57658386,121.337502057325,16.387500555751316,Kasibu,Nueva Vizcaya,Region II (Cagayan Valley)
4596,67.05567169,121.36250205774888,16.387500555751316,Kasibu,Nueva Vizcaya,Region II (Cagayan Valley)
4597,68.83354187,121.38750205817276,16.387500555751316,Kasibu,Nueva Vizcaya,Region II (Cagayan Valley)
4598,70.03957367,121.41250205859664,16.387500555751316,Kasibu,Nueva Vizcaya,Region II (Cagayan Valley)
4599,70.53852844,121.43750205902055,16.387500555751316,Kasibu,Nueva Vizcaya,Region II (Cagayan Valley)
4600,67.19587708,121.18750205478167,16.362500554903487,Kasibu,Nueva Vizcaya,Region II (Cagayan Valley)
4601,66.82878876,121.21250205520556,16.362500554903487,Kasibu,Nueva Vizcaya,Region II (Cagayan Valley)
4602,67.01255035,121.23750205562946,16.362500554903487,Kasibu,Nueva Vizcaya,Region II (Cagayan Valley)
4603,66.84814453,121.26250205605332,16.362500554903487,Kasibu,Nueva Vizcaya,Region II (Cagayan Valley)
4604,65.01842499,121.28750205647722,16.362500554903487,Kasibu,Nueva Vizcaya,Region II (Cagayan Valley)
4605,65.81921387,121.31250205690112,16.362500554903487,Kasibu,Nueva Vizcaya,Region II (Cagayan Valley)
4606,66.4021759,121.337502057325,16.362500554903487,Kasibu,Nueva Vizcaya,Region II (Cagayan Valley)
4607,66.38915253,121.36250205774888,16.362500554903487,Kasibu,Nueva Vizcaya,Region II (Cagayan Valley)
4608,67.90300751,121.38750205817276,16.362500554903487,Kasibu,Nueva Vizcaya,Region II (Cagayan Valley)
4609,68.9834671,121.41250205859664,16.362500554903487,Kasibu,Nueva Vizcaya,Region II (Cagayan Valley)
4610,70.2177124,121.43750205902055,16.362500554903487,Kasibu,Nueva Vizcaya,Region II (Cagayan Valley)
4611,69.80085754,121.46250205944445,16.362500554903487,Kasibu,Nueva Vizcaya,Region II (Cagayan Valley)
4612,70.54140472,121.18750205478167,16.33750055405566,Kasibu,Nueva Vizcaya,Region II (Cagayan Valley)
4613,70.02336884,121.21250205520556,16.33750055405566,Kasibu,Nueva Vizcaya,Region II (Cagayan Valley)
4614,67.77983856,121.23750205562946,16.33750055405566,Kasibu,Nueva Vizcaya,Region II (Cagayan Valley)
4615,67.61542511,121.26250205605332,16.33750055405566,Kasibu,Nueva Vizcaya,Region II (Cagayan Valley)
4616,67.18413544,121.28750205647722,16.33750055405566,Kasibu,Nueva Vizcaya,Region II (Cagayan Valley)
4617,68.05812073,121.31250205690112,16.33750055405566,Kasibu,Nueva Vizcaya,Region II (Cagayan Valley)
4618,67.37941742,121.337502057325,16.33750055405566,Kasibu,Nueva Vizcaya,Region II (Cagayan Valley)
4619,67.36656189,121.36250205774888,16.33750055405566,Kasibu,Nueva Vizcaya,Region II (Cagayan Valley)
4620,69.05724335,121.38750205817276,16.33750055405566,Kasibu,Nueva Vizcaya,Region II (Cagayan Valley)
4621,69.97887421,121.41250205859664,16.33750055405566,Kasibu,Nueva Vizcaya,Region II (Cagayan Valley)
4622,70.06764984,121.43750205902055,16.33750055405566,Kasibu,Nueva Vizcaya,Region II (Cagayan Valley)
4623,69.65174866,121.46250205944445,16.33750055405566,Kasibu,Nueva Vizcaya,Region II (Cagayan Valley)
4624,69.32704926,121.48750205986832,16.33750055405566,Kasibu,Nueva Vizcaya,Region II (Cagayan Valley)
4625,69.12321472,121.5125020602922,16.33750055405566,Kasibu,Nueva Vizcaya,Region II (Cagayan Valley)
4626,70.65480804,121.21250205520556,16.31250055320783,Kasibu,Nueva Vizcaya,Region II (Cagayan Valley)
4627,70.16659546,121.23750205562946,16.31250055320783,Kasibu,Nueva Vizcaya,Region II (Cagayan Valley)
4628,67.76953125,121.26250205605332,16.31250055320783,Kasibu,Nueva Vizcaya,Region II (Cagayan Valley)
4629,67.5250473,121.28750205647722,16.31250055320783,Kasibu,Nueva Vizcaya,Region II (Cagayan Valley)
4630,68.25196075,121.31250205690112,16.31250055320783,Kasibu,Nueva Vizcaya,Region II (Cagayan Valley)
4631,68.35558319,121.337502057325,16.31250055320783,Kasibu,Nueva Vizcaya,Region II (Cagayan Valley)
4632,67.67592621,121.36250205774888,16.31250055320783,Kasibu,Nueva Vizcaya,Region II (Cagayan Valley)
4633,68.66704559,121.38750205817276,16.31250055320783,Kasibu,Nueva Vizcaya,Region II (Cagayan Valley)
4634,69.23070526,121.41250205859664,16.31250055320783,Kasibu,Nueva Vizcaya,Region II (Cagayan Valley)
4635,69.36934662,121.43750205902055,16.31250055320783,Kasibu,Nueva Vizcaya,Region II (Cagayan Valley)
4636,68.81246948,121.46250205944445,16.31250055320783,Kasibu,Nueva Vizcaya,Region II (Cagayan Valley)
4637,68.47422791,121.48750205986832,16.31250055320783,Kasibu,Nueva Vizcaya,Region II (Cagayan Valley)
4638,70.87828827,121.23750205562946,16.28750055236,Kasibu,Nueva Vizcaya,Region II (Cagayan Valley)
4639,68.41296387,121.26250205605332,16.28750055236,Kasibu,Nueva Vizcaya,Region II (Cagayan Valley)
4640,68.02540588,121.28750205647722,16.28750055236,Kasibu,Nueva Vizcaya,Region II (Cagayan Valley)
4641,68.448349,121.31250205690112,16.28750055236,Kasibu,Nueva Vizcaya,Region II (Cagayan Valley)
4642,68.58222198,121.337502057325,16.28750055236,Kasibu,Nueva Vizcaya,Region II (Cagayan Valley)
4643,67.83444214,121.36250205774888,16.28750055236,Kasibu,Nueva Vizcaya,Region II (Cagayan Valley)
4644,68.2937088,121.38750205817276,16.28750055236,Kasibu,Nueva Vizcaya,Region II (Cagayan Valley)
4645,68.54798889,121.41250205859664,16.28750055236,Kasibu,Nueva Vizcaya,Region II (Cagayan Valley)
4646,68.60612488,121.43750205902055,16.28750055236,Kasibu,Nueva Vizcaya,Region II (Cagayan Valley)
4647,67.9954834,121.46250205944445,16.28750055236,Kasibu,Nueva Vizcaya,Region II (Cagayan Valley)
4648,68.5035553,121.28750205647722,16.262500551512172,Kasibu,Nueva Vizcaya,Region II (Cagayan Valley)
4649,68.79347992,121.31250205690112,16.262500551512172,Kasibu,Nueva Vizcaya,Region II (Cagayan Valley)
4650,68.95323944,121.337502057325,16.262500551512172,Kasibu,Nueva Vizcaya,Region II (Cagayan Valley)
4651,68.84333038,121.36250205774888,16.262500551512172,Kasibu,Nueva Vizcaya,Region II (Cagayan Valley)
4652,68.58515167,121.38750205817276,16.262500551512172,Kasibu,Nueva Vizcaya,Region II (Cagayan Valley)
4653,68.71238708,121.41250205859664,16.262500551512172,Kasibu,Nueva Vizcaya,Region II (Cagayan Valley)
4654,68.84627533,121.43750205902055,16.262500551512172,Kasibu,Nueva Vizcaya,Region II (Cagayan Valley)
4655,71.76985931,121.31250205690112,16.237500550664343,Kasibu,Nueva Vizcaya,Region II (Cagayan Valley)
4656,69.70508575,121.337502057325,16.237500550664343,Kasibu,Nueva Vizcaya,Region II (Cagayan Valley)
4657,69.59590912,121.36250205774888,16.237500550664343,Kasibu,Nueva Vizcaya,Region II (Cagayan Valley)
4658,70.03747559,121.38750205817276,16.237500550664343,Kasibu,Nueva Vizcaya,Region II (Cagayan Valley)
4659,70.02404022,121.41250205859664,16.237500550664343,Kasibu,Nueva Vizcaya,Region II (Cagayan Valley)
4660,72.25397491,121.31250205690112,16.212500549816514,Kasibu,Nueva Vizcaya,Region II (Cagayan Valley)
4661,71.95937347,121.337502057325,16.212500549816514,Kasibu,Nueva Vizcaya,Region II (Cagayan Valley)
4662,69.76302338,121.36250205774888,16.212500549816514,Kasibu,Nueva Vizcaya,Region II (Cagayan Valley)
4663,70.02770233,121.38750205817276,16.212500549816514,Kasibu,Nueva Vizcaya,Region II (Cagayan Valley)
4664,71.70754242,120.91250205011892,16.587500562533947,Kayapa,Nueva Vizcaya,Region II (Cagayan Valley)
4665,69.50856781,120.9375020505428,16.587500562533947,Kayapa,Nueva Vizcaya,Region II (Cagayan Valley)
4666,71.19086456,120.91250205011892,16.562500561686118,Kayapa,Nueva Vizcaya,Region II (Cagayan Valley)
4667,64.947258,120.9375020505428,16.562500561686118,Kayapa,Nueva Vizcaya,Region II (Cagayan Valley)
4668,63.99701691,120.96250205096668,16.562500561686118,Kayapa,Nueva Vizcaya,Region II (Cagayan Valley)
4669,71.58528137,120.91250205011892,16.53750056083829,Kayapa,Nueva Vizcaya,Region II (Cagayan Valley)
4670,65.13253021,120.9375020505428,16.53750056083829,Kayapa,Nueva Vizcaya,Region II (Cagayan Valley)
4671,64.01233673,120.96250205096668,16.53750056083829,Kayapa,Nueva Vizcaya,Region II (Cagayan Valley)
4672,59.45276642,120.98750205139056,16.53750056083829,Kayapa,Nueva Vizcaya,Region II (Cagayan Valley)
4673,74.80423737,120.88750204969504,16.51250055999046,Kayapa,Nueva Vizcaya,Region II (Cagayan Valley)
4674,72.70270538,120.91250205011892,16.51250055999046,Kayapa,Nueva Vizcaya,Region II (Cagayan Valley)
4675,69.7277298,120.9375020505428,16.51250055999046,Kayapa,Nueva Vizcaya,Region II (Cagayan Valley)
4676,60.35910416,120.96250205096668,16.51250055999046,Kayapa,Nueva Vizcaya,Region II (Cagayan Valley)
4677,59.28304291,120.98750205139056,16.51250055999046,Kayapa,Nueva Vizcaya,Region II (Cagayan Valley)
4678,74.77096558,120.88750204969504,16.48750055914263,Kayapa,Nueva Vizcaya,Region II (Cagayan Valley)
4679,72.70303345,120.91250205011892,16.48750055914263,Kayapa,Nueva Vizcaya,Region II (Cagayan Valley)
4680,69.75369263,120.9375020505428,16.48750055914263,Kayapa,Nueva Vizcaya,Region II (Cagayan Valley)
4681,60.38118744,120.96250205096668,16.48750055914263,Kayapa,Nueva Vizcaya,Region II (Cagayan Valley)
4682,59.27521133,120.98750205139056,16.48750055914263,Kayapa,Nueva Vizcaya,Region II (Cagayan Valley)
4683,76.67952728,120.88750204969504,16.462500558294803,Kayapa,Nueva Vizcaya,Region II (Cagayan Valley)
4684,73.74904633,120.91250205011892,16.462500558294803,Kayapa,Nueva Vizcaya,Region II (Cagayan Valley)
4685,66.37883759,120.9375020505428,16.462500558294803,Kayapa,Nueva Vizcaya,Region II (Cagayan Valley)
4686,64.90506744,120.96250205096668,16.462500558294803,Kayapa,Nueva Vizcaya,Region II (Cagayan Valley)
4687,60.28128815,120.98750205139056,16.462500558294803,Kayapa,Nueva Vizcaya,Region II (Cagayan Valley)
4688,59.96446991,121.01250205181447,16.462500558294803,Kayapa,Nueva Vizcaya,Region II (Cagayan Valley)
4689,75.4776001,120.91250205011892,16.437500557446974,Kayapa,Nueva Vizcaya,Region II (Cagayan Valley)
4690,67.64634705,120.9375020505428,16.437500557446974,Kayapa,Nueva Vizcaya,Region II (Cagayan Valley)
4691,65.99082184,120.96250205096668,16.437500557446974,Kayapa,Nueva Vizcaya,Region II (Cagayan Valley)
4692,61.91061401,120.98750205139056,16.437500557446974,Kayapa,Nueva Vizcaya,Region II (Cagayan Valley)
4693,61.44403458,121.01250205181447,16.437500557446974,Kayapa,Nueva Vizcaya,Region II (Cagayan Valley)
4694,78.0541687,120.88750204969504,16.412500556599145,Kayapa,Nueva Vizcaya,Region II (Cagayan Valley)
4695,76.02784729,120.91250205011892,16.412500556599145,Kayapa,Nueva Vizcaya,Region II (Cagayan Valley)
4696,72.29820251,120.9375020505428,16.412500556599145,Kayapa,Nueva Vizcaya,Region II (Cagayan Valley)
4697,62.98788834,120.96250205096668,16.412500556599145,Kayapa,Nueva Vizcaya,Region II (Cagayan Valley)
4698,61.94742966,120.98750205139056,16.412500556599145,Kayapa,Nueva Vizcaya,Region II (Cagayan Valley)
4699,81.33139038,120.88750204969504,16.387500555751316,Kayapa,Nueva Vizcaya,Region II (Cagayan Valley)
4700,79.3425293,120.91250205011892,16.387500555751316,Kayapa,Nueva Vizcaya,Region II (Cagayan Valley)
4701,75.06416321,120.9375020505428,16.387500555751316,Kayapa,Nueva Vizcaya,Region II (Cagayan Valley)
4702,65.30594635,120.96250205096668,16.387500555751316,Kayapa,Nueva Vizcaya,Region II (Cagayan Valley)
4703,64.19070435,120.98750205139056,16.387500555751316,Kayapa,Nueva Vizcaya,Region II (Cagayan Valley)
4704,85.02072144,120.88750204969504,16.362500554903487,Kayapa,Nueva Vizcaya,Region II (Cagayan Valley)
4705,82.22210693,120.91250205011892,16.362500554903487,Kayapa,Nueva Vizcaya,Region II (Cagayan Valley)
4706,73.73361206,120.9375020505428,16.362500554903487,Kayapa,Nueva Vizcaya,Region II (Cagayan Valley)
4707,71.59805298,120.96250205096668,16.362500554903487,Kayapa,Nueva Vizcaya,Region II (Cagayan Valley)
4708,66.65528107,120.98750205139056,16.362500554903487,Kayapa,Nueva Vizcaya,Region II (Cagayan Valley)
4709,93.72807312,120.86250204927114,16.33750055405566,Kayapa,Nueva Vizcaya,Region II (Cagayan Valley)
4710,86.81719971,120.88750204969504,16.33750055405566,Kayapa,Nueva Vizcaya,Region II (Cagayan Valley)
4711,84.10019684,120.91250205011892,16.33750055405566,Kayapa,Nueva Vizcaya,Region II (Cagayan Valley)
4712,74.69770813,120.9375020505428,16.33750055405566,Kayapa,Nueva Vizcaya,Region II (Cagayan Valley)
4713,72.54357147,120.96250205096668,16.33750055405566,Kayapa,Nueva Vizcaya,Region II (Cagayan Valley)
4714,69.88488007,120.98750205139056,16.33750055405566,Kayapa,Nueva Vizcaya,Region II (Cagayan Valley)
4715,108.1129837,120.83750204884724,16.31250055320783,Kayapa,Nueva Vizcaya,Region II (Cagayan Valley)
4716,94.12316132,120.86250204927114,16.31250055320783,Kayapa,Nueva Vizcaya,Region II (Cagayan Valley)
4717,90.38130188,120.88750204969504,16.31250055320783,Kayapa,Nueva Vizcaya,Region II (Cagayan Valley)
4718,88.4152832,120.91250205011892,16.31250055320783,Kayapa,Nueva Vizcaya,Region II (Cagayan Valley)
4719,83.16923523,120.9375020505428,16.31250055320783,Kayapa,Nueva Vizcaya,Region II (Cagayan Valley)
4720,73.98878479,120.96250205096668,16.31250055320783,Kayapa,Nueva Vizcaya,Region II (Cagayan Valley)
4721,113.4670487,120.81250204842338,16.28750055236,Kayapa,Nueva Vizcaya,Region II (Cagayan Valley)
4722,112.4089661,120.83750204884724,16.28750055236,Kayapa,Nueva Vizcaya,Region II (Cagayan Valley)
4723,98.36264038,120.86250204927114,16.28750055236,Kayapa,Nueva Vizcaya,Region II (Cagayan Valley)
4724,94.47320557,120.88750204969504,16.28750055236,Kayapa,Nueva Vizcaya,Region II (Cagayan Valley)
4725,92.52548981,120.91250205011892,16.28750055236,Kayapa,Nueva Vizcaya,Region II (Cagayan Valley)
4726,113.5292664,120.81250204842338,16.262500551512172,Kayapa,Nueva Vizcaya,Region II (Cagayan Valley)
4727,109.5016403,120.83750204884724,16.262500551512172,Kayapa,Nueva Vizcaya,Region II (Cagayan Valley)
4728,103.838974,120.86250204927114,16.262500551512172,Kayapa,Nueva Vizcaya,Region II (Cagayan Valley)
4729,95.41107178,120.88750204969504,16.262500551512172,Kayapa,Nueva Vizcaya,Region II (Cagayan Valley)
4730,92.75591278,120.91250205011892,16.262500551512172,Kayapa,Nueva Vizcaya,Region II (Cagayan Valley)
4731,106.8898392,120.86250204927114,16.237500550664343,Kayapa,Nueva Vizcaya,Region II (Cagayan Valley)
4732,101.3901825,120.88750204969504,16.237500550664343,Kayapa,Nueva Vizcaya,Region II (Cagayan Valley)
4733,98.83046722,120.91250205011892,16.237500550664343,Kayapa,Nueva Vizcaya,Region II (Cagayan Valley)
4734,70.2468338,121.28750205647722,16.53750056083829,Quezon,Nueva Vizcaya,Region II (Cagayan Valley)
4735,72.24918365,121.31250205690112,16.53750056083829,Quezon,Nueva Vizcaya,Region II (Cagayan Valley)
4736,74.43634796,121.337502057325,16.53750056083829,Quezon,Nueva Vizcaya,Region II (Cagayan Valley)
4737,74.45002747,121.36250205774888,16.53750056083829,Quezon,Nueva Vizcaya,Region II (Cagayan Valley)
4738,68.79485321,121.23750205562946,16.51250055999046,Quezon,Nueva Vizcaya,Region II (Cagayan Valley)
4739,68.95574188,121.26250205605332,16.51250055999046,Quezon,Nueva Vizcaya,Region II (Cagayan Valley)
4740,68.35662842,121.28750205647722,16.51250055999046,Quezon,Nueva Vizcaya,Region II (Cagayan Valley)
4741,70.49463654,121.31250205690112,16.51250055999046,Quezon,Nueva Vizcaya,Region II (Cagayan Valley)
4742,71.45357513,121.337502057325,16.51250055999046,Quezon,Nueva Vizcaya,Region II (Cagayan Valley)
4743,72.11433411,121.36250205774888,16.51250055999046,Quezon,Nueva Vizcaya,Region II (Cagayan Valley)
4744,67.24588776,121.21250205520556,16.48750055914263,Quezon,Nueva Vizcaya,Region II (Cagayan Valley)
4745,67.4957428,121.23750205562946,16.48750055914263,Quezon,Nueva Vizcaya,Region II (Cagayan Valley)
4746,67.55203247,121.26250205605332,16.48750055914263,Quezon,Nueva Vizcaya,Region II (Cagayan Valley)
4747,67.28131866,121.28750205647722,16.48750055914263,Quezon,Nueva Vizcaya,Region II (Cagayan Valley)
4748,69.35800171,121.31250205690112,16.48750055914263,Quezon,Nueva Vizcaya,Region II (Cagayan Valley)
4749,69.91299438,121.337502057325,16.48750055914263,Quezon,Nueva Vizcaya,Region II (Cagayan Valley)
4750,65.61972809,121.23750205562946,16.462500558294803,Quezon,Nueva Vizcaya,Region II (Cagayan Valley)
4751,65.55974579,121.26250205605332,16.462500558294803,Quezon,Nueva Vizcaya,Region II (Cagayan Valley)
4752,66.13653564,121.28750205647722,16.462500558294803,Quezon,Nueva Vizcaya,Region II (Cagayan Valley)
4753,67.74926758,121.31250205690112,16.462500558294803,Quezon,Nueva Vizcaya,Region II (Cagayan Valley)
4754,66.80912781,121.337502057325,16.462500558294803,Quezon,Nueva Vizcaya,Region II (Cagayan Valley)
4755,66.91516876,121.36250205774888,16.462500558294803,Quezon,Nueva Vizcaya,Region II (Cagayan Valley)
4756,64.62705231,121.23750205562946,16.437500557446974,Quezon,Nueva Vizcaya,Region II (Cagayan Valley)
4757,64.56739044,121.26250205605332,16.437500557446974,Quezon,Nueva Vizcaya,Region II (Cagayan Valley)
4758,64.26643372,121.28750205647722,16.437500557446974,Quezon,Nueva Vizcaya,Region II (Cagayan Valley)
4759,65.64662933,121.31250205690112,16.437500557446974,Quezon,Nueva Vizcaya,Region II (Cagayan Valley)
4760,65.6083374,121.337502057325,16.437500557446974,Quezon,Nueva Vizcaya,Region II (Cagayan Valley)
4761,64.50611115,121.28750205647722,16.412500556599145,Quezon,Nueva Vizcaya,Region II (Cagayan Valley)
4762,66.1438446,121.31250205690112,16.412500556599145,Quezon,Nueva Vizcaya,Region II (Cagayan Valley)
4763,119.7643738,120.78750204799948,16.237500550664343,Santa Fe,Nueva Vizcaya,Region II (Cagayan Valley)
4764,117.0161667,120.81250204842338,16.237500550664343,Santa Fe,Nueva Vizcaya,Region II (Cagayan Valley)
4765,112.5149994,120.83750204884724,16.237500550664343,Santa Fe,Nueva Vizcaya,Region II (Cagayan Valley)
4766,121.5716248,120.78750204799948,16.212500549816514,Santa Fe,Nueva Vizcaya,Region II (Cagayan Valley)
4767,119.4668045,120.81250204842338,16.212500549816514,Santa Fe,Nueva Vizcaya,Region II (Cagayan Valley)
4768,118.5803146,120.83750204884724,16.212500549816514,Santa Fe,Nueva Vizcaya,Region II (Cagayan Valley)
4769,107.1478348,120.86250204927114,16.212500549816514,Santa Fe,Nueva Vizcaya,Region II (Cagayan Valley)
4770,103.7178116,120.88750204969504,16.212500549816514,Santa Fe,Nueva Vizcaya,Region II (Cagayan Valley)
4771,102.0162964,120.91250205011892,16.212500549816514,Santa Fe,Nueva Vizcaya,Region II (Cagayan Valley)
4772,96.84379578,120.9375020505428,16.212500549816514,Santa Fe,Nueva Vizcaya,Region II (Cagayan Valley)
4773,119.9743271,120.81250204842338,16.187500548968686,Santa Fe,Nueva Vizcaya,Region II (Cagayan Valley)
4774,119.4556046,120.83750204884724,16.187500548968686,Santa Fe,Nueva Vizcaya,Region II (Cagayan Valley)
4775,108.2331314,120.86250204927114,16.187500548968686,Santa Fe,Nueva Vizcaya,Region II (Cagayan Valley)
4776,104.6912689,120.88750204969504,16.187500548968686,Santa Fe,Nueva Vizcaya,Region II (Cagayan Valley)
4777,103.275528,120.91250205011892,16.187500548968686,Santa Fe,Nueva Vizcaya,Region II (Cagayan Valley)
4778,98.66112518,120.9375020505428,16.187500548968686,Santa Fe,Nueva Vizcaya,Region II (Cagayan Valley)
4779,90.97176361,120.96250205096668,16.187500548968686,Santa Fe,Nueva Vizcaya,Region II (Cagayan Valley)
4780,90.05371094,120.98750205139056,16.187500548968686,Santa Fe,Nueva Vizcaya,Region II (Cagayan Valley)
4781,115.079361,120.86250204927114,16.162500548120857,Santa Fe,Nueva Vizcaya,Region II (Cagayan Valley)
4782,107.9636078,120.88750204969504,16.162500548120857,Santa Fe,Nueva Vizcaya,Region II (Cagayan Valley)
4783,106.1690445,120.91250205011892,16.162500548120857,Santa Fe,Nueva Vizcaya,Region II (Cagayan Valley)
4784,100.4861984,120.9375020505428,16.162500548120857,Santa Fe,Nueva Vizcaya,Region II (Cagayan Valley)
4785,98.3680191,120.96250205096668,16.162500548120857,Santa Fe,Nueva Vizcaya,Region II (Cagayan Valley)
4786,93.4182663,120.98750205139056,16.162500548120857,Santa Fe,Nueva Vizcaya,Region II (Cagayan Valley)
4787,92.39717102,121.01250205181447,16.162500548120857,Santa Fe,Nueva Vizcaya,Region II (Cagayan Valley)
4788,92.11973572,121.03750205223837,16.162500548120857,Santa Fe,Nueva Vizcaya,Region II (Cagayan Valley)
4789,118.2779388,120.86250204927114,16.137500547273028,Santa Fe,Nueva Vizcaya,Region II (Cagayan Valley)
4790,115.2472916,120.88750204969504,16.137500547273028,Santa Fe,Nueva Vizcaya,Region II (Cagayan Valley)
4791,113.6971817,120.91250205011892,16.137500547273028,Santa Fe,Nueva Vizcaya,Region II (Cagayan Valley)
4792,105.4968185,120.9375020505428,16.137500547273028,Santa Fe,Nueva Vizcaya,Region II (Cagayan Valley)
4793,103.3161392,120.96250205096668,16.137500547273028,Santa Fe,Nueva Vizcaya,Region II (Cagayan Valley)
4794,103.3652115,120.98750205139056,16.137500547273028,Santa Fe,Nueva Vizcaya,Region II (Cagayan Valley)
4795,102.0090561,121.01250205181447,16.137500547273028,Santa Fe,Nueva Vizcaya,Region II (Cagayan Valley)
4796,96.54963684,121.06250205266224,16.137500547273028,Santa Fe,Nueva Vizcaya,Region II (Cagayan Valley)
4797,57.12863541,121.11250205351,16.587500562533947,Solano,Nueva Vizcaya,Region II (Cagayan Valley)
4798,56.69140625,121.11250205351,16.562500561686118,Solano,Nueva Vizcaya,Region II (Cagayan Valley)
4799,56.31828308,121.1375020539339,16.562500561686118,Solano,Nueva Vizcaya,Region II (Cagayan Valley)
4800,65.93247223,121.16250205435777,16.562500561686118,Solano,Nueva Vizcaya,Region II (Cagayan Valley)
4801,73.5991745,121.18750205478167,16.562500561686118,Solano,Nueva Vizcaya,Region II (Cagayan Valley)
4802,74.87174225,121.21250205520556,16.562500561686118,Solano,Nueva Vizcaya,Region II (Cagayan Valley)
4803,55.26355362,121.1375020539339,16.53750056083829,Solano,Nueva Vizcaya,Region II (Cagayan Valley)
4804,64.23431396,121.16250205435777,16.53750056083829,Solano,Nueva Vizcaya,Region II (Cagayan Valley)
4805,68.71833038,121.18750205478167,16.53750056083829,Solano,Nueva Vizcaya,Region II (Cagayan Valley)
4806,69.83868408,121.21250205520556,16.53750056083829,Solano,Nueva Vizcaya,Region II (Cagayan Valley)
4807,72.18560791,121.23750205562946,16.53750056083829,Solano,Nueva Vizcaya,Region II (Cagayan Valley)
4808,67.43558502,121.18750205478167,16.51250055999046,Solano,Nueva Vizcaya,Region II (Cagayan Valley)
4809,68.1063385,121.21250205520556,16.51250055999046,Solano,Nueva Vizcaya,Region II (Cagayan Valley)
4810,61.25193024,121.1375020539339,16.637500564229605,Villaverde,Nueva Vizcaya,Region II (Cagayan Valley)
4811,72.9512558,121.16250205435777,16.637500564229605,Villaverde,Nueva Vizcaya,Region II (Cagayan Valley)
4812,58.42871475,121.11250205351,16.612500563381776,Villaverde,Nueva Vizcaya,Region II (Cagayan Valley)
4813,58.51554489,121.1375020539339,16.612500563381776,Villaverde,Nueva Vizcaya,Region II (Cagayan Valley)
4814,71.47867584,121.16250205435777,16.612500563381776,Villaverde,Nueva Vizcaya,Region II (Cagayan Valley)
4815,77.2713089,121.18750205478167,16.612500563381776,Villaverde,Nueva Vizcaya,Region II (Cagayan Valley)
4816,56.97041321,121.1375020539339,16.587500562533947,Villaverde,Nueva Vizcaya,Region II (Cagayan Valley)
4817,68.97559357,121.16250205435777,16.587500562533947,Villaverde,Nueva Vizcaya,Region II (Cagayan Valley)
4818,74.53784943,121.18750205478167,16.587500562533947,Villaverde,Nueva Vizcaya,Region II (Cagayan Valley)
4819,89.09544373,121.26250205605332,16.012500543033884,Alfonso Castaneda,Nueva Vizcaya,Region II (Cagayan Valley)
4820,87.96385956,121.28750205647722,16.012500543033884,Alfonso Castaneda,Nueva Vizcaya,Region II (Cagayan Valley)
4821,84.46046448,121.31250205690112,16.012500543033884,Alfonso Castaneda,Nueva Vizcaya,Region II (Cagayan Valley)
4822,82.0835495,121.337502057325,16.012500543033884,Alfonso Castaneda,Nueva Vizcaya,Region II (Cagayan Valley)
4823,91.61394501,121.26250205605332,15.987500542186051,Alfonso Castaneda,Nueva Vizcaya,Region II (Cagayan Valley)
4824,89.96855164,121.28750205647722,15.987500542186051,Alfonso Castaneda,Nueva Vizcaya,Region II (Cagayan Valley)
4825,85.78773499,121.31250205690112,15.987500542186051,Alfonso Castaneda,Nueva Vizcaya,Region II (Cagayan Valley)
4826,83.48551178,121.337502057325,15.987500542186051,Alfonso Castaneda,Nueva Vizcaya,Region II (Cagayan Valley)
4827,77.81375122,121.36250205774888,15.987500542186051,Alfonso Castaneda,Nueva Vizcaya,Region II (Cagayan Valley)
4828,98.30463409,121.26250205605332,15.962500541338226,Alfonso Castaneda,Nueva Vizcaya,Region II (Cagayan Valley)
4829,91.45733643,121.28750205647722,15.962500541338226,Alfonso Castaneda,Nueva Vizcaya,Region II (Cagayan Valley)
4830,86.50849152,121.31250205690112,15.962500541338226,Alfonso Castaneda,Nueva Vizcaya,Region II (Cagayan Valley)
4831,82.91043854,121.337502057325,15.962500541338226,Alfonso Castaneda,Nueva Vizcaya,Region II (Cagayan Valley)
4832,82.35905457,121.36250205774888,15.962500541338226,Alfonso Castaneda,Nueva Vizcaya,Region II (Cagayan Valley)
4833,77.94967651,121.38750205817276,15.962500541338226,Alfonso Castaneda,Nueva Vizcaya,Region II (Cagayan Valley)
4834,101.8261719,121.23750205562946,15.937500540490396,Alfonso Castaneda,Nueva Vizcaya,Region II (Cagayan Valley)
4835,101.120903,121.26250205605332,15.937500540490396,Alfonso Castaneda,Nueva Vizcaya,Region II (Cagayan Valley)
4836,97.10549164,121.28750205647722,15.937500540490396,Alfonso Castaneda,Nueva Vizcaya,Region II (Cagayan Valley)
4837,91.68474579,121.31250205690112,15.937500540490396,Alfonso Castaneda,Nueva Vizcaya,Region II (Cagayan Valley)
4838,85.00798798,121.337502057325,15.937500540490396,Alfonso Castaneda,Nueva Vizcaya,Region II (Cagayan Valley)
4839,84.45468903,121.36250205774888,15.937500540490396,Alfonso Castaneda,Nueva Vizcaya,Region II (Cagayan Valley)
4840,81.67890167,121.38750205817276,15.937500540490396,Alfonso Castaneda,Nueva Vizcaya,Region II (Cagayan Valley)
4841,80.47623444,121.41250205859664,15.937500540490396,Alfonso Castaneda,Nueva Vizcaya,Region II (Cagayan Valley)
4842,77.86593628,121.43750205902055,15.937500540490396,Alfonso Castaneda,Nueva Vizcaya,Region II (Cagayan Valley)
4843,107.1473618,121.23750205562946,15.912500539642568,Alfonso Castaneda,Nueva Vizcaya,Region II (Cagayan Valley)
4844,99.51860046,121.26250205605332,15.912500539642568,Alfonso Castaneda,Nueva Vizcaya,Region II (Cagayan Valley)
4845,98.14507294,121.28750205647722,15.912500539642568,Alfonso Castaneda,Nueva Vizcaya,Region II (Cagayan Valley)
4846,93.11078644,121.31250205690112,15.912500539642568,Alfonso Castaneda,Nueva Vizcaya,Region II (Cagayan Valley)
4847,90.09062958,121.337502057325,15.912500539642568,Alfonso Castaneda,Nueva Vizcaya,Region II (Cagayan Valley)
4848,83.20096588,121.36250205774888,15.912500539642568,Alfonso Castaneda,Nueva Vizcaya,Region II (Cagayan Valley)
4849,82.22090912,121.38750205817276,15.912500539642568,Alfonso Castaneda,Nueva Vizcaya,Region II (Cagayan Valley)
4850,81.19677734,121.41250205859664,15.912500539642568,Alfonso Castaneda,Nueva Vizcaya,Region II (Cagayan Valley)
4851,80.40952301,121.43750205902055,15.912500539642568,Alfonso Castaneda,Nueva Vizcaya,Region II (Cagayan Valley)
4852,78.37663269,121.46250205944445,15.912500539642568,Alfonso Castaneda,Nueva Vizcaya,Region II (Cagayan Valley)
4853,107.9566193,121.23750205562946,15.88750053879474,Alfonso Castaneda,Nueva Vizcaya,Region II (Cagayan Valley)
4854,100.4129944,121.26250205605332,15.88750053879474,Alfonso Castaneda,Nueva Vizcaya,Region II (Cagayan Valley)
4855,98.83920288,121.28750205647722,15.88750053879474,Alfonso Castaneda,Nueva Vizcaya,Region II (Cagayan Valley)
4856,93.81009674,121.31250205690112,15.88750053879474,Alfonso Castaneda,Nueva Vizcaya,Region II (Cagayan Valley)
4857,91.02198029,121.337502057325,15.88750053879474,Alfonso Castaneda,Nueva Vizcaya,Region II (Cagayan Valley)
4858,84.07065582,121.36250205774888,15.88750053879474,Alfonso Castaneda,Nueva Vizcaya,Region II (Cagayan Valley)
4859,82.77954102,121.38750205817276,15.88750053879474,Alfonso Castaneda,Nueva Vizcaya,Region II (Cagayan Valley)
4860,81.59003448,121.41250205859664,15.88750053879474,Alfonso Castaneda,Nueva Vizcaya,Region II (Cagayan Valley)
4861,80.80165863,121.43750205902055,15.88750053879474,Alfonso Castaneda,Nueva Vizcaya,Region II (Cagayan Valley)
4862,78.67617035,121.46250205944445,15.88750053879474,Alfonso Castaneda,Nueva Vizcaya,Region II (Cagayan Valley)
4863,107.3770599,121.23750205562946,15.862500537946913,Alfonso Castaneda,Nueva Vizcaya,Region II (Cagayan Valley)
4864,106.7717285,121.26250205605332,15.862500537946913,Alfonso Castaneda,Nueva Vizcaya,Region II (Cagayan Valley)
4865,101.0657272,121.28750205647722,15.862500537946913,Alfonso Castaneda,Nueva Vizcaya,Region II (Cagayan Valley)
4866,95.03128052,121.31250205690112,15.862500537946913,Alfonso Castaneda,Nueva Vizcaya,Region II (Cagayan Valley)
4867,89.68029785,121.337502057325,15.862500537946913,Alfonso Castaneda,Nueva Vizcaya,Region II (Cagayan Valley)
4868,89.03588867,121.36250205774888,15.862500537946913,Alfonso Castaneda,Nueva Vizcaya,Region II (Cagayan Valley)
4869,83.98652649,121.38750205817276,15.862500537946913,Alfonso Castaneda,Nueva Vizcaya,Region II (Cagayan Valley)
4870,82.14396667,121.41250205859664,15.862500537946913,Alfonso Castaneda,Nueva Vizcaya,Region II (Cagayan Valley)
4871,108.7464981,121.26250205605332,15.837500537099082,Alfonso Castaneda,Nueva Vizcaya,Region II (Cagayan Valley)
4872,103.9234238,121.28750205647722,15.837500537099082,Alfonso Castaneda,Nueva Vizcaya,Region II (Cagayan Valley)
4873,97.51259613,121.31250205690112,15.837500537099082,Alfonso Castaneda,Nueva Vizcaya,Region II (Cagayan Valley)
4874,91.08395386,121.337502057325,15.837500537099082,Alfonso Castaneda,Nueva Vizcaya,Region II (Cagayan Valley)
4875,90.43382263,121.36250205774888,15.837500537099082,Alfonso Castaneda,Nueva Vizcaya,Region II (Cagayan Valley)
4876,105.0215225,121.26250205605332,15.812500536251251,Alfonso Castaneda,Nueva Vizcaya,Region II (Cagayan Valley)
4877,103.5178833,121.28750205647722,15.812500536251251,Alfonso Castaneda,Nueva Vizcaya,Region II (Cagayan Valley)
4878,97.79453278,121.31250205690112,15.812500536251251,Alfonso Castaneda,Nueva Vizcaya,Region II (Cagayan Valley)
4879,105.4401474,121.28750205647722,15.787500535403424,Alfonso Castaneda,Nueva Vizcaya,Region II (Cagayan Valley)
4880,107.7458801,121.28750205647722,15.762500534555596,Alfonso Castaneda,Nueva Vizcaya,Region II (Cagayan Valley)
