unique id,value,lon,lat,municipality name,province name,region
4881,76.19293213,121.61250206198775,16.53750056083829,Aglipay,Quirino,Region II (Cagayan Valley)
4882,75.05854797,121.61250206198775,16.51250055999046,Aglipay,Quirino,Region II (Cagayan Valley)
4883,74.42617798,121.63750206241164,16.51250055999046,Aglipay,Quirino,Region II (Cagayan Valley)
4884,75.94662476,121.56250206113998,16.48750055914263,Aglipay,Quirino,Region II (Cagayan Valley)
4885,75.29447174,121.58750206156385,16.48750055914263,Aglipay,Quirino,Region II (Cagayan Valley)
4886,74.38300323,121.61250206198775,16.48750055914263,Aglipay,Quirino,Region II (Cagayan Valley)
4887,73.51895142,121.63750206241164,16.48750055914263,Aglipay,Quirino,Region II (Cagayan Valley)
4888,68.64517212,121.66250206283554,16.48750055914263,Aglipay,Quirino,Region II (Cagayan Valley)
4889,74.93387604,121.56250206113998,16.462500558294803,Aglipay,Quirino,Region II (Cagayan Valley)
4890,74.06242371,121.58750206156385,16.462500558294803,Aglipay,Quirino,Region II (Cagayan Valley)
4891,72.78344727,121.61250206198775,16.462500558294803,Aglipay,Quirino,Region II (Cagayan Valley)
4892,69.06859589,121.63750206241164,16.462500558294803,Aglipay,Quirino,Region II (Cagayan Valley)
4893,68.64772797,121.66250206283554,16.462500558294803,Aglipay,Quirino,Region II (Cagayan Valley)
4894,63.72752762,121.6875020632594,16.462500558294803,Aglipay,Quirino,Region II (Cagayan Valley)
4895,72.91864777,121.56250206113998,16.437500557446974,Aglipay,Quirino,Region II (Cagayan Valley)
4896,70.44410706,121.58750206156385,16.437500557446974,Aglipay,Quirino,Region II (Cagayan Valley)
4897,69.19647217,121.61250206198775,16.437500557446974,Aglipay,Quirino,Region II (Cagayan Valley)
4898,67.23477936,121.63750206241164,16.437500557446974,Aglipay,Quirino,Region II (Cagayan Valley)
4899,66.81906128,121.66250206283554,16.437500557446974,Aglipay,Quirino,Region II (Cagayan Valley)
4900,61.34764862,121.6875020632594,16.437500557446974,Aglipay,Quirino,Region II (Cagayan Valley)
4901,73.02230835,121.53750206071608,16.412500556599145,Aglipay,Quirino,Region II (Cagayan Valley)
4902,70.61720276,121.56250206113998,16.412500556599145,Aglipay,Quirino,Region II (Cagayan Valley)
4903,69.82151794,121.58750206156385,16.412500556599145,Aglipay,Quirino,Region II (Cagayan Valley)
4904,68.96623993,121.61250206198775,16.412500556599145,Aglipay,Quirino,Region II (Cagayan Valley)
4905,68.33457947,121.63750206241164,16.412500556599145,Aglipay,Quirino,Region II (Cagayan Valley)
4906,64.40610504,121.66250206283554,16.412500556599145,Aglipay,Quirino,Region II (Cagayan Valley)
4907,71.00236511,121.53750206071608,16.387500555751316,Aglipay,Quirino,Region II (Cagayan Valley)
4908,68.63095093,121.56250206113998,16.387500555751316,Aglipay,Quirino,Region II (Cagayan Valley)
4909,68.06787872,121.58750206156385,16.387500555751316,Aglipay,Quirino,Region II (Cagayan Valley)
4910,67.28916168,121.61250206198775,16.387500555751316,Aglipay,Quirino,Region II (Cagayan Valley)
4911,66.56524658,121.63750206241164,16.387500555751316,Aglipay,Quirino,Region II (Cagayan Valley)
4912,68.15972137,121.53750206071608,16.362500554903487,Aglipay,Quirino,Region II (Cagayan Valley)
4913,67.63236237,121.56250206113998,16.362500554903487,Aglipay,Quirino,Region II (Cagayan Valley)
4914,66.57666016,121.58750206156385,16.362500554903487,Aglipay,Quirino,Region II (Cagayan Valley)
4915,67.65352631,121.48750205986832,16.28750055236,Aglipay,Quirino,Region II (Cagayan Valley)
4916,68.38214874,121.46250205944445,16.262500551512172,Aglipay,Quirino,Region II (Cagayan Valley)
4917,67.67890167,121.48750205986832,16.262500551512172,Aglipay,Quirino,Region II (Cagayan Valley)
4918,68.72756958,121.43750205902055,16.237500550664343,Aglipay,Quirino,Region II (Cagayan Valley)
4919,68.35523224,121.46250205944445,16.237500550664343,Aglipay,Quirino,Region II (Cagayan Valley)
4920,81.07821655,121.5125020602922,16.53750056083829,Cabarroguis (Capital),Quirino,Region II (Cagayan Valley)
4921,79.45700836,121.48750205986832,16.51250055999046,Cabarroguis (Capital),Quirino,Region II (Cagayan Valley)
4922,79.68621063,121.5125020602922,16.51250055999046,Cabarroguis (Capital),Quirino,Region II (Cagayan Valley)
4923,79.00105286,121.53750206071608,16.51250055999046,Cabarroguis (Capital),Quirino,Region II (Cagayan Valley)
4924,78.77374268,121.48750205986832,16.48750055914263,Cabarroguis (Capital),Quirino,Region II (Cagayan Valley)
4925,79.02184296,121.5125020602922,16.48750055914263,Cabarroguis (Capital),Quirino,Region II (Cagayan Valley)
4926,78.15009308,121.53750206071608,16.48750055914263,Cabarroguis (Capital),Quirino,Region II (Cagayan Valley)
4927,75.00444031,121.46250205944445,16.462500558294803,Cabarroguis (Capital),Quirino,Region II (Cagayan Valley)
4928,77.23392487,121.48750205986832,16.462500558294803,Cabarroguis (Capital),Quirino,Region II (Cagayan Valley)
4929,77.5921936,121.5125020602922,16.462500558294803,Cabarroguis (Capital),Quirino,Region II (Cagayan Valley)
4930,75.51377106,121.53750206071608,16.462500558294803,Cabarroguis (Capital),Quirino,Region II (Cagayan Valley)
4931,73.35532379,121.43750205902055,16.437500557446974,Cabarroguis (Capital),Quirino,Region II (Cagayan Valley)
4932,73.31178284,121.46250205944445,16.437500557446974,Cabarroguis (Capital),Quirino,Region II (Cagayan Valley)
4933,73.84226227,121.48750205986832,16.437500557446974,Cabarroguis (Capital),Quirino,Region II (Cagayan Valley)
4934,74.14614868,121.5125020602922,16.437500557446974,Cabarroguis (Capital),Quirino,Region II (Cagayan Valley)
4935,73.48085022,121.53750206071608,16.437500557446974,Cabarroguis (Capital),Quirino,Region II (Cagayan Valley)
4936,73.69944,121.46250205944445,16.412500556599145,Cabarroguis (Capital),Quirino,Region II (Cagayan Valley)
4937,73.59433746,121.48750205986832,16.412500556599145,Cabarroguis (Capital),Quirino,Region II (Cagayan Valley)
4938,73.72799683,121.5125020602922,16.412500556599145,Cabarroguis (Capital),Quirino,Region II (Cagayan Valley)
4939,72.05764771,121.46250205944445,16.387500555751316,Cabarroguis (Capital),Quirino,Region II (Cagayan Valley)
4940,71.91094971,121.48750205986832,16.387500555751316,Cabarroguis (Capital),Quirino,Region II (Cagayan Valley)
4941,71.89606476,121.5125020602922,16.387500555751316,Cabarroguis (Capital),Quirino,Region II (Cagayan Valley)
4942,70.29206848,121.48750205986832,16.362500554903487,Cabarroguis (Capital),Quirino,Region II (Cagayan Valley)
4943,70.15937805,121.5125020602922,16.362500554903487,Cabarroguis (Capital),Quirino,Region II (Cagayan Valley)
4944,91.31430817,121.46250205944445,16.637500564229605,Diffun,Quirino,Region II (Cagayan Valley)
4945,89.83123779,121.48750205986832,16.637500564229605,Diffun,Quirino,Region II (Cagayan Valley)
4946,87.35571289,121.41250205859664,16.612500563381776,Diffun,Quirino,Region II (Cagayan Valley)
4947,87.76565552,121.43750205902055,16.612500563381776,Diffun,Quirino,Region II (Cagayan Valley)
4948,88.2421875,121.46250205944445,16.612500563381776,Diffun,Quirino,Region II (Cagayan Valley)
4949,87.84573364,121.48750205986832,16.612500563381776,Diffun,Quirino,Region II (Cagayan Valley)
4950,87.84368896,121.5125020602922,16.612500563381776,Diffun,Quirino,Region II (Cagayan Valley)
4951,86.91629791,121.53750206071608,16.612500563381776,Diffun,Quirino,Region II (Cagayan Valley)
4952,84.25356293,121.56250206113998,16.612500563381776,Diffun,Quirino,Region II (Cagayan Valley)
4953,84.76483154,121.41250205859664,16.587500562533947,Diffun,Quirino,Region II (Cagayan Valley)
4954,84.95941925,121.43750205902055,16.587500562533947,Diffun,Quirino,Region II (Cagayan Valley)
4955,85.70720673,121.46250205944445,16.587500562533947,Diffun,Quirino,Region II (Cagayan Valley)
4956,85.7376709,121.48750205986832,16.587500562533947,Diffun,Quirino,Region II (Cagayan Valley)
4957,85.85539246,121.5125020602922,16.587500562533947,Diffun,Quirino,Region II (Cagayan Valley)
4958,84.79302979,121.53750206071608,16.587500562533947,Diffun,Quirino,Region II (Cagayan Valley)
4959,83.90802002,121.41250205859664,16.562500561686118,Diffun,Quirino,Region II (Cagayan Valley)
4960,83.48414612,121.43750205902055,16.562500561686118,Diffun,Quirino,Region II (Cagayan Valley)
4961,83.26218414,121.46250205944445,16.562500561686118,Diffun,Quirino,Region II (Cagayan Valley)
4962,85.02450562,121.48750205986832,16.562500561686118,Diffun,Quirino,Region II (Cagayan Valley)
4963,85.28333282,121.5125020602922,16.562500561686118,Diffun,Quirino,Region II (Cagayan Valley)
4964,82.77415466,121.53750206071608,16.562500561686118,Diffun,Quirino,Region II (Cagayan Valley)
4965,77.9352417,121.41250205859664,16.53750056083829,Diffun,Quirino,Region II (Cagayan Valley)
4966,81.08018494,121.43750205902055,16.53750056083829,Diffun,Quirino,Region II (Cagayan Valley)
4967,80.90937042,121.46250205944445,16.53750056083829,Diffun,Quirino,Region II (Cagayan Valley)
4968,80.76864624,121.48750205986832,16.53750056083829,Diffun,Quirino,Region II (Cagayan Valley)
4969,80.82435608,121.53750206071608,16.53750056083829,Diffun,Quirino,Region II (Cagayan Valley)
4970,74.55104065,121.38750205817276,16.51250055999046,Diffun,Quirino,Region II (Cagayan Valley)
4971,76.23042297,121.41250205859664,16.51250055999046,Diffun,Quirino,Region II (Cagayan Valley)
4972,77.00624847,121.43750205902055,16.51250055999046,Diffun,Quirino,Region II (Cagayan Valley)
4973,79.51918793,121.46250205944445,16.51250055999046,Diffun,Quirino,Region II (Cagayan Valley)
4974,70.64366913,121.36250205774888,16.48750055914263,Diffun,Quirino,Region II (Cagayan Valley)
4975,73.51030731,121.38750205817276,16.48750055914263,Diffun,Quirino,Region II (Cagayan Valley)
4976,75.3571701,121.41250205859664,16.48750055914263,Diffun,Quirino,Region II (Cagayan Valley)
4977,75.99459076,121.43750205902055,16.48750055914263,Diffun,Quirino,Region II (Cagayan Valley)
4978,78.60166168,121.46250205944445,16.48750055914263,Diffun,Quirino,Region II (Cagayan Valley)
4979,71.69132233,121.38750205817276,16.462500558294803,Diffun,Quirino,Region II (Cagayan Valley)
4980,73.97425842,121.41250205859664,16.462500558294803,Diffun,Quirino,Region II (Cagayan Valley)
4981,75.02288818,121.43750205902055,16.462500558294803,Diffun,Quirino,Region II (Cagayan Valley)
4982,71.3269043,121.41250205859664,16.437500557446974,Diffun,Quirino,Region II (Cagayan Valley)
4983,59.88031006,122.01250206876993,16.51250055999046,Maddela,Quirino,Region II (Cagayan Valley)
4984,60.06464386,122.03750206919383,16.51250055999046,Maddela,Quirino,Region II (Cagayan Valley)
4985,59.63881302,121.98750206834606,16.48750055914263,Maddela,Quirino,Region II (Cagayan Valley)
4986,59.92726135,122.01250206876993,16.48750055914263,Maddela,Quirino,Region II (Cagayan Valley)
4987,60.17279816,122.03750206919383,16.48750055914263,Maddela,Quirino,Region II (Cagayan Valley)
4988,58.38194275,121.93750206749829,16.462500558294803,Maddela,Quirino,Region II (Cagayan Valley)
4989,58.55630112,121.96250206792216,16.462500558294803,Maddela,Quirino,Region II (Cagayan Valley)
4990,59.56444168,121.98750206834606,16.462500558294803,Maddela,Quirino,Region II (Cagayan Valley)
4991,60.01530075,122.01250206876993,16.462500558294803,Maddela,Quirino,Region II (Cagayan Valley)
4992,56.07091522,121.86250206622663,16.437500557446974,Maddela,Quirino,Region II (Cagayan Valley)
4993,58.07664871,121.88750206665053,16.437500557446974,Maddela,Quirino,Region II (Cagayan Valley)
4994,58.734478,121.9125020670744,16.437500557446974,Maddela,Quirino,Region II (Cagayan Valley)
4995,58.97504044,121.93750206749829,16.437500557446974,Maddela,Quirino,Region II (Cagayan Valley)
4996,59.14946747,121.96250206792216,16.437500557446974,Maddela,Quirino,Region II (Cagayan Valley)
4997,61.21652222,121.98750206834606,16.437500557446974,Maddela,Quirino,Region II (Cagayan Valley)
4998,61.02615738,121.6875020632594,16.412500556599145,Maddela,Quirino,Region II (Cagayan Valley)
4999,59.06196976,121.7125020636833,16.412500556599145,Maddela,Quirino,Region II (Cagayan Valley)
5000,56.73136902,121.81250206537884,16.412500556599145,Maddela,Quirino,Region II (Cagayan Valley)
5001,56.5401001,121.83750206580272,16.412500556599145,Maddela,Quirino,Region II (Cagayan Valley)
5002,58.28157806,121.86250206622663,16.412500556599145,Maddela,Quirino,Region II (Cagayan Valley)
5003,58.75333786,121.88750206665053,16.412500556599145,Maddela,Quirino,Region II (Cagayan Valley)
5004,59.24029922,121.9125020670744,16.412500556599145,Maddela,Quirino,Region II (Cagayan Valley)
5005,59.5111351,121.93750206749829,16.412500556599145,Maddela,Quirino,Region II (Cagayan Valley)
5006,61.48219299,121.96250206792216,16.412500556599145,Maddela,Quirino,Region II (Cagayan Valley)
5007,62.82645416,121.66250206283554,16.387500555751316,Maddela,Quirino,Region II (Cagayan Valley)
5008,60.27516174,121.6875020632594,16.387500555751316,Maddela,Quirino,Region II (Cagayan Valley)
5009,58.78002548,121.7125020636833,16.387500555751316,Maddela,Quirino,Region II (Cagayan Valley)
5010,58.35120392,121.7375020641072,16.387500555751316,Maddela,Quirino,Region II (Cagayan Valley)
5011,57.04925537,121.76250206453108,16.387500555751316,Maddela,Quirino,Region II (Cagayan Valley)
5012,57.04040146,121.78750206495496,16.387500555751316,Maddela,Quirino,Region II (Cagayan Valley)
5013,57.43534851,121.81250206537884,16.387500555751316,Maddela,Quirino,Region II (Cagayan Valley)
5014,57.66750336,121.83750206580272,16.387500555751316,Maddela,Quirino,Region II (Cagayan Valley)
5015,59.55539322,121.86250206622663,16.387500555751316,Maddela,Quirino,Region II (Cagayan Valley)
5016,59.80387497,121.88750206665053,16.387500555751316,Maddela,Quirino,Region II (Cagayan Valley)
5017,60.38610077,121.9125020670744,16.387500555751316,Maddela,Quirino,Region II (Cagayan Valley)
5018,60.93213654,121.93750206749829,16.387500555751316,Maddela,Quirino,Region II (Cagayan Valley)
5019,65.55237579,121.61250206198775,16.362500554903487,Maddela,Quirino,Region II (Cagayan Valley)
5020,62.90016937,121.63750206241164,16.362500554903487,Maddela,Quirino,Region II (Cagayan Valley)
5021,62.65737534,121.66250206283554,16.362500554903487,Maddela,Quirino,Region II (Cagayan Valley)
5022,59.67137146,121.6875020632594,16.362500554903487,Maddela,Quirino,Region II (Cagayan Valley)
5023,58.39560699,121.7125020636833,16.362500554903487,Maddela,Quirino,Region II (Cagayan Valley)
5024,57.70450592,121.7375020641072,16.362500554903487,Maddela,Quirino,Region II (Cagayan Valley)
5025,57.44516373,121.76250206453108,16.362500554903487,Maddela,Quirino,Region II (Cagayan Valley)
5026,57.41977692,121.78750206495496,16.362500554903487,Maddela,Quirino,Region II (Cagayan Valley)
5027,58.12680817,121.81250206537884,16.362500554903487,Maddela,Quirino,Region II (Cagayan Valley)
5028,60.05984879,121.83750206580272,16.362500554903487,Maddela,Quirino,Region II (Cagayan Valley)
5029,60.25279999,121.86250206622663,16.362500554903487,Maddela,Quirino,Region II (Cagayan Valley)
5030,60.65330887,121.88750206665053,16.362500554903487,Maddela,Quirino,Region II (Cagayan Valley)
5031,61.50846481,121.9125020670744,16.362500554903487,Maddela,Quirino,Region II (Cagayan Valley)
5032,63.87559128,121.93750206749829,16.362500554903487,Maddela,Quirino,Region II (Cagayan Valley)
5033,67.527565,121.53750206071608,16.33750055405566,Maddela,Quirino,Region II (Cagayan Valley)
5034,67.0032196,121.56250206113998,16.33750055405566,Maddela,Quirino,Region II (Cagayan Valley)
5035,65.45039368,121.58750206156385,16.33750055405566,Maddela,Quirino,Region II (Cagayan Valley)
5036,64.48332977,121.61250206198775,16.33750055405566,Maddela,Quirino,Region II (Cagayan Valley)
5037,62.66533661,121.63750206241164,16.33750055405566,Maddela,Quirino,Region II (Cagayan Valley)
5038,62.4225769,121.66250206283554,16.33750055405566,Maddela,Quirino,Region II (Cagayan Valley)
5039,60.32871628,121.6875020632594,16.33750055405566,Maddela,Quirino,Region II (Cagayan Valley)
5040,59.19339752,121.7125020636833,16.33750055405566,Maddela,Quirino,Region II (Cagayan Valley)
5041,58.50014496,121.7375020641072,16.33750055405566,Maddela,Quirino,Region II (Cagayan Valley)
5042,58.2365303,121.76250206453108,16.33750055405566,Maddela,Quirino,Region II (Cagayan Valley)
5043,60.14870834,121.78750206495496,16.33750055405566,Maddela,Quirino,Region II (Cagayan Valley)
5044,60.94344711,121.81250206537884,16.33750055405566,Maddela,Quirino,Region II (Cagayan Valley)
5045,61.45109558,121.83750206580272,16.33750055405566,Maddela,Quirino,Region II (Cagayan Valley)
5046,61.64352036,121.86250206622663,16.33750055405566,Maddela,Quirino,Region II (Cagayan Valley)
5047,64.37379456,121.88750206665053,16.33750055405566,Maddela,Quirino,Region II (Cagayan Valley)
5048,65.26625061,121.9125020670744,16.33750055405566,Maddela,Quirino,Region II (Cagayan Valley)
5049,68.30767059,121.5125020602922,16.31250055320783,Maddela,Quirino,Region II (Cagayan Valley)
5050,67.58197021,121.53750206071608,16.31250055320783,Maddela,Quirino,Region II (Cagayan Valley)
5051,65.25521851,121.56250206113998,16.31250055320783,Maddela,Quirino,Region II (Cagayan Valley)
5052,64.72732544,121.58750206156385,16.31250055320783,Maddela,Quirino,Region II (Cagayan Valley)
5053,64.09172821,121.61250206198775,16.31250055320783,Maddela,Quirino,Region II (Cagayan Valley)
5054,63.55466461,121.63750206241164,16.31250055320783,Maddela,Quirino,Region II (Cagayan Valley)
5055,61.69624329,121.66250206283554,16.31250055320783,Maddela,Quirino,Region II (Cagayan Valley)
5056,60.58595657,121.6875020632594,16.31250055320783,Maddela,Quirino,Region II (Cagayan Valley)
5057,59.93372345,121.7125020636833,16.31250055320783,Maddela,Quirino,Region II (Cagayan Valley)
5058,59.70279312,121.7375020641072,16.31250055320783,Maddela,Quirino,Region II (Cagayan Valley)
5059,60.99694061,121.76250206453108,16.31250055320783,Maddela,Quirino,Region II (Cagayan Valley)
5060,61.59529495,121.78750206495496,16.31250055320783,Maddela,Quirino,Region II (Cagayan Valley)
5061,62.18811417,121.81250206537884,16.31250055320783,Maddela,Quirino,Region II (Cagayan Valley)
5062,62.64878845,121.83750206580272,16.31250055320783,Maddela,Quirino,Region II (Cagayan Valley)
5063,65.65299225,121.86250206622663,16.31250055320783,Maddela,Quirino,Region II (Cagayan Valley)
5064,66.20204926,121.88750206665053,16.31250055320783,Maddela,Quirino,Region II (Cagayan Valley)
5065,67.44872284,121.5125020602922,16.28750055236,Maddela,Quirino,Region II (Cagayan Valley)
5066,66.80647278,121.53750206071608,16.28750055236,Maddela,Quirino,Region II (Cagayan Valley)
5067,64.5802536,121.56250206113998,16.28750055236,Maddela,Quirino,Region II (Cagayan Valley)
5068,64.12847137,121.58750206156385,16.28750055236,Maddela,Quirino,Region II (Cagayan Valley)
5069,63.58472443,121.61250206198775,16.28750055236,Maddela,Quirino,Region II (Cagayan Valley)
5070,63.14238739,121.63750206241164,16.28750055236,Maddela,Quirino,Region II (Cagayan Valley)
5071,61.42807007,121.66250206283554,16.28750055236,Maddela,Quirino,Region II (Cagayan Valley)
5072,60.93180466,121.6875020632594,16.28750055236,Maddela,Quirino,Region II (Cagayan Valley)
5073,60.73405075,121.7125020636833,16.28750055236,Maddela,Quirino,Region II (Cagayan Valley)
5074,60.81850815,121.7375020641072,16.28750055236,Maddela,Quirino,Region II (Cagayan Valley)
5075,62.52581024,121.76250206453108,16.28750055236,Maddela,Quirino,Region II (Cagayan Valley)
5076,63.06253815,121.78750206495496,16.28750055236,Maddela,Quirino,Region II (Cagayan Valley)
5077,63.69623566,121.81250206537884,16.28750055236,Maddela,Quirino,Region II (Cagayan Valley)
5078,64.60192871,121.83750206580272,16.28750055236,Maddela,Quirino,Region II (Cagayan Valley)
5079,67.77140045,121.86250206622663,16.28750055236,Maddela,Quirino,Region II (Cagayan Valley)
5080,61.16505814,121.7125020636833,16.262500551512172,Maddela,Quirino,Region II (Cagayan Valley)
5081,62.46135712,121.7375020641072,16.262500551512172,Maddela,Quirino,Region II (Cagayan Valley)
5082,62.9300499,121.76250206453108,16.262500551512172,Maddela,Quirino,Region II (Cagayan Valley)
5083,63.54957581,121.78750206495496,16.262500551512172,Maddela,Quirino,Region II (Cagayan Valley)
5084,64.46365356,121.81250206537884,16.262500551512172,Maddela,Quirino,Region II (Cagayan Valley)
5085,67.7359848,121.83750206580272,16.262500551512172,Maddela,Quirino,Region II (Cagayan Valley)
5086,68.90428162,121.78750206495496,16.237500550664343,Maddela,Quirino,Region II (Cagayan Valley)
5087,69.848526,121.81250206537884,16.237500550664343,Maddela,Quirino,Region II (Cagayan Valley)
5088,82.20798492,121.56250206113998,16.587500562533947,Saguday,Quirino,Region II (Cagayan Valley)
5089,82.1492157,121.56250206113998,16.562500561686118,Saguday,Quirino,Region II (Cagayan Valley)
5090,81.24874878,121.58750206156385,16.562500561686118,Saguday,Quirino,Region II (Cagayan Valley)
5091,80.20956421,121.56250206113998,16.53750056083829,Saguday,Quirino,Region II (Cagayan Valley)
5092,77.4370575,121.58750206156385,16.53750056083829,Saguday,Quirino,Region II (Cagayan Valley)
5093,76.79360199,121.56250206113998,16.51250055999046,Saguday,Quirino,Region II (Cagayan Valley)
5094,75.94900513,121.58750206156385,16.51250055999046,Saguday,Quirino,Region II (Cagayan Valley)
5095,67.36058044,121.5125020602922,16.262500551512172,Nagtipunan,Quirino,Region II (Cagayan Valley)
5096,65.9787674,121.53750206071608,16.262500551512172,Nagtipunan,Quirino,Region II (Cagayan Valley)
5097,65.60655975,121.56250206113998,16.262500551512172,Nagtipunan,Quirino,Region II (Cagayan Valley)
5098,64.22774506,121.58750206156385,16.262500551512172,Nagtipunan,Quirino,Region II (Cagayan Valley)
5099,63.53363037,121.61250206198775,16.262500551512172,Nagtipunan,Quirino,Region II (Cagayan Valley)
5100,62.56629181,121.63750206241164,16.262500551512172,Nagtipunan,Quirino,Region II (Cagayan Valley)
5101,62.49772644,121.66250206283554,16.262500551512172,Nagtipunan,Quirino,Region II (Cagayan Valley)
5102,61.21016693,121.6875020632594,16.262500551512172,Nagtipunan,Quirino,Region II (Cagayan Valley)
5103,67.97699738,121.48750205986832,16.237500550664343,Nagtipunan,Quirino,Region II (Cagayan Valley)
5104,67.63422394,121.5125020602922,16.237500550664343,Nagtipunan,Quirino,Region II (Cagayan Valley)
5105,65.91464996,121.53750206071608,16.237500550664343,Nagtipunan,Quirino,Region II (Cagayan Valley)
5106,65.5847168,121.56250206113998,16.237500550664343,Nagtipunan,Quirino,Region II (Cagayan Valley)
5107,65.37650299,121.58750206156385,16.237500550664343,Nagtipunan,Quirino,Region II (Cagayan Valley)
5108,64.79920197,121.61250206198775,16.237500550664343,Nagtipunan,Quirino,Region II (Cagayan Valley)
5109,63.34465408,121.63750206241164,16.237500550664343,Nagtipunan,Quirino,Region II (Cagayan Valley)
5110,63.27608871,121.66250206283554,16.237500550664343,Nagtipunan,Quirino,Region II (Cagayan Valley)
5111,64.74658203,121.6875020632594,16.237500550664343,Nagtipunan,Quirino,Region II (Cagayan Valley)
5112,64.93917847,121.7125020636833,16.237500550664343,Nagtipunan,Quirino,Region II (Cagayan Valley)
5113,64.49742889,121.7375020641072,16.237500550664343,Nagtipunan,Quirino,Region II (Cagayan Valley)
5114,65.14878845,121.76250206453108,16.237500550664343,Nagtipunan,Quirino,Region II (Cagayan Valley)
5115,69.9780426,121.41250205859664,16.212500549816514,Nagtipunan,Quirino,Region II (Cagayan Valley)
5116,69.72705078,121.43750205902055,16.212500549816514,Nagtipunan,Quirino,Region II (Cagayan Valley)
5117,68.12709045,121.46250205944445,16.212500549816514,Nagtipunan,Quirino,Region II (Cagayan Valley)
5118,67.86756134,121.48750205986832,16.212500549816514,Nagtipunan,Quirino,Region II (Cagayan Valley)
5119,67.60894012,121.5125020602922,16.212500549816514,Nagtipunan,Quirino,Region II (Cagayan Valley)
5120,67.0679245,121.53750206071608,16.212500549816514,Nagtipunan,Quirino,Region II (Cagayan Valley)
5121,65.69464874,121.56250206113998,16.212500549816514,Nagtipunan,Quirino,Region II (Cagayan Valley)
5122,65.52796936,121.58750206156385,16.212500549816514,Nagtipunan,Quirino,Region II (Cagayan Valley)
5123,65.23511505,121.61250206198775,16.212500549816514,Nagtipunan,Quirino,Region II (Cagayan Valley)
5124,64.89295959,121.63750206241164,16.212500549816514,Nagtipunan,Quirino,Region II (Cagayan Valley)
5125,65.28050995,121.66250206283554,16.212500549816514,Nagtipunan,Quirino,Region II (Cagayan Valley)
5126,65.72293854,121.6875020632594,16.212500549816514,Nagtipunan,Quirino,Region II (Cagayan Valley)
5127,66.03259277,121.7125020636833,16.212500549816514,Nagtipunan,Quirino,Region II (Cagayan Valley)
5128,66.09736633,121.7375020641072,16.212500549816514,Nagtipunan,Quirino,Region II (Cagayan Valley)
5129,69.52726746,121.76250206453108,16.212500549816514,Nagtipunan,Quirino,Region II (Cagayan Valley)
5130,70.62802887,121.78750206495496,16.212500549816514,Nagtipunan,Quirino,Region II (Cagayan Valley)
5131,73.06054688,121.31250205690112,16.187500548968686,Nagtipunan,Quirino,Region II (Cagayan Valley)
5132,72.895401,121.337502057325,16.187500548968686,Nagtipunan,Quirino,Region II (Cagayan Valley)
5133,70.56984711,121.36250205774888,16.187500548968686,Nagtipunan,Quirino,Region II (Cagayan Valley)
5134,70.57428741,121.38750205817276,16.187500548968686,Nagtipunan,Quirino,Region II (Cagayan Valley)
5135,70.41048431,121.41250205859664,16.187500548968686,Nagtipunan,Quirino,Region II (Cagayan Valley)
5136,70.20835114,121.43750205902055,16.187500548968686,Nagtipunan,Quirino,Region II (Cagayan Valley)
5137,68.54278564,121.46250205944445,16.187500548968686,Nagtipunan,Quirino,Region II (Cagayan Valley)
5138,68.16627502,121.48750205986832,16.187500548968686,Nagtipunan,Quirino,Region II (Cagayan Valley)
5139,67.8809433,121.5125020602922,16.187500548968686,Nagtipunan,Quirino,Region II (Cagayan Valley)
5140,67.40485382,121.53750206071608,16.187500548968686,Nagtipunan,Quirino,Region II (Cagayan Valley)
5141,66.1147995,121.56250206113998,16.187500548968686,Nagtipunan,Quirino,Region II (Cagayan Valley)
5142,65.97068024,121.58750206156385,16.187500548968686,Nagtipunan,Quirino,Region II (Cagayan Valley)
5143,65.88951111,121.61250206198775,16.187500548968686,Nagtipunan,Quirino,Region II (Cagayan Valley)
5144,65.92118835,121.63750206241164,16.187500548968686,Nagtipunan,Quirino,Region II (Cagayan Valley)
5145,66.4713974,121.66250206283554,16.187500548968686,Nagtipunan,Quirino,Region II (Cagayan Valley)
5146,66.71217346,121.6875020632594,16.187500548968686,Nagtipunan,Quirino,Region II (Cagayan Valley)
5147,67.16955566,121.7125020636833,16.187500548968686,Nagtipunan,Quirino,Region II (Cagayan Valley)
5148,67.71298218,121.7375020641072,16.187500548968686,Nagtipunan,Quirino,Region II (Cagayan Valley)
5149,71.23827362,121.76250206453108,16.187500548968686,Nagtipunan,Quirino,Region II (Cagayan Valley)
5150,74.06256104,121.28750205647722,16.162500548120857,Nagtipunan,Quirino,Region II (Cagayan Valley)
5151,72.69890594,121.337502057325,16.162500548120857,Nagtipunan,Quirino,Region II (Cagayan Valley)
5152,72.41931915,121.36250205774888,16.162500548120857,Nagtipunan,Quirino,Region II (Cagayan Valley)
5153,70.51865387,121.38750205817276,16.162500548120857,Nagtipunan,Quirino,Region II (Cagayan Valley)
5154,70.08773804,121.41250205859664,16.162500548120857,Nagtipunan,Quirino,Region II (Cagayan Valley)
5155,69.72561646,121.43750205902055,16.162500548120857,Nagtipunan,Quirino,Region II (Cagayan Valley)
5156,69.50452423,121.46250205944445,16.162500548120857,Nagtipunan,Quirino,Region II (Cagayan Valley)
5157,68.08131409,121.48750205986832,16.162500548120857,Nagtipunan,Quirino,Region II (Cagayan Valley)
5158,67.66332245,121.5125020602922,16.162500548120857,Nagtipunan,Quirino,Region II (Cagayan Valley)
5159,67.37410736,121.53750206071608,16.162500548120857,Nagtipunan,Quirino,Region II (Cagayan Valley)
5160,67.26969147,121.56250206113998,16.162500548120857,Nagtipunan,Quirino,Region II (Cagayan Valley)
5161,66.21135712,121.58750206156385,16.162500548120857,Nagtipunan,Quirino,Region II (Cagayan Valley)
5162,66.26333618,121.61250206198775,16.162500548120857,Nagtipunan,Quirino,Region II (Cagayan Valley)
5163,67.47235107,121.63750206241164,16.162500548120857,Nagtipunan,Quirino,Region II (Cagayan Valley)
5164,67.6211319,121.66250206283554,16.162500548120857,Nagtipunan,Quirino,Region II (Cagayan Valley)
5165,67.74134064,121.6875020632594,16.162500548120857,Nagtipunan,Quirino,Region II (Cagayan Valley)
5166,68.70000458,121.7125020636833,16.162500548120857,Nagtipunan,Quirino,Region II (Cagayan Valley)
5167,71.92115784,121.7375020641072,16.162500548120857,Nagtipunan,Quirino,Region II (Cagayan Valley)
5168,78.40119934,121.28750205647722,16.137500547273028,Nagtipunan,Quirino,Region II (Cagayan Valley)
5169,77.11408997,121.31250205690112,16.137500547273028,Nagtipunan,Quirino,Region II (Cagayan Valley)
5170,73.31203461,121.337502057325,16.137500547273028,Nagtipunan,Quirino,Region II (Cagayan Valley)
5171,73.03450012,121.36250205774888,16.137500547273028,Nagtipunan,Quirino,Region II (Cagayan Valley)
5172,72.44289398,121.38750205817276,16.137500547273028,Nagtipunan,Quirino,Region II (Cagayan Valley)
5173,71.93387604,121.41250205859664,16.137500547273028,Nagtipunan,Quirino,Region II (Cagayan Valley)
5174,69.96757507,121.43750205902055,16.137500547273028,Nagtipunan,Quirino,Region II (Cagayan Valley)
5175,69.89737701,121.46250205944445,16.137500547273028,Nagtipunan,Quirino,Region II (Cagayan Valley)
5176,69.91342163,121.48750205986832,16.137500547273028,Nagtipunan,Quirino,Region II (Cagayan Valley)
5177,69.50229645,121.5125020602922,16.137500547273028,Nagtipunan,Quirino,Region II (Cagayan Valley)
5178,68.04034424,121.53750206071608,16.137500547273028,Nagtipunan,Quirino,Region II (Cagayan Valley)
5179,68.01075745,121.56250206113998,16.137500547273028,Nagtipunan,Quirino,Region II (Cagayan Valley)
5180,69.60281372,121.58750206156385,16.137500547273028,Nagtipunan,Quirino,Region II (Cagayan Valley)
5181,69.80917358,121.61250206198775,16.137500547273028,Nagtipunan,Quirino,Region II (Cagayan Valley)
5182,69.27635956,121.63750206241164,16.137500547273028,Nagtipunan,Quirino,Region II (Cagayan Valley)
5183,69.42445374,121.66250206283554,16.137500547273028,Nagtipunan,Quirino,Region II (Cagayan Valley)
5184,73.74967194,121.6875020632594,16.137500547273028,Nagtipunan,Quirino,Region II (Cagayan Valley)
5185,75.03712463,121.7125020636833,16.137500547273028,Nagtipunan,Quirino,Region II (Cagayan Valley)
5186,77.98747253,121.31250205690112,16.1125005464252,Nagtipunan,Quirino,Region II (Cagayan Valley)
5187,76.96712494,121.337502057325,16.1125005464252,Nagtipunan,Quirino,Region II (Cagayan Valley)
5188,72.91770172,121.36250205774888,16.1125005464252,Nagtipunan,Quirino,Region II (Cagayan Valley)
5189,72.82705688,121.38750205817276,16.1125005464252,Nagtipunan,Quirino,Region II (Cagayan Valley)
5190,72.49677277,121.41250205859664,16.1125005464252,Nagtipunan,Quirino,Region II (Cagayan Valley)
5191,72.07208252,121.43750205902055,16.1125005464252,Nagtipunan,Quirino,Region II (Cagayan Valley)
5192,70.47138214,121.46250205944445,16.1125005464252,Nagtipunan,Quirino,Region II (Cagayan Valley)
5193,70.3924408,121.48750205986832,16.1125005464252,Nagtipunan,Quirino,Region II (Cagayan Valley)
5194,70.12023926,121.5125020602922,16.1125005464252,Nagtipunan,Quirino,Region II (Cagayan Valley)
5195,69.82550049,121.53750206071608,16.1125005464252,Nagtipunan,Quirino,Region II (Cagayan Valley)
5196,70.04042816,121.56250206113998,16.1125005464252,Nagtipunan,Quirino,Region II (Cagayan Valley)
5197,70.39885712,121.58750206156385,16.1125005464252,Nagtipunan,Quirino,Region II (Cagayan Valley)
5198,70.6521759,121.61250206198775,16.1125005464252,Nagtipunan,Quirino,Region II (Cagayan Valley)
5199,70.69452667,121.63750206241164,16.1125005464252,Nagtipunan,Quirino,Region II (Cagayan Valley)
5200,73.24452972,121.66250206283554,16.1125005464252,Nagtipunan,Quirino,Region II (Cagayan Valley)
5201,76.88012695,121.337502057325,16.08750054557737,Nagtipunan,Quirino,Region II (Cagayan Valley)
5202,72.76524353,121.36250205774888,16.08750054557737,Nagtipunan,Quirino,Region II (Cagayan Valley)
5203,72.41503143,121.38750205817276,16.08750054557737,Nagtipunan,Quirino,Region II (Cagayan Valley)
5204,72.06546783,121.41250205859664,16.08750054557737,Nagtipunan,Quirino,Region II (Cagayan Valley)
5205,71.84870911,121.43750205902055,16.08750054557737,Nagtipunan,Quirino,Region II (Cagayan Valley)
5206,70.59374237,121.46250205944445,16.08750054557737,Nagtipunan,Quirino,Region II (Cagayan Valley)
5207,70.47748566,121.48750205986832,16.08750054557737,Nagtipunan,Quirino,Region II (Cagayan Valley)
5208,70.24552917,121.5125020602922,16.08750054557737,Nagtipunan,Quirino,Region II (Cagayan Valley)
5209,70.50084686,121.53750206071608,16.08750054557737,Nagtipunan,Quirino,Region II (Cagayan Valley)
5210,70.95757294,121.56250206113998,16.08750054557737,Nagtipunan,Quirino,Region II (Cagayan Valley)
5211,71.17668915,121.58750206156385,16.08750054557737,Nagtipunan,Quirino,Region II (Cagayan Valley)
5212,71.6185379,121.61250206198775,16.08750054557737,Nagtipunan,Quirino,Region II (Cagayan Valley)
5213,72.15339661,121.63750206241164,16.08750054557737,Nagtipunan,Quirino,Region II (Cagayan Valley)
5214,71.9702301,121.38750205817276,16.06250054472954,Nagtipunan,Quirino,Region II (Cagayan Valley)
5215,71.4488678,121.41250205859664,16.06250054472954,Nagtipunan,Quirino,Region II (Cagayan Valley)
5216,71.28871155,121.43750205902055,16.06250054472954,Nagtipunan,Quirino,Region II (Cagayan Valley)
5217,71.86734009,121.46250205944445,16.06250054472954,Nagtipunan,Quirino,Region II (Cagayan Valley)
5218,70.492836,121.48750205986832,16.06250054472954,Nagtipunan,Quirino,Region II (Cagayan Valley)
5219,70.20037079,121.5125020602922,16.06250054472954,Nagtipunan,Quirino,Region II (Cagayan Valley)
5220,71.78022766,121.53750206071608,16.06250054472954,Nagtipunan,Quirino,Region II (Cagayan Valley)
5221,72.17326355,121.56250206113998,16.06250054472954,Nagtipunan,Quirino,Region II (Cagayan Valley)
5222,71.71801758,121.58750206156385,16.06250054472954,Nagtipunan,Quirino,Region II (Cagayan Valley)
5223,72.483078,121.61250206198775,16.06250054472954,Nagtipunan,Quirino,Region II (Cagayan Valley)
5224,76.42781067,121.36250205774888,16.037500543881713,Nagtipunan,Quirino,Region II (Cagayan Valley)
5225,75.61213684,121.38750205817276,16.037500543881713,Nagtipunan,Quirino,Region II (Cagayan Valley)
5226,75.0427475,121.41250205859664,16.037500543881713,Nagtipunan,Quirino,Region II (Cagayan Valley)
5227,72.55233765,121.43750205902055,16.037500543881713,Nagtipunan,Quirino,Region II (Cagayan Valley)
5228,73.14367676,121.46250205944445,16.037500543881713,Nagtipunan,Quirino,Region II (Cagayan Valley)
5229,73.90958405,121.48750205986832,16.037500543881713,Nagtipunan,Quirino,Region II (Cagayan Valley)
5230,73.63628387,121.5125020602922,16.037500543881713,Nagtipunan,Quirino,Region II (Cagayan Valley)
5231,73.20820618,121.53750206071608,16.037500543881713,Nagtipunan,Quirino,Region II (Cagayan Valley)
5232,73.60749054,121.56250206113998,16.037500543881713,Nagtipunan,Quirino,Region II (Cagayan Valley)
5233,75.79097748,121.58750206156385,16.037500543881713,Nagtipunan,Quirino,Region II (Cagayan Valley)
5234,76.49797058,121.36250205774888,16.012500543033884,Nagtipunan,Quirino,Region II (Cagayan Valley)
5235,76.15522766,121.38750205817276,16.012500543033884,Nagtipunan,Quirino,Region II (Cagayan Valley)
5236,75.63488007,121.41250205859664,16.012500543033884,Nagtipunan,Quirino,Region II (Cagayan Valley)
5237,75.09999084,121.43750205902055,16.012500543033884,Nagtipunan,Quirino,Region II (Cagayan Valley)
5238,74.11521912,121.46250205944445,16.012500543033884,Nagtipunan,Quirino,Region II (Cagayan Valley)
5239,74.48432922,121.48750205986832,16.012500543033884,Nagtipunan,Quirino,Region II (Cagayan Valley)
5240,74.29601288,121.5125020602922,16.012500543033884,Nagtipunan,Quirino,Region II (Cagayan Valley)
5241,74.82326508,121.53750206071608,16.012500543033884,Nagtipunan,Quirino,Region II (Cagayan Valley)
5242,76.1067276,121.56250206113998,16.012500543033884,Nagtipunan,Quirino,Region II (Cagayan Valley)
5243,76.96563721,121.38750205817276,15.987500542186051,Nagtipunan,Quirino,Region II (Cagayan Valley)
5244,76.27713013,121.41250205859664,15.987500542186051,Nagtipunan,Quirino,Region II (Cagayan Valley)
5245,75.92237091,121.43750205902055,15.987500542186051,Nagtipunan,Quirino,Region II (Cagayan Valley)
5246,75.03608704,121.46250205944445,15.987500542186051,Nagtipunan,Quirino,Region II (Cagayan Valley)
5247,75.22949219,121.48750205986832,15.987500542186051,Nagtipunan,Quirino,Region II (Cagayan Valley)
5248,75.05358124,121.5125020602922,15.987500542186051,Nagtipunan,Quirino,Region II (Cagayan Valley)
5249,75.99249268,121.53750206071608,15.987500542186051,Nagtipunan,Quirino,Region II (Cagayan Valley)
5250,76.9070282,121.41250205859664,15.962500541338226,Nagtipunan,Quirino,Region II (Cagayan Valley)
5251,76.71990967,121.43750205902055,15.962500541338226,Nagtipunan,Quirino,Region II (Cagayan Valley)
5252,77.56614685,121.46250205944445,15.962500541338226,Nagtipunan,Quirino,Region II (Cagayan Valley)
5253,75.92438507,121.48750205986832,15.962500541338226,Nagtipunan,Quirino,Region II (Cagayan Valley)
5254,75.68789673,121.5125020602922,15.962500541338226,Nagtipunan,Quirino,Region II (Cagayan Valley)
5255,78.70116425,121.46250205944445,15.937500540490396,Nagtipunan,Quirino,Region II (Cagayan Valley)
