unique id,value,lon,lat,municipality name,province name,region
22949,114.6369019,124.6375021132781,9.212500312424442,Catarman,Camiguin,Region X (Northern Mindanao)
22950,114.4036865,124.66250211370196,9.212500312424442,Catarman,Camiguin,Region X (Northern Mindanao)
22951,115.1460877,124.6375021132781,9.187500311576612,Catarman,Camiguin,Region X (Northern Mindanao)
22952,114.9012528,124.66250211370196,9.187500311576612,Catarman,Camiguin,Region X (Northern Mindanao)
22953,115.302208,124.68750211412586,9.187500311576612,Catarman,Camiguin,Region X (Northern Mindanao)
22954,115.6396484,124.66250211370196,9.162500310728785,Catarman,Camiguin,Region X (Northern Mindanao)
22955,115.7763672,124.68750211412586,9.162500310728785,Catarman,Camiguin,Region X (Northern Mindanao)
22956,115.7659683,124.71250211454976,9.162500310728785,Catarman,Camiguin,Region X (Northern Mindanao)
22957,115.6238632,124.66250211370196,9.137500309880956,Catarman,Camiguin,Region X (Northern Mindanao)
22958,115.4056625,124.68750211412586,9.137500309880956,Catarman,Camiguin,Region X (Northern Mindanao)
22959,113.855545,124.76250211539752,9.137500309880956,Guinsiliban,Camiguin,Region X (Northern Mindanao)
22960,111.9207077,124.76250211539752,9.112500309033123,Guinsiliban,Camiguin,Region X (Northern Mindanao)
22961,111.1442642,124.7875021158214,9.112500309033123,Guinsiliban,Camiguin,Region X (Northern Mindanao)
22962,113.2060547,124.76250211539752,9.187500311576612,Mahinog,Camiguin,Region X (Northern Mindanao)
22963,114.1472168,124.76250211539752,9.162500310728785,Mahinog,Camiguin,Region X (Northern Mindanao)
22964,112.725502,124.7875021158214,9.162500310728785,Mahinog,Camiguin,Region X (Northern Mindanao)
22965,111.8765869,124.7875021158214,9.137500309880956,Mahinog,Camiguin,Region X (Northern Mindanao)
22966,114.4375687,124.66250211370196,9.237500313272273,Mambajao (Capital),Camiguin,Region X (Northern Mindanao)
22967,114.8216171,124.68750211412586,9.237500313272273,Mambajao (Capital),Camiguin,Region X (Northern Mindanao)
22968,114.8984757,124.71250211454976,9.237500313272273,Mambajao (Capital),Camiguin,Region X (Northern Mindanao)
22969,114.2612686,124.73750211497364,9.237500313272273,Mambajao (Capital),Camiguin,Region X (Northern Mindanao)
22970,114.8488312,124.68750211412586,9.212500312424442,Mambajao (Capital),Camiguin,Region X (Northern Mindanao)
22971,114.9556274,124.71250211454976,9.212500312424442,Mambajao (Capital),Camiguin,Region X (Northern Mindanao)
22972,114.8298798,124.73750211497364,9.212500312424442,Mambajao (Capital),Camiguin,Region X (Northern Mindanao)
22973,113.0444031,124.76250211539752,9.212500312424442,Mambajao (Capital),Camiguin,Region X (Northern Mindanao)
22974,115.3795013,124.71250211454976,9.187500311576612,Mambajao (Capital),Camiguin,Region X (Northern Mindanao)
22975,115.2425461,124.73750211497364,9.187500311576612,Mambajao (Capital),Camiguin,Region X (Northern Mindanao)
22976,115.0398178,124.73750211497364,9.162500310728785,Sagay,Camiguin,Region X (Northern Mindanao)
22977,115.3523865,124.71250211454976,9.137500309880956,Sagay,Camiguin,Region X (Northern Mindanao)
22978,114.7462692,124.73750211497364,9.137500309880956,Sagay,Camiguin,Region X (Northern Mindanao)
22979,114.7697983,124.71250211454976,9.112500309033123,Sagay,Camiguin,Region X (Northern Mindanao)
22980,114.592804,124.73750211497364,9.112500309033123,Sagay,Camiguin,Region X (Northern Mindanao)
22981,111.1060104,124.76250211539752,9.087500308185298,Sagay,Camiguin,Region X (Northern Mindanao)
