unique id,value,lon,lat,municipality name,province name,region
22982,97.4998703,124.01250210268093,8.18750027766346,Bacolod,Lanao del Norte,Region X (Northern Mindanao)
22983,96.63752747,124.0375021031048,8.18750027766346,Bacolod,Lanao del Norte,Region X (Northern Mindanao)
22984,95.11914063,124.06250210352869,8.18750027766346,Bacolod,Lanao del Norte,Region X (Northern Mindanao)
22985,98.34677887,123.98750210225703,8.162500276815631,Bacolod,Lanao del Norte,Region X (Northern Mindanao)
22986,96.79426575,124.01250210268093,8.162500276815631,Bacolod,Lanao del Norte,Region X (Northern Mindanao)
22987,94.10248566,124.0375021031048,8.162500276815631,Bacolod,Lanao del Norte,Region X (Northern Mindanao)
22988,91.71727753,124.01250210268093,8.137500275967804,Bacolod,Lanao del Norte,Region X (Northern Mindanao)
22989,90.83338928,124.0375021031048,8.137500275967804,Bacolod,Lanao del Norte,Region X (Northern Mindanao)
22990,88.840271,124.0375021031048,8.112500275119974,Bacolod,Lanao del Norte,Region X (Northern Mindanao)
22991,88.11881256,124.21250210607202,8.162500276815631,Baloi,Lanao del Norte,Region X (Northern Mindanao)
22992,81.91069794,124.21250210607202,8.137500275967804,Baloi,Lanao del Norte,Region X (Northern Mindanao)
22993,82.72808075,124.23750210649588,8.137500275967804,Baloi,Lanao del Norte,Region X (Northern Mindanao)
22994,79.52857208,124.21250210607202,8.112500275119974,Baloi,Lanao del Norte,Region X (Northern Mindanao)
22995,79.51360321,124.23750210649588,8.112500275119974,Baloi,Lanao del Norte,Region X (Northern Mindanao)
22996,80.13510132,124.26250210691978,8.112500275119974,Baloi,Lanao del Norte,Region X (Northern Mindanao)
22997,79.10485077,124.18750210564812,8.087500274272147,Baloi,Lanao del Norte,Region X (Northern Mindanao)
22998,78.98664093,124.21250210607202,8.087500274272147,Baloi,Lanao del Norte,Region X (Northern Mindanao)
22999,103.3563156,123.78750209886594,8.037500272576487,Baroy,Lanao del Norte,Region X (Northern Mindanao)
23000,104.2008438,123.76250209844204,8.012500271728658,Baroy,Lanao del Norte,Region X (Northern Mindanao)
23001,103.2368164,123.78750209886594,8.012500271728658,Baroy,Lanao del Norte,Region X (Northern Mindanao)
23002,102.3741608,123.8125020992898,8.012500271728658,Baroy,Lanao del Norte,Region X (Northern Mindanao)
23003,102.1821289,123.8125020992898,7.98750027088083,Baroy,Lanao del Norte,Region X (Northern Mindanao)
23004,101.6635056,123.8375020997137,7.98750027088083,Baroy,Lanao del Norte,Region X (Northern Mindanao)
23005,99.89157104,123.8375020997137,7.962500270033004,Baroy,Lanao del Norte,Region X (Northern Mindanao)
23006,100.1955566,123.8375020997137,7.937500269185176,Baroy,Lanao del Norte,Region X (Northern Mindanao)
23007,99.87662506,123.8625021001376,7.937500269185176,Baroy,Lanao del Norte,Region X (Northern Mindanao)
23008,109.5666657,124.26250210691978,8.312500281902604,Iligan City,Lanao del Norte,Region X (Northern Mindanao)
23009,109.4213257,124.28750210734368,8.312500281902604,Iligan City,Lanao del Norte,Region X (Northern Mindanao)
23010,109.2433014,124.31250210776756,8.312500281902604,Iligan City,Lanao del Norte,Region X (Northern Mindanao)
23011,109.2335129,124.33750210819144,8.312500281902604,Iligan City,Lanao del Norte,Region X (Northern Mindanao)
23012,108.757431,124.36250210861532,8.312500281902604,Iligan City,Lanao del Norte,Region X (Northern Mindanao)
23013,107.1950378,124.3875021090392,8.312500281902604,Iligan City,Lanao del Norte,Region X (Northern Mindanao)
23014,106.4298859,124.4125021094631,8.312500281902604,Iligan City,Lanao del Norte,Region X (Northern Mindanao)
23015,106.3760452,124.437502109887,8.312500281902604,Iligan City,Lanao del Norte,Region X (Northern Mindanao)
23016,102.4686737,124.46250211031088,8.312500281902604,Iligan City,Lanao del Norte,Region X (Northern Mindanao)
23017,105.8143845,124.26250210691978,8.287500281054776,Iligan City,Lanao del Norte,Region X (Northern Mindanao)
23018,105.8951874,124.28750210734368,8.287500281054776,Iligan City,Lanao del Norte,Region X (Northern Mindanao)
23019,105.4704285,124.31250210776756,8.287500281054776,Iligan City,Lanao del Norte,Region X (Northern Mindanao)
23020,105.1829605,124.33750210819144,8.287500281054776,Iligan City,Lanao del Norte,Region X (Northern Mindanao)
23021,104.7492905,124.36250210861532,8.287500281054776,Iligan City,Lanao del Norte,Region X (Northern Mindanao)
23022,103.2457962,124.3875021090392,8.287500281054776,Iligan City,Lanao del Norte,Region X (Northern Mindanao)
23023,102.454773,124.4125021094631,8.287500281054776,Iligan City,Lanao del Norte,Region X (Northern Mindanao)
23024,102.2772217,124.437502109887,8.287500281054776,Iligan City,Lanao del Norte,Region X (Northern Mindanao)
23025,98.3990097,124.46250211031088,8.287500281054776,Iligan City,Lanao del Norte,Region X (Northern Mindanao)
23026,101.7993088,124.26250210691978,8.262500280206948,Iligan City,Lanao del Norte,Region X (Northern Mindanao)
23027,102.4941101,124.28750210734368,8.262500280206948,Iligan City,Lanao del Norte,Region X (Northern Mindanao)
23028,101.8081665,124.31250210776756,8.262500280206948,Iligan City,Lanao del Norte,Region X (Northern Mindanao)
23029,100.6495209,124.33750210819144,8.262500280206948,Iligan City,Lanao del Norte,Region X (Northern Mindanao)
23030,100.6307907,124.36250210861532,8.262500280206948,Iligan City,Lanao del Norte,Region X (Northern Mindanao)
23031,99.42211914,124.3875021090392,8.262500280206948,Iligan City,Lanao del Norte,Region X (Northern Mindanao)
23032,98.55321503,124.4125021094631,8.262500280206948,Iligan City,Lanao del Norte,Region X (Northern Mindanao)
23033,97.46889496,124.437502109887,8.262500280206948,Iligan City,Lanao del Norte,Region X (Northern Mindanao)
23034,94.55329895,124.46250211031088,8.262500280206948,Iligan City,Lanao del Norte,Region X (Northern Mindanao)
23035,93.16888428,124.48750211073477,8.262500280206948,Iligan City,Lanao del Norte,Region X (Northern Mindanao)
23036,100.004364,124.26250210691978,8.237500279359118,Iligan City,Lanao del Norte,Region X (Northern Mindanao)
23037,98.52130127,124.28750210734368,8.237500279359118,Iligan City,Lanao del Norte,Region X (Northern Mindanao)
23038,97.93566895,124.31250210776756,8.237500279359118,Iligan City,Lanao del Norte,Region X (Northern Mindanao)
23039,99.35417938,124.33750210819144,8.237500279359118,Iligan City,Lanao del Norte,Region X (Northern Mindanao)
23040,99.33522797,124.36250210861532,8.237500279359118,Iligan City,Lanao del Norte,Region X (Northern Mindanao)
23041,96.60515594,124.3875021090392,8.237500279359118,Iligan City,Lanao del Norte,Region X (Northern Mindanao)
23042,95.80945587,124.4125021094631,8.237500279359118,Iligan City,Lanao del Norte,Region X (Northern Mindanao)
23043,96.5504303,124.437502109887,8.237500279359118,Iligan City,Lanao del Norte,Region X (Northern Mindanao)
23044,93.66133118,124.46250211031088,8.237500279359118,Iligan City,Lanao del Norte,Region X (Northern Mindanao)
23045,91.42638397,124.48750211073477,8.237500279359118,Iligan City,Lanao del Norte,Region X (Northern Mindanao)
23046,93.93538666,124.23750210649588,8.21250027851129,Iligan City,Lanao del Norte,Region X (Northern Mindanao)
23047,94.12717438,124.26250210691978,8.21250027851129,Iligan City,Lanao del Norte,Region X (Northern Mindanao)
23048,94.04856873,124.28750210734368,8.21250027851129,Iligan City,Lanao del Norte,Region X (Northern Mindanao)
23049,93.62012482,124.36250210861532,8.21250027851129,Iligan City,Lanao del Norte,Region X (Northern Mindanao)
23050,91.82357788,124.3875021090392,8.21250027851129,Iligan City,Lanao del Norte,Region X (Northern Mindanao)
23051,91.0655365,124.4125021094631,8.21250027851129,Iligan City,Lanao del Norte,Region X (Northern Mindanao)
23052,91.17099762,124.437502109887,8.21250027851129,Iligan City,Lanao del Norte,Region X (Northern Mindanao)
23053,88.50444031,124.46250211031088,8.21250027851129,Iligan City,Lanao del Norte,Region X (Northern Mindanao)
23054,87.1727829,124.48750211073477,8.21250027851129,Iligan City,Lanao del Norte,Region X (Northern Mindanao)
23055,89.24047852,124.18750210564812,8.18750027766346,Iligan City,Lanao del Norte,Region X (Northern Mindanao)
23056,89.11263275,124.21250210607202,8.18750027766346,Iligan City,Lanao del Norte,Region X (Northern Mindanao)
23057,88.80335999,124.23750210649588,8.18750027766346,Iligan City,Lanao del Norte,Region X (Northern Mindanao)
23058,89.03263855,124.26250210691978,8.18750027766346,Iligan City,Lanao del Norte,Region X (Northern Mindanao)
23059,89.43453979,124.28750210734368,8.18750027766346,Iligan City,Lanao del Norte,Region X (Northern Mindanao)
23060,88.54260254,124.36250210861532,8.18750027766346,Iligan City,Lanao del Norte,Region X (Northern Mindanao)
23061,86.97725677,124.3875021090392,8.18750027766346,Iligan City,Lanao del Norte,Region X (Northern Mindanao)
23062,86.26896667,124.4125021094631,8.18750027766346,Iligan City,Lanao del Norte,Region X (Northern Mindanao)
23063,86.2331543,124.437502109887,8.18750027766346,Iligan City,Lanao del Norte,Region X (Northern Mindanao)
23064,83.89173889,124.46250211031088,8.18750027766346,Iligan City,Lanao del Norte,Region X (Northern Mindanao)
23065,82.90686798,124.48750211073477,8.18750027766346,Iligan City,Lanao del Norte,Region X (Northern Mindanao)
23066,82.92819977,124.51250211115864,8.18750027766346,Iligan City,Lanao del Norte,Region X (Northern Mindanao)
23067,88.31502533,124.18750210564812,8.162500276815631,Iligan City,Lanao del Norte,Region X (Northern Mindanao)
23068,86.37689972,124.3875021090392,8.162500276815631,Iligan City,Lanao del Norte,Region X (Northern Mindanao)
23069,85.78051758,124.4125021094631,8.162500276815631,Iligan City,Lanao del Norte,Region X (Northern Mindanao)
23070,85.19060516,124.437502109887,8.162500276815631,Iligan City,Lanao del Norte,Region X (Northern Mindanao)
23071,82.93151855,124.46250211031088,8.162500276815631,Iligan City,Lanao del Norte,Region X (Northern Mindanao)
23072,82.60110474,124.48750211073477,8.162500276815631,Iligan City,Lanao del Norte,Region X (Northern Mindanao)
23073,82.74427795,124.51250211115864,8.162500276815631,Iligan City,Lanao del Norte,Region X (Northern Mindanao)
23074,82.1835022,124.437502109887,8.137500275967804,Iligan City,Lanao del Norte,Region X (Northern Mindanao)
23075,108.2953186,123.68750209717038,7.962500270033004,Kapatagan,Lanao del Norte,Region X (Northern Mindanao)
23076,108.9252319,123.6375020963226,7.937500269185176,Kapatagan,Lanao del Norte,Region X (Northern Mindanao)
23077,108.9030762,123.66250209674648,7.937500269185176,Kapatagan,Lanao del Norte,Region X (Northern Mindanao)
23078,107.5136337,123.68750209717038,7.937500269185176,Kapatagan,Lanao del Norte,Region X (Northern Mindanao)
23079,108.5292969,123.66250209674648,7.912500268337348,Kapatagan,Lanao del Norte,Region X (Northern Mindanao)
23080,108.132515,123.68750209717038,7.912500268337348,Kapatagan,Lanao del Norte,Region X (Northern Mindanao)
23081,107.5743561,123.71250209759425,7.912500268337348,Kapatagan,Lanao del Norte,Region X (Northern Mindanao)
23082,104.9187088,123.76250209844204,7.912500268337348,Kapatagan,Lanao del Norte,Region X (Northern Mindanao)
23083,103.9156418,123.78750209886594,7.912500268337348,Kapatagan,Lanao del Norte,Region X (Northern Mindanao)
23084,108.2679215,123.71250209759425,7.88750026748952,Kapatagan,Lanao del Norte,Region X (Northern Mindanao)
23085,107.8734741,123.73750209801815,7.88750026748952,Kapatagan,Lanao del Norte,Region X (Northern Mindanao)
23086,105.6745606,123.76250209844204,7.88750026748952,Kapatagan,Lanao del Norte,Region X (Northern Mindanao)
23087,104.703064,123.78750209886594,7.88750026748952,Kapatagan,Lanao del Norte,Region X (Northern Mindanao)
23088,106.8298492,123.73750209801815,7.862500266641692,Kapatagan,Lanao del Norte,Region X (Northern Mindanao)
23089,106.6878281,123.76250209844204,7.862500266641692,Kapatagan,Lanao del Norte,Region X (Northern Mindanao)
23090,104.8312378,123.78750209886594,7.862500266641692,Kapatagan,Lanao del Norte,Region X (Northern Mindanao)
23091,106.1771164,123.78750209886594,7.837500265793864,Kapatagan,Lanao del Norte,Region X (Northern Mindanao)
23092,108.7968674,123.68750209717038,7.88750026748952,Sultan Naga Dimaporo (Karomatan),Lanao del Norte,Region X (Northern Mindanao)
23093,109.5619507,123.6375020963226,7.862500266641692,Sultan Naga Dimaporo (Karomatan),Lanao del Norte,Region X (Northern Mindanao)
23094,109.4106522,123.66250209674648,7.862500266641692,Sultan Naga Dimaporo (Karomatan),Lanao del Norte,Region X (Northern Mindanao)
23095,108.7140198,123.68750209717038,7.862500266641692,Sultan Naga Dimaporo (Karomatan),Lanao del Norte,Region X (Northern Mindanao)
23096,108.1178436,123.71250209759425,7.862500266641692,Sultan Naga Dimaporo (Karomatan),Lanao del Norte,Region X (Northern Mindanao)
23097,109.9787216,123.6375020963226,7.837500265793864,Sultan Naga Dimaporo (Karomatan),Lanao del Norte,Region X (Northern Mindanao)
23098,109.7928314,123.66250209674648,7.837500265793864,Sultan Naga Dimaporo (Karomatan),Lanao del Norte,Region X (Northern Mindanao)
23099,109.2240372,123.68750209717038,7.837500265793864,Sultan Naga Dimaporo (Karomatan),Lanao del Norte,Region X (Northern Mindanao)
23100,108.6708756,123.71250209759425,7.837500265793864,Sultan Naga Dimaporo (Karomatan),Lanao del Norte,Region X (Northern Mindanao)
23101,107.4967423,123.73750209801815,7.837500265793864,Sultan Naga Dimaporo (Karomatan),Lanao del Norte,Region X (Northern Mindanao)
23102,107.3540344,123.76250209844204,7.837500265793864,Sultan Naga Dimaporo (Karomatan),Lanao del Norte,Region X (Northern Mindanao)
23103,109.3722839,123.71250209759425,7.812500264946036,Sultan Naga Dimaporo (Karomatan),Lanao del Norte,Region X (Northern Mindanao)
23104,109.0469208,123.73750209801815,7.812500264946036,Sultan Naga Dimaporo (Karomatan),Lanao del Norte,Region X (Northern Mindanao)
23105,107.6079102,123.76250209844204,7.812500264946036,Sultan Naga Dimaporo (Karomatan),Lanao del Norte,Region X (Northern Mindanao)
23106,109.2794876,123.73750209801815,7.787500264098208,Sultan Naga Dimaporo (Karomatan),Lanao del Norte,Region X (Northern Mindanao)
23107,107.8695526,123.76250209844204,7.787500264098208,Sultan Naga Dimaporo (Karomatan),Lanao del Norte,Region X (Northern Mindanao)
23108,107.066452,123.78750209886594,7.787500264098208,Sultan Naga Dimaporo (Karomatan),Lanao del Norte,Region X (Northern Mindanao)
23109,109.5304031,123.76250209844204,7.76250026325038,Sultan Naga Dimaporo (Karomatan),Lanao del Norte,Region X (Northern Mindanao)
23110,107.7865601,123.78750209886594,7.76250026325038,Sultan Naga Dimaporo (Karomatan),Lanao del Norte,Region X (Northern Mindanao)
23111,107.1498566,123.8125020992898,7.76250026325038,Sultan Naga Dimaporo (Karomatan),Lanao del Norte,Region X (Northern Mindanao)
23112,110.5738144,123.73750209801815,7.737500262402552,Sultan Naga Dimaporo (Karomatan),Lanao del Norte,Region X (Northern Mindanao)
23113,110.4700241,123.76250209844204,7.737500262402552,Sultan Naga Dimaporo (Karomatan),Lanao del Norte,Region X (Northern Mindanao)
23114,109.3548126,123.78750209886594,7.737500262402552,Sultan Naga Dimaporo (Karomatan),Lanao del Norte,Region X (Northern Mindanao)
23115,108.6959152,123.8125020992898,7.737500262402552,Sultan Naga Dimaporo (Karomatan),Lanao del Norte,Region X (Northern Mindanao)
23116,107.6928787,123.8375020997137,7.737500262402552,Sultan Naga Dimaporo (Karomatan),Lanao del Norte,Region X (Northern Mindanao)
23117,109.4751205,123.78750209886594,7.712500261554724,Sultan Naga Dimaporo (Karomatan),Lanao del Norte,Region X (Northern Mindanao)
23118,108.9138947,123.8125020992898,7.712500261554724,Sultan Naga Dimaporo (Karomatan),Lanao del Norte,Region X (Northern Mindanao)
23119,108.6778641,123.8375020997137,7.712500261554724,Sultan Naga Dimaporo (Karomatan),Lanao del Norte,Region X (Northern Mindanao)
23120,93.4202652,124.08750210395256,8.18750027766346,Kauswagan,Lanao del Norte,Region X (Northern Mindanao)
23121,93.90604401,124.06250210352869,8.162500276815631,Kauswagan,Lanao del Norte,Region X (Northern Mindanao)
23122,92.68002319,124.08750210395256,8.162500276815631,Kauswagan,Lanao del Norte,Region X (Northern Mindanao)
23123,91.44869995,124.11250210437646,8.162500276815631,Kauswagan,Lanao del Norte,Region X (Northern Mindanao)
23124,89.06861877,124.13750210480033,8.162500276815631,Kauswagan,Lanao del Norte,Region X (Northern Mindanao)
23125,90.64015198,124.06250210352869,8.137500275967804,Kauswagan,Lanao del Norte,Region X (Northern Mindanao)
23126,86.77213287,124.08750210395256,8.137500275967804,Kauswagan,Lanao del Norte,Region X (Northern Mindanao)
23127,86.57237244,124.06250210352869,8.112500275119974,Kauswagan,Lanao del Norte,Region X (Northern Mindanao)
23128,99.34262848,123.88750210056148,8.112500275119974,Kolambugan,Lanao del Norte,Region X (Northern Mindanao)
23129,98.72434235,123.91250210098536,8.112500275119974,Kolambugan,Lanao del Norte,Region X (Northern Mindanao)
23130,95.88577271,123.93750210140924,8.112500275119974,Kolambugan,Lanao del Norte,Region X (Northern Mindanao)
23131,103.1148758,123.8375020997137,8.087500274272147,Kolambugan,Lanao del Norte,Region X (Northern Mindanao)
23132,99.61421204,123.8625021001376,8.087500274272147,Kolambugan,Lanao del Norte,Region X (Northern Mindanao)
23133,99.04081726,123.88750210056148,8.087500274272147,Kolambugan,Lanao del Norte,Region X (Northern Mindanao)
23134,98.2826004,123.91250210098536,8.087500274272147,Kolambugan,Lanao del Norte,Region X (Northern Mindanao)
23135,95.19813538,123.93750210140924,8.087500274272147,Kolambugan,Lanao del Norte,Region X (Northern Mindanao)
23136,92.27014923,123.93750210140924,8.062500273424316,Kolambugan,Lanao del Norte,Region X (Northern Mindanao)
23137,107.2923584,123.73750209801815,7.98750027088083,Lala,Lanao del Norte,Region X (Northern Mindanao)
23138,104.0445786,123.76250209844204,7.98750027088083,Lala,Lanao del Norte,Region X (Northern Mindanao)
23139,103.0325317,123.78750209886594,7.98750027088083,Lala,Lanao del Norte,Region X (Northern Mindanao)
23140,107.4938507,123.71250209759425,7.962500270033004,Lala,Lanao del Norte,Region X (Northern Mindanao)
23141,105.5422897,123.73750209801815,7.962500270033004,Lala,Lanao del Norte,Region X (Northern Mindanao)
23142,105.3015823,123.76250209844204,7.962500270033004,Lala,Lanao del Norte,Region X (Northern Mindanao)
23143,102.9451752,123.78750209886594,7.962500270033004,Lala,Lanao del Norte,Region X (Northern Mindanao)
23144,101.8626633,123.8125020992898,7.962500270033004,Lala,Lanao del Norte,Region X (Northern Mindanao)
23145,106.7843933,123.71250209759425,7.937500269185176,Lala,Lanao del Norte,Region X (Northern Mindanao)
23146,105.4844894,123.73750209801815,7.937500269185176,Lala,Lanao del Norte,Region X (Northern Mindanao)
23147,105.2437897,123.76250209844204,7.937500269185176,Lala,Lanao del Norte,Region X (Northern Mindanao)
23148,103.2312241,123.78750209886594,7.937500269185176,Lala,Lanao del Norte,Region X (Northern Mindanao)
23149,102.2029343,123.8125020992898,7.937500269185176,Lala,Lanao del Norte,Region X (Northern Mindanao)
23150,107.1744995,123.73750209801815,7.912500268337348,Lala,Lanao del Norte,Region X (Northern Mindanao)
23151,103.1343613,123.8125020992898,7.912500268337348,Lala,Lanao del Norte,Region X (Northern Mindanao)
23152,87.74610901,124.16250210522423,8.162500276815631,Linamon,Lanao del Norte,Region X (Northern Mindanao)
23153,100.1885071,123.8625021001376,8.062500273424316,Magsaysay,Lanao del Norte,Region X (Northern Mindanao)
23154,98.42816162,123.88750210056148,8.062500273424316,Magsaysay,Lanao del Norte,Region X (Northern Mindanao)
23155,99.60798645,123.8625021001376,8.037500272576487,Magsaysay,Lanao del Norte,Region X (Northern Mindanao)
23156,97.29017639,123.88750210056148,8.037500272576487,Magsaysay,Lanao del Norte,Region X (Northern Mindanao)
23157,96.09700775,123.91250210098536,8.037500272576487,Magsaysay,Lanao del Norte,Region X (Northern Mindanao)
23158,97.20974731,123.88750210056148,8.012500271728658,Magsaysay,Lanao del Norte,Region X (Northern Mindanao)
23159,96.33642578,123.91250210098536,8.012500271728658,Magsaysay,Lanao del Norte,Region X (Northern Mindanao)
23160,93.55794525,123.93750210140924,8.012500271728658,Magsaysay,Lanao del Norte,Region X (Northern Mindanao)
23161,88.80578613,123.96250210183312,8.012500271728658,Magsaysay,Lanao del Norte,Region X (Northern Mindanao)
23162,93.32294464,123.93750210140924,7.98750027088083,Magsaysay,Lanao del Norte,Region X (Northern Mindanao)
23163,88.53790283,123.96250210183312,7.98750027088083,Magsaysay,Lanao del Norte,Region X (Northern Mindanao)
23164,87.97156525,123.98750210225703,7.98750027088083,Magsaysay,Lanao del Norte,Region X (Northern Mindanao)
23165,87.78697205,123.98750210225703,7.962500270033004,Magsaysay,Lanao del Norte,Region X (Northern Mindanao)
23166,98.59121704,123.96250210183312,8.162500276815631,Maigo,Lanao del Norte,Region X (Northern Mindanao)
23167,97.00977325,123.93750210140924,8.137500275967804,Maigo,Lanao del Norte,Region X (Northern Mindanao)
23168,95.88294983,123.96250210183312,8.137500275967804,Maigo,Lanao del Norte,Region X (Northern Mindanao)
23169,93.35106659,123.98750210225703,8.137500275967804,Maigo,Lanao del Norte,Region X (Northern Mindanao)
23170,91.68851471,123.96250210183312,8.112500275119974,Maigo,Lanao del Norte,Region X (Northern Mindanao)
23171,91.12226868,123.98750210225703,8.112500275119974,Maigo,Lanao del Norte,Region X (Northern Mindanao)
23172,89.60635376,124.01250210268093,8.112500275119974,Maigo,Lanao del Norte,Region X (Northern Mindanao)
23173,90.91557312,123.96250210183312,8.087500274272147,Maigo,Lanao del Norte,Region X (Northern Mindanao)
23174,90.50093079,123.98750210225703,8.087500274272147,Maigo,Lanao del Norte,Region X (Northern Mindanao)
23175,88.90884399,124.01250210268093,8.087500274272147,Maigo,Lanao del Norte,Region X (Northern Mindanao)
23176,84.15236664,124.16250210522423,8.137500275967804,Matungao,Lanao del Norte,Region X (Northern Mindanao)
23177,82.10733032,124.18750210564812,8.137500275967804,Matungao,Lanao del Norte,Region X (Northern Mindanao)
23178,80.52458954,124.16250210522423,8.112500275119974,Matungao,Lanao del Norte,Region X (Northern Mindanao)
23179,79.66081238,124.18750210564812,8.112500275119974,Matungao,Lanao del Norte,Region X (Northern Mindanao)
23180,79.75745392,124.16250210522423,8.087500274272147,Matungao,Lanao del Norte,Region X (Northern Mindanao)
23181,87.8398819,124.0375021031048,8.087500274272147,Munai,Lanao del Norte,Region X (Northern Mindanao)
23182,85.56245422,124.06250210352869,8.087500274272147,Munai,Lanao del Norte,Region X (Northern Mindanao)
23183,87.85919189,124.01250210268093,8.062500273424316,Munai,Lanao del Norte,Region X (Northern Mindanao)
23184,84.81968689,124.0375021031048,8.062500273424316,Munai,Lanao del Norte,Region X (Northern Mindanao)
23185,84.61772156,124.06250210352869,8.062500273424316,Munai,Lanao del Norte,Region X (Northern Mindanao)
23186,82.47124481,124.08750210395256,8.062500273424316,Munai,Lanao del Norte,Region X (Northern Mindanao)
23187,86.18013763,124.01250210268093,8.037500272576487,Munai,Lanao del Norte,Region X (Northern Mindanao)
23188,83.82840729,124.0375021031048,8.037500272576487,Munai,Lanao del Norte,Region X (Northern Mindanao)
23189,83.62726593,124.06250210352869,8.037500272576487,Munai,Lanao del Norte,Region X (Northern Mindanao)
23190,80.6457901,124.08750210395256,8.037500272576487,Munai,Lanao del Norte,Region X (Northern Mindanao)
23191,85.30673218,124.0375021031048,8.012500271728658,Munai,Lanao del Norte,Region X (Northern Mindanao)
23192,83.21513367,124.06250210352869,8.012500271728658,Munai,Lanao del Norte,Region X (Northern Mindanao)
23193,80.76850891,124.08750210395256,8.012500271728658,Munai,Lanao del Norte,Region X (Northern Mindanao)
23194,85.02333832,124.0375021031048,7.98750027088083,Munai,Lanao del Norte,Region X (Northern Mindanao)
23195,82.97434235,124.06250210352869,7.98750027088083,Munai,Lanao del Norte,Region X (Northern Mindanao)
23196,80.27105713,124.08750210395256,7.98750027088083,Munai,Lanao del Norte,Region X (Northern Mindanao)
23197,78.98801422,124.11250210437646,7.98750027088083,Munai,Lanao del Norte,Region X (Northern Mindanao)
23198,83.77152252,124.0375021031048,7.962500270033004,Munai,Lanao del Norte,Region X (Northern Mindanao)
23199,83.61579895,124.06250210352869,7.962500270033004,Munai,Lanao del Norte,Region X (Northern Mindanao)
23200,79.76488495,124.08750210395256,7.962500270033004,Munai,Lanao del Norte,Region X (Northern Mindanao)
23201,97.26952362,123.93750210140924,7.862500266641692,Nunungan,Lanao del Norte,Region X (Northern Mindanao)
23202,95.9042511,123.96250210183312,7.862500266641692,Nunungan,Lanao del Norte,Region X (Northern Mindanao)
23203,103.0933533,123.91250210098536,7.837500265793864,Nunungan,Lanao del Norte,Region X (Northern Mindanao)
23204,99.05314636,123.93750210140924,7.837500265793864,Nunungan,Lanao del Norte,Region X (Northern Mindanao)
23205,97.72292328,123.96250210183312,7.837500265793864,Nunungan,Lanao del Norte,Region X (Northern Mindanao)
23206,97.88098145,123.98750210225703,7.837500265793864,Nunungan,Lanao del Norte,Region X (Northern Mindanao)
23207,104.304306,123.88750210056148,7.812500264946036,Nunungan,Lanao del Norte,Region X (Northern Mindanao)
23208,104.0111466,123.91250210098536,7.812500264946036,Nunungan,Lanao del Norte,Region X (Northern Mindanao)
23209,101.054512,123.93750210140924,7.812500264946036,Nunungan,Lanao del Norte,Region X (Northern Mindanao)
23210,98.95146942,123.96250210183312,7.812500264946036,Nunungan,Lanao del Norte,Region X (Northern Mindanao)
23211,98.93402863,123.98750210225703,7.812500264946036,Nunungan,Lanao del Norte,Region X (Northern Mindanao)
23212,97.74408722,124.01250210268093,7.812500264946036,Nunungan,Lanao del Norte,Region X (Northern Mindanao)
23213,104.9076614,123.8625021001376,7.787500264098208,Nunungan,Lanao del Norte,Region X (Northern Mindanao)
23214,104.6389542,123.88750210056148,7.787500264098208,Nunungan,Lanao del Norte,Region X (Northern Mindanao)
23215,104.3871384,123.91250210098536,7.787500264098208,Nunungan,Lanao del Norte,Region X (Northern Mindanao)
23216,101.5802994,123.93750210140924,7.787500264098208,Nunungan,Lanao del Norte,Region X (Northern Mindanao)
23217,99.508255,123.96250210183312,7.787500264098208,Nunungan,Lanao del Norte,Region X (Northern Mindanao)
23218,99.37403107,123.98750210225703,7.787500264098208,Nunungan,Lanao del Norte,Region X (Northern Mindanao)
23219,106.7460403,123.8375020997137,7.76250026325038,Nunungan,Lanao del Norte,Region X (Northern Mindanao)
23220,106.6444016,123.8625021001376,7.76250026325038,Nunungan,Lanao del Norte,Region X (Northern Mindanao)
23221,105.4009399,123.88750210056148,7.76250026325038,Nunungan,Lanao del Norte,Region X (Northern Mindanao)
23222,105.0874176,123.91250210098536,7.76250026325038,Nunungan,Lanao del Norte,Region X (Northern Mindanao)
23223,102.7915649,123.93750210140924,7.76250026325038,Nunungan,Lanao del Norte,Region X (Northern Mindanao)
23224,101.7090912,123.96250210183312,7.76250026325038,Nunungan,Lanao del Norte,Region X (Northern Mindanao)
23225,100.7366791,123.98750210225703,7.76250026325038,Nunungan,Lanao del Norte,Region X (Northern Mindanao)
23226,107.5909119,123.8625021001376,7.737500262402552,Nunungan,Lanao del Norte,Region X (Northern Mindanao)
23227,107.0782242,123.88750210056148,7.737500262402552,Nunungan,Lanao del Norte,Region X (Northern Mindanao)
23228,106.7583542,123.91250210098536,7.737500262402552,Nunungan,Lanao del Norte,Region X (Northern Mindanao)
23229,104.0746765,123.93750210140924,7.737500262402552,Nunungan,Lanao del Norte,Region X (Northern Mindanao)
23230,103.1614151,123.96250210183312,7.737500262402552,Nunungan,Lanao del Norte,Region X (Northern Mindanao)
23231,102.9432678,123.98750210225703,7.737500262402552,Nunungan,Lanao del Norte,Region X (Northern Mindanao)
23232,77.27793121,124.18750210564812,8.062500273424316,Pantao Ragat,Lanao del Norte,Region X (Northern Mindanao)
23233,79.31031799,124.11250210437646,8.037500272576487,Pantao Ragat,Lanao del Norte,Region X (Northern Mindanao)
23234,78.48007965,124.13750210480033,8.037500272576487,Pantao Ragat,Lanao del Norte,Region X (Northern Mindanao)
23235,76.22335052,124.16250210522423,8.037500272576487,Pantao Ragat,Lanao del Norte,Region X (Northern Mindanao)
23236,75.26068115,124.18750210564812,8.037500272576487,Pantao Ragat,Lanao del Norte,Region X (Northern Mindanao)
23237,85.51147461,124.11250210437646,8.137500275967804,Poona Piagapo,Lanao del Norte,Region X (Northern Mindanao)
23238,85.60486603,124.13750210480033,8.137500275967804,Poona Piagapo,Lanao del Norte,Region X (Northern Mindanao)
23239,84.40526581,124.08750210395256,8.112500275119974,Poona Piagapo,Lanao del Norte,Region X (Northern Mindanao)
23240,83.27495575,124.11250210437646,8.112500275119974,Poona Piagapo,Lanao del Norte,Region X (Northern Mindanao)
23241,83.10513306,124.13750210480033,8.112500275119974,Poona Piagapo,Lanao del Norte,Region X (Northern Mindanao)
23242,83.70554352,124.08750210395256,8.087500274272147,Poona Piagapo,Lanao del Norte,Region X (Northern Mindanao)
23243,82.63967896,124.11250210437646,8.087500274272147,Poona Piagapo,Lanao del Norte,Region X (Northern Mindanao)
23244,82.2933197,124.13750210480033,8.087500274272147,Poona Piagapo,Lanao del Norte,Region X (Northern Mindanao)
23245,81.2144928,124.11250210437646,8.062500273424316,Poona Piagapo,Lanao del Norte,Region X (Northern Mindanao)
23246,79.58966064,124.13750210480033,8.062500273424316,Poona Piagapo,Lanao del Norte,Region X (Northern Mindanao)
23247,77.70600128,124.16250210522423,8.062500273424316,Poona Piagapo,Lanao del Norte,Region X (Northern Mindanao)
23248,98.48901367,123.88750210056148,7.937500269185176,Salvador,Lanao del Norte,Region X (Northern Mindanao)
23249,102.6800919,123.8375020997137,7.912500268337348,Salvador,Lanao del Norte,Region X (Northern Mindanao)
23250,99.9000473,123.8625021001376,7.912500268337348,Salvador,Lanao del Norte,Region X (Northern Mindanao)
23251,99.39079285,123.88750210056148,7.912500268337348,Salvador,Lanao del Norte,Region X (Northern Mindanao)
23252,98.68750763,123.91250210098536,7.912500268337348,Salvador,Lanao del Norte,Region X (Northern Mindanao)
23253,95.45053864,123.93750210140924,7.912500268337348,Salvador,Lanao del Norte,Region X (Northern Mindanao)
23254,100.982048,123.8625021001376,7.88750026748952,Salvador,Lanao del Norte,Region X (Northern Mindanao)
23255,100.4884415,123.88750210056148,7.88750026748952,Salvador,Lanao del Norte,Region X (Northern Mindanao)
23256,99.98482513,123.91250210098536,7.88750026748952,Salvador,Lanao del Norte,Region X (Northern Mindanao)
23257,96.87493896,123.93750210140924,7.88750026748952,Salvador,Lanao del Norte,Region X (Northern Mindanao)
23258,103.9983139,123.8125020992898,7.88750026748952,Sapad,Lanao del Norte,Region X (Northern Mindanao)
23259,103.6574783,123.8375020997137,7.88750026748952,Sapad,Lanao del Norte,Region X (Northern Mindanao)
23260,104.0327377,123.8125020992898,7.862500266641692,Sapad,Lanao del Norte,Region X (Northern Mindanao)
23261,103.0402145,123.8375020997137,7.862500266641692,Sapad,Lanao del Norte,Region X (Northern Mindanao)
23262,102.8905182,123.8625021001376,7.862500266641692,Sapad,Lanao del Norte,Region X (Northern Mindanao)
23263,100.9193649,123.88750210056148,7.862500266641692,Sapad,Lanao del Norte,Region X (Northern Mindanao)
23264,100.3899689,123.91250210098536,7.862500266641692,Sapad,Lanao del Norte,Region X (Northern Mindanao)
23265,105.4439545,123.8125020992898,7.837500265793864,Sapad,Lanao del Norte,Region X (Northern Mindanao)
23266,104.0949478,123.8375020997137,7.837500265793864,Sapad,Lanao del Norte,Region X (Northern Mindanao)
23267,103.9445343,123.8625021001376,7.837500265793864,Sapad,Lanao del Norte,Region X (Northern Mindanao)
23268,103.5243149,123.88750210056148,7.837500265793864,Sapad,Lanao del Norte,Region X (Northern Mindanao)
23269,106.8488846,123.78750209886594,7.812500264946036,Sapad,Lanao del Norte,Region X (Northern Mindanao)
23270,106.2842636,123.8125020992898,7.812500264946036,Sapad,Lanao del Norte,Region X (Northern Mindanao)
23271,105.9668961,123.8375020997137,7.812500264946036,Sapad,Lanao del Norte,Region X (Northern Mindanao)
23272,104.4882202,123.8625021001376,7.812500264946036,Sapad,Lanao del Norte,Region X (Northern Mindanao)
23273,106.5439758,123.8125020992898,7.787500264098208,Sapad,Lanao del Norte,Region X (Northern Mindanao)
23274,106.3505783,123.8375020997137,7.787500264098208,Sapad,Lanao del Norte,Region X (Northern Mindanao)
23275,93.21343231,124.31250210776756,8.21250027851129,Tagoloan,Lanao del Norte,Region X (Northern Mindanao)
23276,93.05819702,124.33750210819144,8.21250027851129,Tagoloan,Lanao del Norte,Region X (Northern Mindanao)
23277,88.43009186,124.31250210776756,8.18750027766346,Tagoloan,Lanao del Norte,Region X (Northern Mindanao)
23278,87.90773773,124.33750210819144,8.18750027766346,Tagoloan,Lanao del Norte,Region X (Northern Mindanao)
23279,86.39562225,124.23750210649588,8.162500276815631,Tagoloan,Lanao del Norte,Region X (Northern Mindanao)
23280,86.44477081,124.26250210691978,8.162500276815631,Tagoloan,Lanao del Norte,Region X (Northern Mindanao)
23281,88.4963913,124.28750210734368,8.162500276815631,Tagoloan,Lanao del Norte,Region X (Northern Mindanao)
23282,87.70206451,124.31250210776756,8.162500276815631,Tagoloan,Lanao del Norte,Region X (Northern Mindanao)
23283,86.45613861,124.33750210819144,8.162500276815631,Tagoloan,Lanao del Norte,Region X (Northern Mindanao)
23284,86.57479858,124.36250210861532,8.162500276815631,Tagoloan,Lanao del Norte,Region X (Northern Mindanao)
23285,82.77606964,124.26250210691978,8.137500275967804,Tagoloan,Lanao del Norte,Region X (Northern Mindanao)
23286,82.68923187,124.28750210734368,8.137500275967804,Tagoloan,Lanao del Norte,Region X (Northern Mindanao)
23287,81.80428314,124.31250210776756,8.137500275967804,Tagoloan,Lanao del Norte,Region X (Northern Mindanao)
23288,82.86630249,124.33750210819144,8.137500275967804,Tagoloan,Lanao del Norte,Region X (Northern Mindanao)
23289,82.98152161,124.36250210861532,8.137500275967804,Tagoloan,Lanao del Norte,Region X (Northern Mindanao)
23290,79.14517212,124.31250210776756,8.112500275119974,Tagoloan,Lanao del Norte,Region X (Northern Mindanao)
23291,97.28710175,123.91250210098536,8.062500273424316,Tangcal,Lanao del Norte,Region X (Northern Mindanao)
23292,90.9593277,123.96250210183312,8.062500273424316,Tangcal,Lanao del Norte,Region X (Northern Mindanao)
23293,89.85338593,123.98750210225703,8.062500273424316,Tangcal,Lanao del Norte,Region X (Northern Mindanao)
23294,91.50539398,123.93750210140924,8.037500272576487,Tangcal,Lanao del Norte,Region X (Northern Mindanao)
23295,90.27073669,123.96250210183312,8.037500272576487,Tangcal,Lanao del Norte,Region X (Northern Mindanao)
23296,88.29317474,123.98750210225703,8.037500272576487,Tangcal,Lanao del Norte,Region X (Northern Mindanao)
23297,88.25815582,123.98750210225703,8.012500271728658,Tangcal,Lanao del Norte,Region X (Northern Mindanao)
23298,86.41008759,124.01250210268093,8.012500271728658,Tangcal,Lanao del Norte,Region X (Northern Mindanao)
23299,86.08942413,124.01250210268093,7.98750027088083,Tangcal,Lanao del Norte,Region X (Northern Mindanao)
23300,85.62651062,124.01250210268093,7.962500270033004,Tangcal,Lanao del Norte,Region X (Northern Mindanao)
23301,102.9533997,123.8125020992898,8.062500273424316,Tubod (Capital),Lanao del Norte,Region X (Northern Mindanao)
23302,100.538414,123.8375020997137,8.062500273424316,Tubod (Capital),Lanao del Norte,Region X (Northern Mindanao)
23303,102.2030945,123.8125020992898,8.037500272576487,Tubod (Capital),Lanao del Norte,Region X (Northern Mindanao)
23304,99.95612335,123.8375020997137,8.037500272576487,Tubod (Capital),Lanao del Norte,Region X (Northern Mindanao)
23305,101.796936,123.8375020997137,8.012500271728658,Tubod (Capital),Lanao del Norte,Region X (Northern Mindanao)
23306,97.91818237,123.8625021001376,8.012500271728658,Tubod (Capital),Lanao del Norte,Region X (Northern Mindanao)
23307,97.81388855,123.8625021001376,7.98750027088083,Tubod (Capital),Lanao del Norte,Region X (Northern Mindanao)
23308,97.07146454,123.88750210056148,7.98750027088083,Tubod (Capital),Lanao del Norte,Region X (Northern Mindanao)
23309,96.19775391,123.91250210098536,7.98750027088083,Tubod (Capital),Lanao del Norte,Region X (Northern Mindanao)
23310,99.5725708,123.8625021001376,7.962500270033004,Tubod (Capital),Lanao del Norte,Region X (Northern Mindanao)
23311,97.07685852,123.88750210056148,7.962500270033004,Tubod (Capital),Lanao del Norte,Region X (Northern Mindanao)
23312,95.88226318,123.91250210098536,7.962500270033004,Tubod (Capital),Lanao del Norte,Region X (Northern Mindanao)
23313,91.36345673,123.93750210140924,7.962500270033004,Tubod (Capital),Lanao del Norte,Region X (Northern Mindanao)
23314,90.02565002,123.96250210183312,7.962500270033004,Tubod (Capital),Lanao del Norte,Region X (Northern Mindanao)
23315,97.37613678,123.91250210098536,7.937500269185176,Tubod (Capital),Lanao del Norte,Region X (Northern Mindanao)
23316,92.18484497,123.93750210140924,7.937500269185176,Tubod (Capital),Lanao del Norte,Region X (Northern Mindanao)
23317,90.83808136,123.96250210183312,7.937500269185176,Tubod (Capital),Lanao del Norte,Region X (Northern Mindanao)
23318,90.48401642,123.98750210225703,7.937500269185176,Tubod (Capital),Lanao del Norte,Region X (Northern Mindanao)
23319,91.76213837,123.96250210183312,7.912500268337348,Tubod (Capital),Lanao del Norte,Region X (Northern Mindanao)
23320,91.52274323,123.98750210225703,7.912500268337348,Tubod (Capital),Lanao del Norte,Region X (Northern Mindanao)
23321,93.22816467,123.96250210183312,7.88750026748952,Tubod (Capital),Lanao del Norte,Region X (Northern Mindanao)
23322,80.35085297,124.28750210734368,8.112500275119974,Pantar,Lanao del Norte,Region X (Northern Mindanao)
23323,78.81939697,124.33750210819144,8.112500275119974,Pantar,Lanao del Norte,Region X (Northern Mindanao)
23324,78.7935257,124.23750210649588,8.087500274272147,Pantar,Lanao del Norte,Region X (Northern Mindanao)
23325,79.42543793,124.26250210691978,8.087500274272147,Pantar,Lanao del Norte,Region X (Northern Mindanao)
23326,79.83075714,124.28750210734368,8.087500274272147,Pantar,Lanao del Norte,Region X (Northern Mindanao)
23327,78.64541626,124.31250210776756,8.087500274272147,Pantar,Lanao del Norte,Region X (Northern Mindanao)
23328,76.44178009,124.26250210691978,8.062500273424316,Pantar,Lanao del Norte,Region X (Northern Mindanao)
23329,77.93019104,124.28750210734368,8.062500273424316,Pantar,Lanao del Norte,Region X (Northern Mindanao)
