unique id,value,lon,lat,municipality name,province name,region
23584,112.1640167,124.46250211031088,8.562500290380894,Alubijid,Misamis Oriental,Region X (Northern Mindanao)
23585,111.0553513,124.48750211073477,8.562500290380894,Alubijid,Misamis Oriental,Region X (Northern Mindanao)
23586,114.4489136,124.437502109887,8.537500289533064,Alubijid,Misamis Oriental,Region X (Northern Mindanao)
23587,112.0071793,124.46250211031088,8.537500289533064,Alubijid,Misamis Oriental,Region X (Northern Mindanao)
23588,113.7696457,124.4125021094631,8.512500288685237,Alubijid,Misamis Oriental,Region X (Northern Mindanao)
23589,113.7443466,124.437502109887,8.512500288685237,Alubijid,Misamis Oriental,Region X (Northern Mindanao)
23590,110.7981339,124.46250211031088,8.512500288685237,Alubijid,Misamis Oriental,Region X (Northern Mindanao)
23591,113.0409546,124.4125021094631,8.487500287837406,Alubijid,Misamis Oriental,Region X (Northern Mindanao)
23592,112.9663086,124.437502109887,8.487500287837406,Alubijid,Misamis Oriental,Region X (Northern Mindanao)
23593,112.9661484,124.4125021094631,8.462500286989577,Alubijid,Misamis Oriental,Region X (Northern Mindanao)
23594,112.7556381,124.3875021090392,8.43750028614175,Alubijid,Misamis Oriental,Region X (Northern Mindanao)
23595,112.0456619,124.4125021094631,8.43750028614175,Alubijid,Misamis Oriental,Region X (Northern Mindanao)
23596,111.6971359,124.437502109887,8.43750028614175,Alubijid,Misamis Oriental,Region X (Northern Mindanao)
23597,111.2628098,124.4125021094631,8.41250028529392,Alubijid,Misamis Oriental,Region X (Northern Mindanao)
23598,111.1560669,124.437502109887,8.41250028529392,Alubijid,Misamis Oriental,Region X (Northern Mindanao)
23599,111.1370087,124.437502109887,8.387500284446093,Alubijid,Misamis Oriental,Region X (Northern Mindanao)
23600,103.4045181,124.83750211666919,8.787500298011352,Balingasag,Misamis Oriental,Region X (Northern Mindanao)
23601,100.5063858,124.86250211709309,8.787500298011352,Balingasag,Misamis Oriental,Region X (Northern Mindanao)
23602,100.0023041,124.88750211751696,8.787500298011352,Balingasag,Misamis Oriental,Region X (Northern Mindanao)
23603,104.8675461,124.7875021158214,8.762500297163523,Balingasag,Misamis Oriental,Region X (Northern Mindanao)
23604,104.4483261,124.81250211624528,8.762500297163523,Balingasag,Misamis Oriental,Region X (Northern Mindanao)
23605,102.696106,124.83750211666919,8.762500297163523,Balingasag,Misamis Oriental,Region X (Northern Mindanao)
23606,102.2190704,124.86250211709309,8.762500297163523,Balingasag,Misamis Oriental,Region X (Northern Mindanao)
23607,100.3714523,124.88750211751696,8.762500297163523,Balingasag,Misamis Oriental,Region X (Northern Mindanao)
23608,98.83052826,124.91250211794085,8.762500297163523,Balingasag,Misamis Oriental,Region X (Northern Mindanao)
23609,105.1738892,124.7875021158214,8.737500296315694,Balingasag,Misamis Oriental,Region X (Northern Mindanao)
23610,104.8501587,124.81250211624528,8.737500296315694,Balingasag,Misamis Oriental,Region X (Northern Mindanao)
23611,102.7347946,124.83750211666919,8.737500296315694,Balingasag,Misamis Oriental,Region X (Northern Mindanao)
23612,102.1201859,124.86250211709309,8.737500296315694,Balingasag,Misamis Oriental,Region X (Northern Mindanao)
23613,101.523346,124.88750211751696,8.737500296315694,Balingasag,Misamis Oriental,Region X (Northern Mindanao)
23614,99.96458435,124.91250211794085,8.737500296315694,Balingasag,Misamis Oriental,Region X (Northern Mindanao)
23615,105.7009811,124.76250211539752,8.712500295467866,Balingasag,Misamis Oriental,Region X (Northern Mindanao)
23616,105.0690842,124.7875021158214,8.712500295467866,Balingasag,Misamis Oriental,Region X (Northern Mindanao)
23617,104.8735733,124.81250211624528,8.712500295467866,Balingasag,Misamis Oriental,Region X (Northern Mindanao)
23618,103.3564529,124.83750211666919,8.712500295467866,Balingasag,Misamis Oriental,Region X (Northern Mindanao)
23619,101.3952942,124.86250211709309,8.712500295467866,Balingasag,Misamis Oriental,Region X (Northern Mindanao)
23620,101.1141281,124.88750211751696,8.712500295467866,Balingasag,Misamis Oriental,Region X (Northern Mindanao)
23621,106.7989121,124.83750211666919,8.987500304793985,Balingoan,Misamis Oriental,Region X (Northern Mindanao)
23622,104.6239777,124.86250211709309,8.987500304793985,Balingoan,Misamis Oriental,Region X (Northern Mindanao)
23623,104.7747192,124.83750211666919,8.962500303946154,Balingoan,Misamis Oriental,Region X (Northern Mindanao)
23624,104.5056686,124.86250211709309,8.962500303946154,Balingoan,Misamis Oriental,Region X (Northern Mindanao)
23625,103.8653336,124.86250211709309,8.937500303098327,Balingoan,Misamis Oriental,Region X (Northern Mindanao)
23626,102.3143158,124.88750211751696,8.912500302250496,Balingoan,Misamis Oriental,Region X (Northern Mindanao)
23627,101.4492264,124.91250211794085,8.912500302250496,Balingoan,Misamis Oriental,Region X (Northern Mindanao)
23628,100.9157867,124.93750211836472,8.912500302250496,Balingoan,Misamis Oriental,Region X (Northern Mindanao)
23629,100.3931122,124.91250211794085,8.887500301402667,Balingoan,Misamis Oriental,Region X (Northern Mindanao)
23630,106.8553162,124.7875021158214,8.912500302250496,Binuangan,Misamis Oriental,Region X (Northern Mindanao)
23631,106.2305222,124.81250211624528,8.912500302250496,Binuangan,Misamis Oriental,Region X (Northern Mindanao)
23632,106.7812119,124.6125021128542,8.512500288685237,Cagayan de Oro City (Capital),Misamis Oriental,Region X (Northern Mindanao)
23633,106.8186722,124.6375021132781,8.512500288685237,Cagayan de Oro City (Capital),Misamis Oriental,Region X (Northern Mindanao)
23634,102.3030396,124.7875021158214,8.512500288685237,Cagayan de Oro City (Capital),Misamis Oriental,Region X (Northern Mindanao)
23635,105.4446716,124.58750211243031,8.487500287837406,Cagayan de Oro City (Capital),Misamis Oriental,Region X (Northern Mindanao)
23636,105.4452438,124.6125021128542,8.487500287837406,Cagayan de Oro City (Capital),Misamis Oriental,Region X (Northern Mindanao)
23637,105.4198456,124.6375021132781,8.487500287837406,Cagayan de Oro City (Capital),Misamis Oriental,Region X (Northern Mindanao)
23638,105.8326798,124.66250211370196,8.487500287837406,Cagayan de Oro City (Capital),Misamis Oriental,Region X (Northern Mindanao)
23639,102.2793274,124.73750211497364,8.487500287837406,Cagayan de Oro City (Capital),Misamis Oriental,Region X (Northern Mindanao)
23640,101.4344177,124.76250211539752,8.487500287837406,Cagayan de Oro City (Capital),Misamis Oriental,Region X (Northern Mindanao)
23641,100.7935181,124.7875021158214,8.487500287837406,Cagayan de Oro City (Capital),Misamis Oriental,Region X (Northern Mindanao)
23642,105.3297882,124.58750211243031,8.462500286989577,Cagayan de Oro City (Capital),Misamis Oriental,Region X (Northern Mindanao)
23643,105.3205032,124.6125021128542,8.462500286989577,Cagayan de Oro City (Capital),Misamis Oriental,Region X (Northern Mindanao)
23644,105.2851028,124.6375021132781,8.462500286989577,Cagayan de Oro City (Capital),Misamis Oriental,Region X (Northern Mindanao)
23645,105.335228,124.66250211370196,8.462500286989577,Cagayan de Oro City (Capital),Misamis Oriental,Region X (Northern Mindanao)
23646,103.1028671,124.68750211412586,8.462500286989577,Cagayan de Oro City (Capital),Misamis Oriental,Region X (Northern Mindanao)
23647,102.1398087,124.71250211454976,8.462500286989577,Cagayan de Oro City (Capital),Misamis Oriental,Region X (Northern Mindanao)
23648,102.8094635,124.73750211497364,8.462500286989577,Cagayan de Oro City (Capital),Misamis Oriental,Region X (Northern Mindanao)
23649,100.9728241,124.76250211539752,8.462500286989577,Cagayan de Oro City (Capital),Misamis Oriental,Region X (Northern Mindanao)
23650,100.8240051,124.7875021158214,8.462500286989577,Cagayan de Oro City (Capital),Misamis Oriental,Region X (Northern Mindanao)
23651,103.9846954,124.56250211200641,8.43750028614175,Cagayan de Oro City (Capital),Misamis Oriental,Region X (Northern Mindanao)
23652,103.4751053,124.58750211243031,8.43750028614175,Cagayan de Oro City (Capital),Misamis Oriental,Region X (Northern Mindanao)
23653,103.4489975,124.6125021128542,8.43750028614175,Cagayan de Oro City (Capital),Misamis Oriental,Region X (Northern Mindanao)
23654,103.9715118,124.6375021132781,8.43750028614175,Cagayan de Oro City (Capital),Misamis Oriental,Region X (Northern Mindanao)
23655,104.0213165,124.66250211370196,8.43750028614175,Cagayan de Oro City (Capital),Misamis Oriental,Region X (Northern Mindanao)
23656,101.286026,124.68750211412586,8.43750028614175,Cagayan de Oro City (Capital),Misamis Oriental,Region X (Northern Mindanao)
23657,100.2935562,124.71250211454976,8.43750028614175,Cagayan de Oro City (Capital),Misamis Oriental,Region X (Northern Mindanao)
23658,101.5232163,124.73750211497364,8.43750028614175,Cagayan de Oro City (Capital),Misamis Oriental,Region X (Northern Mindanao)
23659,99.83306885,124.76250211539752,8.43750028614175,Cagayan de Oro City (Capital),Misamis Oriental,Region X (Northern Mindanao)
23660,100.0047226,124.7875021158214,8.43750028614175,Cagayan de Oro City (Capital),Misamis Oriental,Region X (Northern Mindanao)
23661,102.4788437,124.56250211200641,8.41250028529392,Cagayan de Oro City (Capital),Misamis Oriental,Region X (Northern Mindanao)
23662,102.4058533,124.58750211243031,8.41250028529392,Cagayan de Oro City (Capital),Misamis Oriental,Region X (Northern Mindanao)
23663,102.3707809,124.6125021128542,8.41250028529392,Cagayan de Oro City (Capital),Misamis Oriental,Region X (Northern Mindanao)
23664,105.7559128,124.51250211115864,8.387500284446093,Cagayan de Oro City (Capital),Misamis Oriental,Region X (Northern Mindanao)
23665,103.6258621,124.53750211158254,8.387500284446093,Cagayan de Oro City (Capital),Misamis Oriental,Region X (Northern Mindanao)
23666,102.1669083,124.56250211200641,8.387500284446093,Cagayan de Oro City (Capital),Misamis Oriental,Region X (Northern Mindanao)
23667,102.1581116,124.58750211243031,8.387500284446093,Cagayan de Oro City (Capital),Misamis Oriental,Region X (Northern Mindanao)
23668,102.0946884,124.6125021128542,8.387500284446093,Cagayan de Oro City (Capital),Misamis Oriental,Region X (Northern Mindanao)
23669,103.8987503,124.51250211115864,8.362500283598262,Cagayan de Oro City (Capital),Misamis Oriental,Region X (Northern Mindanao)
23670,101.2417831,124.53750211158254,8.362500283598262,Cagayan de Oro City (Capital),Misamis Oriental,Region X (Northern Mindanao)
23671,100.314476,124.56250211200641,8.362500283598262,Cagayan de Oro City (Capital),Misamis Oriental,Region X (Northern Mindanao)
23672,100.3307877,124.58750211243031,8.362500283598262,Cagayan de Oro City (Capital),Misamis Oriental,Region X (Northern Mindanao)
23673,100.2235794,124.6125021128542,8.362500283598262,Cagayan de Oro City (Capital),Misamis Oriental,Region X (Northern Mindanao)
23674,103.9037628,124.46250211031088,8.337500282750433,Cagayan de Oro City (Capital),Misamis Oriental,Region X (Northern Mindanao)
23675,101.2882233,124.48750211073477,8.337500282750433,Cagayan de Oro City (Capital),Misamis Oriental,Region X (Northern Mindanao)
23676,100.9105835,124.51250211115864,8.337500282750433,Cagayan de Oro City (Capital),Misamis Oriental,Region X (Northern Mindanao)
23677,98.99247742,124.53750211158254,8.337500282750433,Cagayan de Oro City (Capital),Misamis Oriental,Region X (Northern Mindanao)
23678,98.08314514,124.56250211200641,8.337500282750433,Cagayan de Oro City (Capital),Misamis Oriental,Region X (Northern Mindanao)
23679,97.38240814,124.58750211243031,8.337500282750433,Cagayan de Oro City (Capital),Misamis Oriental,Region X (Northern Mindanao)
23680,100.9046707,124.48750211073477,8.312500281902604,Cagayan de Oro City (Capital),Misamis Oriental,Region X (Northern Mindanao)
23681,100.6240768,124.51250211115864,8.312500281902604,Cagayan de Oro City (Capital),Misamis Oriental,Region X (Northern Mindanao)
23682,98.62294769,124.53750211158254,8.312500281902604,Cagayan de Oro City (Capital),Misamis Oriental,Region X (Northern Mindanao)
23683,97.17451477,124.56250211200641,8.312500281902604,Cagayan de Oro City (Capital),Misamis Oriental,Region X (Northern Mindanao)
23684,97.11537933,124.58750211243031,8.312500281902604,Cagayan de Oro City (Capital),Misamis Oriental,Region X (Northern Mindanao)
23685,96.96675873,124.48750211073477,8.287500281054776,Cagayan de Oro City (Capital),Misamis Oriental,Region X (Northern Mindanao)
23686,96.6879425,124.51250211115864,8.287500281054776,Cagayan de Oro City (Capital),Misamis Oriental,Region X (Northern Mindanao)
23687,94.59349823,124.53750211158254,8.287500281054776,Cagayan de Oro City (Capital),Misamis Oriental,Region X (Northern Mindanao)
23688,93.22116089,124.56250211200641,8.287500281054776,Cagayan de Oro City (Capital),Misamis Oriental,Region X (Northern Mindanao)
23689,92.79502106,124.51250211115864,8.262500280206948,Cagayan de Oro City (Capital),Misamis Oriental,Region X (Northern Mindanao)
23690,90.02920532,124.53750211158254,8.262500280206948,Cagayan de Oro City (Capital),Misamis Oriental,Region X (Northern Mindanao)
23691,89.21923065,124.56250211200641,8.262500280206948,Cagayan de Oro City (Capital),Misamis Oriental,Region X (Northern Mindanao)
23692,91.11489105,124.51250211115864,8.237500279359118,Cagayan de Oro City (Capital),Misamis Oriental,Region X (Northern Mindanao)
23693,89.56858063,124.53750211158254,8.237500279359118,Cagayan de Oro City (Capital),Misamis Oriental,Region X (Northern Mindanao)
23694,88.76255035,124.56250211200641,8.237500279359118,Cagayan de Oro City (Capital),Misamis Oriental,Region X (Northern Mindanao)
23695,87.04216003,124.51250211115864,8.21250027851129,Cagayan de Oro City (Capital),Misamis Oriental,Region X (Northern Mindanao)
23696,85.43247223,124.53750211158254,8.21250027851129,Cagayan de Oro City (Capital),Misamis Oriental,Region X (Northern Mindanao)
23697,85.23597717,124.56250211200641,8.21250027851129,Cagayan de Oro City (Capital),Misamis Oriental,Region X (Northern Mindanao)
23698,81.53794098,124.53750211158254,8.18750027766346,Cagayan de Oro City (Capital),Misamis Oriental,Region X (Northern Mindanao)
23699,81.49977112,124.56250211200641,8.18750027766346,Cagayan de Oro City (Capital),Misamis Oriental,Region X (Northern Mindanao)
23700,81.40122223,124.53750211158254,8.162500276815631,Cagayan de Oro City (Capital),Misamis Oriental,Region X (Northern Mindanao)
23701,80.90100098,124.56250211200641,8.162500276815631,Cagayan de Oro City (Capital),Misamis Oriental,Region X (Northern Mindanao)
23702,101.4541626,124.88750211751696,8.887500301402667,Claveria,Misamis Oriental,Region X (Northern Mindanao)
23703,100.6977997,124.88750211751696,8.86250030055484,Claveria,Misamis Oriental,Region X (Northern Mindanao)
23704,99.26494598,124.91250211794085,8.86250030055484,Claveria,Misamis Oriental,Region X (Northern Mindanao)
23705,99.92002106,124.91250211794085,8.83750029970701,Claveria,Misamis Oriental,Region X (Northern Mindanao)
23706,99.29572296,124.91250211794085,8.812500298859183,Claveria,Misamis Oriental,Region X (Northern Mindanao)
23707,98.41480255,124.93750211836472,8.812500298859183,Claveria,Misamis Oriental,Region X (Northern Mindanao)
23708,98.61824036,124.91250211794085,8.787500298011352,Claveria,Misamis Oriental,Region X (Northern Mindanao)
23709,97.85843658,124.93750211836472,8.787500298011352,Claveria,Misamis Oriental,Region X (Northern Mindanao)
23710,97.31809998,124.93750211836472,8.762500297163523,Claveria,Misamis Oriental,Region X (Northern Mindanao)
23711,97.51542664,124.93750211836472,8.737500296315694,Claveria,Misamis Oriental,Region X (Northern Mindanao)
23712,97.26322174,124.96250211878862,8.737500296315694,Claveria,Misamis Oriental,Region X (Northern Mindanao)
23713,99.70832062,124.91250211794085,8.712500295467866,Claveria,Misamis Oriental,Region X (Northern Mindanao)
23714,98.85309601,124.93750211836472,8.712500295467866,Claveria,Misamis Oriental,Region X (Northern Mindanao)
23715,95.89199829,124.96250211878862,8.712500295467866,Claveria,Misamis Oriental,Region X (Northern Mindanao)
23716,88.54436493,125.23750212345136,8.712500295467866,Claveria,Misamis Oriental,Region X (Northern Mindanao)
23717,105.0767059,124.81250211624528,8.687500294620039,Claveria,Misamis Oriental,Region X (Northern Mindanao)
23718,103.6810913,124.83750211666919,8.687500294620039,Claveria,Misamis Oriental,Region X (Northern Mindanao)
23719,101.7831192,124.86250211709309,8.687500294620039,Claveria,Misamis Oriental,Region X (Northern Mindanao)
23720,101.4496155,124.88750211751696,8.687500294620039,Claveria,Misamis Oriental,Region X (Northern Mindanao)
23721,100.1221237,124.91250211794085,8.687500294620039,Claveria,Misamis Oriental,Region X (Northern Mindanao)
23722,99.47142792,124.93750211836472,8.687500294620039,Claveria,Misamis Oriental,Region X (Northern Mindanao)
23723,96.5021286,124.96250211878862,8.687500294620039,Claveria,Misamis Oriental,Region X (Northern Mindanao)
23724,95.72240448,124.9875021192125,8.687500294620039,Claveria,Misamis Oriental,Region X (Northern Mindanao)
23725,94.86353302,125.0125021196364,8.687500294620039,Claveria,Misamis Oriental,Region X (Northern Mindanao)
23726,88.36013794,125.1875021226036,8.687500294620039,Claveria,Misamis Oriental,Region X (Northern Mindanao)
23727,88.52145386,125.21250212302748,8.687500294620039,Claveria,Misamis Oriental,Region X (Northern Mindanao)
23728,88.61766815,125.23750212345136,8.687500294620039,Claveria,Misamis Oriental,Region X (Northern Mindanao)
23729,104.416954,124.81250211624528,8.662500293772208,Claveria,Misamis Oriental,Region X (Northern Mindanao)
23730,102.8768997,124.83750211666919,8.662500293772208,Claveria,Misamis Oriental,Region X (Northern Mindanao)
23731,102.1901245,124.86250211709309,8.662500293772208,Claveria,Misamis Oriental,Region X (Northern Mindanao)
23732,100.9391785,124.88750211751696,8.662500293772208,Claveria,Misamis Oriental,Region X (Northern Mindanao)
23733,99.54740906,124.91250211794085,8.662500293772208,Claveria,Misamis Oriental,Region X (Northern Mindanao)
23734,98.26947021,124.93750211836472,8.662500293772208,Claveria,Misamis Oriental,Region X (Northern Mindanao)
23735,98.00958252,124.96250211878862,8.662500293772208,Claveria,Misamis Oriental,Region X (Northern Mindanao)
23736,95.37940979,124.9875021192125,8.662500293772208,Claveria,Misamis Oriental,Region X (Northern Mindanao)
23737,94.13504028,125.0125021196364,8.662500293772208,Claveria,Misamis Oriental,Region X (Northern Mindanao)
23738,92.41944885,125.03750212006028,8.662500293772208,Claveria,Misamis Oriental,Region X (Northern Mindanao)
23739,91.19805908,125.06250212048418,8.662500293772208,Claveria,Misamis Oriental,Region X (Northern Mindanao)
23740,89.06752014,125.08750212090804,8.662500293772208,Claveria,Misamis Oriental,Region X (Northern Mindanao)
23741,88.5703125,125.11250212133194,8.662500293772208,Claveria,Misamis Oriental,Region X (Northern Mindanao)
23742,88.30831146,125.13750212175584,8.662500293772208,Claveria,Misamis Oriental,Region X (Northern Mindanao)
23743,88.35514069,125.16250212217972,8.662500293772208,Claveria,Misamis Oriental,Region X (Northern Mindanao)
23744,88.01055908,125.1875021226036,8.662500293772208,Claveria,Misamis Oriental,Region X (Northern Mindanao)
23745,88.25327301,125.21250212302748,8.662500293772208,Claveria,Misamis Oriental,Region X (Northern Mindanao)
23746,104.8693161,124.81250211624528,8.63750029292438,Claveria,Misamis Oriental,Region X (Northern Mindanao)
23747,102.7074432,124.83750211666919,8.63750029292438,Claveria,Misamis Oriental,Region X (Northern Mindanao)
23748,101.9982376,124.86250211709309,8.63750029292438,Claveria,Misamis Oriental,Region X (Northern Mindanao)
23749,102.219696,124.88750211751696,8.63750029292438,Claveria,Misamis Oriental,Region X (Northern Mindanao)
23750,100.856369,124.91250211794085,8.63750029292438,Claveria,Misamis Oriental,Region X (Northern Mindanao)
23751,98.43408203,124.93750211836472,8.63750029292438,Claveria,Misamis Oriental,Region X (Northern Mindanao)
23752,98.17664337,124.96250211878862,8.63750029292438,Claveria,Misamis Oriental,Region X (Northern Mindanao)
23753,96.56523895,124.9875021192125,8.63750029292438,Claveria,Misamis Oriental,Region X (Northern Mindanao)
23754,95.25939178,125.0125021196364,8.63750029292438,Claveria,Misamis Oriental,Region X (Northern Mindanao)
23755,92.15940094,125.03750212006028,8.63750029292438,Claveria,Misamis Oriental,Region X (Northern Mindanao)
23756,91.10993958,125.06250212048418,8.63750029292438,Claveria,Misamis Oriental,Region X (Northern Mindanao)
23757,89.39273834,125.08750212090804,8.63750029292438,Claveria,Misamis Oriental,Region X (Northern Mindanao)
23758,88.83538055,125.11250212133194,8.63750029292438,Claveria,Misamis Oriental,Region X (Northern Mindanao)
23759,87.97907257,125.13750212175584,8.63750029292438,Claveria,Misamis Oriental,Region X (Northern Mindanao)
23760,88.06312561,125.16250212217972,8.63750029292438,Claveria,Misamis Oriental,Region X (Northern Mindanao)
23761,87.85391998,125.1875021226036,8.63750029292438,Claveria,Misamis Oriental,Region X (Northern Mindanao)
23762,88.17391968,125.21250212302748,8.63750029292438,Claveria,Misamis Oriental,Region X (Northern Mindanao)
23763,103.6869888,124.83750211666919,8.61250029207655,Claveria,Misamis Oriental,Region X (Northern Mindanao)
23764,102.6715088,124.86250211709309,8.61250029207655,Claveria,Misamis Oriental,Region X (Northern Mindanao)
23765,102.5851669,124.88750211751696,8.61250029207655,Claveria,Misamis Oriental,Region X (Northern Mindanao)
23766,101.3348389,124.91250211794085,8.61250029207655,Claveria,Misamis Oriental,Region X (Northern Mindanao)
23767,100.6038208,124.93750211836472,8.61250029207655,Claveria,Misamis Oriental,Region X (Northern Mindanao)
23768,97.54262543,124.96250211878862,8.61250029207655,Claveria,Misamis Oriental,Region X (Northern Mindanao)
23769,96.79985046,124.9875021192125,8.61250029207655,Claveria,Misamis Oriental,Region X (Northern Mindanao)
23770,95.80249023,125.0125021196364,8.61250029207655,Claveria,Misamis Oriental,Region X (Northern Mindanao)
23771,94.89718628,125.03750212006028,8.61250029207655,Claveria,Misamis Oriental,Region X (Northern Mindanao)
23772,90.20502472,125.06250212048418,8.61250029207655,Claveria,Misamis Oriental,Region X (Northern Mindanao)
23773,89.51059723,125.08750212090804,8.61250029207655,Claveria,Misamis Oriental,Region X (Northern Mindanao)
23774,89.03717041,125.11250212133194,8.61250029207655,Claveria,Misamis Oriental,Region X (Northern Mindanao)
23775,88.98106384,125.13750212175584,8.61250029207655,Claveria,Misamis Oriental,Region X (Northern Mindanao)
23776,87.86277008,125.16250212217972,8.61250029207655,Claveria,Misamis Oriental,Region X (Northern Mindanao)
23777,87.882164,125.1875021226036,8.61250029207655,Claveria,Misamis Oriental,Region X (Northern Mindanao)
23778,102.6995316,124.83750211666919,8.587500291228721,Claveria,Misamis Oriental,Region X (Northern Mindanao)
23779,101.7381516,124.86250211709309,8.587500291228721,Claveria,Misamis Oriental,Region X (Northern Mindanao)
23780,89.42207336,125.06250212048418,8.587500291228721,Claveria,Misamis Oriental,Region X (Northern Mindanao)
23781,88.66806793,125.08750212090804,8.587500291228721,Claveria,Misamis Oriental,Region X (Northern Mindanao)
23782,88.08493805,125.11250212133194,8.587500291228721,Claveria,Misamis Oriental,Region X (Northern Mindanao)
23783,88.15261841,125.13750212175584,8.587500291228721,Claveria,Misamis Oriental,Region X (Northern Mindanao)
23784,87.07041931,125.16250212217972,8.587500291228721,Claveria,Misamis Oriental,Region X (Northern Mindanao)
23785,101.9656982,124.83750211666919,8.562500290380894,Claveria,Misamis Oriental,Region X (Northern Mindanao)
23786,110.9877472,124.51250211115864,8.562500290380894,City of El Salvador,Misamis Oriental,Region X (Northern Mindanao)
23787,110.6010666,124.48750211073477,8.537500289533064,City of El Salvador,Misamis Oriental,Region X (Northern Mindanao)
23788,110.5257721,124.51250211115864,8.537500289533064,City of El Salvador,Misamis Oriental,Region X (Northern Mindanao)
23789,109.0070877,124.53750211158254,8.537500289533064,City of El Salvador,Misamis Oriental,Region X (Northern Mindanao)
23790,108.2860642,124.56250211200641,8.537500289533064,City of El Salvador,Misamis Oriental,Region X (Northern Mindanao)
23791,109.5420456,124.48750211073477,8.512500288685237,City of El Salvador,Misamis Oriental,Region X (Northern Mindanao)
23792,109.4809952,124.51250211115864,8.512500288685237,City of El Salvador,Misamis Oriental,Region X (Northern Mindanao)
23793,107.7088089,124.53750211158254,8.512500288685237,City of El Salvador,Misamis Oriental,Region X (Northern Mindanao)
23794,109.7977982,124.46250211031088,8.487500287837406,City of El Salvador,Misamis Oriental,Region X (Northern Mindanao)
23795,108.4780426,124.48750211073477,8.487500287837406,City of El Salvador,Misamis Oriental,Region X (Northern Mindanao)
23796,112.6260147,124.437502109887,8.462500286989577,City of El Salvador,Misamis Oriental,Region X (Northern Mindanao)
23797,97.20109558,125.03750212006028,8.887500301402667,Gingoog City,Misamis Oriental,Region X (Northern Mindanao)
23798,93.59859467,125.1875021226036,8.887500301402667,Gingoog City,Misamis Oriental,Region X (Northern Mindanao)
23799,96.1807251,125.0125021196364,8.86250030055484,Gingoog City,Misamis Oriental,Region X (Northern Mindanao)
23800,95.06473541,125.03750212006028,8.86250030055484,Gingoog City,Misamis Oriental,Region X (Northern Mindanao)
23801,92.65507507,125.1875021226036,8.86250030055484,Gingoog City,Misamis Oriental,Region X (Northern Mindanao)
23802,92.37689209,125.21250212302748,8.86250030055484,Gingoog City,Misamis Oriental,Region X (Northern Mindanao)
23803,91.90769958,125.23750212345136,8.86250030055484,Gingoog City,Misamis Oriental,Region X (Northern Mindanao)
23804,96.33469391,124.9875021192125,8.83750029970701,Gingoog City,Misamis Oriental,Region X (Northern Mindanao)
23805,95.84957886,125.0125021196364,8.83750029970701,Gingoog City,Misamis Oriental,Region X (Northern Mindanao)
23806,94.6583786,125.03750212006028,8.83750029970701,Gingoog City,Misamis Oriental,Region X (Northern Mindanao)
23807,93.06008148,125.06250212048418,8.83750029970701,Gingoog City,Misamis Oriental,Region X (Northern Mindanao)
23808,91.69850159,125.13750212175584,8.83750029970701,Gingoog City,Misamis Oriental,Region X (Northern Mindanao)
23809,91.61564636,125.16250212217972,8.83750029970701,Gingoog City,Misamis Oriental,Region X (Northern Mindanao)
23810,91.3755188,125.1875021226036,8.83750029970701,Gingoog City,Misamis Oriental,Region X (Northern Mindanao)
23811,91.13542938,125.21250212302748,8.83750029970701,Gingoog City,Misamis Oriental,Region X (Northern Mindanao)
23812,91.52359009,125.23750212345136,8.83750029970701,Gingoog City,Misamis Oriental,Region X (Northern Mindanao)
23813,95.74330139,124.96250211878862,8.812500298859183,Gingoog City,Misamis Oriental,Region X (Northern Mindanao)
23814,95.43605042,124.9875021192125,8.812500298859183,Gingoog City,Misamis Oriental,Region X (Northern Mindanao)
23815,95.0069809,125.0125021196364,8.812500298859183,Gingoog City,Misamis Oriental,Region X (Northern Mindanao)
23816,94.61797333,125.03750212006028,8.812500298859183,Gingoog City,Misamis Oriental,Region X (Northern Mindanao)
23817,91.62882233,125.06250212048418,8.812500298859183,Gingoog City,Misamis Oriental,Region X (Northern Mindanao)
23818,90.90194702,125.08750212090804,8.812500298859183,Gingoog City,Misamis Oriental,Region X (Northern Mindanao)
23819,90.81563568,125.11250212133194,8.812500298859183,Gingoog City,Misamis Oriental,Region X (Northern Mindanao)
23820,90.67766571,125.13750212175584,8.812500298859183,Gingoog City,Misamis Oriental,Region X (Northern Mindanao)
23821,90.45336914,125.16250212217972,8.812500298859183,Gingoog City,Misamis Oriental,Region X (Northern Mindanao)
23822,90.45664978,125.1875021226036,8.812500298859183,Gingoog City,Misamis Oriental,Region X (Northern Mindanao)
23823,90.33756256,125.21250212302748,8.812500298859183,Gingoog City,Misamis Oriental,Region X (Northern Mindanao)
23824,90.34533691,125.23750212345136,8.812500298859183,Gingoog City,Misamis Oriental,Region X (Northern Mindanao)
23825,95.1820755,124.96250211878862,8.787500298011352,Gingoog City,Misamis Oriental,Region X (Northern Mindanao)
23826,94.66664124,124.9875021192125,8.787500298011352,Gingoog City,Misamis Oriental,Region X (Northern Mindanao)
23827,94.10512543,125.0125021196364,8.787500298011352,Gingoog City,Misamis Oriental,Region X (Northern Mindanao)
23828,93.67067719,125.03750212006028,8.787500298011352,Gingoog City,Misamis Oriental,Region X (Northern Mindanao)
23829,90.69345093,125.06250212048418,8.787500298011352,Gingoog City,Misamis Oriental,Region X (Northern Mindanao)
23830,89.9497757,125.08750212090804,8.787500298011352,Gingoog City,Misamis Oriental,Region X (Northern Mindanao)
23831,89.76235199,125.11250212133194,8.787500298011352,Gingoog City,Misamis Oriental,Region X (Northern Mindanao)
23832,89.61096954,125.13750212175584,8.787500298011352,Gingoog City,Misamis Oriental,Region X (Northern Mindanao)
23833,89.40000916,125.16250212217972,8.787500298011352,Gingoog City,Misamis Oriental,Region X (Northern Mindanao)
23834,89.49021149,125.1875021226036,8.787500298011352,Gingoog City,Misamis Oriental,Region X (Northern Mindanao)
23835,89.51275635,125.21250212302748,8.787500298011352,Gingoog City,Misamis Oriental,Region X (Northern Mindanao)
23836,97.06395721,124.96250211878862,8.762500297163523,Gingoog City,Misamis Oriental,Region X (Northern Mindanao)
23837,95.01776886,124.9875021192125,8.762500297163523,Gingoog City,Misamis Oriental,Region X (Northern Mindanao)
23838,94.14118195,125.0125021196364,8.762500297163523,Gingoog City,Misamis Oriental,Region X (Northern Mindanao)
23839,92.943367,125.03750212006028,8.762500297163523,Gingoog City,Misamis Oriental,Region X (Northern Mindanao)
23840,91.39556122,125.06250212048418,8.762500297163523,Gingoog City,Misamis Oriental,Region X (Northern Mindanao)
23841,89.93978882,125.08750212090804,8.762500297163523,Gingoog City,Misamis Oriental,Region X (Northern Mindanao)
23842,89.60339355,125.11250212133194,8.762500297163523,Gingoog City,Misamis Oriental,Region X (Northern Mindanao)
23843,89.0456543,125.13750212175584,8.762500297163523,Gingoog City,Misamis Oriental,Region X (Northern Mindanao)
23844,89.01159668,125.16250212217972,8.762500297163523,Gingoog City,Misamis Oriental,Region X (Northern Mindanao)
23845,89.28027344,125.1875021226036,8.762500297163523,Gingoog City,Misamis Oriental,Region X (Northern Mindanao)
23846,89.32835388,125.21250212302748,8.762500297163523,Gingoog City,Misamis Oriental,Region X (Northern Mindanao)
23847,89.14992523,125.23750212345136,8.762500297163523,Gingoog City,Misamis Oriental,Region X (Northern Mindanao)
23848,95.81833649,124.9875021192125,8.737500296315694,Gingoog City,Misamis Oriental,Region X (Northern Mindanao)
23849,94.85068512,125.0125021196364,8.737500296315694,Gingoog City,Misamis Oriental,Region X (Northern Mindanao)
23850,92.53104401,125.03750212006028,8.737500296315694,Gingoog City,Misamis Oriental,Region X (Northern Mindanao)
23851,91.10557556,125.06250212048418,8.737500296315694,Gingoog City,Misamis Oriental,Region X (Northern Mindanao)
23852,89.62033081,125.08750212090804,8.737500296315694,Gingoog City,Misamis Oriental,Region X (Northern Mindanao)
23853,89.22868347,125.11250212133194,8.737500296315694,Gingoog City,Misamis Oriental,Region X (Northern Mindanao)
23854,88.52727509,125.13750212175584,8.737500296315694,Gingoog City,Misamis Oriental,Region X (Northern Mindanao)
23855,88.53118134,125.16250212217972,8.737500296315694,Gingoog City,Misamis Oriental,Region X (Northern Mindanao)
23856,88.54189301,125.1875021226036,8.737500296315694,Gingoog City,Misamis Oriental,Region X (Northern Mindanao)
23857,88.66786957,125.21250212302748,8.737500296315694,Gingoog City,Misamis Oriental,Region X (Northern Mindanao)
23858,88.75692749,125.23750212345136,8.737500296315694,Gingoog City,Misamis Oriental,Region X (Northern Mindanao)
23859,95.3276825,124.9875021192125,8.712500295467866,Gingoog City,Misamis Oriental,Region X (Northern Mindanao)
23860,94.56926727,125.0125021196364,8.712500295467866,Gingoog City,Misamis Oriental,Region X (Northern Mindanao)
23861,93.88538361,125.03750212006028,8.712500295467866,Gingoog City,Misamis Oriental,Region X (Northern Mindanao)
23862,89.95172119,125.06250212048418,8.712500295467866,Gingoog City,Misamis Oriental,Region X (Northern Mindanao)
23863,89.23574829,125.08750212090804,8.712500295467866,Gingoog City,Misamis Oriental,Region X (Northern Mindanao)
23864,88.92990112,125.11250212133194,8.712500295467866,Gingoog City,Misamis Oriental,Region X (Northern Mindanao)
23865,88.84915924,125.13750212175584,8.712500295467866,Gingoog City,Misamis Oriental,Region X (Northern Mindanao)
23866,88.22614288,125.16250212217972,8.712500295467866,Gingoog City,Misamis Oriental,Region X (Northern Mindanao)
23867,88.27940369,125.1875021226036,8.712500295467866,Gingoog City,Misamis Oriental,Region X (Northern Mindanao)
23868,88.4573822,125.21250212302748,8.712500295467866,Gingoog City,Misamis Oriental,Region X (Northern Mindanao)
23869,94.20360565,125.03750212006028,8.687500294620039,Gingoog City,Misamis Oriental,Region X (Northern Mindanao)
23870,90.2074585,125.06250212048418,8.687500294620039,Gingoog City,Misamis Oriental,Region X (Northern Mindanao)
23871,89.40270996,125.08750212090804,8.687500294620039,Gingoog City,Misamis Oriental,Region X (Northern Mindanao)
23872,89.05910492,125.11250212133194,8.687500294620039,Gingoog City,Misamis Oriental,Region X (Northern Mindanao)
23873,88.99417877,125.13750212175584,8.687500294620039,Gingoog City,Misamis Oriental,Region X (Northern Mindanao)
23874,88.34796143,125.16250212217972,8.687500294620039,Gingoog City,Misamis Oriental,Region X (Northern Mindanao)
23875,115.1029816,124.3875021090392,8.587500291228721,Gitagum,Misamis Oriental,Region X (Northern Mindanao)
23876,115.2937317,124.3875021090392,8.562500290380894,Gitagum,Misamis Oriental,Region X (Northern Mindanao)
23877,114.7563629,124.4125021094631,8.562500290380894,Gitagum,Misamis Oriental,Region X (Northern Mindanao)
23878,114.4773483,124.4125021094631,8.537500289533064,Gitagum,Misamis Oriental,Region X (Northern Mindanao)
23879,115.7337952,124.31250210776756,8.512500288685237,Initao,Misamis Oriental,Region X (Northern Mindanao)
23880,115.8073273,124.33750210819144,8.512500288685237,Initao,Misamis Oriental,Region X (Northern Mindanao)
23881,115.1062927,124.31250210776756,8.487500287837406,Initao,Misamis Oriental,Region X (Northern Mindanao)
23882,115.2056809,124.33750210819144,8.487500287837406,Initao,Misamis Oriental,Region X (Northern Mindanao)
23883,114.9520874,124.36250210861532,8.487500287837406,Initao,Misamis Oriental,Region X (Northern Mindanao)
23884,113.6700668,124.3875021090392,8.487500287837406,Initao,Misamis Oriental,Region X (Northern Mindanao)
23885,114.8912582,124.28750210734368,8.462500286989577,Initao,Misamis Oriental,Region X (Northern Mindanao)
23886,115.1061478,124.31250210776756,8.462500286989577,Initao,Misamis Oriental,Region X (Northern Mindanao)
23887,115.071106,124.33750210819144,8.462500286989577,Initao,Misamis Oriental,Region X (Northern Mindanao)
23888,115.0321732,124.36250210861532,8.462500286989577,Initao,Misamis Oriental,Region X (Northern Mindanao)
23889,113.6466599,124.3875021090392,8.462500286989577,Initao,Misamis Oriental,Region X (Northern Mindanao)
23890,114.2828217,124.36250210861532,8.43750028614175,Initao,Misamis Oriental,Region X (Northern Mindanao)
23891,105.8246613,124.76250211539752,8.687500294620039,Jasaan,Misamis Oriental,Region X (Northern Mindanao)
23892,105.2013779,124.7875021158214,8.687500294620039,Jasaan,Misamis Oriental,Region X (Northern Mindanao)
23893,105.7262878,124.76250211539752,8.662500293772208,Jasaan,Misamis Oriental,Region X (Northern Mindanao)
23894,104.5316391,124.7875021158214,8.662500293772208,Jasaan,Misamis Oriental,Region X (Northern Mindanao)
23895,105.3130875,124.76250211539752,8.63750029292438,Jasaan,Misamis Oriental,Region X (Northern Mindanao)
23896,104.9220963,124.7875021158214,8.63750029292438,Jasaan,Misamis Oriental,Region X (Northern Mindanao)
23897,105.8386917,124.76250211539752,8.61250029207655,Jasaan,Misamis Oriental,Region X (Northern Mindanao)
23898,105.1705475,124.7875021158214,8.61250029207655,Jasaan,Misamis Oriental,Region X (Northern Mindanao)
23899,105.1772919,124.81250211624528,8.61250029207655,Jasaan,Misamis Oriental,Region X (Northern Mindanao)
23900,107.4952316,124.81250211624528,8.987500304793985,Kinoguitan,Misamis Oriental,Region X (Northern Mindanao)
23901,106.6463776,124.81250211624528,8.962500303946154,Kinoguitan,Misamis Oriental,Region X (Northern Mindanao)
23902,104.1056366,124.83750211666919,8.937500303098327,Kinoguitan,Misamis Oriental,Region X (Northern Mindanao)
23903,102.6872253,124.86250211709309,8.912500302250496,Kinoguitan,Misamis Oriental,Region X (Northern Mindanao)
23904,105.3414002,124.7875021158214,8.812500298859183,Lagonglong,Misamis Oriental,Region X (Northern Mindanao)
23905,104.7798004,124.81250211624528,8.812500298859183,Lagonglong,Misamis Oriental,Region X (Northern Mindanao)
23906,103.9203033,124.83750211666919,8.812500298859183,Lagonglong,Misamis Oriental,Region X (Northern Mindanao)
23907,101.0521545,124.86250211709309,8.812500298859183,Lagonglong,Misamis Oriental,Region X (Northern Mindanao)
23908,100.6119537,124.88750211751696,8.812500298859183,Lagonglong,Misamis Oriental,Region X (Northern Mindanao)
23909,104.815506,124.7875021158214,8.787500298011352,Lagonglong,Misamis Oriental,Region X (Northern Mindanao)
23910,104.4177933,124.81250211624528,8.787500298011352,Lagonglong,Misamis Oriental,Region X (Northern Mindanao)
23911,114.4450913,124.437502109887,8.61250029207655,Laguindingan,Misamis Oriental,Region X (Northern Mindanao)
23912,112.3767319,124.46250211031088,8.61250029207655,Laguindingan,Misamis Oriental,Region X (Northern Mindanao)
23913,114.5933075,124.4125021094631,8.587500291228721,Laguindingan,Misamis Oriental,Region X (Northern Mindanao)
23914,114.5748215,124.437502109887,8.587500291228721,Laguindingan,Misamis Oriental,Region X (Northern Mindanao)
23915,112.2582245,124.46250211031088,8.587500291228721,Laguindingan,Misamis Oriental,Region X (Northern Mindanao)
23916,114.6090775,124.437502109887,8.562500290380894,Laguindingan,Misamis Oriental,Region X (Northern Mindanao)
23917,116.3846664,124.36250210861532,8.562500290380894,Libertad,Misamis Oriental,Region X (Northern Mindanao)
23918,116.3331451,124.33750210819144,8.537500289533064,Libertad,Misamis Oriental,Region X (Northern Mindanao)
23919,116.3304596,124.36250210861532,8.537500289533064,Libertad,Misamis Oriental,Region X (Northern Mindanao)
23920,115.0297089,124.3875021090392,8.537500289533064,Libertad,Misamis Oriental,Region X (Northern Mindanao)
23921,115.5785446,124.36250210861532,8.512500288685237,Libertad,Misamis Oriental,Region X (Northern Mindanao)
23922,114.3488083,124.3875021090392,8.512500288685237,Libertad,Misamis Oriental,Region X (Northern Mindanao)
23923,112.8314743,124.26250210691978,8.362500283598262,Lugait,Misamis Oriental,Region X (Northern Mindanao)
23924,110.9140472,124.26250210691978,8.337500282750433,Lugait,Misamis Oriental,Region X (Northern Mindanao)
23925,109.900734,124.28750210734368,8.337500282750433,Lugait,Misamis Oriental,Region X (Northern Mindanao)
23926,109.6694412,124.31250210776756,8.337500282750433,Lugait,Misamis Oriental,Region X (Northern Mindanao)
23927,110.1277161,124.33750210819144,8.337500282750433,Lugait,Misamis Oriental,Region X (Northern Mindanao)
23928,98.37583923,125.1875021226036,9.062500307337467,Magsaysay (Linugos),Misamis Oriental,Region X (Northern Mindanao)
23929,97.17642975,125.1875021226036,9.03750030648964,Magsaysay (Linugos),Misamis Oriental,Region X (Northern Mindanao)
23930,96.07541656,125.21250212302748,9.03750030648964,Magsaysay (Linugos),Misamis Oriental,Region X (Northern Mindanao)
23931,96.79559326,125.1875021226036,9.012500305641812,Magsaysay (Linugos),Misamis Oriental,Region X (Northern Mindanao)
23932,95.79291534,125.21250212302748,9.012500305641812,Magsaysay (Linugos),Misamis Oriental,Region X (Northern Mindanao)
23933,96.64044952,125.1875021226036,8.987500304793985,Magsaysay (Linugos),Misamis Oriental,Region X (Northern Mindanao)
23934,95.63816071,125.21250212302748,8.987500304793985,Magsaysay (Linugos),Misamis Oriental,Region X (Northern Mindanao)
23935,95.09772491,125.23750212345136,8.987500304793985,Magsaysay (Linugos),Misamis Oriental,Region X (Northern Mindanao)
23936,96.25175476,125.1875021226036,8.962500303946154,Magsaysay (Linugos),Misamis Oriental,Region X (Northern Mindanao)
23937,95.28974152,125.21250212302748,8.962500303946154,Magsaysay (Linugos),Misamis Oriental,Region X (Northern Mindanao)
23938,94.88504028,125.1875021226036,8.937500303098327,Magsaysay (Linugos),Misamis Oriental,Region X (Northern Mindanao)
23939,94.06285095,125.21250212302748,8.937500303098327,Magsaysay (Linugos),Misamis Oriental,Region X (Northern Mindanao)
23940,94.60494995,125.1875021226036,8.912500302250496,Magsaysay (Linugos),Misamis Oriental,Region X (Northern Mindanao)
23941,93.88159943,125.21250212302748,8.912500302250496,Magsaysay (Linugos),Misamis Oriental,Region X (Northern Mindanao)
23942,93.11061859,125.21250212302748,8.887500301402667,Magsaysay (Linugos),Misamis Oriental,Region X (Northern Mindanao)
23943,92.84090424,125.23750212345136,8.887500301402667,Magsaysay (Linugos),Misamis Oriental,Region X (Northern Mindanao)
23944,113.8109512,124.28750210734368,8.387500284446093,Manticao,Misamis Oriental,Region X (Northern Mindanao)
23945,113.9326019,124.31250210776756,8.387500284446093,Manticao,Misamis Oriental,Region X (Northern Mindanao)
23946,113.9660187,124.33750210819144,8.387500284446093,Manticao,Misamis Oriental,Region X (Northern Mindanao)
23947,111.9888535,124.3875021090392,8.387500284446093,Manticao,Misamis Oriental,Region X (Northern Mindanao)
23948,111.2663422,124.4125021094631,8.387500284446093,Manticao,Misamis Oriental,Region X (Northern Mindanao)
23949,112.4807663,124.28750210734368,8.362500283598262,Manticao,Misamis Oriental,Region X (Northern Mindanao)
23950,112.3993073,124.31250210776756,8.362500283598262,Manticao,Misamis Oriental,Region X (Northern Mindanao)
23951,112.1875839,124.33750210819144,8.362500283598262,Manticao,Misamis Oriental,Region X (Northern Mindanao)
23952,112.1268845,124.36250210861532,8.362500283598262,Manticao,Misamis Oriental,Region X (Northern Mindanao)
23953,110.3493652,124.3875021090392,8.362500283598262,Manticao,Misamis Oriental,Region X (Northern Mindanao)
23954,109.522171,124.4125021094631,8.362500283598262,Manticao,Misamis Oriental,Region X (Northern Mindanao)
23955,110.0678177,124.36250210861532,8.337500282750433,Manticao,Misamis Oriental,Region X (Northern Mindanao)
23956,107.604599,124.3875021090392,8.337500282750433,Manticao,Misamis Oriental,Region X (Northern Mindanao)
23957,106.7593918,124.4125021094631,8.337500282750433,Manticao,Misamis Oriental,Region X (Northern Mindanao)
23958,100.3806152,124.96250211878862,8.937500303098327,Medina,Misamis Oriental,Region X (Northern Mindanao)
23959,99.16834259,124.96250211878862,8.912500302250496,Medina,Misamis Oriental,Region X (Northern Mindanao)
23960,98.96823883,124.9875021192125,8.912500302250496,Medina,Misamis Oriental,Region X (Northern Mindanao)
23961,98.79728699,125.0125021196364,8.912500302250496,Medina,Misamis Oriental,Region X (Northern Mindanao)
23962,99.68450928,124.93750211836472,8.887500301402667,Medina,Misamis Oriental,Region X (Northern Mindanao)
23963,97.86904144,124.96250211878862,8.887500301402667,Medina,Misamis Oriental,Region X (Northern Mindanao)
23964,97.72100067,124.9875021192125,8.887500301402667,Medina,Misamis Oriental,Region X (Northern Mindanao)
23965,97.47361755,125.0125021196364,8.887500301402667,Medina,Misamis Oriental,Region X (Northern Mindanao)
23966,97.35644531,124.93750211836472,8.86250030055484,Medina,Misamis Oriental,Region X (Northern Mindanao)
23967,97.14644623,124.96250211878862,8.86250030055484,Medina,Misamis Oriental,Region X (Northern Mindanao)
23968,96.5769043,124.9875021192125,8.86250030055484,Medina,Misamis Oriental,Region X (Northern Mindanao)
23969,97.5368042,124.93750211836472,8.83750029970701,Medina,Misamis Oriental,Region X (Northern Mindanao)
23970,97.32683563,124.96250211878862,8.83750029970701,Medina,Misamis Oriental,Region X (Northern Mindanao)
23971,114.4131775,124.28750210734368,8.43750028614175,Naawan,Misamis Oriental,Region X (Northern Mindanao)
23972,114.5658646,124.31250210776756,8.43750028614175,Naawan,Misamis Oriental,Region X (Northern Mindanao)
23973,114.3214874,124.33750210819144,8.43750028614175,Naawan,Misamis Oriental,Region X (Northern Mindanao)
23974,113.7340393,124.28750210734368,8.41250028529392,Naawan,Misamis Oriental,Region X (Northern Mindanao)
23975,113.8632584,124.31250210776756,8.41250028529392,Naawan,Misamis Oriental,Region X (Northern Mindanao)
23976,113.8784943,124.33750210819144,8.41250028529392,Naawan,Misamis Oriental,Region X (Northern Mindanao)
23977,113.3082809,124.36250210861532,8.41250028529392,Naawan,Misamis Oriental,Region X (Northern Mindanao)
23978,111.9545822,124.3875021090392,8.41250028529392,Naawan,Misamis Oriental,Region X (Northern Mindanao)
23979,113.3792496,124.36250210861532,8.387500284446093,Naawan,Misamis Oriental,Region X (Northern Mindanao)
23980,106.7808304,124.56250211200641,8.512500288685237,Opol,Misamis Oriental,Region X (Northern Mindanao)
23981,106.7675781,124.58750211243031,8.512500288685237,Opol,Misamis Oriental,Region X (Northern Mindanao)
23982,108.4061203,124.51250211115864,8.487500287837406,Opol,Misamis Oriental,Region X (Northern Mindanao)
23983,106.4271927,124.53750211158254,8.487500287837406,Opol,Misamis Oriental,Region X (Northern Mindanao)
23984,105.4198914,124.56250211200641,8.487500287837406,Opol,Misamis Oriental,Region X (Northern Mindanao)
23985,109.7521973,124.46250211031088,8.462500286989577,Opol,Misamis Oriental,Region X (Northern Mindanao)
23986,108.4013901,124.48750211073477,8.462500286989577,Opol,Misamis Oriental,Region X (Northern Mindanao)
23987,108.2939758,124.51250211115864,8.462500286989577,Opol,Misamis Oriental,Region X (Northern Mindanao)
23988,106.0595322,124.53750211158254,8.462500286989577,Opol,Misamis Oriental,Region X (Northern Mindanao)
23989,105.1859055,124.56250211200641,8.462500286989577,Opol,Misamis Oriental,Region X (Northern Mindanao)
23990,108.8074493,124.46250211031088,8.43750028614175,Opol,Misamis Oriental,Region X (Northern Mindanao)
23991,106.9963226,124.48750211073477,8.43750028614175,Opol,Misamis Oriental,Region X (Northern Mindanao)
23992,106.8547211,124.51250211115864,8.43750028614175,Opol,Misamis Oriental,Region X (Northern Mindanao)
23993,104.8652191,124.53750211158254,8.43750028614175,Opol,Misamis Oriental,Region X (Northern Mindanao)
23994,107.4889984,124.46250211031088,8.41250028529392,Opol,Misamis Oriental,Region X (Northern Mindanao)
23995,106.0630493,124.48750211073477,8.41250028529392,Opol,Misamis Oriental,Region X (Northern Mindanao)
23996,105.9184723,124.51250211115864,8.41250028529392,Opol,Misamis Oriental,Region X (Northern Mindanao)
23997,103.8973846,124.53750211158254,8.41250028529392,Opol,Misamis Oriental,Region X (Northern Mindanao)
23998,107.4258041,124.46250211031088,8.387500284446093,Opol,Misamis Oriental,Region X (Northern Mindanao)
23999,105.9741974,124.48750211073477,8.387500284446093,Opol,Misamis Oriental,Region X (Northern Mindanao)
24000,108.9657745,124.437502109887,8.362500283598262,Opol,Misamis Oriental,Region X (Northern Mindanao)
24001,106.0097961,124.46250211031088,8.362500283598262,Opol,Misamis Oriental,Region X (Northern Mindanao)
24002,104.2494659,124.48750211073477,8.362500283598262,Opol,Misamis Oriental,Region X (Northern Mindanao)
24003,106.8392868,124.437502109887,8.337500282750433,Opol,Misamis Oriental,Region X (Northern Mindanao)
24004,105.4612351,124.81250211624528,8.887500301402667,Salay,Misamis Oriental,Region X (Northern Mindanao)
24005,104.8592682,124.83750211666919,8.887500301402667,Salay,Misamis Oriental,Region X (Northern Mindanao)
24006,105.4935913,124.7875021158214,8.86250030055484,Salay,Misamis Oriental,Region X (Northern Mindanao)
24007,104.54673,124.81250211624528,8.86250030055484,Salay,Misamis Oriental,Region X (Northern Mindanao)
24008,102.7318878,124.83750211666919,8.86250030055484,Salay,Misamis Oriental,Region X (Northern Mindanao)
24009,102.4127426,124.86250211709309,8.86250030055484,Salay,Misamis Oriental,Region X (Northern Mindanao)
24010,105.0623856,124.81250211624528,8.83750029970701,Salay,Misamis Oriental,Region X (Northern Mindanao)
24011,103.0794296,124.83750211666919,8.83750029970701,Salay,Misamis Oriental,Region X (Northern Mindanao)
24012,102.7602921,124.86250211709309,8.83750029970701,Salay,Misamis Oriental,Region X (Northern Mindanao)
24013,101.3818741,124.88750211751696,8.83750029970701,Salay,Misamis Oriental,Region X (Northern Mindanao)
24014,107.4258194,124.7875021158214,8.962500303946154,Sugbongcogon,Misamis Oriental,Region X (Northern Mindanao)
24015,106.8242874,124.7875021158214,8.937500303098327,Sugbongcogon,Misamis Oriental,Region X (Northern Mindanao)
24016,106.0065384,124.81250211624528,8.937500303098327,Sugbongcogon,Misamis Oriental,Region X (Northern Mindanao)
24017,105.5976105,124.83750211666919,8.912500302250496,Sugbongcogon,Misamis Oriental,Region X (Northern Mindanao)
24018,101.9091187,124.86250211709309,8.887500301402667,Sugbongcogon,Misamis Oriental,Region X (Northern Mindanao)
24019,104.0168533,124.76250211539752,8.537500289533064,Tagoloan,Misamis Oriental,Region X (Northern Mindanao)
24020,103.7805939,124.7875021158214,8.537500289533064,Tagoloan,Misamis Oriental,Region X (Northern Mindanao)
24021,104.0301056,124.81250211624528,8.537500289533064,Tagoloan,Misamis Oriental,Region X (Northern Mindanao)
24022,102.6745148,124.83750211666919,8.537500289533064,Tagoloan,Misamis Oriental,Region X (Northern Mindanao)
24023,103.0236359,124.76250211539752,8.512500288685237,Tagoloan,Misamis Oriental,Region X (Northern Mindanao)
24024,104.4082489,124.88750211751696,8.987500304793985,Talisayan,Misamis Oriental,Region X (Northern Mindanao)
24025,103.7600174,124.88750211751696,8.962500303946154,Talisayan,Misamis Oriental,Region X (Northern Mindanao)
24026,102.8923874,124.91250211794085,8.962500303946154,Talisayan,Misamis Oriental,Region X (Northern Mindanao)
24027,101.5133896,124.93750211836472,8.962500303946154,Talisayan,Misamis Oriental,Region X (Northern Mindanao)
24028,102.4191818,124.88750211751696,8.937500303098327,Talisayan,Misamis Oriental,Region X (Northern Mindanao)
24029,101.4852371,124.91250211794085,8.937500303098327,Talisayan,Misamis Oriental,Region X (Northern Mindanao)
24030,100.4758225,124.93750211836472,8.937500303098327,Talisayan,Misamis Oriental,Region X (Northern Mindanao)
24031,103.9292908,124.7875021158214,8.587500291228721,Villanueva,Misamis Oriental,Region X (Northern Mindanao)
24032,104.0142593,124.81250211624528,8.587500291228721,Villanueva,Misamis Oriental,Region X (Northern Mindanao)
24033,103.7873383,124.76250211539752,8.562500290380894,Villanueva,Misamis Oriental,Region X (Northern Mindanao)
24034,102.6174851,124.7875021158214,8.562500290380894,Villanueva,Misamis Oriental,Region X (Northern Mindanao)
24035,102.792366,124.81250211624528,8.562500290380894,Villanueva,Misamis Oriental,Region X (Northern Mindanao)
