unique id,value,lon,lat,municipality name,province name,region
23330,113.8817215,123.78750209886594,8.43750028614175,Aloran,Misamis Occidental,Region X (Northern Mindanao)
23331,115.1006775,123.8125020992898,8.43750028614175,Aloran,Misamis Occidental,Region X (Northern Mindanao)
23332,111.73246,123.76250209844204,8.41250028529392,Aloran,Misamis Occidental,Region X (Northern Mindanao)
23333,113.4298706,123.78750209886594,8.41250028529392,Aloran,Misamis Occidental,Region X (Northern Mindanao)
23334,114.4889374,123.8125020992898,8.41250028529392,Aloran,Misamis Occidental,Region X (Northern Mindanao)
23335,108.1158676,123.71250209759425,8.387500284446093,Aloran,Misamis Occidental,Region X (Northern Mindanao)
23336,109.0014038,123.73750209801815,8.387500284446093,Aloran,Misamis Occidental,Region X (Northern Mindanao)
23337,111.5532227,123.76250209844204,8.387500284446093,Aloran,Misamis Occidental,Region X (Northern Mindanao)
23338,113.2718277,123.78750209886594,8.387500284446093,Aloran,Misamis Occidental,Region X (Northern Mindanao)
23339,114.2890854,123.8125020992898,8.387500284446093,Aloran,Misamis Occidental,Region X (Northern Mindanao)
23340,114.5900269,123.8375020997137,8.387500284446093,Aloran,Misamis Occidental,Region X (Northern Mindanao)
23341,104.6547012,123.66250209674648,8.362500283598262,Aloran,Misamis Occidental,Region X (Northern Mindanao)
23342,105.6700287,123.68750209717038,8.362500283598262,Aloran,Misamis Occidental,Region X (Northern Mindanao)
23343,107.3929367,123.71250209759425,8.362500283598262,Aloran,Misamis Occidental,Region X (Northern Mindanao)
23344,109.2268066,123.73750209801815,8.362500283598262,Aloran,Misamis Occidental,Region X (Northern Mindanao)
23345,115.266571,123.58750209547485,8.662500293772208,Baliangao,Misamis Occidental,Region X (Northern Mindanao)
23346,115.3435822,123.61250209589872,8.662500293772208,Baliangao,Misamis Occidental,Region X (Northern Mindanao)
23347,113.197197,123.61250209589872,8.63750029292438,Baliangao,Misamis Occidental,Region X (Northern Mindanao)
23348,114.4886704,123.6375020963226,8.63750029292438,Baliangao,Misamis Occidental,Region X (Northern Mindanao)
23349,112.7251053,123.58750209547485,8.61250029207655,Baliangao,Misamis Occidental,Region X (Northern Mindanao)
23350,112.7965012,123.61250209589872,8.61250029207655,Baliangao,Misamis Occidental,Region X (Northern Mindanao)
23351,113.2832718,123.6375020963226,8.61250029207655,Baliangao,Misamis Occidental,Region X (Northern Mindanao)
23352,111.6702576,123.61250209589872,8.587500291228721,Baliangao,Misamis Occidental,Region X (Northern Mindanao)
23353,112.1184998,123.6375020963226,8.587500291228721,Baliangao,Misamis Occidental,Region X (Northern Mindanao)
23354,111.045845,123.56250209505095,8.137500275967804,Bonifacio,Misamis Occidental,Region X (Northern Mindanao)
23355,112.0804977,123.58750209547485,8.137500275967804,Bonifacio,Misamis Occidental,Region X (Northern Mindanao)
23356,110.9396286,123.56250209505095,8.112500275119974,Bonifacio,Misamis Occidental,Region X (Northern Mindanao)
23357,111.7430191,123.58750209547485,8.112500275119974,Bonifacio,Misamis Occidental,Region X (Northern Mindanao)
23358,111.6492691,123.61250209589872,8.112500275119974,Bonifacio,Misamis Occidental,Region X (Northern Mindanao)
23359,111.0783081,123.56250209505095,8.087500274272147,Bonifacio,Misamis Occidental,Region X (Northern Mindanao)
23360,111.8415299,123.58750209547485,8.087500274272147,Bonifacio,Misamis Occidental,Region X (Northern Mindanao)
23361,111.7389832,123.61250209589872,8.087500274272147,Bonifacio,Misamis Occidental,Region X (Northern Mindanao)
23362,110.9134674,123.56250209505095,8.062500273424316,Bonifacio,Misamis Occidental,Region X (Northern Mindanao)
23363,111.5353394,123.58750209547485,8.062500273424316,Bonifacio,Misamis Occidental,Region X (Northern Mindanao)
23364,111.3886719,123.61250209589872,8.062500273424316,Bonifacio,Misamis Occidental,Region X (Northern Mindanao)
23365,111.385643,123.6375020963226,8.062500273424316,Bonifacio,Misamis Occidental,Region X (Northern Mindanao)
23366,110.4750443,123.56250209505095,8.037500272576487,Bonifacio,Misamis Occidental,Region X (Northern Mindanao)
23367,110.7842636,123.58750209547485,8.037500272576487,Bonifacio,Misamis Occidental,Region X (Northern Mindanao)
23368,110.6186371,123.61250209589872,8.037500272576487,Bonifacio,Misamis Occidental,Region X (Northern Mindanao)
23369,110.7340622,123.6375020963226,8.037500272576487,Bonifacio,Misamis Occidental,Region X (Northern Mindanao)
23370,110.641571,123.61250209589872,8.562500290380894,Calamba,Misamis Occidental,Region X (Northern Mindanao)
23371,111.0049591,123.6375020963226,8.562500290380894,Calamba,Misamis Occidental,Region X (Northern Mindanao)
23372,110.1690979,123.6375020963226,8.537500289533064,Calamba,Misamis Occidental,Region X (Northern Mindanao)
23373,110.5321808,123.66250209674648,8.537500289533064,Calamba,Misamis Occidental,Region X (Northern Mindanao)
23374,108.3065796,123.6375020963226,8.512500288685237,Calamba,Misamis Occidental,Region X (Northern Mindanao)
23375,106.9021378,123.6375020963226,8.487500287837406,Calamba,Misamis Occidental,Region X (Northern Mindanao)
23376,106.5599213,123.6375020963226,8.462500286989577,Calamba,Misamis Occidental,Region X (Northern Mindanao)
23377,105.5012589,123.6375020963226,8.43750028614175,Calamba,Misamis Occidental,Region X (Northern Mindanao)
23378,108.4777756,123.68750209717038,8.21250027851129,Clarin,Misamis Occidental,Region X (Northern Mindanao)
23379,108.9789047,123.71250209759425,8.21250027851129,Clarin,Misamis Occidental,Region X (Northern Mindanao)
23380,108.9913178,123.73750209801815,8.21250027851129,Clarin,Misamis Occidental,Region X (Northern Mindanao)
23381,107.3524628,123.76250209844204,8.21250027851129,Clarin,Misamis Occidental,Region X (Northern Mindanao)
23382,107.8709412,123.78750209886594,8.21250027851129,Clarin,Misamis Occidental,Region X (Northern Mindanao)
23383,107.9034882,123.8125020992898,8.21250027851129,Clarin,Misamis Occidental,Region X (Northern Mindanao)
23384,107.6380463,123.8375020997137,8.21250027851129,Clarin,Misamis Occidental,Region X (Northern Mindanao)
23385,106.1166229,123.8625021001376,8.21250027851129,Clarin,Misamis Occidental,Region X (Northern Mindanao)
23386,105.5640488,123.8375020997137,8.18750027766346,Clarin,Misamis Occidental,Region X (Northern Mindanao)
23387,103.9063416,123.8625021001376,8.18750027766346,Clarin,Misamis Occidental,Region X (Northern Mindanao)
23388,104.4714127,123.61250209589872,8.43750028614175,Concepcion,Misamis Occidental,Region X (Northern Mindanao)
23389,102.8849258,123.56250209505095,8.41250028529392,Concepcion,Misamis Occidental,Region X (Northern Mindanao)
23390,104.0259934,123.58750209547485,8.41250028529392,Concepcion,Misamis Occidental,Region X (Northern Mindanao)
23391,103.7492981,123.61250209589872,8.41250028529392,Concepcion,Misamis Occidental,Region X (Northern Mindanao)
23392,103.1054382,123.56250209505095,8.387500284446093,Concepcion,Misamis Occidental,Region X (Northern Mindanao)
23393,104.1413803,123.58750209547485,8.387500284446093,Concepcion,Misamis Occidental,Region X (Northern Mindanao)
23394,103.777626,123.61250209589872,8.387500284446093,Concepcion,Misamis Occidental,Region X (Northern Mindanao)
23395,104.6703186,123.66250209674648,8.337500282750433,Jimenez,Misamis Occidental,Region X (Northern Mindanao)
23396,106.1800613,123.68750209717038,8.337500282750433,Jimenez,Misamis Occidental,Region X (Northern Mindanao)
23397,107.8537979,123.71250209759425,8.337500282750433,Jimenez,Misamis Occidental,Region X (Northern Mindanao)
23398,108.6784515,123.73750209801815,8.337500282750433,Jimenez,Misamis Occidental,Region X (Northern Mindanao)
23399,108.8779221,123.76250209844204,8.337500282750433,Jimenez,Misamis Occidental,Region X (Northern Mindanao)
23400,111.4040909,123.78750209886594,8.337500282750433,Jimenez,Misamis Occidental,Region X (Northern Mindanao)
23401,112.4521866,123.8125020992898,8.337500282750433,Jimenez,Misamis Occidental,Region X (Northern Mindanao)
23402,113.086998,123.8375020997137,8.337500282750433,Jimenez,Misamis Occidental,Region X (Northern Mindanao)
23403,108.8814392,123.73750209801815,8.312500281902604,Jimenez,Misamis Occidental,Region X (Northern Mindanao)
23404,110.0038147,123.76250209844204,8.312500281902604,Jimenez,Misamis Occidental,Region X (Northern Mindanao)
23405,111.5838242,123.78750209886594,8.312500281902604,Jimenez,Misamis Occidental,Region X (Northern Mindanao)
23406,112.4210053,123.8125020992898,8.312500281902604,Jimenez,Misamis Occidental,Region X (Northern Mindanao)
23407,114.418396,123.73750209801815,8.562500290380894,Lopez Jaena,Misamis Occidental,Region X (Northern Mindanao)
23408,112.2438965,123.71250209759425,8.537500289533064,Lopez Jaena,Misamis Occidental,Region X (Northern Mindanao)
23409,114.0927811,123.73750209801815,8.537500289533064,Lopez Jaena,Misamis Occidental,Region X (Northern Mindanao)
23410,114.2430649,123.76250209844204,8.537500289533064,Lopez Jaena,Misamis Occidental,Region X (Northern Mindanao)
23411,109.8022995,123.66250209674648,8.512500288685237,Lopez Jaena,Misamis Occidental,Region X (Northern Mindanao)
23412,110.1342239,123.68750209717038,8.512500288685237,Lopez Jaena,Misamis Occidental,Region X (Northern Mindanao)
23413,111.2777176,123.71250209759425,8.512500288685237,Lopez Jaena,Misamis Occidental,Region X (Northern Mindanao)
23414,112.0159607,123.73750209801815,8.512500288685237,Lopez Jaena,Misamis Occidental,Region X (Northern Mindanao)
23415,108.4855042,123.66250209674648,8.487500287837406,Lopez Jaena,Misamis Occidental,Region X (Northern Mindanao)
23416,108.998085,123.68750209717038,8.487500287837406,Lopez Jaena,Misamis Occidental,Region X (Northern Mindanao)
23417,107.1153183,123.66250209674648,8.462500286989577,Lopez Jaena,Misamis Occidental,Region X (Northern Mindanao)
23418,108.6324692,123.68750209717038,8.462500286989577,Lopez Jaena,Misamis Occidental,Region X (Northern Mindanao)
23419,106.1335678,123.66250209674648,8.43750028614175,Lopez Jaena,Misamis Occidental,Region X (Northern Mindanao)
23420,104.8844452,123.6375020963226,8.41250028529392,Lopez Jaena,Misamis Occidental,Region X (Northern Mindanao)
23421,104.8545075,123.6375020963226,8.387500284446093,Lopez Jaena,Misamis Occidental,Region X (Northern Mindanao)
23422,114.2623901,123.76250209844204,8.512500288685237,Oroquieta City (Capital),Misamis Occidental,Region X (Northern Mindanao)
23423,110.3643646,123.71250209759425,8.487500287837406,Oroquieta City (Capital),Misamis Occidental,Region X (Northern Mindanao)
23424,111.1532211,123.73750209801815,8.487500287837406,Oroquieta City (Capital),Misamis Occidental,Region X (Northern Mindanao)
23425,113.4547272,123.76250209844204,8.487500287837406,Oroquieta City (Capital),Misamis Occidental,Region X (Northern Mindanao)
23426,115.0177689,123.78750209886594,8.487500287837406,Oroquieta City (Capital),Misamis Occidental,Region X (Northern Mindanao)
23427,110.2744827,123.71250209759425,8.462500286989577,Oroquieta City (Capital),Misamis Occidental,Region X (Northern Mindanao)
23428,111.8845367,123.73750209801815,8.462500286989577,Oroquieta City (Capital),Misamis Occidental,Region X (Northern Mindanao)
23429,112.1276474,123.76250209844204,8.462500286989577,Oroquieta City (Capital),Misamis Occidental,Region X (Northern Mindanao)
23430,114.8670425,123.78750209886594,8.462500286989577,Oroquieta City (Capital),Misamis Occidental,Region X (Northern Mindanao)
23431,116.0422592,123.8125020992898,8.462500286989577,Oroquieta City (Capital),Misamis Occidental,Region X (Northern Mindanao)
23432,107.1888351,123.68750209717038,8.43750028614175,Oroquieta City (Capital),Misamis Occidental,Region X (Northern Mindanao)
23433,108.903862,123.71250209759425,8.43750028614175,Oroquieta City (Capital),Misamis Occidental,Region X (Northern Mindanao)
23434,111.1458206,123.73750209801815,8.43750028614175,Oroquieta City (Capital),Misamis Occidental,Region X (Northern Mindanao)
23435,111.3878708,123.76250209844204,8.43750028614175,Oroquieta City (Capital),Misamis Occidental,Region X (Northern Mindanao)
23436,106.2013931,123.66250209674648,8.41250028529392,Oroquieta City (Capital),Misamis Occidental,Region X (Northern Mindanao)
23437,106.6911316,123.68750209717038,8.41250028529392,Oroquieta City (Capital),Misamis Occidental,Region X (Northern Mindanao)
23438,108.2134934,123.71250209759425,8.41250028529392,Oroquieta City (Capital),Misamis Occidental,Region X (Northern Mindanao)
23439,109.1528168,123.73750209801815,8.41250028529392,Oroquieta City (Capital),Misamis Occidental,Region X (Northern Mindanao)
23440,106.122879,123.66250209674648,8.387500284446093,Oroquieta City (Capital),Misamis Occidental,Region X (Northern Mindanao)
23441,106.6187668,123.68750209717038,8.387500284446093,Oroquieta City (Capital),Misamis Occidental,Region X (Northern Mindanao)
23442,108.2515335,123.68750209717038,8.18750027766346,City of Ozamiz,Misamis Occidental,Region X (Northern Mindanao)
23443,108.2766419,123.71250209759425,8.18750027766346,City of Ozamiz,Misamis Occidental,Region X (Northern Mindanao)
23444,108.2647934,123.73750209801815,8.18750027766346,City of Ozamiz,Misamis Occidental,Region X (Northern Mindanao)
23445,106.4643326,123.76250209844204,8.18750027766346,City of Ozamiz,Misamis Occidental,Region X (Northern Mindanao)
23446,106.2785034,123.78750209886594,8.18750027766346,City of Ozamiz,Misamis Occidental,Region X (Northern Mindanao)
23447,105.9238739,123.8125020992898,8.18750027766346,City of Ozamiz,Misamis Occidental,Region X (Northern Mindanao)
23448,108.8321762,123.71250209759425,8.162500276815631,City of Ozamiz,Misamis Occidental,Region X (Northern Mindanao)
23449,108.7381134,123.73750209801815,8.162500276815631,City of Ozamiz,Misamis Occidental,Region X (Northern Mindanao)
23450,108.461113,123.76250209844204,8.162500276815631,City of Ozamiz,Misamis Occidental,Region X (Northern Mindanao)
23451,106.6677246,123.78750209886594,8.162500276815631,City of Ozamiz,Misamis Occidental,Region X (Northern Mindanao)
23452,105.9802475,123.8125020992898,8.162500276815631,City of Ozamiz,Misamis Occidental,Region X (Northern Mindanao)
23453,104.8019943,123.8375020997137,8.162500276815631,City of Ozamiz,Misamis Occidental,Region X (Northern Mindanao)
23454,104.5494614,123.8625021001376,8.162500276815631,City of Ozamiz,Misamis Occidental,Region X (Northern Mindanao)
23455,108.3790131,123.73750209801815,8.137500275967804,City of Ozamiz,Misamis Occidental,Region X (Northern Mindanao)
23456,108.1040726,123.76250209844204,8.137500275967804,City of Ozamiz,Misamis Occidental,Region X (Northern Mindanao)
23457,105.9725876,123.78750209886594,8.137500275967804,City of Ozamiz,Misamis Occidental,Region X (Northern Mindanao)
23458,105.0679779,123.8125020992898,8.137500275967804,City of Ozamiz,Misamis Occidental,Region X (Northern Mindanao)
23459,105.5568619,123.76250209844204,8.112500275119974,City of Ozamiz,Misamis Occidental,Region X (Northern Mindanao)
23460,104.6738358,123.78750209886594,8.112500275119974,City of Ozamiz,Misamis Occidental,Region X (Northern Mindanao)
23461,109.4276581,123.76250209844204,8.362500283598262,Panaon,Misamis Occidental,Region X (Northern Mindanao)
23462,112.3195648,123.78750209886594,8.362500283598262,Panaon,Misamis Occidental,Region X (Northern Mindanao)
23463,113.4536514,123.8125020992898,8.362500283598262,Panaon,Misamis Occidental,Region X (Northern Mindanao)
23464,114.2044601,123.8375020997137,8.362500283598262,Panaon,Misamis Occidental,Region X (Northern Mindanao)
23465,114.6876297,123.66250209674648,8.63750029292438,Plaridel,Misamis Occidental,Region X (Northern Mindanao)
23466,114.6315079,123.68750209717038,8.63750029292438,Plaridel,Misamis Occidental,Region X (Northern Mindanao)
23467,114.2519836,123.66250209674648,8.61250029207655,Plaridel,Misamis Occidental,Region X (Northern Mindanao)
23468,114.3609543,123.68750209717038,8.61250029207655,Plaridel,Misamis Occidental,Region X (Northern Mindanao)
23469,114.837059,123.71250209759425,8.61250029207655,Plaridel,Misamis Occidental,Region X (Northern Mindanao)
23470,113.1815796,123.66250209674648,8.587500291228721,Plaridel,Misamis Occidental,Region X (Northern Mindanao)
23471,113.495697,123.68750209717038,8.587500291228721,Plaridel,Misamis Occidental,Region X (Northern Mindanao)
23472,114.2097855,123.71250209759425,8.587500291228721,Plaridel,Misamis Occidental,Region X (Northern Mindanao)
23473,114.597702,123.73750209801815,8.587500291228721,Plaridel,Misamis Occidental,Region X (Northern Mindanao)
23474,111.3698807,123.66250209674648,8.562500290380894,Plaridel,Misamis Occidental,Region X (Northern Mindanao)
23475,112.643158,123.68750209717038,8.562500290380894,Plaridel,Misamis Occidental,Region X (Northern Mindanao)
23476,113.6844788,123.71250209759425,8.562500290380894,Plaridel,Misamis Occidental,Region X (Northern Mindanao)
23477,111.1314697,123.68750209717038,8.537500289533064,Plaridel,Misamis Occidental,Region X (Northern Mindanao)
23478,112.0562897,123.56250209505095,8.61250029207655,Sapang Dalaga,Misamis Occidental,Region X (Northern Mindanao)
23479,110.6275787,123.56250209505095,8.587500291228721,Sapang Dalaga,Misamis Occidental,Region X (Northern Mindanao)
23480,111.5926895,123.58750209547485,8.587500291228721,Sapang Dalaga,Misamis Occidental,Region X (Northern Mindanao)
23481,108.751091,123.56250209505095,8.562500290380894,Sapang Dalaga,Misamis Occidental,Region X (Northern Mindanao)
23482,110.5308456,123.58750209547485,8.562500290380894,Sapang Dalaga,Misamis Occidental,Region X (Northern Mindanao)
23483,108.1937561,123.56250209505095,8.537500289533064,Sapang Dalaga,Misamis Occidental,Region X (Northern Mindanao)
23484,108.7837372,123.58750209547485,8.537500289533064,Sapang Dalaga,Misamis Occidental,Region X (Northern Mindanao)
23485,108.8536987,123.61250209589872,8.537500289533064,Sapang Dalaga,Misamis Occidental,Region X (Northern Mindanao)
23486,106.4413071,123.56250209505095,8.512500288685237,Sapang Dalaga,Misamis Occidental,Region X (Northern Mindanao)
23487,107.4705887,123.58750209547485,8.512500288685237,Sapang Dalaga,Misamis Occidental,Region X (Northern Mindanao)
23488,107.4611054,123.61250209589872,8.512500288685237,Sapang Dalaga,Misamis Occidental,Region X (Northern Mindanao)
23489,104.9732208,123.56250209505095,8.487500287837406,Sapang Dalaga,Misamis Occidental,Region X (Northern Mindanao)
23490,106.131752,123.58750209547485,8.487500287837406,Sapang Dalaga,Misamis Occidental,Region X (Northern Mindanao)
23491,106.0181427,123.61250209589872,8.487500287837406,Sapang Dalaga,Misamis Occidental,Region X (Northern Mindanao)
23492,105.0024567,123.56250209505095,8.462500286989577,Sapang Dalaga,Misamis Occidental,Region X (Northern Mindanao)
23493,105.9844742,123.58750209547485,8.462500286989577,Sapang Dalaga,Misamis Occidental,Region X (Northern Mindanao)
23494,105.7475586,123.61250209589872,8.462500286989577,Sapang Dalaga,Misamis Occidental,Region X (Northern Mindanao)
23495,104.2106781,123.56250209505095,8.43750028614175,Sapang Dalaga,Misamis Occidental,Region X (Northern Mindanao)
23496,104.7847824,123.58750209547485,8.43750028614175,Sapang Dalaga,Misamis Occidental,Region X (Northern Mindanao)
23497,106.3869629,123.66250209674648,8.312500281902604,Sinacaban,Misamis Occidental,Region X (Northern Mindanao)
23498,106.8180771,123.68750209717038,8.312500281902604,Sinacaban,Misamis Occidental,Region X (Northern Mindanao)
23499,108.2009735,123.71250209759425,8.312500281902604,Sinacaban,Misamis Occidental,Region X (Northern Mindanao)
23500,112.5942917,123.8375020997137,8.312500281902604,Sinacaban,Misamis Occidental,Region X (Northern Mindanao)
23501,106.0649109,123.66250209674648,8.287500281054776,Sinacaban,Misamis Occidental,Region X (Northern Mindanao)
23502,106.1021957,123.68750209717038,8.287500281054776,Sinacaban,Misamis Occidental,Region X (Northern Mindanao)
23503,107.2382584,123.71250209759425,8.287500281054776,Sinacaban,Misamis Occidental,Region X (Northern Mindanao)
23504,107.9125137,123.73750209801815,8.287500281054776,Sinacaban,Misamis Occidental,Region X (Northern Mindanao)
23505,108.8653946,123.76250209844204,8.287500281054776,Sinacaban,Misamis Occidental,Region X (Northern Mindanao)
23506,110.1146164,123.78750209886594,8.287500281054776,Sinacaban,Misamis Occidental,Region X (Northern Mindanao)
23507,110.7176437,123.8125020992898,8.287500281054776,Sinacaban,Misamis Occidental,Region X (Northern Mindanao)
23508,110.7598343,123.8375020997137,8.287500281054776,Sinacaban,Misamis Occidental,Region X (Northern Mindanao)
23509,109.1391983,123.68750209717038,8.162500276815631,Tangub City,Misamis Occidental,Region X (Northern Mindanao)
23510,111.9586105,123.61250209589872,8.137500275967804,Tangub City,Misamis Occidental,Region X (Northern Mindanao)
23511,111.9945145,123.6375020963226,8.137500275967804,Tangub City,Misamis Occidental,Region X (Northern Mindanao)
23512,112.2236252,123.66250209674648,8.137500275967804,Tangub City,Misamis Occidental,Region X (Northern Mindanao)
23513,110.7545776,123.68750209717038,8.137500275967804,Tangub City,Misamis Occidental,Region X (Northern Mindanao)
23514,110.1672897,123.71250209759425,8.137500275967804,Tangub City,Misamis Occidental,Region X (Northern Mindanao)
23515,112.2777863,123.6375020963226,8.112500275119974,Tangub City,Misamis Occidental,Region X (Northern Mindanao)
23516,110.6241379,123.66250209674648,8.112500275119974,Tangub City,Misamis Occidental,Region X (Northern Mindanao)
23517,110.0774384,123.68750209717038,8.112500275119974,Tangub City,Misamis Occidental,Region X (Northern Mindanao)
23518,109.5194778,123.71250209759425,8.112500275119974,Tangub City,Misamis Occidental,Region X (Northern Mindanao)
23519,109.0184097,123.73750209801815,8.112500275119974,Tangub City,Misamis Occidental,Region X (Northern Mindanao)
23520,112.3927078,123.6375020963226,8.087500274272147,Tangub City,Misamis Occidental,Region X (Northern Mindanao)
23521,110.7111816,123.66250209674648,8.087500274272147,Tangub City,Misamis Occidental,Region X (Northern Mindanao)
23522,110.1088333,123.68750209717038,8.087500274272147,Tangub City,Misamis Occidental,Region X (Northern Mindanao)
23523,109.4934692,123.71250209759425,8.087500274272147,Tangub City,Misamis Occidental,Region X (Northern Mindanao)
23524,108.9385757,123.73750209801815,8.087500274272147,Tangub City,Misamis Occidental,Region X (Northern Mindanao)
23525,105.4372788,123.76250209844204,8.087500274272147,Tangub City,Misamis Occidental,Region X (Northern Mindanao)
23526,111.4996185,123.66250209674648,8.062500273424316,Tangub City,Misamis Occidental,Region X (Northern Mindanao)
23527,109.8080368,123.68750209717038,8.062500273424316,Tangub City,Misamis Occidental,Region X (Northern Mindanao)
23528,108.8682327,123.71250209759425,8.062500273424316,Tangub City,Misamis Occidental,Region X (Northern Mindanao)
23529,106.7376633,123.73750209801815,8.062500273424316,Tangub City,Misamis Occidental,Region X (Northern Mindanao)
23530,110.8289414,123.66250209674648,8.037500272576487,Tangub City,Misamis Occidental,Region X (Northern Mindanao)
23531,106.1670914,123.66250209674648,8.262500280206948,Tudela,Misamis Occidental,Region X (Northern Mindanao)
23532,105.2167282,123.68750209717038,8.262500280206948,Tudela,Misamis Occidental,Region X (Northern Mindanao)
23533,106.218483,123.71250209759425,8.262500280206948,Tudela,Misamis Occidental,Region X (Northern Mindanao)
23534,107.6668701,123.73750209801815,8.262500280206948,Tudela,Misamis Occidental,Region X (Northern Mindanao)
23535,107.6483078,123.76250209844204,8.262500280206948,Tudela,Misamis Occidental,Region X (Northern Mindanao)
23536,108.5994263,123.78750209886594,8.262500280206948,Tudela,Misamis Occidental,Region X (Northern Mindanao)
23537,109.0254669,123.8125020992898,8.262500280206948,Tudela,Misamis Occidental,Region X (Northern Mindanao)
23538,109.132309,123.8375020997137,8.262500280206948,Tudela,Misamis Occidental,Region X (Northern Mindanao)
23539,108.8933029,123.68750209717038,8.237500279359118,Tudela,Misamis Occidental,Region X (Northern Mindanao)
23540,109.7500382,123.71250209759425,8.237500279359118,Tudela,Misamis Occidental,Region X (Northern Mindanao)
23541,108.5157013,123.73750209801815,8.237500279359118,Tudela,Misamis Occidental,Region X (Northern Mindanao)
23542,108.4971314,123.76250209844204,8.237500279359118,Tudela,Misamis Occidental,Region X (Northern Mindanao)
23543,109.5718002,123.78750209886594,8.237500279359118,Tudela,Misamis Occidental,Region X (Northern Mindanao)
23544,109.8482819,123.8125020992898,8.237500279359118,Tudela,Misamis Occidental,Region X (Northern Mindanao)
23545,108.9803391,123.8375020997137,8.237500279359118,Tudela,Misamis Occidental,Region X (Northern Mindanao)
23546,103.6590576,123.56250209505095,8.362500283598262,Don Victoriano Chiongbian  (Don Mariano Marcos),Misamis Occidental,Region X (Northern Mindanao)
23547,103.5488129,123.58750209547485,8.362500283598262,Don Victoriano Chiongbian  (Don Mariano Marcos),Misamis Occidental,Region X (Northern Mindanao)
23548,102.9868927,123.61250209589872,8.362500283598262,Don Victoriano Chiongbian  (Don Mariano Marcos),Misamis Occidental,Region X (Northern Mindanao)
23549,104.0201721,123.6375020963226,8.362500283598262,Don Victoriano Chiongbian  (Don Mariano Marcos),Misamis Occidental,Region X (Northern Mindanao)
23550,105.0828705,123.58750209547485,8.337500282750433,Don Victoriano Chiongbian  (Don Mariano Marcos),Misamis Occidental,Region X (Northern Mindanao)
23551,104.4883499,123.61250209589872,8.337500282750433,Don Victoriano Chiongbian  (Don Mariano Marcos),Misamis Occidental,Region X (Northern Mindanao)
23552,104.0396729,123.6375020963226,8.337500282750433,Don Victoriano Chiongbian  (Don Mariano Marcos),Misamis Occidental,Region X (Northern Mindanao)
23553,105.7131043,123.58750209547485,8.312500281902604,Don Victoriano Chiongbian  (Don Mariano Marcos),Misamis Occidental,Region X (Northern Mindanao)
23554,105.276947,123.61250209589872,8.312500281902604,Don Victoriano Chiongbian  (Don Mariano Marcos),Misamis Occidental,Region X (Northern Mindanao)
23555,106.1385956,123.6375020963226,8.312500281902604,Don Victoriano Chiongbian  (Don Mariano Marcos),Misamis Occidental,Region X (Northern Mindanao)
23556,104.7470627,123.56250209505095,8.287500281054776,Don Victoriano Chiongbian  (Don Mariano Marcos),Misamis Occidental,Region X (Northern Mindanao)
23557,105.267067,123.58750209547485,8.287500281054776,Don Victoriano Chiongbian  (Don Mariano Marcos),Misamis Occidental,Region X (Northern Mindanao)
23558,104.8329086,123.61250209589872,8.287500281054776,Don Victoriano Chiongbian  (Don Mariano Marcos),Misamis Occidental,Region X (Northern Mindanao)
23559,105.9256363,123.6375020963226,8.287500281054776,Don Victoriano Chiongbian  (Don Mariano Marcos),Misamis Occidental,Region X (Northern Mindanao)
23560,106.1713791,123.56250209505095,8.262500280206948,Don Victoriano Chiongbian  (Don Mariano Marcos),Misamis Occidental,Region X (Northern Mindanao)
23561,104.7378616,123.58750209547485,8.262500280206948,Don Victoriano Chiongbian  (Don Mariano Marcos),Misamis Occidental,Region X (Northern Mindanao)
23562,104.1482925,123.61250209589872,8.262500280206948,Don Victoriano Chiongbian  (Don Mariano Marcos),Misamis Occidental,Region X (Northern Mindanao)
23563,105.7009049,123.6375020963226,8.262500280206948,Don Victoriano Chiongbian  (Don Mariano Marcos),Misamis Occidental,Region X (Northern Mindanao)
23564,107.7863846,123.56250209505095,8.237500279359118,Don Victoriano Chiongbian  (Don Mariano Marcos),Misamis Occidental,Region X (Northern Mindanao)
23565,109.2612991,123.58750209547485,8.237500279359118,Don Victoriano Chiongbian  (Don Mariano Marcos),Misamis Occidental,Region X (Northern Mindanao)
23566,108.7215271,123.61250209589872,8.237500279359118,Don Victoriano Chiongbian  (Don Mariano Marcos),Misamis Occidental,Region X (Northern Mindanao)
23567,107.6820984,123.6375020963226,8.237500279359118,Don Victoriano Chiongbian  (Don Mariano Marcos),Misamis Occidental,Region X (Northern Mindanao)
23568,108.1583862,123.66250209674648,8.237500279359118,Don Victoriano Chiongbian  (Don Mariano Marcos),Misamis Occidental,Region X (Northern Mindanao)
23569,108.2449036,123.56250209505095,8.21250027851129,Don Victoriano Chiongbian  (Don Mariano Marcos),Misamis Occidental,Region X (Northern Mindanao)
23570,109.0265122,123.58750209547485,8.21250027851129,Don Victoriano Chiongbian  (Don Mariano Marcos),Misamis Occidental,Region X (Northern Mindanao)
23571,108.7065888,123.61250209589872,8.21250027851129,Don Victoriano Chiongbian  (Don Mariano Marcos),Misamis Occidental,Region X (Northern Mindanao)
23572,109.3756027,123.6375020963226,8.21250027851129,Don Victoriano Chiongbian  (Don Mariano Marcos),Misamis Occidental,Region X (Northern Mindanao)
23573,108.4688568,123.66250209674648,8.21250027851129,Don Victoriano Chiongbian  (Don Mariano Marcos),Misamis Occidental,Region X (Northern Mindanao)
23574,108.4766464,123.56250209505095,8.18750027766346,Don Victoriano Chiongbian  (Don Mariano Marcos),Misamis Occidental,Region X (Northern Mindanao)
23575,108.9929886,123.58750209547485,8.18750027766346,Don Victoriano Chiongbian  (Don Mariano Marcos),Misamis Occidental,Region X (Northern Mindanao)
23576,108.799202,123.61250209589872,8.18750027766346,Don Victoriano Chiongbian  (Don Mariano Marcos),Misamis Occidental,Region X (Northern Mindanao)
23577,109.7748261,123.6375020963226,8.18750027766346,Don Victoriano Chiongbian  (Don Mariano Marcos),Misamis Occidental,Region X (Northern Mindanao)
23578,108.7647934,123.66250209674648,8.18750027766346,Don Victoriano Chiongbian  (Don Mariano Marcos),Misamis Occidental,Region X (Northern Mindanao)
23579,110.5438614,123.56250209505095,8.162500276815631,Don Victoriano Chiongbian  (Don Mariano Marcos),Misamis Occidental,Region X (Northern Mindanao)
23580,109.812973,123.58750209547485,8.162500276815631,Don Victoriano Chiongbian  (Don Mariano Marcos),Misamis Occidental,Region X (Northern Mindanao)
23581,109.6439056,123.61250209589872,8.162500276815631,Don Victoriano Chiongbian  (Don Mariano Marcos),Misamis Occidental,Region X (Northern Mindanao)
23582,111.2970047,123.6375020963226,8.162500276815631,Don Victoriano Chiongbian  (Don Mariano Marcos),Misamis Occidental,Region X (Northern Mindanao)
23583,111.5796585,123.66250209674648,8.162500276815631,Don Victoriano Chiongbian  (Don Mariano Marcos),Misamis Occidental,Region X (Northern Mindanao)
