unique id,value,lon,lat,municipality name,province name,region
28765,117.9419937,120.98750205139056,14.637500496403298,City of Manila,Metropolitan Manila First District,National Capital Region (NCR)
28766,117.4057007,120.96250205096668,14.612500495555468,City of Manila,Metropolitan Manila First District,National Capital Region (NCR)
28767,117.9292679,120.98750205139056,14.612500495555468,City of Manila,Metropolitan Manila First District,National Capital Region (NCR)
28768,117.5615768,120.96250205096668,14.58750049470764,City of Manila,Metropolitan Manila First District,National Capital Region (NCR)
28769,118.1152039,120.98750205139056,14.58750049470764,City of Manila,Metropolitan Manila First District,National Capital Region (NCR)
28770,118.0107575,121.01250205181447,14.58750049470764,City of Manila,Metropolitan Manila First District,National Capital Region (NCR)
28771,118.2042847,120.98750205139056,14.562500493859812,City of Manila,Metropolitan Manila First District,National Capital Region (NCR)
