unique id,value,lon,lat,municipality name,province name,region
28818,116.998848,120.98750205139056,14.462500490468496,City of Las Piñas,Metropolitan Manila Fourth District,National Capital Region (NCR)
28819,114.9294128,120.98750205139056,14.437500489620668,City of Las Piñas,Metropolitan Manila Fourth District,National Capital Region (NCR)
28820,114.9474945,121.01250205181447,14.437500489620668,City of Las Piñas,Metropolitan Manila Fourth District,National Capital Region (NCR)
28821,114.5513992,121.01250205181447,14.41250048877284,City of Las Piñas,Metropolitan Manila Fourth District,National Capital Region (NCR)
28822,118.4658356,121.01250205181447,14.562500493859812,City of Makati,Metropolitan Manila Fourth District,National Capital Region (NCR)
28823,119.8151398,121.03750205223837,14.562500493859812,City of Makati,Metropolitan Manila Fourth District,National Capital Region (NCR)
28824,119.1136551,121.03750205223837,14.537500493011985,City of Makati,Metropolitan Manila Fourth District,National Capital Region (NCR)
28825,119.3965836,121.06250205266224,14.537500493011985,City of Makati,Metropolitan Manila Fourth District,National Capital Region (NCR)
28826,116.4835663,121.03750205223837,14.437500489620668,City of Muntinlupa,Metropolitan Manila Fourth District,National Capital Region (NCR)
28827,114.6681366,121.03750205223837,14.41250048877284,City of Muntinlupa,Metropolitan Manila Fourth District,National Capital Region (NCR)
28828,113.8551941,121.01250205181447,14.38750048792501,City of Muntinlupa,Metropolitan Manila Fourth District,National Capital Region (NCR)
28829,113.6295624,121.03750205223837,14.38750048792501,City of Muntinlupa,Metropolitan Manila Fourth District,National Capital Region (NCR)
28830,112.961174,121.01250205181447,14.362500487077185,City of Muntinlupa,Metropolitan Manila Fourth District,National Capital Region (NCR)
28831,117.2170181,120.98750205139056,14.512500492164154,City of Parañaque,Metropolitan Manila Fourth District,National Capital Region (NCR)
28832,117.2954483,120.98750205139056,14.487500491316323,City of Parañaque,Metropolitan Manila Fourth District,National Capital Region (NCR)
28833,117.3162766,121.01250205181447,14.487500491316323,City of Parañaque,Metropolitan Manila Fourth District,National Capital Region (NCR)
28834,117.4003372,121.03750205223837,14.487500491316323,City of Parañaque,Metropolitan Manila Fourth District,National Capital Region (NCR)
28835,117.0634689,121.01250205181447,14.462500490468496,City of Parañaque,Metropolitan Manila Fourth District,National Capital Region (NCR)
28836,117.5092697,121.03750205223837,14.462500490468496,City of Parañaque,Metropolitan Manila Fourth District,National Capital Region (NCR)
28837,116.9985733,120.98750205139056,14.537500493011985,Pasay City,Metropolitan Manila Fourth District,National Capital Region (NCR)
28838,117.2020798,121.01250205181447,14.537500493011985,Pasay City,Metropolitan Manila Fourth District,National Capital Region (NCR)
28839,117.2471314,121.01250205181447,14.512500492164154,Pasay City,Metropolitan Manila Fourth District,National Capital Region (NCR)
28840,120.3557816,121.08750205308613,14.537500493011985,Taguig City,Metropolitan Manila Fourth District,National Capital Region (NCR)
28841,117.50383,121.03750205223837,14.512500492164154,Taguig City,Metropolitan Manila Fourth District,National Capital Region (NCR)
28842,120.1208649,121.06250205266224,14.512500492164154,Taguig City,Metropolitan Manila Fourth District,National Capital Region (NCR)
28843,120.5215912,121.08750205308613,14.512500492164154,Taguig City,Metropolitan Manila Fourth District,National Capital Region (NCR)
