unique id,value,lon,lat,municipality name,province name,region
28802,121.1939392,121.03750205223837,14.762500500642442,Caloocan City,Metropolitan Manila Third District,National Capital Region (NCR)
28803,121.3969574,121.06250205266224,14.762500500642442,Caloocan City,Metropolitan Manila Third District,National Capital Region (NCR)
28804,122.2304993,121.08750205308613,14.762500500642442,Caloocan City,Metropolitan Manila Third District,National Capital Region (NCR)
28805,119.371254,121.01250205181447,14.737500499794614,Caloocan City,Metropolitan Manila Third District,National Capital Region (NCR)
28806,120.9333344,121.03750205223837,14.737500499794614,Caloocan City,Metropolitan Manila Third District,National Capital Region (NCR)
28807,119.1075134,121.01250205181447,14.712500498946785,Caloocan City,Metropolitan Manila Third District,National Capital Region (NCR)
28808,115.3507538,120.9375020505428,14.687500498098956,City of Malabon,Metropolitan Manila Third District,National Capital Region (NCR)
28809,116.609169,120.96250205096668,14.662500497251129,City of Malabon,Metropolitan Manila Third District,National Capital Region (NCR)
28810,118.9703445,120.98750205139056,14.662500497251129,City of Malabon,Metropolitan Manila Third District,National Capital Region (NCR)
28811,116.3282089,120.96250205096668,14.637500496403298,City of Navotas,Metropolitan Manila Third District,National Capital Region (NCR)
28812,119.6177597,120.98750205139056,14.737500499794614,City of Valenzuela,Metropolitan Manila Third District,National Capital Region (NCR)
28813,119.0352249,120.96250205096668,14.712500498946785,City of Valenzuela,Metropolitan Manila Third District,National Capital Region (NCR)
28814,119.524353,120.98750205139056,14.712500498946785,City of Valenzuela,Metropolitan Manila Third District,National Capital Region (NCR)
28815,118.5808868,120.96250205096668,14.687500498098956,City of Valenzuela,Metropolitan Manila Third District,National Capital Region (NCR)
28816,119.1946106,120.98750205139056,14.687500498098956,City of Valenzuela,Metropolitan Manila Third District,National Capital Region (NCR)
28817,118.802063,121.01250205181447,14.687500498098956,City of Valenzuela,Metropolitan Manila Third District,National Capital Region (NCR)
