unique id,value,lon,lat,municipality name,province name,region
10208,92.72465515,123.8625021001376,13.3375004523162,Bacacay,Albay,Region V (Bicol Region)
10209,94.27577209,123.88750210056148,13.3375004523162,Bacacay,Albay,Region V (Bicol Region)
10210,93.51890564,123.8625021001376,13.31250045146837,Bacacay,Albay,Region V (Bicol Region)
10211,93.94758606,123.88750210056148,13.31250045146837,Bacacay,Albay,Region V (Bicol Region)
10212,94.49430847,123.91250210098536,13.31250045146837,Bacacay,Albay,Region V (Bicol Region)
10213,96.68753052,123.93750210140924,13.31250045146837,Bacacay,Albay,Region V (Bicol Region)
10214,88.20109558,123.76250209844204,13.28750045062054,Bacacay,Albay,Region V (Bicol Region)
10215,89.71916962,123.78750209886594,13.28750045062054,Bacacay,Albay,Region V (Bicol Region)
10216,90.62532806,123.8125020992898,13.28750045062054,Bacacay,Albay,Region V (Bicol Region)
10217,93.11639404,123.8625021001376,13.28750045062054,Bacacay,Albay,Region V (Bicol Region)
10218,93.49475098,123.88750210056148,13.28750045062054,Bacacay,Albay,Region V (Bicol Region)
10219,89.95806885,123.78750209886594,13.262500449772713,Bacacay,Albay,Region V (Bicol Region)
10220,90.82256317,123.8125020992898,13.262500449772713,Bacacay,Albay,Region V (Bicol Region)
10221,91.97104645,123.8375020997137,13.262500449772713,Bacacay,Albay,Region V (Bicol Region)
10222,92.07117462,123.8625021001376,13.262500449772713,Bacacay,Albay,Region V (Bicol Region)
10223,93.29944611,123.88750210056148,13.262500449772713,Bacacay,Albay,Region V (Bicol Region)
10224,92.05034637,123.8375020997137,13.237500448924884,Bacacay,Albay,Region V (Bicol Region)
10225,92.15033722,123.8625021001376,13.237500448924884,Bacacay,Albay,Region V (Bicol Region)
10226,92.95274353,123.88750210056148,13.237500448924884,Bacacay,Albay,Region V (Bicol Region)
10227,90.08818054,123.66250209674648,13.237500448924884,Camalig,Albay,Region V (Bicol Region)
10228,93.87480927,123.6375020963226,13.212500448077051,Camalig,Albay,Region V (Bicol Region)
10229,91.47587585,123.66250209674648,13.212500448077051,Camalig,Albay,Region V (Bicol Region)
10230,95.41094208,123.6375020963226,13.187500447229226,Camalig,Albay,Region V (Bicol Region)
10231,93.00473022,123.66250209674648,13.187500447229226,Camalig,Albay,Region V (Bicol Region)
10232,96.78475952,123.6375020963226,13.162500446381395,Camalig,Albay,Region V (Bicol Region)
10233,96.65377808,123.66250209674648,13.162500446381395,Camalig,Albay,Region V (Bicol Region)
10234,101.5650711,123.61250209589872,13.137500445533568,Camalig,Albay,Region V (Bicol Region)
10235,99.21379089,123.6375020963226,13.137500445533568,Camalig,Albay,Region V (Bicol Region)
10236,99.01702118,123.66250209674648,13.137500445533568,Camalig,Albay,Region V (Bicol Region)
10237,102.7153397,123.58750209547485,13.11250044468574,Camalig,Albay,Region V (Bicol Region)
10238,102.2387314,123.61250209589872,13.11250044468574,Camalig,Albay,Region V (Bicol Region)
10239,101.8047104,123.6375020963226,13.11250044468574,Camalig,Albay,Region V (Bicol Region)
10240,99.54150391,123.66250209674648,13.11250044468574,Camalig,Albay,Region V (Bicol Region)
10241,105.8237457,123.56250209505095,13.087500443837913,Camalig,Albay,Region V (Bicol Region)
10242,104.2947464,123.61250209589872,13.087500443837913,Camalig,Albay,Region V (Bicol Region)
10243,104.0085526,123.6375020963226,13.087500443837913,Camalig,Albay,Region V (Bicol Region)
10244,101.6853333,123.66250209674648,13.087500443837913,Camalig,Albay,Region V (Bicol Region)
10245,105.4390106,123.66250209674648,13.062500442990082,Camalig,Albay,Region V (Bicol Region)
10246,90.5335083,123.68750209717038,13.237500448924884,Daraga (Locsin),Albay,Region V (Bicol Region)
10247,91.50782013,123.68750209717038,13.212500448077051,Daraga (Locsin),Albay,Region V (Bicol Region)
10248,92.57000732,123.68750209717038,13.187500447229226,Daraga (Locsin),Albay,Region V (Bicol Region)
10249,92.89260864,123.71250209759425,13.187500447229226,Daraga (Locsin),Albay,Region V (Bicol Region)
10250,93.93560028,123.68750209717038,13.162500446381395,Daraga (Locsin),Albay,Region V (Bicol Region)
10251,93.88166809,123.71250209759425,13.162500446381395,Daraga (Locsin),Albay,Region V (Bicol Region)
10252,98.7101593,123.68750209717038,13.137500445533568,Daraga (Locsin),Albay,Region V (Bicol Region)
10253,98.45909882,123.71250209759425,13.137500445533568,Daraga (Locsin),Albay,Region V (Bicol Region)
10254,99.29224396,123.68750209717038,13.11250044468574,Daraga (Locsin),Albay,Region V (Bicol Region)
10255,99.20471191,123.71250209759425,13.11250044468574,Daraga (Locsin),Albay,Region V (Bicol Region)
10256,101.1440506,123.68750209717038,13.087500443837913,Daraga (Locsin),Albay,Region V (Bicol Region)
10257,100.7878189,123.71250209759425,13.087500443837913,Daraga (Locsin),Albay,Region V (Bicol Region)
10258,102.9676514,123.68750209717038,13.062500442990082,Daraga (Locsin),Albay,Region V (Bicol Region)
10259,102.1534348,123.71250209759425,13.062500442990082,Daraga (Locsin),Albay,Region V (Bicol Region)
10260,106.5249558,123.66250209674648,13.037500442142251,Daraga (Locsin),Albay,Region V (Bicol Region)
10261,105.9317093,123.68750209717038,13.037500442142251,Daraga (Locsin),Albay,Region V (Bicol Region)
10262,87.82707214,123.6375020963226,13.262500449772713,Guinobatan,Albay,Region V (Bicol Region)
10263,93.04050446,123.61250209589872,13.237500448924884,Guinobatan,Albay,Region V (Bicol Region)
10264,90.1033783,123.6375020963226,13.237500448924884,Guinobatan,Albay,Region V (Bicol Region)
10265,95.18300629,123.58750209547485,13.212500448077051,Guinobatan,Albay,Region V (Bicol Region)
10266,94.37432861,123.61250209589872,13.212500448077051,Guinobatan,Albay,Region V (Bicol Region)
10267,97.58351898,123.56250209505095,13.187500447229226,Guinobatan,Albay,Region V (Bicol Region)
10268,96.13838196,123.58750209547485,13.187500447229226,Guinobatan,Albay,Region V (Bicol Region)
10269,95.45155334,123.61250209589872,13.187500447229226,Guinobatan,Albay,Region V (Bicol Region)
10270,103.4513855,123.53750209462704,13.162500446381395,Guinobatan,Albay,Region V (Bicol Region)
10271,101.5885391,123.56250209505095,13.162500446381395,Guinobatan,Albay,Region V (Bicol Region)
10272,97.72194672,123.58750209547485,13.162500446381395,Guinobatan,Albay,Region V (Bicol Region)
10273,96.85975647,123.61250209589872,13.162500446381395,Guinobatan,Albay,Region V (Bicol Region)
10274,106.9489822,123.51250209420316,13.137500445533568,Guinobatan,Albay,Region V (Bicol Region)
10275,105.4873962,123.53750209462704,13.137500445533568,Guinobatan,Albay,Region V (Bicol Region)
10276,103.53582,123.56250209505095,13.137500445533568,Guinobatan,Albay,Region V (Bicol Region)
10277,102.3307419,123.58750209547485,13.137500445533568,Guinobatan,Albay,Region V (Bicol Region)
10278,107.315712,123.51250209420316,13.11250044468574,Guinobatan,Albay,Region V (Bicol Region)
10279,107.1009827,123.53750209462704,13.11250044468574,Guinobatan,Albay,Region V (Bicol Region)
10280,103.8214569,123.56250209505095,13.11250044468574,Guinobatan,Albay,Region V (Bicol Region)
10281,109.003746,123.53750209462704,13.087500443837913,Guinobatan,Albay,Region V (Bicol Region)
10282,104.6409912,123.58750209547485,13.087500443837913,Jovellar,Albay,Region V (Bicol Region)
10283,109.0190659,123.56250209505095,13.062500442990082,Jovellar,Albay,Region V (Bicol Region)
10284,106.5536804,123.58750209547485,13.062500442990082,Jovellar,Albay,Region V (Bicol Region)
10285,106.1760025,123.61250209589872,13.062500442990082,Jovellar,Albay,Region V (Bicol Region)
10286,105.7440796,123.6375020963226,13.062500442990082,Jovellar,Albay,Region V (Bicol Region)
10287,111.3475189,123.53750209462704,13.037500442142251,Jovellar,Albay,Region V (Bicol Region)
10288,109.541008,123.56250209505095,13.037500442142251,Jovellar,Albay,Region V (Bicol Region)
10289,108.5535736,123.58750209547485,13.037500442142251,Jovellar,Albay,Region V (Bicol Region)
10290,108.2607575,123.61250209589872,13.037500442142251,Jovellar,Albay,Region V (Bicol Region)
10291,106.8316498,123.6375020963226,13.037500442142251,Jovellar,Albay,Region V (Bicol Region)
10292,112.3787079,123.51250209420316,13.012500441294424,Jovellar,Albay,Region V (Bicol Region)
10293,91.96942902,123.71250209759425,13.212500448077051,Legazpi City (Capital),Albay,Region V (Bicol Region)
10294,91.95756531,123.73750209801815,13.212500448077051,Legazpi City (Capital),Albay,Region V (Bicol Region)
10295,93.07781982,123.73750209801815,13.187500447229226,Legazpi City (Capital),Albay,Region V (Bicol Region)
10296,94.46457672,123.73750209801815,13.162500446381395,Legazpi City (Capital),Albay,Region V (Bicol Region)
10297,96.16119385,123.73750209801815,13.137500445533568,Legazpi City (Capital),Albay,Region V (Bicol Region)
10298,98.85784149,123.73750209801815,13.11250044468574,Legazpi City (Capital),Albay,Region V (Bicol Region)
10299,96.41093445,123.76250209844204,13.11250044468574,Legazpi City (Capital),Albay,Region V (Bicol Region)
10300,100.5750046,123.73750209801815,13.087500443837913,Legazpi City (Capital),Albay,Region V (Bicol Region)
10301,101.7080002,123.73750209801815,13.062500442990082,Legazpi City (Capital),Albay,Region V (Bicol Region)
10302,102.9648285,123.73750209801815,13.037500442142251,Legazpi City (Capital),Albay,Region V (Bicol Region)
10303,102.7170715,123.76250209844204,13.037500442142251,Legazpi City (Capital),Albay,Region V (Bicol Region)
10304,101.7812882,123.78750209886594,13.037500442142251,Legazpi City (Capital),Albay,Region V (Bicol Region)
10305,100.9316406,123.8125020992898,13.037500442142251,Legazpi City (Capital),Albay,Region V (Bicol Region)
10306,98.49209595,123.8375020997137,13.037500442142251,Legazpi City (Capital),Albay,Region V (Bicol Region)
10307,103.4476929,123.76250209844204,13.012500441294424,Legazpi City (Capital),Albay,Region V (Bicol Region)
10308,102.731514,123.78750209886594,13.012500441294424,Legazpi City (Capital),Albay,Region V (Bicol Region)
10309,101.3982468,123.38750209208372,13.3375004523162,Libon,Albay,Region V (Bicol Region)
10310,102.2689591,123.38750209208372,13.31250045146837,Libon,Albay,Region V (Bicol Region)
10311,100.734726,123.41250209250762,13.31250045146837,Libon,Albay,Region V (Bicol Region)
10312,99.82283783,123.43750209293152,13.31250045146837,Libon,Albay,Region V (Bicol Region)
10313,104.9134293,123.33750209123596,13.28750045062054,Libon,Albay,Region V (Bicol Region)
10314,103.4760132,123.36250209165986,13.28750045062054,Libon,Albay,Region V (Bicol Region)
10315,103.2315369,123.38750209208372,13.28750045062054,Libon,Albay,Region V (Bicol Region)
10316,101.8889542,123.41250209250762,13.28750045062054,Libon,Albay,Region V (Bicol Region)
10317,101.2037888,123.43750209293152,13.28750045062054,Libon,Albay,Region V (Bicol Region)
10318,105.730072,123.28750209038817,13.262500449772713,Libon,Albay,Region V (Bicol Region)
10319,105.68367,123.31250209081207,13.262500449772713,Libon,Albay,Region V (Bicol Region)
10320,104.3993912,123.33750209123596,13.262500449772713,Libon,Albay,Region V (Bicol Region)
10321,103.9721527,123.36250209165986,13.262500449772713,Libon,Albay,Region V (Bicol Region)
10322,103.301384,123.38750209208372,13.262500449772713,Libon,Albay,Region V (Bicol Region)
10323,102.0160141,123.41250209250762,13.262500449772713,Libon,Albay,Region V (Bicol Region)
10324,100.6946945,123.43750209293152,13.262500449772713,Libon,Albay,Region V (Bicol Region)
10325,105.7741318,123.31250209081207,13.237500448924884,Libon,Albay,Region V (Bicol Region)
10326,104.8008347,123.33750209123596,13.237500448924884,Libon,Albay,Region V (Bicol Region)
10327,104.4274139,123.36250209165986,13.237500448924884,Libon,Albay,Region V (Bicol Region)
10328,104.6303253,123.38750209208372,13.237500448924884,Libon,Albay,Region V (Bicol Region)
10329,103.494751,123.41250209250762,13.237500448924884,Libon,Albay,Region V (Bicol Region)
10330,105.5543976,123.33750209123596,13.212500448077051,Libon,Albay,Region V (Bicol Region)
10331,105.3115387,123.36250209165986,13.212500448077051,Libon,Albay,Region V (Bicol Region)
10332,105.3326569,123.38750209208372,13.212500448077051,Libon,Albay,Region V (Bicol Region)
10333,106.28405,123.31250209081207,13.187500447229226,Libon,Albay,Region V (Bicol Region)
10334,105.6600342,123.33750209123596,13.187500447229226,Libon,Albay,Region V (Bicol Region)
10335,105.4712601,123.36250209165986,13.187500447229226,Libon,Albay,Region V (Bicol Region)
10336,106.8855057,123.31250209081207,13.162500446381395,Libon,Albay,Region V (Bicol Region)
10337,106.5638809,123.33750209123596,13.162500446381395,Libon,Albay,Region V (Bicol Region)
10338,88.03832245,123.58750209547485,13.28750045062054,City of Ligao,Albay,Region V (Bicol Region)
10339,87.1362915,123.61250209589872,13.28750045062054,City of Ligao,Albay,Region V (Bicol Region)
10340,87.07923126,123.6375020963226,13.28750045062054,City of Ligao,Albay,Region V (Bicol Region)
10341,95.12277222,123.53750209462704,13.262500449772713,City of Ligao,Albay,Region V (Bicol Region)
10342,93.62575531,123.56250209505095,13.262500449772713,City of Ligao,Albay,Region V (Bicol Region)
10343,89.0741806,123.58750209547485,13.262500449772713,City of Ligao,Albay,Region V (Bicol Region)
10344,87.82001495,123.61250209589872,13.262500449772713,City of Ligao,Albay,Region V (Bicol Region)
10345,87.85313416,123.66250209674648,13.262500449772713,City of Ligao,Albay,Region V (Bicol Region)
10346,100.4603424,123.51250209420316,13.237500448924884,City of Ligao,Albay,Region V (Bicol Region)
10347,97.50156403,123.53750209462704,13.237500448924884,City of Ligao,Albay,Region V (Bicol Region)
10348,95.79316711,123.56250209505095,13.237500448924884,City of Ligao,Albay,Region V (Bicol Region)
10349,94.25270081,123.58750209547485,13.237500448924884,City of Ligao,Albay,Region V (Bicol Region)
10350,102.2820206,123.48750209377928,13.212500448077051,City of Ligao,Albay,Region V (Bicol Region)
10351,101.7336502,123.51250209420316,13.212500448077051,City of Ligao,Albay,Region V (Bicol Region)
10352,101.1651993,123.53750209462704,13.212500448077051,City of Ligao,Albay,Region V (Bicol Region)
10353,96.39602661,123.56250209505095,13.212500448077051,City of Ligao,Albay,Region V (Bicol Region)
10354,103.2204819,123.4625020933554,13.187500447229226,City of Ligao,Albay,Region V (Bicol Region)
10355,102.8150559,123.48750209377928,13.187500447229226,City of Ligao,Albay,Region V (Bicol Region)
10356,102.4395599,123.51250209420316,13.187500447229226,City of Ligao,Albay,Region V (Bicol Region)
10357,102.240509,123.53750209462704,13.187500447229226,City of Ligao,Albay,Region V (Bicol Region)
10358,105.5976028,123.43750209293152,13.162500446381395,City of Ligao,Albay,Region V (Bicol Region)
10359,105.5857697,123.4625020933554,13.162500446381395,City of Ligao,Albay,Region V (Bicol Region)
10360,104.1127625,123.48750209377928,13.162500446381395,City of Ligao,Albay,Region V (Bicol Region)
10361,103.7246628,123.51250209420316,13.162500446381395,City of Ligao,Albay,Region V (Bicol Region)
10362,107.016182,123.43750209293152,13.137500445533568,City of Ligao,Albay,Region V (Bicol Region)
10363,107.0043793,123.4625020933554,13.137500445533568,City of Ligao,Albay,Region V (Bicol Region)
10364,107.2461395,123.48750209377928,13.137500445533568,City of Ligao,Albay,Region V (Bicol Region)
10365,107.7625275,123.41250209250762,13.11250044468574,City of Ligao,Albay,Region V (Bicol Region)
10366,107.4918976,123.43750209293152,13.11250044468574,City of Ligao,Albay,Region V (Bicol Region)
10367,107.5868759,123.4625020933554,13.11250044468574,City of Ligao,Albay,Region V (Bicol Region)
10368,109.7583237,123.38750209208372,13.087500443837913,City of Ligao,Albay,Region V (Bicol Region)
10369,110.8839188,123.36250209165986,13.062500442990082,City of Ligao,Albay,Region V (Bicol Region)
10370,111.0304718,123.38750209208372,13.062500442990082,City of Ligao,Albay,Region V (Bicol Region)
10371,111.2436218,123.33750209123596,13.037500442142251,City of Ligao,Albay,Region V (Bicol Region)
10372,111.169426,123.36250209165986,13.037500442142251,City of Ligao,Albay,Region V (Bicol Region)
10373,111.4044495,123.33750209123596,13.012500441294424,City of Ligao,Albay,Region V (Bicol Region)
10374,85.54258728,123.71250209759425,13.31250045146837,Malilipot,Albay,Region V (Bicol Region)
10375,86.04131317,123.73750209801815,13.31250045146837,Malilipot,Albay,Region V (Bicol Region)
10376,87.6446991,123.76250209844204,13.31250045146837,Malilipot,Albay,Region V (Bicol Region)
10377,86.22207642,123.71250209759425,13.28750045062054,Malilipot,Albay,Region V (Bicol Region)
10378,86.7663269,123.73750209801815,13.28750045062054,Malilipot,Albay,Region V (Bicol Region)
10379,86.08786774,123.68750209717038,13.262500449772713,Malilipot,Albay,Region V (Bicol Region)
10380,81.45169067,123.6375020963226,13.412500454859686,Malinao,Albay,Region V (Bicol Region)
10381,81.06200409,123.66250209674648,13.412500454859686,Malinao,Albay,Region V (Bicol Region)
10382,81.55618286,123.68750209717038,13.412500454859686,Malinao,Albay,Region V (Bicol Region)
10383,82.94790649,123.71250209759425,13.412500454859686,Malinao,Albay,Region V (Bicol Region)
10384,82.19328308,123.58750209547485,13.387500454011857,Malinao,Albay,Region V (Bicol Region)
10385,81.36064148,123.61250209589872,13.387500454011857,Malinao,Albay,Region V (Bicol Region)
10386,81.48677826,123.6375020963226,13.387500454011857,Malinao,Albay,Region V (Bicol Region)
10387,81.05059052,123.66250209674648,13.387500454011857,Malinao,Albay,Region V (Bicol Region)
10388,81.41804504,123.68750209717038,13.387500454011857,Malinao,Albay,Region V (Bicol Region)
10389,82.78266907,123.71250209759425,13.387500454011857,Malinao,Albay,Region V (Bicol Region)
10390,82.2958374,123.58750209547485,13.362500453164028,Malinao,Albay,Region V (Bicol Region)
10391,81.09434509,123.61250209589872,13.362500453164028,Malinao,Albay,Region V (Bicol Region)
10392,80.8826828,123.6375020963226,13.362500453164028,Malinao,Albay,Region V (Bicol Region)
10393,81.12989044,123.66250209674648,13.362500453164028,Malinao,Albay,Region V (Bicol Region)
10394,81.14279938,123.68750209717038,13.362500453164028,Malinao,Albay,Region V (Bicol Region)
10395,82.12857056,123.6375020963226,13.3375004523162,Malinao,Albay,Region V (Bicol Region)
10396,94.1860733,123.88750210056148,13.137500445533568,Manito,Albay,Region V (Bicol Region)
10397,94.55712891,123.8625021001376,13.11250044468574,Manito,Albay,Region V (Bicol Region)
10398,94.50737,123.88750210056148,13.11250044468574,Manito,Albay,Region V (Bicol Region)
10399,94.36684418,123.91250210098536,13.11250044468574,Manito,Albay,Region V (Bicol Region)
10400,95.31074524,123.8625021001376,13.087500443837913,Manito,Albay,Region V (Bicol Region)
10401,95.01662445,123.88750210056148,13.087500443837913,Manito,Albay,Region V (Bicol Region)
10402,94.74321747,123.91250210098536,13.087500443837913,Manito,Albay,Region V (Bicol Region)
10403,97.42179871,123.8375020997137,13.062500442990082,Manito,Albay,Region V (Bicol Region)
10404,97.2017746,123.8625021001376,13.062500442990082,Manito,Albay,Region V (Bicol Region)
10405,95.50436401,123.88750210056148,13.062500442990082,Manito,Albay,Region V (Bicol Region)
10406,95.02145386,123.91250210098536,13.062500442990082,Manito,Albay,Region V (Bicol Region)
10407,85.6897583,123.58750209547485,13.3375004523162,Oas,Albay,Region V (Bicol Region)
10408,86.68729401,123.58750209547485,13.31250045146837,Oas,Albay,Region V (Bicol Region)
10409,89.45732117,123.56250209505095,13.28750045062054,Oas,Albay,Region V (Bicol Region)
10410,100.5191574,123.4625020933554,13.262500449772713,Oas,Albay,Region V (Bicol Region)
10411,97.59216309,123.48750209377928,13.262500449772713,Oas,Albay,Region V (Bicol Region)
10412,96.54977417,123.51250209420316,13.262500449772713,Oas,Albay,Region V (Bicol Region)
10413,102.03508,123.43750209293152,13.237500448924884,Oas,Albay,Region V (Bicol Region)
10414,101.8586502,123.4625020933554,13.237500448924884,Oas,Albay,Region V (Bicol Region)
10415,101.3502731,123.48750209377928,13.237500448924884,Oas,Albay,Region V (Bicol Region)
10416,104.3143234,123.41250209250762,13.212500448077051,Oas,Albay,Region V (Bicol Region)
10417,103.7997971,123.43750209293152,13.212500448077051,Oas,Albay,Region V (Bicol Region)
10418,102.6443863,123.4625020933554,13.212500448077051,Oas,Albay,Region V (Bicol Region)
10419,105.5133133,123.38750209208372,13.187500447229226,Oas,Albay,Region V (Bicol Region)
10420,104.5965653,123.41250209250762,13.187500447229226,Oas,Albay,Region V (Bicol Region)
10421,104.2543488,123.43750209293152,13.187500447229226,Oas,Albay,Region V (Bicol Region)
10422,106.3487244,123.36250209165986,13.162500446381395,Oas,Albay,Region V (Bicol Region)
10423,106.2970429,123.38750209208372,13.162500446381395,Oas,Albay,Region V (Bicol Region)
10424,105.5890579,123.41250209250762,13.162500446381395,Oas,Albay,Region V (Bicol Region)
10425,108.0802765,123.31250209081207,13.137500445533568,Oas,Albay,Region V (Bicol Region)
10426,107.5084686,123.33750209123596,13.137500445533568,Oas,Albay,Region V (Bicol Region)
10427,107.325058,123.36250209165986,13.137500445533568,Oas,Albay,Region V (Bicol Region)
10428,108.1462631,123.38750209208372,13.137500445533568,Oas,Albay,Region V (Bicol Region)
10429,107.5694199,123.41250209250762,13.137500445533568,Oas,Albay,Region V (Bicol Region)
10430,108.2571259,123.31250209081207,13.11250044468574,Oas,Albay,Region V (Bicol Region)
10431,107.7630463,123.33750209123596,13.11250044468574,Oas,Albay,Region V (Bicol Region)
10432,108.2038345,123.36250209165986,13.11250044468574,Oas,Albay,Region V (Bicol Region)
10433,108.4062347,123.38750209208372,13.11250044468574,Oas,Albay,Region V (Bicol Region)
10434,109.4277344,123.31250209081207,13.087500443837913,Oas,Albay,Region V (Bicol Region)
10435,109.1275864,123.33750209123596,13.087500443837913,Oas,Albay,Region V (Bicol Region)
10436,109.6365585,123.36250209165986,13.087500443837913,Oas,Albay,Region V (Bicol Region)
10437,110.4229202,123.28750209038817,13.062500442990082,Oas,Albay,Region V (Bicol Region)
10438,110.5799408,123.31250209081207,13.062500442990082,Oas,Albay,Region V (Bicol Region)
10439,110.9577942,123.33750209123596,13.062500442990082,Oas,Albay,Region V (Bicol Region)
10440,111.1979904,123.31250209081207,13.037500442142251,Oas,Albay,Region V (Bicol Region)
10441,107.4956589,123.48750209377928,13.11250044468574,Pio Duran,Albay,Region V (Bicol Region)
10442,109.2850418,123.41250209250762,13.087500443837913,Pio Duran,Albay,Region V (Bicol Region)
10443,109.188797,123.43750209293152,13.087500443837913,Pio Duran,Albay,Region V (Bicol Region)
10444,109.3165512,123.4625020933554,13.087500443837913,Pio Duran,Albay,Region V (Bicol Region)
10445,109.1576462,123.48750209377928,13.087500443837913,Pio Duran,Albay,Region V (Bicol Region)
10446,109.0375061,123.51250209420316,13.087500443837913,Pio Duran,Albay,Region V (Bicol Region)
10447,110.8048325,123.41250209250762,13.062500442990082,Pio Duran,Albay,Region V (Bicol Region)
10448,111.3705521,123.43750209293152,13.062500442990082,Pio Duran,Albay,Region V (Bicol Region)
10449,111.4020844,123.4625020933554,13.062500442990082,Pio Duran,Albay,Region V (Bicol Region)
10450,110.7939529,123.48750209377928,13.062500442990082,Pio Duran,Albay,Region V (Bicol Region)
10451,110.6745529,123.51250209420316,13.062500442990082,Pio Duran,Albay,Region V (Bicol Region)
10452,110.8173523,123.53750209462704,13.062500442990082,Pio Duran,Albay,Region V (Bicol Region)
10453,111.5763321,123.43750209293152,13.037500442142251,Pio Duran,Albay,Region V (Bicol Region)
10454,111.6079025,123.4625020933554,13.037500442142251,Pio Duran,Albay,Region V (Bicol Region)
10455,111.7042465,123.48750209377928,13.037500442142251,Pio Duran,Albay,Region V (Bicol Region)
10456,111.6329346,123.51250209420316,13.037500442142251,Pio Duran,Albay,Region V (Bicol Region)
10457,112.4146423,123.4625020933554,13.012500441294424,Pio Duran,Albay,Region V (Bicol Region)
10458,112.397316,123.48750209377928,13.012500441294424,Pio Duran,Albay,Region V (Bicol Region)
10459,95.55196381,123.4625020933554,13.362500453164028,Polangui,Albay,Region V (Bicol Region)
10460,99.53308105,123.41250209250762,13.3375004523162,Polangui,Albay,Region V (Bicol Region)
10461,96.66716766,123.43750209293152,13.3375004523162,Polangui,Albay,Region V (Bicol Region)
10462,96.2353363,123.4625020933554,13.3375004523162,Polangui,Albay,Region V (Bicol Region)
10463,94.21091461,123.48750209377928,13.3375004523162,Polangui,Albay,Region V (Bicol Region)
10464,92.52973938,123.51250209420316,13.3375004523162,Polangui,Albay,Region V (Bicol Region)
10465,88.20973206,123.53750209462704,13.3375004523162,Polangui,Albay,Region V (Bicol Region)
10466,87.3361969,123.56250209505095,13.3375004523162,Polangui,Albay,Region V (Bicol Region)
10467,96.19655609,123.4625020933554,13.31250045146837,Polangui,Albay,Region V (Bicol Region)
10468,95.39399719,123.48750209377928,13.31250045146837,Polangui,Albay,Region V (Bicol Region)
10469,94.29690552,123.51250209420316,13.31250045146837,Polangui,Albay,Region V (Bicol Region)
10470,93.2509079,123.53750209462704,13.31250045146837,Polangui,Albay,Region V (Bicol Region)
10471,87.59184265,123.56250209505095,13.31250045146837,Polangui,Albay,Region V (Bicol Region)
10472,97.73822784,123.4625020933554,13.28750045062054,Polangui,Albay,Region V (Bicol Region)
10473,96.89668274,123.48750209377928,13.28750045062054,Polangui,Albay,Region V (Bicol Region)
10474,96.0165863,123.51250209420316,13.28750045062054,Polangui,Albay,Region V (Bicol Region)
10475,95.42114258,123.53750209462704,13.28750045062054,Polangui,Albay,Region V (Bicol Region)
10476,93.91995239,123.91250210098536,13.28750045062054,Rapu-Rapu,Albay,Region V (Bicol Region)
10477,95.90507507,123.93750210140924,13.28750045062054,Rapu-Rapu,Albay,Region V (Bicol Region)
10478,96.3194809,123.93750210140924,13.262500449772713,Rapu-Rapu,Albay,Region V (Bicol Region)
10479,97.24052429,123.96250210183312,13.262500449772713,Rapu-Rapu,Albay,Region V (Bicol Region)
10480,99.80978394,124.01250210268093,13.262500449772713,Rapu-Rapu,Albay,Region V (Bicol Region)
10481,100.461525,124.06250210352869,13.262500449772713,Rapu-Rapu,Albay,Region V (Bicol Region)
10482,102.1928635,124.08750210395256,13.262500449772713,Rapu-Rapu,Albay,Region V (Bicol Region)
10483,96.5611496,123.96250210183312,13.237500448924884,Rapu-Rapu,Albay,Region V (Bicol Region)
10484,97.34270477,123.98750210225703,13.237500448924884,Rapu-Rapu,Albay,Region V (Bicol Region)
10485,98.29019928,124.01250210268093,13.237500448924884,Rapu-Rapu,Albay,Region V (Bicol Region)
10486,99.56768799,124.0375021031048,13.237500448924884,Rapu-Rapu,Albay,Region V (Bicol Region)
10487,100.4937515,124.08750210395256,13.212500448077051,Rapu-Rapu,Albay,Region V (Bicol Region)
10488,101.0094299,124.11250210437646,13.212500448077051,Rapu-Rapu,Albay,Region V (Bicol Region)
10489,101.1622315,124.13750210480033,13.212500448077051,Rapu-Rapu,Albay,Region V (Bicol Region)
10490,102.2250671,124.16250210522423,13.212500448077051,Rapu-Rapu,Albay,Region V (Bicol Region)
10491,102.4847488,124.18750210564812,13.212500448077051,Rapu-Rapu,Albay,Region V (Bicol Region)
10492,100.8586121,124.11250210437646,13.187500447229226,Rapu-Rapu,Albay,Region V (Bicol Region)
10493,102.0780563,124.16250210522423,13.187500447229226,Rapu-Rapu,Albay,Region V (Bicol Region)
10494,102.3908997,124.18750210564812,13.187500447229226,Rapu-Rapu,Albay,Region V (Bicol Region)
10495,102.4210053,124.21250210607202,13.187500447229226,Rapu-Rapu,Albay,Region V (Bicol Region)
10496,86.82950592,123.71250209759425,13.262500449772713,Santo Domingo (Libog),Albay,Region V (Bicol Region)
10497,88.5226059,123.73750209801815,13.262500449772713,Santo Domingo (Libog),Albay,Region V (Bicol Region)
10498,88.53970337,123.76250209844204,13.262500449772713,Santo Domingo (Libog),Albay,Region V (Bicol Region)
10499,91.1101532,123.71250209759425,13.237500448924884,Santo Domingo (Libog),Albay,Region V (Bicol Region)
10500,89.80256653,123.73750209801815,13.237500448924884,Santo Domingo (Libog),Albay,Region V (Bicol Region)
10501,89.81967163,123.76250209844204,13.237500448924884,Santo Domingo (Libog),Albay,Region V (Bicol Region)
10502,92.52140045,123.8125020992898,13.237500448924884,Santo Domingo (Libog),Albay,Region V (Bicol Region)
10503,91.08035278,123.76250209844204,13.212500448077051,Santo Domingo (Libog),Albay,Region V (Bicol Region)
10504,89.05376434,123.78750209886594,13.387500454011857,City of Tabaco,Albay,Region V (Bicol Region)
10505,90.50046539,123.8125020992898,13.387500454011857,City of Tabaco,Albay,Region V (Bicol Region)
10506,82.68227386,123.71250209759425,13.362500453164028,City of Tabaco,Albay,Region V (Bicol Region)
10507,90.41355896,123.8125020992898,13.362500453164028,City of Tabaco,Albay,Region V (Bicol Region)
10508,92.53593445,123.8375020997137,13.362500453164028,City of Tabaco,Albay,Region V (Bicol Region)
10509,84.45924377,123.61250209589872,13.3375004523162,City of Tabaco,Albay,Region V (Bicol Region)
10510,82.38095093,123.66250209674648,13.3375004523162,City of Tabaco,Albay,Region V (Bicol Region)
10511,83.56076813,123.68750209717038,13.3375004523162,City of Tabaco,Albay,Region V (Bicol Region)
10512,85.03216553,123.71250209759425,13.3375004523162,City of Tabaco,Albay,Region V (Bicol Region)
10513,85.59494019,123.73750209801815,13.3375004523162,City of Tabaco,Albay,Region V (Bicol Region)
10514,85.79354858,123.61250209589872,13.31250045146837,City of Tabaco,Albay,Region V (Bicol Region)
10515,85.54098511,123.6375020963226,13.31250045146837,City of Tabaco,Albay,Region V (Bicol Region)
10516,84.04827118,123.66250209674648,13.31250045146837,City of Tabaco,Albay,Region V (Bicol Region)
10517,84.4245224,123.68750209717038,13.31250045146837,City of Tabaco,Albay,Region V (Bicol Region)
10518,85.43953705,123.66250209674648,13.28750045062054,City of Tabaco,Albay,Region V (Bicol Region)
10519,85.38693237,123.68750209717038,13.28750045062054,City of Tabaco,Albay,Region V (Bicol Region)
10520,84.14116669,123.56250209505095,13.512500458251,Tiwi,Albay,Region V (Bicol Region)
10521,83.94683838,123.58750209547485,13.512500458251,Tiwi,Albay,Region V (Bicol Region)
10522,83.66347504,123.56250209505095,13.487500457403172,Tiwi,Albay,Region V (Bicol Region)
10523,83.50375366,123.58750209547485,13.487500457403172,Tiwi,Albay,Region V (Bicol Region)
10524,82.9056015,123.61250209589872,13.487500457403172,Tiwi,Albay,Region V (Bicol Region)
10525,82.74118042,123.58750209547485,13.462500456555343,Tiwi,Albay,Region V (Bicol Region)
10526,81.80578613,123.61250209589872,13.462500456555343,Tiwi,Albay,Region V (Bicol Region)
10527,80.78546143,123.6375020963226,13.462500456555343,Tiwi,Albay,Region V (Bicol Region)
10528,81.06079865,123.66250209674648,13.462500456555343,Tiwi,Albay,Region V (Bicol Region)
10529,81.97803497,123.58750209547485,13.437500455707514,Tiwi,Albay,Region V (Bicol Region)
10530,80.96548462,123.61250209589872,13.437500455707514,Tiwi,Albay,Region V (Bicol Region)
10531,79.966362,123.6375020963226,13.437500455707514,Tiwi,Albay,Region V (Bicol Region)
10532,80.27312469,123.66250209674648,13.437500455707514,Tiwi,Albay,Region V (Bicol Region)
10533,81.25463867,123.68750209717038,13.437500455707514,Tiwi,Albay,Region V (Bicol Region)
10534,82.17508698,123.58750209547485,13.412500454859686,Tiwi,Albay,Region V (Bicol Region)
10535,81.40647888,123.61250209589872,13.412500454859686,Tiwi,Albay,Region V (Bicol Region)
