unique id,value,lon,lat,municipality name,province name,region
10536,89.88343811,122.93750208445378,14.062500476903235,Basud,Camarines Norte,Region V (Bicol Region)
10537,90.93763733,122.96250208487764,14.062500476903235,Basud,Camarines Norte,Region V (Bicol Region)
10538,92.2414093,122.98750208530154,14.062500476903235,Basud,Camarines Norte,Region V (Bicol Region)
10539,92.61254883,123.01250208572544,14.062500476903235,Basud,Camarines Norte,Region V (Bicol Region)
10540,90.86164856,122.91250208402988,14.037500476055406,Basud,Camarines Norte,Region V (Bicol Region)
10541,89.847229,122.93750208445378,14.037500476055406,Basud,Camarines Norte,Region V (Bicol Region)
10542,90.91272736,122.96250208487764,14.037500476055406,Basud,Camarines Norte,Region V (Bicol Region)
10543,92.05059052,122.98750208530154,14.037500476055406,Basud,Camarines Norte,Region V (Bicol Region)
10544,92.34733582,123.01250208572544,14.037500476055406,Basud,Camarines Norte,Region V (Bicol Region)
10545,91.10706329,122.887502083606,14.012500475207576,Basud,Camarines Norte,Region V (Bicol Region)
10546,91.32841492,122.91250208402988,14.012500475207576,Basud,Camarines Norte,Region V (Bicol Region)
10547,91.0630722,122.93750208445378,14.012500475207576,Basud,Camarines Norte,Region V (Bicol Region)
10548,91.65757751,122.96250208487764,14.012500475207576,Basud,Camarines Norte,Region V (Bicol Region)
10549,92.30262756,122.98750208530154,14.012500475207576,Basud,Camarines Norte,Region V (Bicol Region)
10550,92.45619965,123.01250208572544,14.012500475207576,Basud,Camarines Norte,Region V (Bicol Region)
10551,91.73305511,122.91250208402988,13.987500474359749,Basud,Camarines Norte,Region V (Bicol Region)
10552,91.51276398,122.93750208445378,13.987500474359749,Basud,Camarines Norte,Region V (Bicol Region)
10553,91.86431122,122.96250208487764,13.987500474359749,Basud,Camarines Norte,Region V (Bicol Region)
10554,92.2789917,122.98750208530154,13.987500474359749,Basud,Camarines Norte,Region V (Bicol Region)
10555,92.32580566,123.01250208572544,13.987500474359749,Basud,Camarines Norte,Region V (Bicol Region)
10556,91.86528778,122.93750208445378,13.96250047351192,Basud,Camarines Norte,Region V (Bicol Region)
10557,92.52981567,122.96250208487764,13.96250047351192,Basud,Camarines Norte,Region V (Bicol Region)
10558,92.19651794,122.98750208530154,13.96250047351192,Basud,Camarines Norte,Region V (Bicol Region)
10559,92.1785202,123.01250208572544,13.96250047351192,Basud,Camarines Norte,Region V (Bicol Region)
10560,92.97517395,123.03750208614932,13.96250047351192,Basud,Camarines Norte,Region V (Bicol Region)
10561,92.88198853,122.93750208445378,13.937500472664087,Basud,Camarines Norte,Region V (Bicol Region)
10562,93.55545044,122.96250208487764,13.937500472664087,Basud,Camarines Norte,Region V (Bicol Region)
10563,94.14335632,122.98750208530154,13.937500472664087,Basud,Camarines Norte,Region V (Bicol Region)
10564,94.04286194,123.01250208572544,13.937500472664087,Basud,Camarines Norte,Region V (Bicol Region)
10565,93.44834137,123.03750208614932,13.937500472664087,Basud,Camarines Norte,Region V (Bicol Region)
10566,94.74919891,122.98750208530154,13.912500471816262,Basud,Camarines Norte,Region V (Bicol Region)
10567,94.61875153,123.01250208572544,13.912500471816262,Basud,Camarines Norte,Region V (Bicol Region)
10568,94.65071869,123.03750208614932,13.912500471816262,Basud,Camarines Norte,Region V (Bicol Region)
10569,100.4792862,122.53750207767156,14.337500486229352,Capalonga,Camarines Norte,Region V (Bicol Region)
10570,103.1124878,122.43750207597601,14.312500485381523,Capalonga,Camarines Norte,Region V (Bicol Region)
10571,101.1830368,122.46250207639991,14.312500485381523,Capalonga,Camarines Norte,Region V (Bicol Region)
10572,100.8895111,122.4875020768238,14.312500485381523,Capalonga,Camarines Norte,Region V (Bicol Region)
10573,100.6018982,122.5125020772477,14.312500485381523,Capalonga,Camarines Norte,Region V (Bicol Region)
10574,100.4066773,122.53750207767156,14.312500485381523,Capalonga,Camarines Norte,Region V (Bicol Region)
10575,99.00908661,122.56250207809546,14.312500485381523,Capalonga,Camarines Norte,Region V (Bicol Region)
10576,103.2886353,122.41250207555214,14.287500484533696,Capalonga,Camarines Norte,Region V (Bicol Region)
10577,102.1957245,122.43750207597601,14.287500484533696,Capalonga,Camarines Norte,Region V (Bicol Region)
10578,100.1510239,122.46250207639991,14.287500484533696,Capalonga,Camarines Norte,Region V (Bicol Region)
10579,99.89251709,122.4875020768238,14.287500484533696,Capalonga,Camarines Norte,Region V (Bicol Region)
10580,99.46922302,122.5125020772477,14.287500484533696,Capalonga,Camarines Norte,Region V (Bicol Region)
10581,99.09184265,122.53750207767156,14.287500484533696,Capalonga,Camarines Norte,Region V (Bicol Region)
10582,97.65254974,122.56250207809546,14.287500484533696,Capalonga,Camarines Norte,Region V (Bicol Region)
10583,103.0908051,122.38750207512824,14.262500483685866,Capalonga,Camarines Norte,Region V (Bicol Region)
10584,102.59272,122.41250207555214,14.262500483685866,Capalonga,Camarines Norte,Region V (Bicol Region)
10585,100.3532562,122.43750207597601,14.262500483685866,Capalonga,Camarines Norte,Region V (Bicol Region)
10586,99.7405014,122.46250207639991,14.262500483685866,Capalonga,Camarines Norte,Region V (Bicol Region)
10587,99.00902557,122.4875020768238,14.262500483685866,Capalonga,Camarines Norte,Region V (Bicol Region)
10588,98.32461548,122.5125020772477,14.262500483685866,Capalonga,Camarines Norte,Region V (Bicol Region)
10589,96.79698181,122.53750207767156,14.262500483685866,Capalonga,Camarines Norte,Region V (Bicol Region)
10590,96.64014435,122.56250207809546,14.262500483685866,Capalonga,Camarines Norte,Region V (Bicol Region)
10591,102.5463638,122.41250207555214,14.237500482838035,Capalonga,Camarines Norte,Region V (Bicol Region)
10592,100.3649826,122.43750207597601,14.237500482838035,Capalonga,Camarines Norte,Region V (Bicol Region)
10593,99.75222778,122.46250207639991,14.237500482838035,Capalonga,Camarines Norte,Region V (Bicol Region)
10594,98.88560486,122.4875020768238,14.237500482838035,Capalonga,Camarines Norte,Region V (Bicol Region)
10595,98.18245697,122.5125020772477,14.237500482838035,Capalonga,Camarines Norte,Region V (Bicol Region)
10596,96.68087006,122.53750207767156,14.237500482838035,Capalonga,Camarines Norte,Region V (Bicol Region)
10597,96.5240097,122.56250207809546,14.237500482838035,Capalonga,Camarines Norte,Region V (Bicol Region)
10598,98.62770844,122.46250207639991,14.212500481990208,Capalonga,Camarines Norte,Region V (Bicol Region)
10599,98.33283234,122.4875020768238,14.212500481990208,Capalonga,Camarines Norte,Region V (Bicol Region)
10600,97.71627808,122.5125020772477,14.212500481990208,Capalonga,Camarines Norte,Region V (Bicol Region)
10601,97.25041962,122.53750207767156,14.212500481990208,Capalonga,Camarines Norte,Region V (Bicol Region)
10602,95.24799347,122.56250207809546,14.212500481990208,Capalonga,Camarines Norte,Region V (Bicol Region)
10603,91.9821167,122.96250208487764,14.137500479446722,Daet (Capital),Camarines Norte,Region V (Bicol Region)
10604,90.00938416,122.93750208445378,14.112500478598893,Daet (Capital),Camarines Norte,Region V (Bicol Region)
10605,92.1085968,122.96250208487764,14.112500478598893,Daet (Capital),Camarines Norte,Region V (Bicol Region)
10606,89.95506287,122.93750208445378,14.087500477751064,Daet (Capital),Camarines Norte,Region V (Bicol Region)
10607,91.97335052,122.96250208487764,14.087500477751064,Daet (Capital),Camarines Norte,Region V (Bicol Region)
10608,92.72659302,122.98750208530154,14.087500477751064,Daet (Capital),Camarines Norte,Region V (Bicol Region)
10609,89.94609833,122.91250208402988,14.087500477751064,San Lorenzo Ruiz (Imelda),Camarines Norte,Region V (Bicol Region)
10610,89.29525757,122.887502083606,14.062500476903235,San Lorenzo Ruiz (Imelda),Camarines Norte,Region V (Bicol Region)
10611,89.65713501,122.91250208402988,14.062500476903235,San Lorenzo Ruiz (Imelda),Camarines Norte,Region V (Bicol Region)
10612,89.55249786,122.83750208275822,14.037500476055406,San Lorenzo Ruiz (Imelda),Camarines Norte,Region V (Bicol Region)
10613,89.45585632,122.8625020831821,14.037500476055406,San Lorenzo Ruiz (Imelda),Camarines Norte,Region V (Bicol Region)
10614,90.6027832,122.887502083606,14.037500476055406,San Lorenzo Ruiz (Imelda),Camarines Norte,Region V (Bicol Region)
10615,92.6269989,122.81250208233432,14.012500475207576,San Lorenzo Ruiz (Imelda),Camarines Norte,Region V (Bicol Region)
10616,92.29497528,122.83750208275822,14.012500475207576,San Lorenzo Ruiz (Imelda),Camarines Norte,Region V (Bicol Region)
10617,90.22875214,122.8625020831821,14.012500475207576,San Lorenzo Ruiz (Imelda),Camarines Norte,Region V (Bicol Region)
10618,91.36122131,122.8625020831821,13.987500474359749,San Lorenzo Ruiz (Imelda),Camarines Norte,Region V (Bicol Region)
10619,91.74230194,122.887502083606,13.987500474359749,San Lorenzo Ruiz (Imelda),Camarines Norte,Region V (Bicol Region)
10620,91.98283386,122.91250208402988,13.96250047351192,San Lorenzo Ruiz (Imelda),Camarines Norte,Region V (Bicol Region)
10621,98.61144257,122.68750208021488,14.337500486229352,Jose Panganiban,Camarines Norte,Region V (Bicol Region)
10622,98.5646286,122.71250208063879,14.337500486229352,Jose Panganiban,Camarines Norte,Region V (Bicol Region)
10623,98.90673065,122.58750207851936,14.312500485381523,Jose Panganiban,Camarines Norte,Region V (Bicol Region)
10624,98.14459229,122.68750208021488,14.312500485381523,Jose Panganiban,Camarines Norte,Region V (Bicol Region)
10625,98.10314941,122.71250208063879,14.312500485381523,Jose Panganiban,Camarines Norte,Region V (Bicol Region)
10626,97.63044739,122.58750207851936,14.287500484533696,Jose Panganiban,Camarines Norte,Region V (Bicol Region)
10627,97.43695068,122.61250207894324,14.287500484533696,Jose Panganiban,Camarines Norte,Region V (Bicol Region)
10628,96.66337585,122.662502079791,14.287500484533696,Jose Panganiban,Camarines Norte,Region V (Bicol Region)
10629,96.74588013,122.71250208063879,14.287500484533696,Jose Panganiban,Camarines Norte,Region V (Bicol Region)
10630,96.47734833,122.58750207851936,14.262500483685866,Jose Panganiban,Camarines Norte,Region V (Bicol Region)
10631,96.13972473,122.61250207894324,14.262500483685866,Jose Panganiban,Camarines Norte,Region V (Bicol Region)
10632,94.86740875,122.63750207936712,14.262500483685866,Jose Panganiban,Camarines Norte,Region V (Bicol Region)
10633,95.02601624,122.662502079791,14.262500483685866,Jose Panganiban,Camarines Norte,Region V (Bicol Region)
10634,95.56767273,122.68750208021488,14.262500483685866,Jose Panganiban,Camarines Norte,Region V (Bicol Region)
10635,95.48145294,122.71250208063879,14.262500483685866,Jose Panganiban,Camarines Norte,Region V (Bicol Region)
10636,95.75624847,122.58750207851936,14.237500482838035,Jose Panganiban,Camarines Norte,Region V (Bicol Region)
10637,95.36578369,122.61250207894324,14.237500482838035,Jose Panganiban,Camarines Norte,Region V (Bicol Region)
10638,94.39485168,122.63750207936712,14.237500482838035,Jose Panganiban,Camarines Norte,Region V (Bicol Region)
10639,94.55237579,122.662502079791,14.237500482838035,Jose Panganiban,Camarines Norte,Region V (Bicol Region)
10640,93.85233307,122.68750208021488,14.237500482838035,Jose Panganiban,Camarines Norte,Region V (Bicol Region)
10641,93.703125,122.71250208063879,14.237500482838035,Jose Panganiban,Camarines Norte,Region V (Bicol Region)
10642,94.92802429,122.58750207851936,14.212500481990208,Jose Panganiban,Camarines Norte,Region V (Bicol Region)
10643,94.55239868,122.61250207894324,14.212500481990208,Jose Panganiban,Camarines Norte,Region V (Bicol Region)
10644,94.24359894,122.63750207936712,14.212500481990208,Jose Panganiban,Camarines Norte,Region V (Bicol Region)
10645,92.77065277,122.662502079791,14.212500481990208,Jose Panganiban,Camarines Norte,Region V (Bicol Region)
10646,91.68714142,122.81250208233432,14.212500481990208,Labo,Camarines Norte,Region V (Bicol Region)
10647,91.86724854,122.83750208275822,14.212500481990208,Labo,Camarines Norte,Region V (Bicol Region)
10648,92.25184631,122.8625020831821,14.212500481990208,Labo,Camarines Norte,Region V (Bicol Region)
10649,98.24251556,122.46250207639991,14.18750048114238,Labo,Camarines Norte,Region V (Bicol Region)
10650,97.89080048,122.4875020768238,14.18750048114238,Labo,Camarines Norte,Region V (Bicol Region)
10651,97.20724487,122.5125020772477,14.18750048114238,Labo,Camarines Norte,Region V (Bicol Region)
10652,96.78939056,122.53750207767156,14.18750048114238,Labo,Camarines Norte,Region V (Bicol Region)
10653,94.77593994,122.56250207809546,14.18750048114238,Labo,Camarines Norte,Region V (Bicol Region)
10654,94.19615173,122.58750207851936,14.18750048114238,Labo,Camarines Norte,Region V (Bicol Region)
10655,93.68204498,122.61250207894324,14.18750048114238,Labo,Camarines Norte,Region V (Bicol Region)
10656,93.34990692,122.63750207936712,14.18750048114238,Labo,Camarines Norte,Region V (Bicol Region)
10657,91.71859741,122.662502079791,14.18750048114238,Labo,Camarines Norte,Region V (Bicol Region)
10658,91.5026474,122.68750208021488,14.18750048114238,Labo,Camarines Norte,Region V (Bicol Region)
10659,91.17408752,122.71250208063879,14.18750048114238,Labo,Camarines Norte,Region V (Bicol Region)
10660,90.86397552,122.73750208106269,14.18750048114238,Labo,Camarines Norte,Region V (Bicol Region)
10661,89.9595108,122.76250208148656,14.18750048114238,Labo,Camarines Norte,Region V (Bicol Region)
10662,89.95085907,122.78750208191045,14.18750048114238,Labo,Camarines Norte,Region V (Bicol Region)
10663,90.24222565,122.81250208233432,14.18750048114238,Labo,Camarines Norte,Region V (Bicol Region)
10664,90.2687149,122.83750208275822,14.18750048114238,Labo,Camarines Norte,Region V (Bicol Region)
10665,90.62509155,122.8625020831821,14.18750048114238,Labo,Camarines Norte,Region V (Bicol Region)
10666,99.4283905,122.46250207639991,14.16250048029455,Labo,Camarines Norte,Region V (Bicol Region)
10667,98.13964844,122.4875020768238,14.16250048029455,Labo,Camarines Norte,Region V (Bicol Region)
10668,97.31726074,122.5125020772477,14.16250048029455,Labo,Camarines Norte,Region V (Bicol Region)
10669,96.27576447,122.53750207767156,14.16250048029455,Labo,Camarines Norte,Region V (Bicol Region)
10670,96.08489227,122.56250207809546,14.16250048029455,Labo,Camarines Norte,Region V (Bicol Region)
10671,94.41424561,122.58750207851936,14.16250048029455,Labo,Camarines Norte,Region V (Bicol Region)
10672,93.67862701,122.61250207894324,14.16250048029455,Labo,Camarines Norte,Region V (Bicol Region)
10673,92.52609253,122.63750207936712,14.16250048029455,Labo,Camarines Norte,Region V (Bicol Region)
10674,92.39591217,122.662502079791,14.16250048029455,Labo,Camarines Norte,Region V (Bicol Region)
10675,91.47489166,122.68750208021488,14.16250048029455,Labo,Camarines Norte,Region V (Bicol Region)
10676,90.90625,122.71250208063879,14.16250048029455,Labo,Camarines Norte,Region V (Bicol Region)
10677,89.72463226,122.73750208106269,14.16250048029455,Labo,Camarines Norte,Region V (Bicol Region)
10678,89.59744263,122.76250208148656,14.16250048029455,Labo,Camarines Norte,Region V (Bicol Region)
10679,89.62773132,122.78750208191045,14.16250048029455,Labo,Camarines Norte,Region V (Bicol Region)
10680,89.85691833,122.81250208233432,14.16250048029455,Labo,Camarines Norte,Region V (Bicol Region)
10681,89.33447266,122.83750208275822,14.16250048029455,Labo,Camarines Norte,Region V (Bicol Region)
10682,89.35005188,122.8625020831821,14.16250048029455,Labo,Camarines Norte,Region V (Bicol Region)
10683,99.52021027,122.4875020768238,14.137500479446722,Labo,Camarines Norte,Region V (Bicol Region)
10684,98.72621918,122.5125020772477,14.137500479446722,Labo,Camarines Norte,Region V (Bicol Region)
10685,96.7539978,122.53750207767156,14.137500479446722,Labo,Camarines Norte,Region V (Bicol Region)
10686,96.56396484,122.56250207809546,14.137500479446722,Labo,Camarines Norte,Region V (Bicol Region)
10687,95.8688736,122.58750207851936,14.137500479446722,Labo,Camarines Norte,Region V (Bicol Region)
10688,95.05765533,122.61250207894324,14.137500479446722,Labo,Camarines Norte,Region V (Bicol Region)
10689,92.69377899,122.63750207936712,14.137500479446722,Labo,Camarines Norte,Region V (Bicol Region)
10690,92.47960663,122.662502079791,14.137500479446722,Labo,Camarines Norte,Region V (Bicol Region)
10691,91.84642029,122.68750208021488,14.137500479446722,Labo,Camarines Norte,Region V (Bicol Region)
10692,91.193367,122.71250208063879,14.137500479446722,Labo,Camarines Norte,Region V (Bicol Region)
10693,89.18964386,122.73750208106269,14.137500479446722,Labo,Camarines Norte,Region V (Bicol Region)
10694,89.06332397,122.76250208148656,14.137500479446722,Labo,Camarines Norte,Region V (Bicol Region)
10695,88.8272934,122.78750208191045,14.137500479446722,Labo,Camarines Norte,Region V (Bicol Region)
10696,89.04355621,122.81250208233432,14.137500479446722,Labo,Camarines Norte,Region V (Bicol Region)
10697,88.53518677,122.83750208275822,14.137500479446722,Labo,Camarines Norte,Region V (Bicol Region)
10698,88.55062866,122.8625020831821,14.137500479446722,Labo,Camarines Norte,Region V (Bicol Region)
10699,96.58177185,122.56250207809546,14.112500478598893,Labo,Camarines Norte,Region V (Bicol Region)
10700,95.85382843,122.58750207851936,14.112500478598893,Labo,Camarines Norte,Region V (Bicol Region)
10701,95.18392944,122.61250207894324,14.112500478598893,Labo,Camarines Norte,Region V (Bicol Region)
10702,94.68842316,122.63750207936712,14.112500478598893,Labo,Camarines Norte,Region V (Bicol Region)
10703,91.9932251,122.662502079791,14.112500478598893,Labo,Camarines Norte,Region V (Bicol Region)
10704,91.62353516,122.68750208021488,14.112500478598893,Labo,Camarines Norte,Region V (Bicol Region)
10705,91.11112213,122.71250208063879,14.112500478598893,Labo,Camarines Norte,Region V (Bicol Region)
10706,90.59626007,122.73750208106269,14.112500478598893,Labo,Camarines Norte,Region V (Bicol Region)
10707,88.59088898,122.76250208148656,14.112500478598893,Labo,Camarines Norte,Region V (Bicol Region)
10708,88.4909668,122.78750208191045,14.112500478598893,Labo,Camarines Norte,Region V (Bicol Region)
10709,88.75022125,122.81250208233432,14.112500478598893,Labo,Camarines Norte,Region V (Bicol Region)
10710,88.74671936,122.83750208275822,14.112500478598893,Labo,Camarines Norte,Region V (Bicol Region)
10711,95.85534668,122.61250207894324,14.087500477751064,Labo,Camarines Norte,Region V (Bicol Region)
10712,95.59318542,122.63750207936712,14.087500477751064,Labo,Camarines Norte,Region V (Bicol Region)
10713,92.86812592,122.662502079791,14.087500477751064,Labo,Camarines Norte,Region V (Bicol Region)
10714,92.23382568,122.68750208021488,14.087500477751064,Labo,Camarines Norte,Region V (Bicol Region)
10715,91.64011383,122.71250208063879,14.087500477751064,Labo,Camarines Norte,Region V (Bicol Region)
10716,91.23629761,122.73750208106269,14.087500477751064,Labo,Camarines Norte,Region V (Bicol Region)
10717,89.15602112,122.76250208148656,14.087500477751064,Labo,Camarines Norte,Region V (Bicol Region)
10718,88.86483765,122.78750208191045,14.087500477751064,Labo,Camarines Norte,Region V (Bicol Region)
10719,89.03793335,122.81250208233432,14.087500477751064,Labo,Camarines Norte,Region V (Bicol Region)
10720,89.06148529,122.83750208275822,14.087500477751064,Labo,Camarines Norte,Region V (Bicol Region)
10721,95.1651001,122.662502079791,14.062500476903235,Labo,Camarines Norte,Region V (Bicol Region)
10722,92.57078552,122.68750208021488,14.062500476903235,Labo,Camarines Norte,Region V (Bicol Region)
10723,91.68491364,122.71250208063879,14.062500476903235,Labo,Camarines Norte,Region V (Bicol Region)
10724,90.86274719,122.73750208106269,14.062500476903235,Labo,Camarines Norte,Region V (Bicol Region)
10725,90.63633728,122.76250208148656,14.062500476903235,Labo,Camarines Norte,Region V (Bicol Region)
10726,88.95503998,122.78750208191045,14.062500476903235,Labo,Camarines Norte,Region V (Bicol Region)
10727,88.94746399,122.81250208233432,14.062500476903235,Labo,Camarines Norte,Region V (Bicol Region)
10728,92.10987091,122.73750208106269,14.037500476055406,Labo,Camarines Norte,Region V (Bicol Region)
10729,91.88417816,122.76250208148656,14.037500476055406,Labo,Camarines Norte,Region V (Bicol Region)
10730,91.85345459,122.78750208191045,14.037500476055406,Labo,Camarines Norte,Region V (Bicol Region)
10731,91.77012634,122.81250208233432,14.037500476055406,Labo,Camarines Norte,Region V (Bicol Region)
10732,92.87541962,122.98750208530154,14.112500478598893,Mercedes,Camarines Norte,Region V (Bicol Region)
10733,95.8044281,123.0625020865732,14.112500478598893,Mercedes,Camarines Norte,Region V (Bicol Region)
10734,93.03933716,123.01250208572544,14.087500477751064,Mercedes,Camarines Norte,Region V (Bicol Region)
10735,93.70024109,123.03750208614932,14.087500477751064,Mercedes,Camarines Norte,Region V (Bicol Region)
10736,0.0,123.08750208699708,14.087500477751064,Mercedes,Camarines Norte,Region V (Bicol Region)
10737,93.00901794,123.03750208614932,14.012500475207576,Mercedes,Camarines Norte,Region V (Bicol Region)
10738,92.8111496,123.03750208614932,13.987500474359749,Mercedes,Camarines Norte,Region V (Bicol Region)
10739,93.60483551,123.0625020865732,13.987500474359749,Mercedes,Camarines Norte,Region V (Bicol Region)
10740,93.16152954,123.0625020865732,13.96250047351192,Mercedes,Camarines Norte,Region V (Bicol Region)
10741,93.63565826,123.0625020865732,13.937500472664087,Mercedes,Camarines Norte,Region V (Bicol Region)
10742,94.45643616,123.0625020865732,13.912500471816262,Mercedes,Camarines Norte,Region V (Bicol Region)
10743,94.58197784,123.08750208699708,13.912500471816262,Mercedes,Camarines Norte,Region V (Bicol Region)
10744,95.25737762,123.01250208572544,13.887500470968432,Mercedes,Camarines Norte,Region V (Bicol Region)
10745,95.22835541,123.03750208614932,13.887500470968432,Mercedes,Camarines Norte,Region V (Bicol Region)
10746,94.90293884,123.0625020865732,13.887500470968432,Mercedes,Camarines Norte,Region V (Bicol Region)
10747,94.86896515,123.08750208699708,13.887500470968432,Mercedes,Camarines Norte,Region V (Bicol Region)
10748,95.99349976,123.03750208614932,13.862500470120604,Mercedes,Camarines Norte,Region V (Bicol Region)
10749,95.95874786,123.0625020865732,13.862500470120604,Mercedes,Camarines Norte,Region V (Bicol Region)
10750,98.08434296,122.76250208148656,14.312500485381523,Paracale,Camarines Norte,Region V (Bicol Region)
10751,96.6085434,122.73750208106269,14.287500484533696,Paracale,Camarines Norte,Region V (Bicol Region)
10752,96.50961304,122.76250208148656,14.287500484533696,Paracale,Camarines Norte,Region V (Bicol Region)
10753,94.52758789,122.73750208106269,14.262500483685866,Paracale,Camarines Norte,Region V (Bicol Region)
10754,94.50485229,122.76250208148656,14.262500483685866,Paracale,Camarines Norte,Region V (Bicol Region)
10755,95.31507874,122.78750208191045,14.262500483685866,Paracale,Camarines Norte,Region V (Bicol Region)
10756,95.59751892,122.81250208233432,14.262500483685866,Paracale,Camarines Norte,Region V (Bicol Region)
10757,95.00654602,122.83750208275822,14.262500483685866,Paracale,Camarines Norte,Region V (Bicol Region)
10758,93.62622833,122.73750208106269,14.237500482838035,Paracale,Camarines Norte,Region V (Bicol Region)
10759,93.603508,122.76250208148656,14.237500482838035,Paracale,Camarines Norte,Region V (Bicol Region)
10760,92.8055191,122.78750208191045,14.237500482838035,Paracale,Camarines Norte,Region V (Bicol Region)
10761,93.05236816,122.81250208233432,14.237500482838035,Paracale,Camarines Norte,Region V (Bicol Region)
10762,93.91577911,122.83750208275822,14.237500482838035,Paracale,Camarines Norte,Region V (Bicol Region)
10763,92.66513062,122.68750208021488,14.212500481990208,Paracale,Camarines Norte,Region V (Bicol Region)
10764,92.47756958,122.71250208063879,14.212500481990208,Paracale,Camarines Norte,Region V (Bicol Region)
10765,92.35938263,122.73750208106269,14.212500481990208,Paracale,Camarines Norte,Region V (Bicol Region)
10766,91.52284241,122.76250208148656,14.212500481990208,Paracale,Camarines Norte,Region V (Bicol Region)
10767,91.40232086,122.78750208191045,14.212500481990208,Paracale,Camarines Norte,Region V (Bicol Region)
10768,88.31223297,122.8625020831821,14.112500478598893,San Vicente,Camarines Norte,Region V (Bicol Region)
10769,89.38067627,122.887502083606,14.112500478598893,San Vicente,Camarines Norte,Region V (Bicol Region)
10770,88.54386902,122.8625020831821,14.087500477751064,San Vicente,Camarines Norte,Region V (Bicol Region)
10771,89.49843597,122.887502083606,14.087500477751064,San Vicente,Camarines Norte,Region V (Bicol Region)
10772,88.88719177,122.83750208275822,14.062500476903235,San Vicente,Camarines Norte,Region V (Bicol Region)
10773,88.79006195,122.8625020831821,14.062500476903235,San Vicente,Camarines Norte,Region V (Bicol Region)
10774,103.0350876,122.38750207512824,14.237500482838035,Santa Elena,Camarines Norte,Region V (Bicol Region)
10775,102.7038879,122.36250207470437,14.212500481990208,Santa Elena,Camarines Norte,Region V (Bicol Region)
10776,102.4590759,122.38750207512824,14.212500481990208,Santa Elena,Camarines Norte,Region V (Bicol Region)
10777,102.1482544,122.41250207555214,14.212500481990208,Santa Elena,Camarines Norte,Region V (Bicol Region)
10778,100.8374558,122.43750207597601,14.212500481990208,Santa Elena,Camarines Norte,Region V (Bicol Region)
10779,103.0602799,122.33750207428048,14.18750048114238,Santa Elena,Camarines Norte,Region V (Bicol Region)
10780,102.1665268,122.36250207470437,14.18750048114238,Santa Elena,Camarines Norte,Region V (Bicol Region)
10781,101.9534531,122.38750207512824,14.18750048114238,Santa Elena,Camarines Norte,Region V (Bicol Region)
10782,101.712822,122.41250207555214,14.18750048114238,Santa Elena,Camarines Norte,Region V (Bicol Region)
10783,100.435463,122.43750207597601,14.18750048114238,Santa Elena,Camarines Norte,Region V (Bicol Region)
10784,102.6901779,122.36250207470437,14.16250048029455,Santa Elena,Camarines Norte,Region V (Bicol Region)
10785,102.0597,122.38750207512824,14.16250048029455,Santa Elena,Camarines Norte,Region V (Bicol Region)
10786,101.7787247,122.41250207555214,14.16250048029455,Santa Elena,Camarines Norte,Region V (Bicol Region)
10787,100.0532227,122.43750207597601,14.16250048029455,Santa Elena,Camarines Norte,Region V (Bicol Region)
10788,102.4396057,122.36250207470437,14.137500479446722,Santa Elena,Camarines Norte,Region V (Bicol Region)
10789,102.5089493,122.38750207512824,14.137500479446722,Santa Elena,Camarines Norte,Region V (Bicol Region)
10790,102.2913971,122.41250207555214,14.137500479446722,Santa Elena,Camarines Norte,Region V (Bicol Region)
10791,100.2423325,122.43750207597601,14.137500479446722,Santa Elena,Camarines Norte,Region V (Bicol Region)
10792,102.356842,122.33750207428048,14.112500478598893,Santa Elena,Camarines Norte,Region V (Bicol Region)
10793,102.3386078,122.36250207470437,14.112500478598893,Santa Elena,Camarines Norte,Region V (Bicol Region)
10794,102.287735,122.38750207512824,14.112500478598893,Santa Elena,Camarines Norte,Region V (Bicol Region)
10795,102.1823807,122.41250207555214,14.112500478598893,Santa Elena,Camarines Norte,Region V (Bicol Region)
10796,102.4158783,122.3125020738566,14.087500477751064,Santa Elena,Camarines Norte,Region V (Bicol Region)
10797,102.5020371,122.33750207428048,14.087500477751064,Santa Elena,Camarines Norte,Region V (Bicol Region)
10798,102.5450134,122.36250207470437,14.087500477751064,Santa Elena,Camarines Norte,Region V (Bicol Region)
10799,102.4955521,122.38750207512824,14.087500477751064,Santa Elena,Camarines Norte,Region V (Bicol Region)
10800,91.9503479,122.93750208445378,14.16250048029455,Talisay,Camarines Norte,Region V (Bicol Region)
10801,90.36365509,122.91250208402988,14.137500479446722,Talisay,Camarines Norte,Region V (Bicol Region)
10802,90.93231964,122.93750208445378,14.137500479446722,Talisay,Camarines Norte,Region V (Bicol Region)
10803,89.92823792,122.91250208402988,14.112500478598893,Talisay,Camarines Norte,Region V (Bicol Region)
10804,106.2384949,122.93750208445378,14.487500491316323,Vinzons,Camarines Norte,Region V (Bicol Region)
10805,106.1602554,122.91250208402988,14.462500490468496,Vinzons,Camarines Norte,Region V (Bicol Region)
10806,106.0250626,122.93750208445378,14.462500490468496,Vinzons,Camarines Norte,Region V (Bicol Region)
10807,105.4281693,122.93750208445378,14.437500489620668,Vinzons,Camarines Norte,Region V (Bicol Region)
10808,104.9259644,122.96250208487764,14.41250048877284,Vinzons,Camarines Norte,Region V (Bicol Region)
10809,95.0559082,122.8625020831821,14.262500483685866,Vinzons,Camarines Norte,Region V (Bicol Region)
10810,93.96495056,122.8625020831821,14.237500482838035,Vinzons,Camarines Norte,Region V (Bicol Region)
10811,93.01744843,122.887502083606,14.212500481990208,Vinzons,Camarines Norte,Region V (Bicol Region)
10812,91.68952942,122.887502083606,14.18750048114238,Vinzons,Camarines Norte,Region V (Bicol Region)
10813,92.27169037,122.91250208402988,14.18750048114238,Vinzons,Camarines Norte,Region V (Bicol Region)
10814,92.36132813,122.93750208445378,14.18750048114238,Vinzons,Camarines Norte,Region V (Bicol Region)
10815,91.23423767,122.887502083606,14.16250048029455,Vinzons,Camarines Norte,Region V (Bicol Region)
10816,91.87867737,122.91250208402988,14.16250048029455,Vinzons,Camarines Norte,Region V (Bicol Region)
10817,89.73490143,122.887502083606,14.137500479446722,Vinzons,Camarines Norte,Region V (Bicol Region)
