unique id,value,lon,lat,municipality name,province name,region
11521,95.63339233,124.26250210691978,14.012500475207576,Bagamanoc,Catanduanes,Region V (Bicol Region)
11522,95.23983765,124.23750210649588,13.987500474359749,Bagamanoc,Catanduanes,Region V (Bicol Region)
11523,94.78491974,124.26250210691978,13.987500474359749,Bagamanoc,Catanduanes,Region V (Bicol Region)
11524,93.98753357,124.23750210649588,13.96250047351192,Bagamanoc,Catanduanes,Region V (Bicol Region)
11525,93.93263245,124.26250210691978,13.96250047351192,Bagamanoc,Catanduanes,Region V (Bicol Region)
11526,94.86290741,124.31250210776756,13.96250047351192,Bagamanoc,Catanduanes,Region V (Bicol Region)
11527,95.20863342,124.33750210819144,13.96250047351192,Bagamanoc,Catanduanes,Region V (Bicol Region)
11528,94.01002502,124.23750210649588,13.937500472664087,Bagamanoc,Catanduanes,Region V (Bicol Region)
11529,93.95511627,124.26250210691978,13.937500472664087,Bagamanoc,Catanduanes,Region V (Bicol Region)
11530,94.03754425,124.28750210734368,13.937500472664087,Bagamanoc,Catanduanes,Region V (Bicol Region)
11531,94.48407745,124.23750210649588,13.912500471816262,Bagamanoc,Catanduanes,Region V (Bicol Region)
11532,97.46630096,124.33750210819144,13.73750046588146,Baras,Catanduanes,Region V (Bicol Region)
11533,97.43154144,124.36250210861532,13.73750046588146,Baras,Catanduanes,Region V (Bicol Region)
11534,98.86798096,124.33750210819144,13.712500465033632,Baras,Catanduanes,Region V (Bicol Region)
11535,98.08581543,124.36250210861532,13.712500465033632,Baras,Catanduanes,Region V (Bicol Region)
11536,98.83030701,124.36250210861532,13.687500464185804,Baras,Catanduanes,Region V (Bicol Region)
11537,99.53534698,124.3875021090392,13.687500464185804,Baras,Catanduanes,Region V (Bicol Region)
11538,100.2748184,124.33750210819144,13.662500463337974,Baras,Catanduanes,Region V (Bicol Region)
11539,100.1697998,124.36250210861532,13.662500463337974,Baras,Catanduanes,Region V (Bicol Region)
11540,99.97798157,124.3875021090392,13.662500463337974,Baras,Catanduanes,Region V (Bicol Region)
11541,100.998169,124.33750210819144,13.637500462490149,Baras,Catanduanes,Region V (Bicol Region)
11542,103.2445679,124.26250210691978,13.612500461642316,Bato,Catanduanes,Region V (Bicol Region)
11543,102.9745407,124.28750210734368,13.612500461642316,Bato,Catanduanes,Region V (Bicol Region)
11544,102.9814835,124.31250210776756,13.612500461642316,Bato,Catanduanes,Region V (Bicol Region)
11545,102.7815857,124.33750210819144,13.612500461642316,Bato,Catanduanes,Region V (Bicol Region)
11546,103.6299057,124.33750210819144,13.587500460794487,Bato,Catanduanes,Region V (Bicol Region)
11547,96.86288452,124.13750210480033,13.987500474359749,Caramoran,Catanduanes,Region V (Bicol Region)
11548,95.87580109,124.16250210522423,13.987500474359749,Caramoran,Catanduanes,Region V (Bicol Region)
11549,95.7180481,124.13750210480033,13.96250047351192,Caramoran,Catanduanes,Region V (Bicol Region)
11550,95.77449799,124.16250210522423,13.96250047351192,Caramoran,Catanduanes,Region V (Bicol Region)
11551,95.18054199,124.18750210564812,13.96250047351192,Caramoran,Catanduanes,Region V (Bicol Region)
11552,94.75216675,124.21250210607202,13.96250047351192,Caramoran,Catanduanes,Region V (Bicol Region)
11553,95.9157486,124.16250210522423,13.937500472664087,Caramoran,Catanduanes,Region V (Bicol Region)
11554,95.39738464,124.18750210564812,13.937500472664087,Caramoran,Catanduanes,Region V (Bicol Region)
11555,94.95141602,124.21250210607202,13.937500472664087,Caramoran,Catanduanes,Region V (Bicol Region)
11556,95.19889069,124.16250210522423,13.912500471816262,Caramoran,Catanduanes,Region V (Bicol Region)
11557,95.07897949,124.18750210564812,13.912500471816262,Caramoran,Catanduanes,Region V (Bicol Region)
11558,94.77419281,124.21250210607202,13.912500471816262,Caramoran,Catanduanes,Region V (Bicol Region)
11559,96.36595917,124.13750210480033,13.887500470968432,Caramoran,Catanduanes,Region V (Bicol Region)
11560,95.00539398,124.16250210522423,13.887500470968432,Caramoran,Catanduanes,Region V (Bicol Region)
11561,94.85186768,124.18750210564812,13.887500470968432,Caramoran,Catanduanes,Region V (Bicol Region)
11562,94.57472992,124.21250210607202,13.887500470968432,Caramoran,Catanduanes,Region V (Bicol Region)
11563,94.38135529,124.23750210649588,13.887500470968432,Caramoran,Catanduanes,Region V (Bicol Region)
11564,96.06253815,124.13750210480033,13.862500470120604,Caramoran,Catanduanes,Region V (Bicol Region)
11565,96.16572571,124.16250210522423,13.862500470120604,Caramoran,Catanduanes,Region V (Bicol Region)
11566,95.07328796,124.18750210564812,13.862500470120604,Caramoran,Catanduanes,Region V (Bicol Region)
11567,94.70896912,124.21250210607202,13.862500470120604,Caramoran,Catanduanes,Region V (Bicol Region)
11568,96.54382324,124.13750210480033,13.837500469272776,Caramoran,Catanduanes,Region V (Bicol Region)
11569,96.69231415,124.16250210522423,13.837500469272776,Caramoran,Catanduanes,Region V (Bicol Region)
11570,96.67554474,124.18750210564812,13.837500469272776,Caramoran,Catanduanes,Region V (Bicol Region)
11571,96.30682373,124.21250210607202,13.837500469272776,Caramoran,Catanduanes,Region V (Bicol Region)
11572,98.30710602,124.13750210480033,13.812500468424949,Caramoran,Catanduanes,Region V (Bicol Region)
11573,96.90117645,124.16250210522423,13.812500468424949,Caramoran,Catanduanes,Region V (Bicol Region)
11574,96.90399933,124.18750210564812,13.812500468424949,Caramoran,Catanduanes,Region V (Bicol Region)
11575,96.61703491,124.21250210607202,13.812500468424949,Caramoran,Catanduanes,Region V (Bicol Region)
11576,99.06757355,124.13750210480033,13.787500467577118,Caramoran,Catanduanes,Region V (Bicol Region)
11577,97.64899445,124.16250210522423,13.787500467577118,Caramoran,Catanduanes,Region V (Bicol Region)
11578,97.44422913,124.18750210564812,13.787500467577118,Caramoran,Catanduanes,Region V (Bicol Region)
11579,97.11845398,124.21250210607202,13.787500467577118,Caramoran,Catanduanes,Region V (Bicol Region)
11580,96.9318161,124.23750210649588,13.787500467577118,Caramoran,Catanduanes,Region V (Bicol Region)
11581,99.48413086,124.13750210480033,13.762500466729287,Caramoran,Catanduanes,Region V (Bicol Region)
11582,99.66635895,124.16250210522423,13.762500466729287,Caramoran,Catanduanes,Region V (Bicol Region)
11583,98.02752686,124.18750210564812,13.762500466729287,Caramoran,Catanduanes,Region V (Bicol Region)
11584,100.9140778,124.16250210522423,13.73750046588146,Caramoran,Catanduanes,Region V (Bicol Region)
11585,96.68106842,124.3875021090392,13.837500469272776,Gigmoto,Catanduanes,Region V (Bicol Region)
11586,95.79659271,124.33750210819144,13.812500468424949,Gigmoto,Catanduanes,Region V (Bicol Region)
11587,95.78011322,124.36250210861532,13.812500468424949,Gigmoto,Catanduanes,Region V (Bicol Region)
11588,96.81292725,124.3875021090392,13.812500468424949,Gigmoto,Catanduanes,Region V (Bicol Region)
11589,97.37992096,124.4125021094631,13.812500468424949,Gigmoto,Catanduanes,Region V (Bicol Region)
11590,95.98973083,124.31250210776756,13.787500467577118,Gigmoto,Catanduanes,Region V (Bicol Region)
11591,96.2230835,124.33750210819144,13.787500467577118,Gigmoto,Catanduanes,Region V (Bicol Region)
11592,96.16026306,124.36250210861532,13.787500467577118,Gigmoto,Catanduanes,Region V (Bicol Region)
11593,97.07509613,124.3875021090392,13.787500467577118,Gigmoto,Catanduanes,Region V (Bicol Region)
11594,97.59823608,124.4125021094631,13.787500467577118,Gigmoto,Catanduanes,Region V (Bicol Region)
11595,96.28171539,124.31250210776756,13.762500466729287,Gigmoto,Catanduanes,Region V (Bicol Region)
11596,96.75541687,124.33750210819144,13.762500466729287,Gigmoto,Catanduanes,Region V (Bicol Region)
11597,96.72055054,124.36250210861532,13.762500466729287,Gigmoto,Catanduanes,Region V (Bicol Region)
11598,97.27980042,124.3875021090392,13.762500466729287,Gigmoto,Catanduanes,Region V (Bicol Region)
11599,98.71341705,124.3875021090392,13.73750046588146,Gigmoto,Catanduanes,Region V (Bicol Region)
11600,98.23616028,124.21250210607202,14.087500477751064,Pandan,Catanduanes,Region V (Bicol Region)
11601,97.82944489,124.18750210564812,14.062500476903235,Pandan,Catanduanes,Region V (Bicol Region)
11602,97.64958191,124.21250210607202,14.062500476903235,Pandan,Catanduanes,Region V (Bicol Region)
11603,96.9817276,124.13750210480033,14.037500476055406,Pandan,Catanduanes,Region V (Bicol Region)
11604,97.1227951,124.16250210522423,14.037500476055406,Pandan,Catanduanes,Region V (Bicol Region)
11605,96.5248642,124.18750210564812,14.037500476055406,Pandan,Catanduanes,Region V (Bicol Region)
11606,96.30368805,124.21250210607202,14.037500476055406,Pandan,Catanduanes,Region V (Bicol Region)
11607,96.14011383,124.23750210649588,14.037500476055406,Pandan,Catanduanes,Region V (Bicol Region)
11608,96.49607849,124.16250210522423,14.012500475207576,Pandan,Catanduanes,Region V (Bicol Region)
11609,96.40558624,124.18750210564812,14.012500475207576,Pandan,Catanduanes,Region V (Bicol Region)
11610,96.20595551,124.21250210607202,14.012500475207576,Pandan,Catanduanes,Region V (Bicol Region)
11611,96.06565094,124.23750210649588,14.012500475207576,Pandan,Catanduanes,Region V (Bicol Region)
11612,95.75939178,124.18750210564812,13.987500474359749,Pandan,Catanduanes,Region V (Bicol Region)
11613,95.48944092,124.21250210607202,13.987500474359749,Pandan,Catanduanes,Region V (Bicol Region)
11614,93.72735596,124.26250210691978,13.912500471816262,Panganiban (Payo),Catanduanes,Region V (Bicol Region)
11615,93.78086853,124.28750210734368,13.912500471816262,Panganiban (Payo),Catanduanes,Region V (Bicol Region)
11616,94.46980286,124.31250210776756,13.912500471816262,Panganiban (Payo),Catanduanes,Region V (Bicol Region)
11617,94.77277374,124.33750210819144,13.912500471816262,Panganiban (Payo),Catanduanes,Region V (Bicol Region)
11618,93.6113739,124.26250210691978,13.887500470968432,Panganiban (Payo),Catanduanes,Region V (Bicol Region)
11619,93.55137634,124.28750210734368,13.887500470968432,Panganiban (Payo),Catanduanes,Region V (Bicol Region)
11620,102.5111542,124.11250210437646,13.73750046588146,San Andres (Calolbon),Catanduanes,Region V (Bicol Region)
11621,100.7279205,124.13750210480033,13.73750046588146,San Andres (Calolbon),Catanduanes,Region V (Bicol Region)
11622,103.0543213,124.11250210437646,13.712500465033632,San Andres (Calolbon),Catanduanes,Region V (Bicol Region)
11623,102.7162857,124.13750210480033,13.712500465033632,San Andres (Calolbon),Catanduanes,Region V (Bicol Region)
11624,101.3624649,124.16250210522423,13.712500465033632,San Andres (Calolbon),Catanduanes,Region V (Bicol Region)
11625,104.0244293,124.06250210352869,13.687500464185804,San Andres (Calolbon),Catanduanes,Region V (Bicol Region)
11626,104.0956192,124.08750210395256,13.687500464185804,San Andres (Calolbon),Catanduanes,Region V (Bicol Region)
11627,104.0384979,124.11250210437646,13.687500464185804,San Andres (Calolbon),Catanduanes,Region V (Bicol Region)
11628,103.9618607,124.13750210480033,13.687500464185804,San Andres (Calolbon),Catanduanes,Region V (Bicol Region)
11629,102.6031494,124.16250210522423,13.687500464185804,San Andres (Calolbon),Catanduanes,Region V (Bicol Region)
11630,105.3598938,124.0375021031048,13.662500463337974,San Andres (Calolbon),Catanduanes,Region V (Bicol Region)
11631,105.4380264,124.06250210352869,13.662500463337974,San Andres (Calolbon),Catanduanes,Region V (Bicol Region)
11632,104.9581451,124.08750210395256,13.662500463337974,San Andres (Calolbon),Catanduanes,Region V (Bicol Region)
11633,104.8845902,124.11250210437646,13.662500463337974,San Andres (Calolbon),Catanduanes,Region V (Bicol Region)
11634,104.9245071,124.13750210480033,13.662500463337974,San Andres (Calolbon),Catanduanes,Region V (Bicol Region)
11635,105.8687515,124.06250210352869,13.637500462490149,San Andres (Calolbon),Catanduanes,Region V (Bicol Region)
11636,106.6220703,124.08750210395256,13.637500462490149,San Andres (Calolbon),Catanduanes,Region V (Bicol Region)
11637,106.6209869,124.11250210437646,13.637500462490149,San Andres (Calolbon),Catanduanes,Region V (Bicol Region)
11638,105.8319778,124.13750210480033,13.637500462490149,San Andres (Calolbon),Catanduanes,Region V (Bicol Region)
11639,107.0433884,124.06250210352869,13.612500461642316,San Andres (Calolbon),Catanduanes,Region V (Bicol Region)
11640,107.3571014,124.08750210395256,13.612500461642316,San Andres (Calolbon),Catanduanes,Region V (Bicol Region)
11641,107.4549103,124.11250210437646,13.612500461642316,San Andres (Calolbon),Catanduanes,Region V (Bicol Region)
11642,107.3751068,124.13750210480033,13.612500461642316,San Andres (Calolbon),Catanduanes,Region V (Bicol Region)
11643,108.3174057,124.11250210437646,13.587500460794487,San Andres (Calolbon),Catanduanes,Region V (Bicol Region)
11644,108.3775101,124.13750210480033,13.587500460794487,San Andres (Calolbon),Catanduanes,Region V (Bicol Region)
11645,97.54456329,124.21250210607202,13.762500466729287,San Miguel,Catanduanes,Region V (Bicol Region)
11646,97.35517883,124.23750210649588,13.762500466729287,San Miguel,Catanduanes,Region V (Bicol Region)
11647,97.21916199,124.26250210691978,13.762500466729287,San Miguel,Catanduanes,Region V (Bicol Region)
11648,95.89487457,124.28750210734368,13.762500466729287,San Miguel,Catanduanes,Region V (Bicol Region)
11649,100.8497849,124.18750210564812,13.73750046588146,San Miguel,Catanduanes,Region V (Bicol Region)
11650,100.3371201,124.21250210607202,13.73750046588146,San Miguel,Catanduanes,Region V (Bicol Region)
11651,98.40488434,124.23750210649588,13.73750046588146,San Miguel,Catanduanes,Region V (Bicol Region)
11652,98.26877594,124.26250210691978,13.73750046588146,San Miguel,Catanduanes,Region V (Bicol Region)
11653,98.09870148,124.28750210734368,13.73750046588146,San Miguel,Catanduanes,Region V (Bicol Region)
11654,98.42145538,124.31250210776756,13.73750046588146,San Miguel,Catanduanes,Region V (Bicol Region)
11655,101.3036804,124.18750210564812,13.712500465033632,San Miguel,Catanduanes,Region V (Bicol Region)
11656,100.9144516,124.21250210607202,13.712500465033632,San Miguel,Catanduanes,Region V (Bicol Region)
11657,100.4905167,124.23750210649588,13.712500465033632,San Miguel,Catanduanes,Region V (Bicol Region)
11658,98.63468933,124.26250210691978,13.712500465033632,San Miguel,Catanduanes,Region V (Bicol Region)
11659,98.47650909,124.28750210734368,13.712500465033632,San Miguel,Catanduanes,Region V (Bicol Region)
11660,98.87709808,124.31250210776756,13.712500465033632,San Miguel,Catanduanes,Region V (Bicol Region)
11661,102.2943726,124.18750210564812,13.687500464185804,San Miguel,Catanduanes,Region V (Bicol Region)
11662,101.8683701,124.21250210607202,13.687500464185804,San Miguel,Catanduanes,Region V (Bicol Region)
11663,101.6156006,124.23750210649588,13.687500464185804,San Miguel,Catanduanes,Region V (Bicol Region)
11664,99.71551514,124.26250210691978,13.687500464185804,San Miguel,Catanduanes,Region V (Bicol Region)
11665,99.34350586,124.28750210734368,13.687500464185804,San Miguel,Catanduanes,Region V (Bicol Region)
11666,99.59873199,124.31250210776756,13.687500464185804,San Miguel,Catanduanes,Region V (Bicol Region)
11667,99.66540527,124.33750210819144,13.687500464185804,San Miguel,Catanduanes,Region V (Bicol Region)
11668,103.2628555,124.18750210564812,13.662500463337974,San Miguel,Catanduanes,Region V (Bicol Region)
11669,102.6417999,124.21250210607202,13.662500463337974,San Miguel,Catanduanes,Region V (Bicol Region)
11670,102.2725525,124.23750210649588,13.662500463337974,San Miguel,Catanduanes,Region V (Bicol Region)
11671,102.0838089,124.26250210691978,13.662500463337974,San Miguel,Catanduanes,Region V (Bicol Region)
11672,100.1906281,124.28750210734368,13.662500463337974,San Miguel,Catanduanes,Region V (Bicol Region)
11673,100.1753845,124.31250210776756,13.662500463337974,San Miguel,Catanduanes,Region V (Bicol Region)
11674,102.9382477,124.26250210691978,13.637500462490149,San Miguel,Catanduanes,Region V (Bicol Region)
11675,102.1973953,124.28750210734368,13.637500462490149,San Miguel,Catanduanes,Region V (Bicol Region)
11676,102.1719818,124.31250210776756,13.637500462490149,San Miguel,Catanduanes,Region V (Bicol Region)
11677,94.22413635,124.31250210776756,13.887500470968432,Viga,Catanduanes,Region V (Bicol Region)
11678,94.54178619,124.33750210819144,13.887500470968432,Viga,Catanduanes,Region V (Bicol Region)
11679,95.12188721,124.36250210861532,13.887500470968432,Viga,Catanduanes,Region V (Bicol Region)
11680,94.35608673,124.23750210649588,13.862500470120604,Viga,Catanduanes,Region V (Bicol Region)
11681,94.27905273,124.26250210691978,13.862500470120604,Viga,Catanduanes,Region V (Bicol Region)
11682,93.71688843,124.28750210734368,13.862500470120604,Viga,Catanduanes,Region V (Bicol Region)
11683,94.32650757,124.31250210776756,13.862500470120604,Viga,Catanduanes,Region V (Bicol Region)
11684,94.93289948,124.33750210819144,13.862500470120604,Viga,Catanduanes,Region V (Bicol Region)
11685,94.96105957,124.36250210861532,13.862500470120604,Viga,Catanduanes,Region V (Bicol Region)
11686,96.08826447,124.3875021090392,13.862500470120604,Viga,Catanduanes,Region V (Bicol Region)
11687,94.87287903,124.23750210649588,13.837500469272776,Viga,Catanduanes,Region V (Bicol Region)
11688,94.7959671,124.26250210691978,13.837500469272776,Viga,Catanduanes,Region V (Bicol Region)
11689,94.8817215,124.28750210734368,13.837500469272776,Viga,Catanduanes,Region V (Bicol Region)
11690,95.46235657,124.31250210776756,13.837500469272776,Viga,Catanduanes,Region V (Bicol Region)
11691,95.13882446,124.33750210819144,13.837500469272776,Viga,Catanduanes,Region V (Bicol Region)
11692,95.16700745,124.36250210861532,13.837500469272776,Viga,Catanduanes,Region V (Bicol Region)
11693,96.29479218,124.23750210649588,13.812500468424949,Viga,Catanduanes,Region V (Bicol Region)
11694,95.084198,124.26250210691978,13.812500468424949,Viga,Catanduanes,Region V (Bicol Region)
11695,95.03400421,124.28750210734368,13.812500468424949,Viga,Catanduanes,Region V (Bicol Region)
11696,95.63527679,124.31250210776756,13.812500468424949,Viga,Catanduanes,Region V (Bicol Region)
11697,95.67769623,124.26250210691978,13.787500467577118,Viga,Catanduanes,Region V (Bicol Region)
11698,95.44525909,124.28750210734368,13.787500467577118,Viga,Catanduanes,Region V (Bicol Region)
11699,105.103035,124.16250210522423,13.662500463337974,Virac (Capital),Catanduanes,Region V (Bicol Region)
11700,106.0130539,124.16250210522423,13.637500462490149,Virac (Capital),Catanduanes,Region V (Bicol Region)
11701,105.5089798,124.18750210564812,13.637500462490149,Virac (Capital),Catanduanes,Region V (Bicol Region)
11702,104.8794708,124.21250210607202,13.637500462490149,Virac (Capital),Catanduanes,Region V (Bicol Region)
11703,103.126976,124.23750210649588,13.637500462490149,Virac (Capital),Catanduanes,Region V (Bicol Region)
11704,106.4650955,124.16250210522423,13.612500461642316,Virac (Capital),Catanduanes,Region V (Bicol Region)
11705,106.2717514,124.18750210564812,13.612500461642316,Virac (Capital),Catanduanes,Region V (Bicol Region)
11706,105.8236008,124.21250210607202,13.612500461642316,Virac (Capital),Catanduanes,Region V (Bicol Region)
11707,105.3987961,124.23750210649588,13.612500461642316,Virac (Capital),Catanduanes,Region V (Bicol Region)
11708,107.4754791,124.16250210522423,13.587500460794487,Virac (Capital),Catanduanes,Region V (Bicol Region)
11709,107.1752701,124.18750210564812,13.587500460794487,Virac (Capital),Catanduanes,Region V (Bicol Region)
11710,106.7390442,124.21250210607202,13.587500460794487,Virac (Capital),Catanduanes,Region V (Bicol Region)
11711,106.4296036,124.23750210649588,13.587500460794487,Virac (Capital),Catanduanes,Region V (Bicol Region)
11712,108.7185593,124.16250210522423,13.56250045994666,Virac (Capital),Catanduanes,Region V (Bicol Region)
11713,107.5152741,124.18750210564812,13.56250045994666,Virac (Capital),Catanduanes,Region V (Bicol Region)
11714,106.9213333,124.21250210607202,13.56250045994666,Virac (Capital),Catanduanes,Region V (Bicol Region)
11715,108.1875153,124.18750210564812,13.53750045909883,Virac (Capital),Catanduanes,Region V (Bicol Region)
