unique id,value,lon,lat,municipality name,province name,region
31323,89.48226166,125.46250212726636,8.987500304793985,Buenavista,Agusan del Norte,Region XIII (Caraga)
31324,91.01261139,125.3875021259947,8.962500303946154,Buenavista,Agusan del Norte,Region XIII (Caraga)
31325,90.98900604,125.41250212641857,8.962500303946154,Buenavista,Agusan del Norte,Region XIII (Caraga)
31326,89.30619812,125.43750212684247,8.962500303946154,Buenavista,Agusan del Norte,Region XIII (Caraga)
31327,88.61946106,125.46250212726636,8.962500303946154,Buenavista,Agusan del Norte,Region XIII (Caraga)
31328,90.84481812,125.3875021259947,8.937500303098327,Buenavista,Agusan del Norte,Region XIII (Caraga)
31329,90.82117462,125.41250212641857,8.937500303098327,Buenavista,Agusan del Norte,Region XIII (Caraga)
31330,89.30845642,125.43750212684247,8.937500303098327,Buenavista,Agusan del Norte,Region XIII (Caraga)
31331,90.89971161,125.3875021259947,8.912500302250496,Buenavista,Agusan del Norte,Region XIII (Caraga)
31332,90.88908386,125.41250212641857,8.912500302250496,Buenavista,Agusan del Norte,Region XIII (Caraga)
31333,89.22117615,125.43750212684247,8.912500302250496,Buenavista,Agusan del Norte,Region XIII (Caraga)
31334,89.10454559,125.46250212726636,8.912500302250496,Buenavista,Agusan del Norte,Region XIII (Caraga)
31335,90.87650299,125.3625021255708,8.887500301402667,Buenavista,Agusan del Norte,Region XIII (Caraga)
31336,90.86522675,125.3875021259947,8.887500301402667,Buenavista,Agusan del Norte,Region XIII (Caraga)
31337,90.86620331,125.41250212641857,8.887500301402667,Buenavista,Agusan del Norte,Region XIII (Caraga)
31338,89.29042816,125.43750212684247,8.887500301402667,Buenavista,Agusan del Norte,Region XIII (Caraga)
31339,89.17308044,125.46250212726636,8.887500301402667,Buenavista,Agusan del Norte,Region XIII (Caraga)
31340,91.93482971,125.26250212387527,8.86250030055484,Buenavista,Agusan del Norte,Region XIII (Caraga)
31341,91.19423676,125.28750212429917,8.86250030055484,Buenavista,Agusan del Norte,Region XIII (Caraga)
31342,90.84279633,125.31250212472304,8.86250030055484,Buenavista,Agusan del Norte,Region XIII (Caraga)
31343,90.84267426,125.33750212514693,8.86250030055484,Buenavista,Agusan del Norte,Region XIII (Caraga)
31344,90.86100006,125.3625021255708,8.86250030055484,Buenavista,Agusan del Norte,Region XIII (Caraga)
31345,90.81920624,125.3875021259947,8.86250030055484,Buenavista,Agusan del Norte,Region XIII (Caraga)
31346,90.82959747,125.41250212641857,8.86250030055484,Buenavista,Agusan del Norte,Region XIII (Caraga)
31347,89.53200531,125.43750212684247,8.86250030055484,Buenavista,Agusan del Norte,Region XIII (Caraga)
31348,88.87271118,125.46250212726636,8.86250030055484,Buenavista,Agusan del Norte,Region XIII (Caraga)
31349,91.55073547,125.26250212387527,8.83750029970701,Buenavista,Agusan del Norte,Region XIII (Caraga)
31350,90.48656464,125.28750212429917,8.83750029970701,Buenavista,Agusan del Norte,Region XIII (Caraga)
31351,90.17090607,125.31250212472304,8.83750029970701,Buenavista,Agusan del Norte,Region XIII (Caraga)
31352,90.6786499,125.33750212514693,8.83750029970701,Buenavista,Agusan del Norte,Region XIII (Caraga)
31353,90.69694519,125.3625021255708,8.83750029970701,Buenavista,Agusan del Norte,Region XIII (Caraga)
31354,90.64067078,125.3875021259947,8.83750029970701,Buenavista,Agusan del Norte,Region XIII (Caraga)
31355,90.68127441,125.41250212641857,8.83750029970701,Buenavista,Agusan del Norte,Region XIII (Caraga)
31356,89.56655884,125.43750212684247,8.83750029970701,Buenavista,Agusan del Norte,Region XIII (Caraga)
31357,88.9070282,125.46250212726636,8.83750029970701,Buenavista,Agusan del Norte,Region XIII (Caraga)
31358,90.67621613,125.26250212387527,8.812500298859183,Buenavista,Agusan del Norte,Region XIII (Caraga)
31359,90.05477142,125.28750212429917,8.812500298859183,Buenavista,Agusan del Norte,Region XIII (Caraga)
31360,89.83792877,125.31250212472304,8.812500298859183,Buenavista,Agusan del Norte,Region XIII (Caraga)
31361,89.93867493,125.33750212514693,8.812500298859183,Buenavista,Agusan del Norte,Region XIII (Caraga)
31362,90.35536957,125.3625021255708,8.812500298859183,Buenavista,Agusan del Norte,Region XIII (Caraga)
31363,90.38126373,125.3875021259947,8.812500298859183,Buenavista,Agusan del Norte,Region XIII (Caraga)
31364,90.44628906,125.41250212641857,8.812500298859183,Buenavista,Agusan del Norte,Region XIII (Caraga)
31365,89.24723816,125.43750212684247,8.812500298859183,Buenavista,Agusan del Norte,Region XIII (Caraga)
31366,89.17978668,125.46250212726636,8.812500298859183,Buenavista,Agusan del Norte,Region XIII (Caraga)
31367,89.50424957,125.23750212345136,8.787500298011352,Buenavista,Agusan del Norte,Region XIII (Caraga)
31368,89.83559418,125.26250212387527,8.787500298011352,Buenavista,Agusan del Norte,Region XIII (Caraga)
31369,89.57159424,125.28750212429917,8.787500298011352,Buenavista,Agusan del Norte,Region XIII (Caraga)
31370,89.48070526,125.31250212472304,8.787500298011352,Buenavista,Agusan del Norte,Region XIII (Caraga)
31371,89.50299835,125.33750212514693,8.787500298011352,Buenavista,Agusan del Norte,Region XIII (Caraga)
31372,89.94608307,125.3625021255708,8.787500298011352,Buenavista,Agusan del Norte,Region XIII (Caraga)
31373,90.07968903,125.3875021259947,8.787500298011352,Buenavista,Agusan del Norte,Region XIII (Caraga)
31374,90.20676422,125.41250212641857,8.787500298011352,Buenavista,Agusan del Norte,Region XIII (Caraga)
31375,89.27611542,125.43750212684247,8.787500298011352,Buenavista,Agusan del Norte,Region XIII (Caraga)
31376,89.33983612,125.46250212726636,8.787500298011352,Buenavista,Agusan del Norte,Region XIII (Caraga)
31377,89.4329834,125.48750212769026,8.787500298011352,Buenavista,Agusan del Norte,Region XIII (Caraga)
31378,89.18012238,125.26250212387527,8.762500297163523,Buenavista,Agusan del Norte,Region XIII (Caraga)
31379,89.36768341,125.28750212429917,8.762500297163523,Buenavista,Agusan del Norte,Region XIII (Caraga)
31380,89.30542755,125.31250212472304,8.762500297163523,Buenavista,Agusan del Norte,Region XIII (Caraga)
31381,89.27050781,125.33750212514693,8.762500297163523,Buenavista,Agusan del Norte,Region XIII (Caraga)
31382,89.32649994,125.3625021255708,8.762500297163523,Buenavista,Agusan del Norte,Region XIII (Caraga)
31383,89.91556549,125.3875021259947,8.762500297163523,Buenavista,Agusan del Norte,Region XIII (Caraga)
31384,90.13821411,125.41250212641857,8.762500297163523,Buenavista,Agusan del Norte,Region XIII (Caraga)
31385,89.29147339,125.43750212684247,8.762500297163523,Buenavista,Agusan del Norte,Region XIII (Caraga)
31386,88.8865509,125.46250212726636,8.762500297163523,Buenavista,Agusan del Norte,Region XIII (Caraga)
31387,89.34873962,125.48750212769026,8.762500297163523,Buenavista,Agusan del Norte,Region XIII (Caraga)
31388,87.78652954,125.5875021293858,9.03750030648964,Butuan City (Capital),Agusan del Norte,Region XIII (Caraga)
31389,86.12641144,125.61250212980968,9.03750030648964,Butuan City (Capital),Agusan del Norte,Region XIII (Caraga)
31390,84.07318878,125.63750213023356,9.03750030648964,Butuan City (Capital),Agusan del Norte,Region XIII (Caraga)
31391,81.30286407,125.66250213065744,9.03750030648964,Butuan City (Capital),Agusan del Norte,Region XIII (Caraga)
31392,76.49934387,125.68750213108135,9.03750030648964,Butuan City (Capital),Agusan del Norte,Region XIII (Caraga)
31393,73.97647858,125.71250213150525,9.03750030648964,Butuan City (Capital),Agusan del Norte,Region XIII (Caraga)
31394,88.02762604,125.5875021293858,9.012500305641812,Butuan City (Capital),Agusan del Norte,Region XIII (Caraga)
31395,86.74232483,125.61250212980968,9.012500305641812,Butuan City (Capital),Agusan del Norte,Region XIII (Caraga)
31396,86.54814911,125.63750213023356,9.012500305641812,Butuan City (Capital),Agusan del Norte,Region XIII (Caraga)
31397,79.51869202,125.66250213065744,9.012500305641812,Butuan City (Capital),Agusan del Norte,Region XIII (Caraga)
31398,77.16998291,125.68750213108135,9.012500305641812,Butuan City (Capital),Agusan del Norte,Region XIII (Caraga)
31399,75.37644958,125.71250213150525,9.012500305641812,Butuan City (Capital),Agusan del Norte,Region XIII (Caraga)
31400,89.81928253,125.48750212769026,8.987500304793985,Butuan City (Capital),Agusan del Norte,Region XIII (Caraga)
31401,89.72939301,125.51250212811412,8.987500304793985,Butuan City (Capital),Agusan del Norte,Region XIII (Caraga)
31402,89.78672028,125.53750212853802,8.987500304793985,Butuan City (Capital),Agusan del Norte,Region XIII (Caraga)
31403,90.3084259,125.56250212896192,8.987500304793985,Butuan City (Capital),Agusan del Norte,Region XIII (Caraga)
31404,87.91294861,125.5875021293858,8.987500304793985,Butuan City (Capital),Agusan del Norte,Region XIII (Caraga)
31405,86.76030731,125.61250212980968,8.987500304793985,Butuan City (Capital),Agusan del Norte,Region XIII (Caraga)
31406,86.67445374,125.63750213023356,8.987500304793985,Butuan City (Capital),Agusan del Norte,Region XIII (Caraga)
31407,79.74701691,125.66250213065744,8.987500304793985,Butuan City (Capital),Agusan del Norte,Region XIII (Caraga)
31408,77.40451813,125.68750213108135,8.987500304793985,Butuan City (Capital),Agusan del Norte,Region XIII (Caraga)
31409,89.69177246,125.48750212769026,8.962500303946154,Butuan City (Capital),Agusan del Norte,Region XIII (Caraga)
31410,89.78740692,125.51250212811412,8.962500303946154,Butuan City (Capital),Agusan del Norte,Region XIII (Caraga)
31411,90.08181763,125.53750212853802,8.962500303946154,Butuan City (Capital),Agusan del Norte,Region XIII (Caraga)
31412,90.15904236,125.56250212896192,8.962500303946154,Butuan City (Capital),Agusan del Norte,Region XIII (Caraga)
31413,88.16709137,125.5875021293858,8.962500303946154,Butuan City (Capital),Agusan del Norte,Region XIII (Caraga)
31414,87.1341095,125.61250212980968,8.962500303946154,Butuan City (Capital),Agusan del Norte,Region XIII (Caraga)
31415,85.65631866,125.63750213023356,8.962500303946154,Butuan City (Capital),Agusan del Norte,Region XIII (Caraga)
31416,83.25758362,125.66250213065744,8.962500303946154,Butuan City (Capital),Agusan del Norte,Region XIII (Caraga)
31417,78.32204437,125.68750213108135,8.962500303946154,Butuan City (Capital),Agusan del Norte,Region XIII (Caraga)
31418,88.63539886,125.46250212726636,8.937500303098327,Butuan City (Capital),Agusan del Norte,Region XIII (Caraga)
31419,89.27153778,125.48750212769026,8.937500303098327,Butuan City (Capital),Agusan del Norte,Region XIII (Caraga)
31420,89.3985672,125.51250212811412,8.937500303098327,Butuan City (Capital),Agusan del Norte,Region XIII (Caraga)
31421,89.9474411,125.53750212853802,8.937500303098327,Butuan City (Capital),Agusan del Norte,Region XIII (Caraga)
31422,90.0247879,125.56250212896192,8.937500303098327,Butuan City (Capital),Agusan del Norte,Region XIII (Caraga)
31423,88.14945221,125.5875021293858,8.937500303098327,Butuan City (Capital),Agusan del Norte,Region XIII (Caraga)
31424,87.23715973,125.61250212980968,8.937500303098327,Butuan City (Capital),Agusan del Norte,Region XIII (Caraga)
31425,86.11524963,125.63750213023356,8.937500303098327,Butuan City (Capital),Agusan del Norte,Region XIII (Caraga)
31426,83.75165558,125.66250213065744,8.937500303098327,Butuan City (Capital),Agusan del Norte,Region XIII (Caraga)
31427,89.34202576,125.48750212769026,8.912500302250496,Butuan City (Capital),Agusan del Norte,Region XIII (Caraga)
31428,89.30883026,125.51250212811412,8.912500302250496,Butuan City (Capital),Agusan del Norte,Region XIII (Caraga)
31429,89.40625,125.53750212853802,8.912500302250496,Butuan City (Capital),Agusan del Norte,Region XIII (Caraga)
31430,90.14130402,125.56250212896192,8.912500302250496,Butuan City (Capital),Agusan del Norte,Region XIII (Caraga)
31431,88.08095551,125.5875021293858,8.912500302250496,Butuan City (Capital),Agusan del Norte,Region XIII (Caraga)
31432,87.17480469,125.61250212980968,8.912500302250496,Butuan City (Capital),Agusan del Norte,Region XIII (Caraga)
31433,87.21098328,125.63750213023356,8.912500302250496,Butuan City (Capital),Agusan del Norte,Region XIII (Caraga)
31434,89.34675598,125.48750212769026,8.887500301402667,Butuan City (Capital),Agusan del Norte,Region XIII (Caraga)
31435,89.32770538,125.51250212811412,8.887500301402667,Butuan City (Capital),Agusan del Norte,Region XIII (Caraga)
31436,89.39240265,125.53750212853802,8.887500301402667,Butuan City (Capital),Agusan del Norte,Region XIII (Caraga)
31437,90.10702515,125.56250212896192,8.887500301402667,Butuan City (Capital),Agusan del Norte,Region XIII (Caraga)
31438,88.36684418,125.5875021293858,8.887500301402667,Butuan City (Capital),Agusan del Norte,Region XIII (Caraga)
31439,87.60430145,125.61250212980968,8.887500301402667,Butuan City (Capital),Agusan del Norte,Region XIII (Caraga)
31440,89.30641174,125.48750212769026,8.86250030055484,Butuan City (Capital),Agusan del Norte,Region XIII (Caraga)
31441,89.39550018,125.51250212811412,8.86250030055484,Butuan City (Capital),Agusan del Norte,Region XIII (Caraga)
31442,89.77345276,125.53750212853802,8.86250030055484,Butuan City (Capital),Agusan del Norte,Region XIII (Caraga)
31443,89.82131195,125.56250212896192,8.86250030055484,Butuan City (Capital),Agusan del Norte,Region XIII (Caraga)
31444,88.65846252,125.5875021293858,8.86250030055484,Butuan City (Capital),Agusan del Norte,Region XIII (Caraga)
31445,88.05335999,125.61250212980968,8.86250030055484,Butuan City (Capital),Agusan del Norte,Region XIII (Caraga)
31446,89.0681839,125.48750212769026,8.83750029970701,Butuan City (Capital),Agusan del Norte,Region XIII (Caraga)
31447,89.11642456,125.51250212811412,8.83750029970701,Butuan City (Capital),Agusan del Norte,Region XIII (Caraga)
31448,89.53561401,125.53750212853802,8.83750029970701,Butuan City (Capital),Agusan del Norte,Region XIII (Caraga)
31449,89.58344269,125.56250212896192,8.83750029970701,Butuan City (Capital),Agusan del Norte,Region XIII (Caraga)
31450,88.2140274,125.5875021293858,8.83750029970701,Butuan City (Capital),Agusan del Norte,Region XIII (Caraga)
31451,87.63119507,125.61250212980968,8.83750029970701,Butuan City (Capital),Agusan del Norte,Region XIII (Caraga)
31452,86.91049957,125.63750213023356,8.83750029970701,Butuan City (Capital),Agusan del Norte,Region XIII (Caraga)
31453,89.26857758,125.48750212769026,8.812500298859183,Butuan City (Capital),Agusan del Norte,Region XIII (Caraga)
31454,89.30470276,125.51250212811412,8.812500298859183,Butuan City (Capital),Agusan del Norte,Region XIII (Caraga)
31455,89.38614655,125.53750212853802,8.812500298859183,Butuan City (Capital),Agusan del Norte,Region XIII (Caraga)
31456,89.92883301,125.56250212896192,8.812500298859183,Butuan City (Capital),Agusan del Norte,Region XIII (Caraga)
31457,88.83493805,125.5875021293858,8.812500298859183,Butuan City (Capital),Agusan del Norte,Region XIII (Caraga)
31458,88.40541077,125.61250212980968,8.812500298859183,Butuan City (Capital),Agusan del Norte,Region XIII (Caraga)
31459,88.49606323,125.63750213023356,8.812500298859183,Butuan City (Capital),Agusan del Norte,Region XIII (Caraga)
31460,89.49603271,125.51250212811412,8.787500298011352,Butuan City (Capital),Agusan del Norte,Region XIII (Caraga)
31461,89.54211426,125.53750212853802,8.787500298011352,Butuan City (Capital),Agusan del Norte,Region XIII (Caraga)
31462,90.08502197,125.56250212896192,8.787500298011352,Butuan City (Capital),Agusan del Norte,Region XIII (Caraga)
31463,89.41809845,125.5875021293858,8.787500298011352,Butuan City (Capital),Agusan del Norte,Region XIII (Caraga)
31464,89.18095398,125.61250212980968,8.787500298011352,Butuan City (Capital),Agusan del Norte,Region XIII (Caraga)
31465,89.26255798,125.63750213023356,8.787500298011352,Butuan City (Capital),Agusan del Norte,Region XIII (Caraga)
31466,89.42333984,125.51250212811412,8.762500297163523,Butuan City (Capital),Agusan del Norte,Region XIII (Caraga)
31467,89.5621109,125.53750212853802,8.762500297163523,Butuan City (Capital),Agusan del Norte,Region XIII (Caraga)
31468,89.60790253,125.56250212896192,8.762500297163523,Butuan City (Capital),Agusan del Norte,Region XIII (Caraga)
31469,89.3037796,125.5875021293858,8.762500297163523,Butuan City (Capital),Agusan del Norte,Region XIII (Caraga)
31470,89.13047028,125.61250212980968,8.762500297163523,Butuan City (Capital),Agusan del Norte,Region XIII (Caraga)
31471,88.93009949,125.63750213023356,8.762500297163523,Butuan City (Capital),Agusan del Norte,Region XIII (Caraga)
31472,83.34940338,125.63750213023356,9.212500312424442,City of Cabadbaran,Agusan del Norte,Region XIII (Caraga)
31473,76.03497314,125.66250213065744,9.212500312424442,City of Cabadbaran,Agusan del Norte,Region XIII (Caraga)
31474,74.34880066,125.68750213108135,9.212500312424442,City of Cabadbaran,Agusan del Norte,Region XIII (Caraga)
31475,73.05731201,125.71250213150525,9.212500312424442,City of Cabadbaran,Agusan del Norte,Region XIII (Caraga)
31476,72.08760071,125.73750213192912,9.212500312424442,City of Cabadbaran,Agusan del Norte,Region XIII (Caraga)
31477,85.92160034,125.5875021293858,9.187500311576612,City of Cabadbaran,Agusan del Norte,Region XIII (Caraga)
31478,83.63536072,125.61250212980968,9.187500311576612,City of Cabadbaran,Agusan del Norte,Region XIII (Caraga)
31479,83.00717163,125.63750213023356,9.187500311576612,City of Cabadbaran,Agusan del Norte,Region XIII (Caraga)
31480,74.85076904,125.66250213065744,9.187500311576612,City of Cabadbaran,Agusan del Norte,Region XIII (Caraga)
31481,72.54605865,125.68750213108135,9.187500311576612,City of Cabadbaran,Agusan del Norte,Region XIII (Caraga)
31482,70.79764557,125.71250213150525,9.187500311576612,City of Cabadbaran,Agusan del Norte,Region XIII (Caraga)
31483,69.24443054,125.73750213192912,9.187500311576612,City of Cabadbaran,Agusan del Norte,Region XIII (Caraga)
31484,65.86550903,125.762502132353,9.187500311576612,City of Cabadbaran,Agusan del Norte,Region XIII (Caraga)
31485,85.73848724,125.5875021293858,9.162500310728785,City of Cabadbaran,Agusan del Norte,Region XIII (Caraga)
31486,82.96235657,125.61250212980968,9.162500310728785,City of Cabadbaran,Agusan del Norte,Region XIII (Caraga)
31487,79.78034973,125.63750213023356,9.162500310728785,City of Cabadbaran,Agusan del Norte,Region XIII (Caraga)
31488,76.34091187,125.66250213065744,9.162500310728785,City of Cabadbaran,Agusan del Norte,Region XIII (Caraga)
31489,71.0847702,125.68750213108135,9.162500310728785,City of Cabadbaran,Agusan del Norte,Region XIII (Caraga)
31490,68.37043762,125.71250213150525,9.162500310728785,City of Cabadbaran,Agusan del Norte,Region XIII (Caraga)
31491,63.95684433,125.73750213192912,9.162500310728785,City of Cabadbaran,Agusan del Norte,Region XIII (Caraga)
31492,63.56652451,125.762502132353,9.162500310728785,City of Cabadbaran,Agusan del Norte,Region XIII (Caraga)
31493,91.57739258,125.53750212853802,9.137500309880956,City of Cabadbaran,Agusan del Norte,Region XIII (Caraga)
31494,91.44535828,125.56250212896192,9.137500309880956,City of Cabadbaran,Agusan del Norte,Region XIII (Caraga)
31495,86.32894897,125.5875021293858,9.137500309880956,City of Cabadbaran,Agusan del Norte,Region XIII (Caraga)
31496,83.63527679,125.61250212980968,9.137500309880956,City of Cabadbaran,Agusan del Norte,Region XIII (Caraga)
31497,80.33989716,125.63750213023356,9.137500309880956,City of Cabadbaran,Agusan del Norte,Region XIII (Caraga)
31498,76.88054657,125.66250213065744,9.137500309880956,City of Cabadbaran,Agusan del Norte,Region XIII (Caraga)
31499,71.26808929,125.68750213108135,9.137500309880956,City of Cabadbaran,Agusan del Norte,Region XIII (Caraga)
31500,68.40596771,125.71250213150525,9.137500309880956,City of Cabadbaran,Agusan del Norte,Region XIII (Caraga)
31501,63.51236343,125.73750213192912,9.137500309880956,City of Cabadbaran,Agusan del Norte,Region XIII (Caraga)
31502,91.48612213,125.53750212853802,9.112500309033123,City of Cabadbaran,Agusan del Norte,Region XIII (Caraga)
31503,90.72377014,125.56250212896192,9.112500309033123,City of Cabadbaran,Agusan del Norte,Region XIII (Caraga)
31504,86.66893768,125.5875021293858,9.112500309033123,City of Cabadbaran,Agusan del Norte,Region XIII (Caraga)
31505,84.47615814,125.61250212980968,9.112500309033123,City of Cabadbaran,Agusan del Norte,Region XIII (Caraga)
31506,83.95822144,125.63750213023356,9.112500309033123,City of Cabadbaran,Agusan del Norte,Region XIII (Caraga)
31507,74.78392792,125.66250213065744,9.112500309033123,City of Cabadbaran,Agusan del Norte,Region XIII (Caraga)
31508,72.01835632,125.68750213108135,9.112500309033123,City of Cabadbaran,Agusan del Norte,Region XIII (Caraga)
31509,69.97258759,125.71250213150525,9.112500309033123,City of Cabadbaran,Agusan del Norte,Region XIII (Caraga)
31510,68.18779755,125.73750213192912,9.112500309033123,City of Cabadbaran,Agusan del Norte,Region XIII (Caraga)
31511,91.34984589,125.53750212853802,9.087500308185298,City of Cabadbaran,Agusan del Norte,Region XIII (Caraga)
31512,90.68855286,125.56250212896192,9.087500308185298,City of Cabadbaran,Agusan del Norte,Region XIII (Caraga)
31513,87.12692261,125.5875021293858,9.087500308185298,City of Cabadbaran,Agusan del Norte,Region XIII (Caraga)
31514,85.24671936,125.61250212980968,9.087500308185298,City of Cabadbaran,Agusan del Norte,Region XIII (Caraga)
31515,84.89557648,125.63750213023356,9.087500308185298,City of Cabadbaran,Agusan del Norte,Region XIII (Caraga)
31516,75.96733856,125.66250213065744,9.087500308185298,City of Cabadbaran,Agusan del Norte,Region XIII (Caraga)
31517,73.21670532,125.68750213108135,9.087500308185298,City of Cabadbaran,Agusan del Norte,Region XIII (Caraga)
31518,71.26313782,125.71250213150525,9.087500308185298,City of Cabadbaran,Agusan del Norte,Region XIII (Caraga)
31519,69.7268219,125.73750213192912,9.087500308185298,City of Cabadbaran,Agusan del Norte,Region XIII (Caraga)
31520,97.48856354,125.21250212302748,9.087500308185298,Carmen,Agusan del Norte,Region XIII (Caraga)
31521,97.24571228,125.21250212302748,9.062500307337467,Carmen,Agusan del Norte,Region XIII (Caraga)
31522,95.30600739,125.23750212345136,9.012500305641812,Carmen,Agusan del Norte,Region XIII (Caraga)
31523,94.31710815,125.26250212387527,8.987500304793985,Carmen,Agusan del Norte,Region XIII (Caraga)
31524,92.50032806,125.28750212429917,8.987500304793985,Carmen,Agusan del Norte,Region XIII (Caraga)
31525,94.26062012,125.23750212345136,8.962500303946154,Carmen,Agusan del Norte,Region XIII (Caraga)
31526,94.19293213,125.26250212387527,8.962500303946154,Carmen,Agusan del Norte,Region XIII (Caraga)
31527,92.39983368,125.28750212429917,8.962500303946154,Carmen,Agusan del Norte,Region XIII (Caraga)
31528,93.8080368,125.23750212345136,8.937500303098327,Carmen,Agusan del Norte,Region XIII (Caraga)
31529,93.74045563,125.26250212387527,8.937500303098327,Carmen,Agusan del Norte,Region XIII (Caraga)
31530,91.88034058,125.28750212429917,8.937500303098327,Carmen,Agusan del Norte,Region XIII (Caraga)
31531,93.56207275,125.23750212345136,8.912500302250496,Carmen,Agusan del Norte,Region XIII (Caraga)
31532,93.29550934,125.26250212387527,8.912500302250496,Carmen,Agusan del Norte,Region XIII (Caraga)
31533,91.79163361,125.28750212429917,8.912500302250496,Carmen,Agusan del Norte,Region XIII (Caraga)
31534,92.64344788,125.26250212387527,8.887500301402667,Carmen,Agusan del Norte,Region XIII (Caraga)
31535,91.48435974,125.28750212429917,8.887500301402667,Carmen,Agusan del Norte,Region XIII (Caraga)
31536,96.35520172,125.46250212726636,9.437500320054902,Jabonga,Agusan del Norte,Region XIII (Caraga)
31537,95.66329193,125.48750212769026,9.437500320054902,Jabonga,Agusan del Norte,Region XIII (Caraga)
31538,95.03850555,125.46250212726636,9.412500319207073,Jabonga,Agusan del Norte,Region XIII (Caraga)
31539,94.75750732,125.48750212769026,9.412500319207073,Jabonga,Agusan del Norte,Region XIII (Caraga)
31540,94.1885376,125.46250212726636,9.387500318359244,Jabonga,Agusan del Norte,Region XIII (Caraga)
31541,93.92165375,125.48750212769026,9.387500318359244,Jabonga,Agusan del Norte,Region XIII (Caraga)
31542,94.01116943,125.48750212769026,9.362500317511415,Jabonga,Agusan del Norte,Region XIII (Caraga)
31543,90.59412384,125.56250212896192,9.362500317511415,Jabonga,Agusan del Norte,Region XIII (Caraga)
31544,86.93531036,125.5875021293858,9.362500317511415,Jabonga,Agusan del Norte,Region XIII (Caraga)
31545,84.79264069,125.61250212980968,9.362500317511415,Jabonga,Agusan del Norte,Region XIII (Caraga)
31546,81.37756348,125.63750213023356,9.362500317511415,Jabonga,Agusan del Norte,Region XIII (Caraga)
31547,81.57099152,125.66250213065744,9.362500317511415,Jabonga,Agusan del Norte,Region XIII (Caraga)
31548,80.37181091,125.68750213108135,9.362500317511415,Jabonga,Agusan del Norte,Region XIII (Caraga)
31549,79.60050201,125.71250213150525,9.362500317511415,Jabonga,Agusan del Norte,Region XIII (Caraga)
31550,78.14838409,125.73750213192912,9.362500317511415,Jabonga,Agusan del Norte,Region XIII (Caraga)
31551,92.73435211,125.51250212811412,9.337500316663586,Jabonga,Agusan del Norte,Region XIII (Caraga)
31552,90.89173126,125.53750212853802,9.337500316663586,Jabonga,Agusan del Norte,Region XIII (Caraga)
31553,90.52931976,125.56250212896192,9.337500316663586,Jabonga,Agusan del Norte,Region XIII (Caraga)
31554,86.71426392,125.5875021293858,9.337500316663586,Jabonga,Agusan del Norte,Region XIII (Caraga)
31555,84.44654846,125.61250212980968,9.337500316663586,Jabonga,Agusan del Norte,Region XIII (Caraga)
31556,80.90171051,125.63750213023356,9.337500316663586,Jabonga,Agusan del Norte,Region XIII (Caraga)
31557,80.9234314,125.66250213065744,9.337500316663586,Jabonga,Agusan del Norte,Region XIII (Caraga)
31558,78.9254837,125.68750213108135,9.337500316663586,Jabonga,Agusan del Norte,Region XIII (Caraga)
31559,78.05302429,125.71250213150525,9.337500316663586,Jabonga,Agusan del Norte,Region XIII (Caraga)
31560,76.73986053,125.73750213192912,9.337500316663586,Jabonga,Agusan del Norte,Region XIII (Caraga)
31561,92.61040497,125.51250212811412,9.312500315815758,Jabonga,Agusan del Norte,Region XIII (Caraga)
31562,92.02061462,125.53750212853802,9.312500315815758,Jabonga,Agusan del Norte,Region XIII (Caraga)
31563,88.47546387,125.56250212896192,9.312500315815758,Jabonga,Agusan del Norte,Region XIII (Caraga)
31564,86.13155365,125.5875021293858,9.312500315815758,Jabonga,Agusan del Norte,Region XIII (Caraga)
31565,84.29937744,125.61250212980968,9.312500315815758,Jabonga,Agusan del Norte,Region XIII (Caraga)
31566,83.23387146,125.63750213023356,9.312500315815758,Jabonga,Agusan del Norte,Region XIII (Caraga)
31567,78.63666534,125.66250213065744,9.312500315815758,Jabonga,Agusan del Norte,Region XIII (Caraga)
31568,78.22315979,125.68750213108135,9.312500315815758,Jabonga,Agusan del Norte,Region XIII (Caraga)
31569,77.5295639,125.71250213150525,9.312500315815758,Jabonga,Agusan del Norte,Region XIII (Caraga)
31570,76.92526245,125.73750213192912,9.312500315815758,Jabonga,Agusan del Norte,Region XIII (Caraga)
31571,92.72589874,125.56250212896192,9.462500320902732,Kitcharao,Agusan del Norte,Region XIII (Caraga)
31572,92.66582489,125.56250212896192,9.437500320054902,Kitcharao,Agusan del Norte,Region XIII (Caraga)
31573,89.68351746,125.5875021293858,9.437500320054902,Kitcharao,Agusan del Norte,Region XIII (Caraga)
31574,88.15177917,125.61250212980968,9.437500320054902,Kitcharao,Agusan del Norte,Region XIII (Caraga)
31575,85.7484436,125.63750213023356,9.437500320054902,Kitcharao,Agusan del Norte,Region XIII (Caraga)
31576,86.33185577,125.66250213065744,9.437500320054902,Kitcharao,Agusan del Norte,Region XIII (Caraga)
31577,89.48977661,125.56250212896192,9.412500319207073,Kitcharao,Agusan del Norte,Region XIII (Caraga)
31578,88.09931183,125.5875021293858,9.412500319207073,Kitcharao,Agusan del Norte,Region XIII (Caraga)
31579,86.77249908,125.61250212980968,9.412500319207073,Kitcharao,Agusan del Norte,Region XIII (Caraga)
31580,85.85951996,125.63750213023356,9.412500319207073,Kitcharao,Agusan del Norte,Region XIII (Caraga)
31581,82.60314178,125.66250213065744,9.412500319207073,Kitcharao,Agusan del Norte,Region XIII (Caraga)
31582,82.58171082,125.68750213108135,9.412500319207073,Kitcharao,Agusan del Norte,Region XIII (Caraga)
31583,82.25630951,125.71250213150525,9.412500319207073,Kitcharao,Agusan del Norte,Region XIII (Caraga)
31584,88.49884796,125.56250212896192,9.387500318359244,Kitcharao,Agusan del Norte,Region XIII (Caraga)
31585,86.72841644,125.5875021293858,9.387500318359244,Kitcharao,Agusan del Norte,Region XIII (Caraga)
31586,85.15348816,125.61250212980968,9.387500318359244,Kitcharao,Agusan del Norte,Region XIII (Caraga)
31587,84.09661102,125.63750213023356,9.387500318359244,Kitcharao,Agusan del Norte,Region XIII (Caraga)
31588,80.67634583,125.66250213065744,9.387500318359244,Kitcharao,Agusan del Norte,Region XIII (Caraga)
31589,80.63790894,125.68750213108135,9.387500318359244,Kitcharao,Agusan del Norte,Region XIII (Caraga)
31590,80.16376495,125.71250213150525,9.387500318359244,Kitcharao,Agusan del Norte,Region XIII (Caraga)
31591,79.67434692,125.73750213192912,9.387500318359244,Kitcharao,Agusan del Norte,Region XIII (Caraga)
31592,88.78705597,125.26250212387527,8.737500296315694,Las Nieves,Agusan del Norte,Region XIII (Caraga)
31593,89.37382507,125.46250212726636,8.737500296315694,Las Nieves,Agusan del Norte,Region XIII (Caraga)
31594,89.80534363,125.48750212769026,8.737500296315694,Las Nieves,Agusan del Norte,Region XIII (Caraga)
31595,89.891922,125.51250212811412,8.737500296315694,Las Nieves,Agusan del Norte,Region XIII (Caraga)
31596,89.9649353,125.53750212853802,8.737500296315694,Las Nieves,Agusan del Norte,Region XIII (Caraga)
31597,90.01094055,125.56250212896192,8.737500296315694,Las Nieves,Agusan del Norte,Region XIII (Caraga)
31598,89.91755676,125.5875021293858,8.737500296315694,Las Nieves,Agusan del Norte,Region XIII (Caraga)
31599,89.84906006,125.61250212980968,8.737500296315694,Las Nieves,Agusan del Norte,Region XIII (Caraga)
31600,89.70191956,125.63750213023356,8.737500296315694,Las Nieves,Agusan del Norte,Region XIII (Caraga)
31601,88.90245819,125.66250213065744,8.737500296315694,Las Nieves,Agusan del Norte,Region XIII (Caraga)
31602,90.32226563,125.48750212769026,8.712500295467866,Las Nieves,Agusan del Norte,Region XIII (Caraga)
31603,90.40657043,125.51250212811412,8.712500295467866,Las Nieves,Agusan del Norte,Region XIII (Caraga)
31604,90.44622803,125.53750212853802,8.712500295467866,Las Nieves,Agusan del Norte,Region XIII (Caraga)
31605,90.91491699,125.56250212896192,8.712500295467866,Las Nieves,Agusan del Norte,Region XIII (Caraga)
31606,90.67502594,125.5875021293858,8.712500295467866,Las Nieves,Agusan del Norte,Region XIII (Caraga)
31607,90.64794922,125.61250212980968,8.712500295467866,Las Nieves,Agusan del Norte,Region XIII (Caraga)
31608,90.75072479,125.63750213023356,8.712500295467866,Las Nieves,Agusan del Norte,Region XIII (Caraga)
31609,90.17784882,125.66250213065744,8.712500295467866,Las Nieves,Agusan del Norte,Region XIII (Caraga)
31610,91.24077606,125.53750212853802,9.062500307337467,Magallanes,Agusan del Norte,Region XIII (Caraga)
31611,90.91233826,125.53750212853802,9.03750030648964,Magallanes,Agusan del Norte,Region XIII (Caraga)
31612,90.92101288,125.56250212896192,9.03750030648964,Magallanes,Agusan del Norte,Region XIII (Caraga)
31613,90.10024261,125.53750212853802,9.012500305641812,Magallanes,Agusan del Norte,Region XIII (Caraga)
31614,90.57301331,125.56250212896192,9.012500305641812,Magallanes,Agusan del Norte,Region XIII (Caraga)
31615,91.58009338,125.31250212472304,8.987500304793985,Nasipit,Agusan del Norte,Region XIII (Caraga)
31616,91.4358902,125.33750212514693,8.987500304793985,Nasipit,Agusan del Norte,Region XIII (Caraga)
31617,91.06269073,125.3625021255708,8.987500304793985,Nasipit,Agusan del Norte,Region XIII (Caraga)
31618,91.49165344,125.31250212472304,8.962500303946154,Nasipit,Agusan del Norte,Region XIII (Caraga)
31619,90.94129944,125.33750212514693,8.962500303946154,Nasipit,Agusan del Norte,Region XIII (Caraga)
31620,90.90570831,125.3625021255708,8.962500303946154,Nasipit,Agusan del Norte,Region XIII (Caraga)
31621,91.07202148,125.31250212472304,8.937500303098327,Nasipit,Agusan del Norte,Region XIII (Caraga)
31622,90.91360474,125.33750212514693,8.937500303098327,Nasipit,Agusan del Norte,Region XIII (Caraga)
31623,90.87799072,125.3625021255708,8.937500303098327,Nasipit,Agusan del Norte,Region XIII (Caraga)
31624,91.07299805,125.31250212472304,8.912500302250496,Nasipit,Agusan del Norte,Region XIII (Caraga)
31625,91.01573181,125.33750212514693,8.912500302250496,Nasipit,Agusan del Norte,Region XIII (Caraga)
31626,90.8964386,125.3625021255708,8.912500302250496,Nasipit,Agusan del Norte,Region XIII (Caraga)
31627,90.95734406,125.31250212472304,8.887500301402667,Nasipit,Agusan del Norte,Region XIII (Caraga)
31628,90.95696259,125.33750212514693,8.887500301402667,Nasipit,Agusan del Norte,Region XIII (Caraga)
31629,92.01191711,125.53750212853802,9.287500314967929,Santiago,Agusan del Norte,Region XIII (Caraga)
31630,88.55143738,125.56250212896192,9.287500314967929,Santiago,Agusan del Norte,Region XIII (Caraga)
31631,86.25821686,125.5875021293858,9.287500314967929,Santiago,Agusan del Norte,Region XIII (Caraga)
31632,84.54728699,125.61250212980968,9.287500314967929,Santiago,Agusan del Norte,Region XIII (Caraga)
31633,83.66247559,125.63750213023356,9.287500314967929,Santiago,Agusan del Norte,Region XIII (Caraga)
31634,79.07126617,125.66250213065744,9.287500314967929,Santiago,Agusan del Norte,Region XIII (Caraga)
31635,78.48152924,125.68750213108135,9.287500314967929,Santiago,Agusan del Norte,Region XIII (Caraga)
31636,77.67545319,125.71250213150525,9.287500314967929,Santiago,Agusan del Norte,Region XIII (Caraga)
31637,77.03405762,125.73750213192912,9.287500314967929,Santiago,Agusan del Norte,Region XIII (Caraga)
31638,91.06960297,125.53750212853802,9.2625003141201,Santiago,Agusan del Norte,Region XIII (Caraga)
31639,90.82524872,125.56250212896192,9.2625003141201,Santiago,Agusan del Norte,Region XIII (Caraga)
31640,86.08711243,125.5875021293858,9.2625003141201,Santiago,Agusan del Norte,Region XIII (Caraga)
31641,83.76564789,125.61250212980968,9.2625003141201,Santiago,Agusan del Norte,Region XIII (Caraga)
31642,81.03305054,125.63750213023356,9.2625003141201,Santiago,Agusan del Norte,Region XIII (Caraga)
31643,80.10713196,125.66250213065744,9.2625003141201,Santiago,Agusan del Norte,Region XIII (Caraga)
31644,77.01493835,125.68750213108135,9.2625003141201,Santiago,Agusan del Norte,Region XIII (Caraga)
31645,75.8490448,125.71250213150525,9.2625003141201,Santiago,Agusan del Norte,Region XIII (Caraga)
31646,74.39746094,125.73750213192912,9.2625003141201,Santiago,Agusan del Norte,Region XIII (Caraga)
31647,91.01953888,125.56250212896192,9.237500313272273,Santiago,Agusan del Norte,Region XIII (Caraga)
31648,86.33926392,125.5875021293858,9.237500313272273,Santiago,Agusan del Norte,Region XIII (Caraga)
31649,83.80815887,125.61250212980968,9.237500313272273,Santiago,Agusan del Norte,Region XIII (Caraga)
31650,80.88588715,125.63750213023356,9.237500313272273,Santiago,Agusan del Norte,Region XIII (Caraga)
31651,79.1633606,125.66250213065744,9.237500313272273,Santiago,Agusan del Norte,Region XIII (Caraga)
31652,74.74661255,125.68750213108135,9.237500313272273,Santiago,Agusan del Norte,Region XIII (Caraga)
31653,73.36235046,125.71250213150525,9.237500313272273,Santiago,Agusan del Norte,Region XIII (Caraga)
31654,71.59686279,125.73750213192912,9.237500313272273,Santiago,Agusan del Norte,Region XIII (Caraga)
31655,92.56191254,125.51250212811412,9.287500314967929,Tubay,Agusan del Norte,Region XIII (Caraga)
31656,92.69767761,125.51250212811412,9.2625003141201,Tubay,Agusan del Norte,Region XIII (Caraga)
31657,91.26439667,125.53750212853802,9.237500313272273,Tubay,Agusan del Norte,Region XIII (Caraga)
31658,91.9101944,125.53750212853802,9.212500312424442,Tubay,Agusan del Norte,Region XIII (Caraga)
31659,89.69364929,125.56250212896192,9.212500312424442,Tubay,Agusan del Norte,Region XIII (Caraga)
31660,86.24140167,125.5875021293858,9.212500312424442,Tubay,Agusan del Norte,Region XIII (Caraga)
31661,84.12628937,125.61250212980968,9.212500312424442,Tubay,Agusan del Norte,Region XIII (Caraga)
31662,92.08179474,125.53750212853802,9.187500311576612,Tubay,Agusan del Norte,Region XIII (Caraga)
31663,89.94159698,125.56250212896192,9.187500311576612,Tubay,Agusan del Norte,Region XIII (Caraga)
31664,91.64813232,125.53750212853802,9.162500310728785,Tubay,Agusan del Norte,Region XIII (Caraga)
31665,91.51610565,125.56250212896192,9.162500310728785,Tubay,Agusan del Norte,Region XIII (Caraga)
31666,91.24951935,125.56250212896192,9.062500307337467,Remedios T. Romualdez,Agusan del Norte,Region XIII (Caraga)
31667,87.2671814,125.5875021293858,9.062500307337467,Remedios T. Romualdez,Agusan del Norte,Region XIII (Caraga)
31668,85.31833649,125.61250212980968,9.062500307337467,Remedios T. Romualdez,Agusan del Norte,Region XIII (Caraga)
31669,83.09536743,125.63750213023356,9.062500307337467,Remedios T. Romualdez,Agusan del Norte,Region XIII (Caraga)
31670,80.13378906,125.66250213065744,9.062500307337467,Remedios T. Romualdez,Agusan del Norte,Region XIII (Caraga)
31671,73.91590118,125.68750213108135,9.062500307337467,Remedios T. Romualdez,Agusan del Norte,Region XIII (Caraga)
31672,71.32668304,125.71250213150525,9.062500307337467,Remedios T. Romualdez,Agusan del Norte,Region XIII (Caraga)
31673,67.91957855,125.73750213192912,9.062500307337467,Remedios T. Romualdez,Agusan del Norte,Region XIII (Caraga)
