unique id,value,lon,lat,municipality name,province name,region
33666,114.0663605,125.61250212980968,10.137500343794107,Basilisa (Rizal),Dinagat Islands,Region XIII (Caraga)
33667,115.1452942,125.48750212769026,10.11250034294628,Basilisa (Rizal),Dinagat Islands,Region XIII (Caraga)
33668,114.9162369,125.51250212811412,10.11250034294628,Basilisa (Rizal),Dinagat Islands,Region XIII (Caraga)
33669,114.7735977,125.53750212853802,10.11250034294628,Basilisa (Rizal),Dinagat Islands,Region XIII (Caraga)
33670,114.5879593,125.56250212896192,10.11250034294628,Basilisa (Rizal),Dinagat Islands,Region XIII (Caraga)
33671,114.3265457,125.5875021293858,10.11250034294628,Basilisa (Rizal),Dinagat Islands,Region XIII (Caraga)
33672,114.1766129,125.61250212980968,10.11250034294628,Basilisa (Rizal),Dinagat Islands,Region XIII (Caraga)
33673,115.0872803,125.51250212811412,10.087500342098451,Basilisa (Rizal),Dinagat Islands,Region XIII (Caraga)
33674,115.018074,125.53750212853802,10.087500342098451,Basilisa (Rizal),Dinagat Islands,Region XIII (Caraga)
33675,114.8263702,125.56250212896192,10.087500342098451,Basilisa (Rizal),Dinagat Islands,Region XIII (Caraga)
33676,114.5643539,125.5875021293858,10.087500342098451,Basilisa (Rizal),Dinagat Islands,Region XIII (Caraga)
33677,114.4262619,125.61250212980968,10.087500342098451,Basilisa (Rizal),Dinagat Islands,Region XIII (Caraga)
33678,114.6463394,125.61250212980968,10.062500341250622,Basilisa (Rizal),Dinagat Islands,Region XIII (Caraga)
33679,115.1748657,125.53750212853802,10.012500339554965,Basilisa (Rizal),Dinagat Islands,Region XIII (Caraga)
33680,113.5098496,125.63750213023356,10.162500344641938,Cagdianao,Dinagat Islands,Region XIII (Caraga)
33681,113.5444489,125.66250213065744,10.162500344641938,Cagdianao,Dinagat Islands,Region XIII (Caraga)
33682,113.8362274,125.63750213023356,10.137500343794107,Cagdianao,Dinagat Islands,Region XIII (Caraga)
33683,114.1270447,125.63750213023356,10.11250034294628,Cagdianao,Dinagat Islands,Region XIII (Caraga)
33684,114.110405,125.66250213065744,10.11250034294628,Cagdianao,Dinagat Islands,Region XIII (Caraga)
33685,114.4078827,125.63750213023356,10.087500342098451,Cagdianao,Dinagat Islands,Region XIII (Caraga)
33686,114.3906021,125.66250213065744,10.087500342098451,Cagdianao,Dinagat Islands,Region XIII (Caraga)
33687,114.4046936,125.68750213108135,10.087500342098451,Cagdianao,Dinagat Islands,Region XIII (Caraga)
33688,114.7270432,125.63750213023356,10.062500341250622,Cagdianao,Dinagat Islands,Region XIII (Caraga)
33689,114.7707443,125.66250213065744,10.062500341250622,Cagdianao,Dinagat Islands,Region XIII (Caraga)
33690,114.6266022,125.68750213108135,10.062500341250622,Cagdianao,Dinagat Islands,Region XIII (Caraga)
33691,114.8749466,125.63750213023356,10.037500340402794,Cagdianao,Dinagat Islands,Region XIII (Caraga)
33692,114.9186859,125.66250213065744,10.037500340402794,Cagdianao,Dinagat Islands,Region XIII (Caraga)
33693,114.9864197,125.68750213108135,10.037500340402794,Cagdianao,Dinagat Islands,Region XIII (Caraga)
33694,114.8964844,125.63750213023356,10.012500339554965,Cagdianao,Dinagat Islands,Region XIII (Caraga)
33695,114.9037094,125.66250213065744,10.012500339554965,Cagdianao,Dinagat Islands,Region XIII (Caraga)
33696,114.8799515,125.66250213065744,9.987500338707136,Cagdianao,Dinagat Islands,Region XIII (Caraga)
33697,114.9808273,125.66250213065744,9.962500337859309,Cagdianao,Dinagat Islands,Region XIII (Caraga)
33698,114.6917801,125.63750213023356,9.937500337011478,Cagdianao,Dinagat Islands,Region XIII (Caraga)
33699,114.8484268,125.66250213065744,9.937500337011478,Cagdianao,Dinagat Islands,Region XIII (Caraga)
33700,114.894249,125.68750213108135,9.937500337011478,Cagdianao,Dinagat Islands,Region XIII (Caraga)
33701,114.6578751,125.66250213065744,9.912500336163648,Cagdianao,Dinagat Islands,Region XIII (Caraga)
33702,114.762291,125.68750213108135,9.912500336163648,Cagdianao,Dinagat Islands,Region XIII (Caraga)
33703,114.5712891,125.66250213065744,9.88750033531582,Cagdianao,Dinagat Islands,Region XIII (Caraga)
33704,114.7071686,125.68750213108135,9.88750033531582,Cagdianao,Dinagat Islands,Region XIII (Caraga)
33705,114.0736237,125.66250213065744,9.862500334467992,Cagdianao,Dinagat Islands,Region XIII (Caraga)
33706,114.8972168,125.53750212853802,9.987500338707136,Dinagat,Dinagat Islands,Region XIII (Caraga)
33707,114.8540497,125.61250212980968,9.987500338707136,Dinagat,Dinagat Islands,Region XIII (Caraga)
33708,114.8279648,125.63750213023356,9.987500338707136,Dinagat,Dinagat Islands,Region XIII (Caraga)
33709,114.8723221,125.61250212980968,9.962500337859309,Dinagat,Dinagat Islands,Region XIII (Caraga)
33710,114.8527985,125.63750213023356,9.962500337859309,Dinagat,Dinagat Islands,Region XIII (Caraga)
33711,112.4464951,125.53750212853802,10.262500348033257,Libjo (Albor),Dinagat Islands,Region XIII (Caraga)
33712,112.4680405,125.56250212896192,10.262500348033257,Libjo (Albor),Dinagat Islands,Region XIII (Caraga)
33713,112.8751602,125.53750212853802,10.237500347185424,Libjo (Albor),Dinagat Islands,Region XIII (Caraga)
33714,112.8967819,125.56250212896192,10.237500347185424,Libjo (Albor),Dinagat Islands,Region XIII (Caraga)
33715,112.8735123,125.5875021293858,10.237500347185424,Libjo (Albor),Dinagat Islands,Region XIII (Caraga)
33716,113.356781,125.53750212853802,10.212500346337595,Libjo (Albor),Dinagat Islands,Region XIII (Caraga)
33717,113.424202,125.56250212896192,10.212500346337595,Libjo (Albor),Dinagat Islands,Region XIII (Caraga)
33718,113.1548996,125.5875021293858,10.212500346337595,Libjo (Albor),Dinagat Islands,Region XIII (Caraga)
33719,113.0294342,125.61250212980968,10.212500346337595,Libjo (Albor),Dinagat Islands,Region XIII (Caraga)
33720,113.0190048,125.63750213023356,10.212500346337595,Libjo (Albor),Dinagat Islands,Region XIII (Caraga)
33721,113.5505981,125.53750212853802,10.187500345489768,Libjo (Albor),Dinagat Islands,Region XIII (Caraga)
33722,113.5936432,125.56250212896192,10.187500345489768,Libjo (Albor),Dinagat Islands,Region XIII (Caraga)
33723,113.2716141,125.5875021293858,10.187500345489768,Libjo (Albor),Dinagat Islands,Region XIII (Caraga)
33724,113.1303177,125.61250212980968,10.187500345489768,Libjo (Albor),Dinagat Islands,Region XIII (Caraga)
33725,113.1423035,125.63750213023356,10.187500345489768,Libjo (Albor),Dinagat Islands,Region XIII (Caraga)
33726,113.8617401,125.51250212811412,10.162500344641938,Libjo (Albor),Dinagat Islands,Region XIII (Caraga)
33727,113.9996338,125.53750212853802,10.162500344641938,Libjo (Albor),Dinagat Islands,Region XIII (Caraga)
33728,113.9875031,125.56250212896192,10.162500344641938,Libjo (Albor),Dinagat Islands,Region XIII (Caraga)
33729,113.4959183,125.5875021293858,10.162500344641938,Libjo (Albor),Dinagat Islands,Region XIII (Caraga)
33730,113.348999,125.61250212980968,10.162500344641938,Libjo (Albor),Dinagat Islands,Region XIII (Caraga)
33731,114.7830353,125.51250212811412,10.137500343794107,Libjo (Albor),Dinagat Islands,Region XIII (Caraga)
33732,114.3794937,125.53750212853802,10.137500343794107,Libjo (Albor),Dinagat Islands,Region XIII (Caraga)
33733,114.3673935,125.56250212896192,10.137500343794107,Libjo (Albor),Dinagat Islands,Region XIII (Caraga)
33734,114.2170563,125.5875021293858,10.137500343794107,Libjo (Albor),Dinagat Islands,Region XIII (Caraga)
33735,110.7442932,125.63750213023356,10.462500354815884,Loreto,Dinagat Islands,Region XIII (Caraga)
33736,108.9618835,125.48750212769026,10.437500353968057,Loreto,Dinagat Islands,Region XIII (Caraga)
33737,110.4687805,125.61250212980968,10.437500353968057,Loreto,Dinagat Islands,Region XIII (Caraga)
33738,110.7325668,125.63750213023356,10.437500353968057,Loreto,Dinagat Islands,Region XIII (Caraga)
33739,110.4655914,125.61250212980968,10.412500353120226,Loreto,Dinagat Islands,Region XIII (Caraga)
33740,110.534111,125.63750213023356,10.412500353120226,Loreto,Dinagat Islands,Region XIII (Caraga)
33741,111.142128,125.66250213065744,10.412500353120226,Loreto,Dinagat Islands,Region XIII (Caraga)
33742,110.6943436,125.61250212980968,10.387500352272395,Loreto,Dinagat Islands,Region XIII (Caraga)
33743,110.747345,125.63750213023356,10.387500352272395,Loreto,Dinagat Islands,Region XIII (Caraga)
33744,111.3048248,125.66250213065744,10.387500352272395,Loreto,Dinagat Islands,Region XIII (Caraga)
33745,110.7512894,125.56250212896192,10.362500351424568,Loreto,Dinagat Islands,Region XIII (Caraga)
33746,110.9325562,125.61250212980968,10.362500351424568,Loreto,Dinagat Islands,Region XIII (Caraga)
33747,111.1411743,125.63750213023356,10.362500351424568,Loreto,Dinagat Islands,Region XIII (Caraga)
33748,111.2665405,125.66250213065744,10.362500351424568,Loreto,Dinagat Islands,Region XIII (Caraga)
33749,111.2086182,125.5875021293858,10.33750035057674,Loreto,Dinagat Islands,Region XIII (Caraga)
33750,111.2252884,125.61250212980968,10.33750035057674,Loreto,Dinagat Islands,Region XIII (Caraga)
33751,111.2158051,125.63750213023356,10.33750035057674,Loreto,Dinagat Islands,Region XIII (Caraga)
33752,111.6148987,125.61250212980968,10.312500349728912,Loreto,Dinagat Islands,Region XIII (Caraga)
33753,111.6258392,125.63750213023356,10.312500349728912,Loreto,Dinagat Islands,Region XIII (Caraga)
33754,112.0264816,125.61250212980968,10.287500348881082,Loreto,Dinagat Islands,Region XIII (Caraga)
33755,112.0648499,125.63750213023356,10.287500348881082,Loreto,Dinagat Islands,Region XIII (Caraga)
33756,112.3646622,125.63750213023356,10.262500348033257,Loreto,Dinagat Islands,Region XIII (Caraga)
33757,115.1705551,125.5875021293858,10.037500340402794,San Jose (Capital),Dinagat Islands,Region XIII (Caraga)
33758,115.0283966,125.61250212980968,10.037500340402794,San Jose (Capital),Dinagat Islands,Region XIII (Caraga)
33759,115.0088806,125.5875021293858,10.012500339554965,San Jose (Capital),Dinagat Islands,Region XIII (Caraga)
33760,114.9431915,125.61250212980968,10.012500339554965,San Jose (Capital),Dinagat Islands,Region XIII (Caraga)
33761,110.9126816,125.56250212896192,10.33750035057674,Tubajon,Dinagat Islands,Region XIII (Caraga)
33762,111.3426514,125.53750212853802,10.312500349728912,Tubajon,Dinagat Islands,Region XIII (Caraga)
33763,111.7729874,125.56250212896192,10.312500349728912,Tubajon,Dinagat Islands,Region XIII (Caraga)
33764,111.6555176,125.5875021293858,10.312500349728912,Tubajon,Dinagat Islands,Region XIII (Caraga)
33765,111.9488831,125.53750212853802,10.287500348881082,Tubajon,Dinagat Islands,Region XIII (Caraga)
33766,112.3595581,125.56250212896192,10.287500348881082,Tubajon,Dinagat Islands,Region XIII (Caraga)
33767,112.1135941,125.5875021293858,10.287500348881082,Tubajon,Dinagat Islands,Region XIII (Caraga)
33768,112.1897507,125.5875021293858,10.262500348033257,Tubajon,Dinagat Islands,Region XIII (Caraga)
33769,112.1083984,125.61250212980968,10.262500348033257,Tubajon,Dinagat Islands,Region XIII (Caraga)
33770,112.7733841,125.61250212980968,10.237500347185424,Tubajon,Dinagat Islands,Region XIII (Caraga)
33771,112.7050095,125.63750213023356,10.237500347185424,Tubajon,Dinagat Islands,Region XIII (Caraga)
