unique id,value,lon,lat,municipality name,province name,region
32787,95.19132996,125.5875021293858,9.512500322598388,Alegria,Surigao del Norte,Region XIII (Caraga)
32788,94.56021881,125.61250212980968,9.512500322598388,Alegria,Surigao del Norte,Region XIII (Caraga)
32789,93.66030884,125.56250212896192,9.48750032175056,Alegria,Surigao del Norte,Region XIII (Caraga)
32790,92.96679688,125.5875021293858,9.48750032175056,Alegria,Surigao del Norte,Region XIII (Caraga)
32791,92.08547974,125.61250212980968,9.48750032175056,Alegria,Surigao del Norte,Region XIII (Caraga)
32792,91.27692413,125.63750213023356,9.48750032175056,Alegria,Surigao del Norte,Region XIII (Caraga)
32793,90.96759033,125.5875021293858,9.462500320902732,Alegria,Surigao del Norte,Region XIII (Caraga)
32794,89.57832336,125.61250212980968,9.462500320902732,Alegria,Surigao del Norte,Region XIII (Caraga)
32795,86.75661469,125.63750213023356,9.462500320902732,Alegria,Surigao del Norte,Region XIII (Caraga)
32796,84.5329895,125.68750213108135,9.437500320054902,Alegria,Surigao del Norte,Region XIII (Caraga)
32797,100.5294724,125.61250212980968,9.612500325989703,Bacuag,Surigao del Norte,Region XIII (Caraga)
32798,99.95102692,125.61250212980968,9.587500325141876,Bacuag,Surigao del Norte,Region XIII (Caraga)
32799,99.5847168,125.63750213023356,9.587500325141876,Bacuag,Surigao del Norte,Region XIII (Caraga)
32800,99.66387177,125.66250213065744,9.587500325141876,Bacuag,Surigao del Norte,Region XIII (Caraga)
32801,98.3813324,125.61250212980968,9.562500324294046,Bacuag,Surigao del Norte,Region XIII (Caraga)
32802,96.8886795,125.63750213023356,9.562500324294046,Bacuag,Surigao del Norte,Region XIII (Caraga)
32803,94.92173004,125.61250212980968,9.53750032344622,Bacuag,Surigao del Norte,Region XIII (Caraga)
32804,94.42359924,125.63750213023356,9.53750032344622,Bacuag,Surigao del Norte,Region XIII (Caraga)
32805,119.3543091,126.06250213743964,10.012500339554965,Burgos,Surigao del Norte,Region XIII (Caraga)
32806,119.6417542,126.08750213786352,9.987500338707136,Burgos,Surigao del Norte,Region XIII (Caraga)
32807,98.67566681,125.71250213150525,9.562500324294046,Claver,Surigao del Norte,Region XIII (Caraga)
32808,98.20154572,125.73750213192912,9.562500324294046,Claver,Surigao del Norte,Region XIII (Caraga)
32809,95.49570465,125.73750213192912,9.53750032344622,Claver,Surigao del Norte,Region XIII (Caraga)
32810,95.64660645,125.762502132353,9.53750032344622,Claver,Surigao del Norte,Region XIII (Caraga)
32811,95.64812469,125.78750213277688,9.53750032344622,Claver,Surigao del Norte,Region XIII (Caraga)
32812,97.63599396,125.81250213320078,9.53750032344622,Claver,Surigao del Norte,Region XIII (Caraga)
32813,101.5474701,125.83750213362465,9.53750032344622,Claver,Surigao del Norte,Region XIII (Caraga)
32814,92.92369843,125.73750213192912,9.512500322598388,Claver,Surigao del Norte,Region XIII (Caraga)
32815,94.54495239,125.762502132353,9.512500322598388,Claver,Surigao del Norte,Region XIII (Caraga)
32816,94.92517853,125.78750213277688,9.512500322598388,Claver,Surigao del Norte,Region XIII (Caraga)
32817,96.70158386,125.81250213320078,9.512500322598388,Claver,Surigao del Norte,Region XIII (Caraga)
32818,97.93729401,125.83750213362465,9.512500322598388,Claver,Surigao del Norte,Region XIII (Caraga)
32819,101.9060745,125.86250213404855,9.512500322598388,Claver,Surigao del Norte,Region XIII (Caraga)
32820,89.90221405,125.73750213192912,9.48750032175056,Claver,Surigao del Norte,Region XIII (Caraga)
32821,91.47841644,125.762502132353,9.48750032175056,Claver,Surigao del Norte,Region XIII (Caraga)
32822,92.24554443,125.78750213277688,9.48750032175056,Claver,Surigao del Norte,Region XIII (Caraga)
32823,94.38233948,125.81250213320078,9.48750032175056,Claver,Surigao del Norte,Region XIII (Caraga)
32824,95.46515656,125.83750213362465,9.48750032175056,Claver,Surigao del Norte,Region XIII (Caraga)
32825,99.49239349,125.86250213404855,9.48750032175056,Claver,Surigao del Norte,Region XIII (Caraga)
32826,86.67276001,125.73750213192912,9.462500320902732,Claver,Surigao del Norte,Region XIII (Caraga)
32827,86.79592896,125.762502132353,9.462500320902732,Claver,Surigao del Norte,Region XIII (Caraga)
32828,89.63909149,125.78750213277688,9.462500320902732,Claver,Surigao del Norte,Region XIII (Caraga)
32829,92.38213348,125.81250213320078,9.462500320902732,Claver,Surigao del Norte,Region XIII (Caraga)
32830,94.19892883,125.83750213362465,9.462500320902732,Claver,Surigao del Norte,Region XIII (Caraga)
32831,94.61222839,125.86250213404855,9.462500320902732,Claver,Surigao del Norte,Region XIII (Caraga)
32832,84.95709991,125.73750213192912,9.437500320054902,Claver,Surigao del Norte,Region XIII (Caraga)
32833,85.08026886,125.762502132353,9.437500320054902,Claver,Surigao del Norte,Region XIII (Caraga)
32834,85.26901245,125.78750213277688,9.437500320054902,Claver,Surigao del Norte,Region XIII (Caraga)
32835,87.9265213,125.81250213320078,9.437500320054902,Claver,Surigao del Norte,Region XIII (Caraga)
32836,92.4210434,125.83750213362465,9.437500320054902,Claver,Surigao del Norte,Region XIII (Caraga)
32837,82.08331299,125.73750213192912,9.412500319207073,Claver,Surigao del Norte,Region XIII (Caraga)
32838,82.7661438,125.762502132353,9.412500319207073,Claver,Surigao del Norte,Region XIII (Caraga)
32839,83.1992569,125.78750213277688,9.412500319207073,Claver,Surigao del Norte,Region XIII (Caraga)
32840,85.70737457,125.81250213320078,9.412500319207073,Claver,Surigao del Norte,Region XIII (Caraga)
32841,80.25136566,125.762502132353,9.387500318359244,Claver,Surigao del Norte,Region XIII (Caraga)
32842,80.89448547,125.78750213277688,9.387500318359244,Claver,Surigao del Norte,Region XIII (Caraga)
32843,78.13739014,125.762502132353,9.362500317511415,Claver,Surigao del Norte,Region XIII (Caraga)
32844,119.3698959,126.03750213701576,9.787500331924504,Dapa,Surigao del Norte,Region XIII (Caraga)
32845,119.9898834,126.06250213743964,9.787500331924504,Dapa,Surigao del Norte,Region XIII (Caraga)
32846,120.0290146,126.08750213786352,9.787500331924504,Dapa,Surigao del Norte,Region XIII (Caraga)
32847,119.3785019,126.01250213659188,9.762500331076676,Dapa,Surigao del Norte,Region XIII (Caraga)
32848,119.5964584,126.06250213743964,9.762500331076676,Dapa,Surigao del Norte,Region XIII (Caraga)
32849,119.9052353,126.08750213786352,9.762500331076676,Dapa,Surigao del Norte,Region XIII (Caraga)
32850,119.9708633,126.11250213828743,9.762500331076676,Dapa,Surigao del Norte,Region XIII (Caraga)
32851,117.5484467,125.987502136168,9.71250032938102,Dapa,Surigao del Norte,Region XIII (Caraga)
32852,119.0189514,126.06250213743964,9.71250032938102,Dapa,Surigao del Norte,Region XIII (Caraga)
32853,119.1141968,125.987502136168,9.912500336163648,Del Carmen,Surigao del Norte,Region XIII (Caraga)
32854,118.1682205,125.9375021353202,9.88750033531582,Del Carmen,Surigao del Norte,Region XIII (Caraga)
32855,119.135994,125.987502136168,9.88750033531582,Del Carmen,Surigao del Norte,Region XIII (Caraga)
32856,119.3272934,126.01250213659188,9.88750033531582,Del Carmen,Surigao del Norte,Region XIII (Caraga)
32857,119.3092575,126.03750213701576,9.88750033531582,Del Carmen,Surigao del Norte,Region XIII (Caraga)
32858,118.5988998,125.9375021353202,9.862500334467992,Del Carmen,Surigao del Norte,Region XIII (Caraga)
32859,118.7468567,125.9625021357441,9.862500334467992,Del Carmen,Surigao del Norte,Region XIII (Caraga)
32860,119.2464523,125.987502136168,9.862500334467992,Del Carmen,Surigao del Norte,Region XIII (Caraga)
32861,119.5181122,126.01250213659188,9.862500334467992,Del Carmen,Surigao del Norte,Region XIII (Caraga)
32862,119.7753906,126.03750213701576,9.862500334467992,Del Carmen,Surigao del Norte,Region XIII (Caraga)
32863,118.8108215,125.9625021357441,9.83750033362016,Del Carmen,Surigao del Norte,Region XIII (Caraga)
32864,119.3797379,125.987502136168,9.83750033362016,Del Carmen,Surigao del Norte,Region XIII (Caraga)
32865,119.6697769,126.01250213659188,9.83750033362016,Del Carmen,Surigao del Norte,Region XIII (Caraga)
32866,119.8948822,126.03750213701576,9.83750033362016,Del Carmen,Surigao del Norte,Region XIII (Caraga)
32867,119.3918533,125.987502136168,9.812500332772334,Del Carmen,Surigao del Norte,Region XIII (Caraga)
32868,119.6220627,126.01250213659188,9.812500332772334,Del Carmen,Surigao del Norte,Region XIII (Caraga)
32869,119.4838638,126.03750213701576,9.812500332772334,Del Carmen,Surigao del Norte,Region XIII (Caraga)
32870,119.4757614,126.01250213659188,9.787500331924504,Del Carmen,Surigao del Norte,Region XIII (Caraga)
32871,120.2970276,126.13750213871133,9.83750033362016,General Luna,Surigao del Norte,Region XIII (Caraga)
32872,120.1965408,126.11250213828743,9.812500332772334,General Luna,Surigao del Norte,Region XIII (Caraga)
32873,120.2411346,126.13750213871133,9.812500332772334,General Luna,Surigao del Norte,Region XIII (Caraga)
32874,120.3596115,126.1625021391352,9.812500332772334,General Luna,Surigao del Norte,Region XIII (Caraga)
32875,120.080101,126.11250213828743,9.787500331924504,General Luna,Surigao del Norte,Region XIII (Caraga)
32876,120.1251526,126.13750213871133,9.787500331924504,General Luna,Surigao del Norte,Region XIII (Caraga)
32877,120.2387161,126.1625021391352,9.787500331924504,General Luna,Surigao del Norte,Region XIII (Caraga)
32878,0.0,126.1625021391352,9.737500330228848,General Luna,Surigao del Norte,Region XIII (Caraga)
32879,100.0690079,125.68750213108135,9.587500325141876,Gigaquit,Surigao del Norte,Region XIII (Caraga)
32880,100.1876526,125.71250213150525,9.587500325141876,Gigaquit,Surigao del Norte,Region XIII (Caraga)
32881,97.29750061,125.66250213065744,9.562500324294046,Gigaquit,Surigao del Norte,Region XIII (Caraga)
32882,98.55226135,125.68750213108135,9.562500324294046,Gigaquit,Surigao del Norte,Region XIII (Caraga)
32883,94.94689941,125.66250213065744,9.53750032344622,Gigaquit,Surigao del Norte,Region XIII (Caraga)
32884,93.5194931,125.68750213108135,9.53750032344622,Gigaquit,Surigao del Norte,Region XIII (Caraga)
32885,93.58128357,125.71250213150525,9.53750032344622,Gigaquit,Surigao del Norte,Region XIII (Caraga)
32886,94.11168671,125.63750213023356,9.512500322598388,Gigaquit,Surigao del Norte,Region XIII (Caraga)
32887,92.67525482,125.66250213065744,9.512500322598388,Gigaquit,Surigao del Norte,Region XIII (Caraga)
32888,92.77820587,125.68750213108135,9.512500322598388,Gigaquit,Surigao del Norte,Region XIII (Caraga)
32889,92.76610565,125.71250213150525,9.512500322598388,Gigaquit,Surigao del Norte,Region XIII (Caraga)
32890,89.8792572,125.66250213065744,9.48750032175056,Gigaquit,Surigao del Norte,Region XIII (Caraga)
32891,90.26940918,125.68750213108135,9.48750032175056,Gigaquit,Surigao del Norte,Region XIII (Caraga)
32892,90.15884399,125.71250213150525,9.48750032175056,Gigaquit,Surigao del Norte,Region XIII (Caraga)
32893,87.34984589,125.66250213065744,9.462500320902732,Gigaquit,Surigao del Norte,Region XIII (Caraga)
32894,87.95428467,125.68750213108135,9.462500320902732,Gigaquit,Surigao del Norte,Region XIII (Caraga)
32895,87.7296524,125.71250213150525,9.462500320902732,Gigaquit,Surigao del Norte,Region XIII (Caraga)
32896,84.20352173,125.71250213150525,9.437500320054902,Gigaquit,Surigao del Norte,Region XIII (Caraga)
32897,101.84301,125.46250212726636,9.612500325989703,Mainit,Surigao del Norte,Region XIII (Caraga)
32898,101.6984329,125.48750212769026,9.612500325989703,Mainit,Surigao del Norte,Region XIII (Caraga)
32899,101.6719971,125.51250212811412,9.612500325989703,Mainit,Surigao del Norte,Region XIII (Caraga)
32900,101.6943283,125.46250212726636,9.587500325141876,Mainit,Surigao del Norte,Region XIII (Caraga)
32901,101.5537033,125.48750212769026,9.587500325141876,Mainit,Surigao del Norte,Region XIII (Caraga)
32902,101.4679642,125.51250212811412,9.587500325141876,Mainit,Surigao del Norte,Region XIII (Caraga)
32903,100.9326325,125.46250212726636,9.562500324294046,Mainit,Surigao del Norte,Region XIII (Caraga)
32904,100.6345596,125.48750212769026,9.562500324294046,Mainit,Surigao del Norte,Region XIII (Caraga)
32905,100.3359604,125.51250212811412,9.562500324294046,Mainit,Surigao del Norte,Region XIII (Caraga)
32906,99.24677277,125.53750212853802,9.562500324294046,Mainit,Surigao del Norte,Region XIII (Caraga)
32907,99.98884583,125.46250212726636,9.53750032344622,Mainit,Surigao del Norte,Region XIII (Caraga)
32908,99.17579651,125.48750212769026,9.53750032344622,Mainit,Surigao del Norte,Region XIII (Caraga)
32909,98.74129486,125.51250212811412,9.53750032344622,Mainit,Surigao del Norte,Region XIII (Caraga)
32910,97.88572693,125.53750212853802,9.53750032344622,Mainit,Surigao del Norte,Region XIII (Caraga)
32911,97.73020172,125.56250212896192,9.53750032344622,Mainit,Surigao del Norte,Region XIII (Caraga)
32912,95.62288666,125.5875021293858,9.53750032344622,Mainit,Surigao del Norte,Region XIII (Caraga)
32913,103.4544144,125.41250212641857,9.637500326837532,Malimono,Surigao del Norte,Region XIII (Caraga)
32914,103.1853256,125.43750212684247,9.637500326837532,Malimono,Surigao del Norte,Region XIII (Caraga)
32915,102.9917908,125.41250212641857,9.612500325989703,Malimono,Surigao del Norte,Region XIII (Caraga)
32916,102.6578827,125.43750212684247,9.612500325989703,Malimono,Surigao del Norte,Region XIII (Caraga)
32917,102.8927078,125.41250212641857,9.587500325141876,Malimono,Surigao del Norte,Region XIII (Caraga)
32918,102.5310593,125.43750212684247,9.587500325141876,Malimono,Surigao del Norte,Region XIII (Caraga)
32919,101.2016983,125.43750212684247,9.562500324294046,Malimono,Surigao del Norte,Region XIII (Caraga)
32920,100.334259,125.43750212684247,9.53750032344622,Malimono,Surigao del Norte,Region XIII (Caraga)
32921,100.4935913,125.43750212684247,9.512500322598388,Malimono,Surigao del Norte,Region XIII (Caraga)
32922,99.3207016,125.46250212726636,9.512500322598388,Malimono,Surigao del Norte,Region XIII (Caraga)
32923,99.00473785,125.43750212684247,9.48750032175056,Malimono,Surigao del Norte,Region XIII (Caraga)
32924,97.6390686,125.46250212726636,9.48750032175056,Malimono,Surigao del Norte,Region XIII (Caraga)
32925,96.36546326,125.46250212726636,9.462500320902732,Malimono,Surigao del Norte,Region XIII (Caraga)
32926,119.9707489,126.11250213828743,9.912500336163648,Pilar,Surigao del Norte,Region XIII (Caraga)
32927,119.8804855,126.06250213743964,9.88750033531582,Pilar,Surigao del Norte,Region XIII (Caraga)
32928,119.9311295,126.08750213786352,9.88750033531582,Pilar,Surigao del Norte,Region XIII (Caraga)
32929,119.9993134,126.11250213828743,9.88750033531582,Pilar,Surigao del Norte,Region XIII (Caraga)
32930,119.7162399,126.06250213743964,9.862500334467992,Pilar,Surigao del Norte,Region XIII (Caraga)
32931,119.9684677,126.08750213786352,9.862500334467992,Pilar,Surigao del Norte,Region XIII (Caraga)
32932,119.8019333,126.06250213743964,9.83750033362016,Pilar,Surigao del Norte,Region XIII (Caraga)
32933,120.1124649,126.08750213786352,9.83750033362016,Pilar,Surigao del Norte,Region XIII (Caraga)
32934,120.1950226,126.11250213828743,9.83750033362016,Pilar,Surigao del Norte,Region XIII (Caraga)
32935,120.089119,126.06250213743964,9.812500332772334,Pilar,Surigao del Norte,Region XIII (Caraga)
32936,120.1396713,126.08750213786352,9.812500332772334,Pilar,Surigao del Norte,Region XIII (Caraga)
32937,104.6744614,125.5875021293858,9.66250032768536,Placer,Surigao del Norte,Region XIII (Caraga)
32938,102.4986343,125.53750212853802,9.637500326837532,Placer,Surigao del Norte,Region XIII (Caraga)
32939,102.4759979,125.56250212896192,9.637500326837532,Placer,Surigao del Norte,Region XIII (Caraga)
32940,101.6103821,125.5875021293858,9.637500326837532,Placer,Surigao del Norte,Region XIII (Caraga)
32941,101.6397171,125.53750212853802,9.612500325989703,Placer,Surigao del Norte,Region XIII (Caraga)
32942,100.6412048,125.56250212896192,9.612500325989703,Placer,Surigao del Norte,Region XIII (Caraga)
32943,100.6087036,125.5875021293858,9.612500325989703,Placer,Surigao del Norte,Region XIII (Caraga)
32944,118.9642181,126.01250213659188,9.962500337859309,San Benito,Surigao del Norte,Region XIII (Caraga)
32945,119.315567,126.03750213701576,9.962500337859309,San Benito,Surigao del Norte,Region XIII (Caraga)
32946,118.9620056,125.987502136168,9.937500337011478,San Benito,Surigao del Norte,Region XIII (Caraga)
32947,119.2008591,126.01250213659188,9.937500337011478,San Benito,Surigao del Norte,Region XIII (Caraga)
32948,119.4539871,126.03750213701576,9.937500337011478,San Benito,Surigao del Norte,Region XIII (Caraga)
32949,118.9321594,125.9625021357441,9.912500336163648,San Benito,Surigao del Norte,Region XIII (Caraga)
32950,119.2944794,126.01250213659188,9.912500336163648,San Benito,Surigao del Norte,Region XIII (Caraga)
32951,108.3333283,125.41250212641857,9.762500331076676,San Francisco (Anao-Aon),Surigao del Norte,Region XIII (Caraga)
32952,106.960846,125.41250212641857,9.737500330228848,San Francisco (Anao-Aon),Surigao del Norte,Region XIII (Caraga)
32953,105.9973984,125.41250212641857,9.71250032938102,San Francisco (Anao-Aon),Surigao del Norte,Region XIII (Caraga)
32954,106.2225571,125.43750212684247,9.71250032938102,San Francisco (Anao-Aon),Surigao del Norte,Region XIII (Caraga)
32955,104.9808273,125.41250212641857,9.68750032853319,San Francisco (Anao-Aon),Surigao del Norte,Region XIII (Caraga)
32956,104.7377396,125.41250212641857,9.66250032768536,San Francisco (Anao-Aon),Surigao del Norte,Region XIII (Caraga)
32957,119.3127441,126.06250213743964,9.962500337859309,San Isidro,Surigao del Norte,Region XIII (Caraga)
32958,119.6337509,126.08750213786352,9.962500337859309,San Isidro,Surigao del Norte,Region XIII (Caraga)
32959,119.4388733,126.06250213743964,9.937500337011478,San Isidro,Surigao del Norte,Region XIII (Caraga)
32960,119.7899551,126.08750213786352,9.937500337011478,San Isidro,Surigao del Norte,Region XIII (Caraga)
32961,119.2566452,126.03750213701576,9.912500336163648,San Isidro,Surigao del Norte,Region XIII (Caraga)
32962,119.8263855,126.06250213743964,9.912500336163648,San Isidro,Surigao del Norte,Region XIII (Caraga)
32963,119.8951645,126.08750213786352,9.912500336163648,San Isidro,Surigao del Norte,Region XIII (Caraga)
32964,118.7671967,126.06250213743964,10.062500341250622,Santa Monica (Sapao),Surigao del Norte,Region XIII (Caraga)
32965,118.8005295,126.03750213701576,10.037500340402794,Santa Monica (Sapao),Surigao del Norte,Region XIII (Caraga)
32966,118.8415146,126.06250213743964,10.037500340402794,Santa Monica (Sapao),Surigao del Norte,Region XIII (Caraga)
32967,118.6957245,126.03750213701576,10.012500339554965,Santa Monica (Sapao),Surigao del Norte,Region XIII (Caraga)
32968,118.9295731,126.03750213701576,9.987500338707136,Santa Monica (Sapao),Surigao del Norte,Region XIII (Caraga)
32969,119.5651245,126.06250213743964,9.987500338707136,Santa Monica (Sapao),Surigao del Norte,Region XIII (Caraga)
32970,104.7441559,125.53750212853802,9.68750032853319,Sison,Surigao del Norte,Region XIII (Caraga)
32971,104.1319962,125.43750212684247,9.66250032768536,Sison,Surigao del Norte,Region XIII (Caraga)
32972,104.1130066,125.46250212726636,9.66250032768536,Sison,Surigao del Norte,Region XIII (Caraga)
32973,104.4134598,125.48750212769026,9.66250032768536,Sison,Surigao del Norte,Region XIII (Caraga)
32974,104.4541321,125.51250212811412,9.66250032768536,Sison,Surigao del Norte,Region XIII (Caraga)
32975,103.812973,125.53750212853802,9.66250032768536,Sison,Surigao del Norte,Region XIII (Caraga)
32976,103.0944443,125.46250212726636,9.637500326837532,Sison,Surigao del Norte,Region XIII (Caraga)
32977,102.4740524,125.48750212769026,9.637500326837532,Sison,Surigao del Norte,Region XIII (Caraga)
32978,102.4560318,125.51250212811412,9.637500326837532,Sison,Surigao del Norte,Region XIII (Caraga)
32979,117.2020874,125.9375021353202,9.737500330228848,Socorro,Surigao del Norte,Region XIII (Caraga)
32980,117.733223,125.9625021357441,9.737500330228848,Socorro,Surigao del Norte,Region XIII (Caraga)
32981,114.7733383,125.91250213489634,9.71250032938102,Socorro,Surigao del Norte,Region XIII (Caraga)
32982,115.0026398,125.9375021353202,9.71250032938102,Socorro,Surigao del Norte,Region XIII (Caraga)
32983,113.6581802,125.9375021353202,9.68750032853319,Socorro,Surigao del Norte,Region XIII (Caraga)
32984,113.7142792,125.9375021353202,9.66250032768536,Socorro,Surigao del Norte,Region XIII (Caraga)
32985,114.6422882,125.9625021357441,9.66250032768536,Socorro,Surigao del Norte,Region XIII (Caraga)
32986,116.3364563,125.987502136168,9.66250032768536,Socorro,Surigao del Norte,Region XIII (Caraga)
32987,110.7832642,125.91250213489634,9.637500326837532,Socorro,Surigao del Norte,Region XIII (Caraga)
32988,112.6117706,125.9375021353202,9.637500326837532,Socorro,Surigao del Norte,Region XIII (Caraga)
32989,113.5686035,125.9625021357441,9.637500326837532,Socorro,Surigao del Norte,Region XIII (Caraga)
32990,109.8075867,125.91250213489634,9.612500325989703,Socorro,Surigao del Norte,Region XIII (Caraga)
32991,110.2319946,125.9375021353202,9.612500325989703,Socorro,Surigao del Norte,Region XIII (Caraga)
32992,113.3484497,125.9625021357441,9.612500325989703,Socorro,Surigao del Norte,Region XIII (Caraga)
32993,109.3919525,125.91250213489634,9.587500325141876,Socorro,Surigao del Norte,Region XIII (Caraga)
32994,109.7603378,125.9375021353202,9.587500325141876,Socorro,Surigao del Norte,Region XIII (Caraga)
32995,112.9430924,125.9625021357441,9.587500325141876,Socorro,Surigao del Norte,Region XIII (Caraga)
32996,109.5975189,125.9375021353202,9.562500324294046,Socorro,Surigao del Norte,Region XIII (Caraga)
32997,113.6120682,125.51250212811412,9.912500336163648,Surigao City (Capital),Surigao del Norte,Region XIII (Caraga)
32998,114.303421,125.63750213023356,9.912500336163648,Surigao City (Capital),Surigao del Norte,Region XIII (Caraga)
32999,113.4221191,125.51250212811412,9.88750033531582,Surigao City (Capital),Surigao del Norte,Region XIII (Caraga)
33000,114.0309143,125.5875021293858,9.88750033531582,Surigao City (Capital),Surigao del Norte,Region XIII (Caraga)
33001,114.1723404,125.61250212980968,9.88750033531582,Surigao City (Capital),Surigao del Norte,Region XIII (Caraga)
33002,114.1929169,125.63750213023356,9.88750033531582,Surigao City (Capital),Surigao del Norte,Region XIII (Caraga)
33003,113.0815735,125.53750212853802,9.862500334467992,Surigao City (Capital),Surigao del Norte,Region XIII (Caraga)
33004,113.8778839,125.61250212980968,9.862500334467992,Surigao City (Capital),Surigao del Norte,Region XIII (Caraga)
33005,113.8775482,125.63750213023356,9.862500334467992,Surigao City (Capital),Surigao del Norte,Region XIII (Caraga)
33006,112.2724228,125.5875021293858,9.83750033362016,Surigao City (Capital),Surigao del Norte,Region XIII (Caraga)
33007,112.4781723,125.61250212980968,9.83750033362016,Surigao City (Capital),Surigao del Norte,Region XIII (Caraga)
33008,113.2827759,125.63750213023356,9.83750033362016,Surigao City (Capital),Surigao del Norte,Region XIII (Caraga)
33009,113.4565048,125.66250213065744,9.83750033362016,Surigao City (Capital),Surigao del Norte,Region XIII (Caraga)
33010,111.9766541,125.5875021293858,9.812500332772334,Surigao City (Capital),Surigao del Norte,Region XIII (Caraga)
33011,109.5066223,125.43750212684247,9.787500331924504,Surigao City (Capital),Surigao del Norte,Region XIII (Caraga)
33012,109.8845673,125.46250212726636,9.787500331924504,Surigao City (Capital),Surigao del Norte,Region XIII (Caraga)
33013,109.9835739,125.48750212769026,9.787500331924504,Surigao City (Capital),Surigao del Norte,Region XIII (Caraga)
33014,111.261055,125.63750213023356,9.787500331924504,Surigao City (Capital),Surigao del Norte,Region XIII (Caraga)
33015,112.3596573,125.71250213150525,9.787500331924504,Surigao City (Capital),Surigao del Norte,Region XIII (Caraga)
33016,108.2970047,125.43750212684247,9.762500331076676,Surigao City (Capital),Surigao del Norte,Region XIII (Caraga)
33017,108.4711685,125.46250212726636,9.762500331076676,Surigao City (Capital),Surigao del Norte,Region XIII (Caraga)
33018,109.0891419,125.48750212769026,9.762500331076676,Surigao City (Capital),Surigao del Norte,Region XIII (Caraga)
33019,109.3016129,125.51250212811412,9.762500331076676,Surigao City (Capital),Surigao del Norte,Region XIII (Caraga)
33020,109.0290985,125.53750212853802,9.762500331076676,Surigao City (Capital),Surigao del Norte,Region XIII (Caraga)
33021,110.2497253,125.63750213023356,9.762500331076676,Surigao City (Capital),Surigao del Norte,Region XIII (Caraga)
33022,110.4399719,125.66250213065744,9.762500331076676,Surigao City (Capital),Surigao del Norte,Region XIII (Caraga)
33023,111.5504456,125.71250213150525,9.762500331076676,Surigao City (Capital),Surigao del Norte,Region XIII (Caraga)
33024,107.6639557,125.43750212684247,9.737500330228848,Surigao City (Capital),Surigao del Norte,Region XIII (Caraga)
33025,107.8370056,125.46250212726636,9.737500330228848,Surigao City (Capital),Surigao del Norte,Region XIII (Caraga)
33026,107.2741394,125.48750212769026,9.737500330228848,Surigao City (Capital),Surigao del Norte,Region XIII (Caraga)
33027,107.457756,125.51250212811412,9.737500330228848,Surigao City (Capital),Surigao del Norte,Region XIII (Caraga)
33028,108.2204895,125.53750212853802,9.737500330228848,Surigao City (Capital),Surigao del Norte,Region XIII (Caraga)
33029,108.2609177,125.56250212896192,9.737500330228848,Surigao City (Capital),Surigao del Norte,Region XIII (Caraga)
33030,106.0808106,125.46250212726636,9.71250032938102,Surigao City (Capital),Surigao del Norte,Region XIII (Caraga)
33031,106.0087357,125.48750212769026,9.71250032938102,Surigao City (Capital),Surigao del Norte,Region XIII (Caraga)
33032,106.1548767,125.51250212811412,9.71250032938102,Surigao City (Capital),Surigao del Norte,Region XIII (Caraga)
33033,106.2831802,125.53750212853802,9.71250032938102,Surigao City (Capital),Surigao del Norte,Region XIII (Caraga)
33034,104.9238815,125.43750212684247,9.68750032853319,Surigao City (Capital),Surigao del Norte,Region XIII (Caraga)
33035,104.678093,125.46250212726636,9.68750032853319,Surigao City (Capital),Surigao del Norte,Region XIII (Caraga)
33036,104.6933289,125.48750212769026,9.68750032853319,Surigao City (Capital),Surigao del Norte,Region XIII (Caraga)
33037,104.7884522,125.51250212811412,9.68750032853319,Surigao City (Capital),Surigao del Norte,Region XIII (Caraga)
33038,110.3408508,125.61250212980968,9.762500331076676,Tagana-an,Surigao del Norte,Region XIII (Caraga)
33039,107.9093094,125.5875021293858,9.737500330228848,Tagana-an,Surigao del Norte,Region XIII (Caraga)
33040,108.1625214,125.61250212980968,9.737500330228848,Tagana-an,Surigao del Norte,Region XIII (Caraga)
33041,109.3480377,125.63750213023356,9.737500330228848,Tagana-an,Surigao del Norte,Region XIII (Caraga)
33042,106.4051285,125.56250212896192,9.71250032938102,Tagana-an,Surigao del Norte,Region XIII (Caraga)
33043,106.5449066,125.5875021293858,9.71250032938102,Tagana-an,Surigao del Norte,Region XIII (Caraga)
33044,106.8931351,125.63750213023356,9.71250032938102,Tagana-an,Surigao del Norte,Region XIII (Caraga)
33045,104.8200684,125.56250212896192,9.68750032853319,Tagana-an,Surigao del Norte,Region XIII (Caraga)
33046,105.087677,125.5875021293858,9.68750032853319,Tagana-an,Surigao del Norte,Region XIII (Caraga)
33047,103.7903137,125.56250212896192,9.66250032768536,Tagana-an,Surigao del Norte,Region XIII (Caraga)
33048,101.3191223,125.53750212853802,9.587500325141876,Tubod,Surigao del Norte,Region XIII (Caraga)
33049,100.2228394,125.56250212896192,9.587500325141876,Tubod,Surigao del Norte,Region XIII (Caraga)
33050,100.1994782,125.5875021293858,9.587500325141876,Tubod,Surigao del Norte,Region XIII (Caraga)
33051,99.08979797,125.56250212896192,9.562500324294046,Tubod,Surigao del Norte,Region XIII (Caraga)
33052,98.90369415,125.5875021293858,9.562500324294046,Tubod,Surigao del Norte,Region XIII (Caraga)
