unique id,value,lon,lat,municipality name,province name,region
28844,143.5499725,120.5375020437606,17.687500599838415,Bangued (Capital),Abra,Cordillera Administrative Region (CAR)
28845,141.7028351,120.56250204418448,17.687500599838415,Bangued (Capital),Abra,Cordillera Administrative Region (CAR)
28846,140.8845062,120.56250204418448,17.662500598990587,Bangued (Capital),Abra,Cordillera Administrative Region (CAR)
28847,139.9032593,120.58750204460839,17.662500598990587,Bangued (Capital),Abra,Cordillera Administrative Region (CAR)
28848,140.6212769,120.56250204418448,17.637500598142758,Bangued (Capital),Abra,Cordillera Administrative Region (CAR)
28849,139.6445313,120.58750204460839,17.637500598142758,Bangued (Capital),Abra,Cordillera Administrative Region (CAR)
28850,139.6580811,120.58750204460839,17.61250059729493,Bangued (Capital),Abra,Cordillera Administrative Region (CAR)
28851,139.9681549,120.61250204503229,17.61250059729493,Bangued (Capital),Abra,Cordillera Administrative Region (CAR)
28852,139.3602753,120.61250204503229,17.5875005964471,Bangued (Capital),Abra,Cordillera Administrative Region (CAR)
28853,137.7441864,120.63750204545616,17.5875005964471,Bangued (Capital),Abra,Cordillera Administrative Region (CAR)
28854,138.8258362,120.61250204503229,17.56250059559927,Bangued (Capital),Abra,Cordillera Administrative Region (CAR)
28855,138.0229645,120.63750204545616,17.56250059559927,Bangued (Capital),Abra,Cordillera Administrative Region (CAR)
28856,139.1812439,120.61250204503229,17.537500594751442,Bangued (Capital),Abra,Cordillera Administrative Region (CAR)
28857,138.6559143,120.61250204503229,17.512500593903614,Bangued (Capital),Abra,Cordillera Administrative Region (CAR)
28858,136.8810577,120.63750204545616,17.512500593903614,Bangued (Capital),Abra,Cordillera Administrative Region (CAR)
28859,145.0818176,120.7625020475756,17.4125005905123,Boliney,Abra,Cordillera Administrative Region (CAR)
28860,142.2768097,120.78750204799948,17.4125005905123,Boliney,Abra,Cordillera Administrative Region (CAR)
28861,141.2020264,120.81250204842338,17.4125005905123,Boliney,Abra,Cordillera Administrative Region (CAR)
28862,141.49263,120.83750204884724,17.4125005905123,Boliney,Abra,Cordillera Administrative Region (CAR)
28863,131.7579041,120.86250204927114,17.4125005905123,Boliney,Abra,Cordillera Administrative Region (CAR)
28864,127.3346634,120.88750204969504,17.4125005905123,Boliney,Abra,Cordillera Administrative Region (CAR)
28865,126.4055634,120.91250205011892,17.4125005905123,Boliney,Abra,Cordillera Administrative Region (CAR)
28866,145.7760468,120.7625020475756,17.38750058966447,Boliney,Abra,Cordillera Administrative Region (CAR)
28867,142.7797699,120.78750204799948,17.38750058966447,Boliney,Abra,Cordillera Administrative Region (CAR)
28868,141.6776123,120.81250204842338,17.38750058966447,Boliney,Abra,Cordillera Administrative Region (CAR)
28869,142.100647,120.83750204884724,17.38750058966447,Boliney,Abra,Cordillera Administrative Region (CAR)
28870,132.2135468,120.86250204927114,17.38750058966447,Boliney,Abra,Cordillera Administrative Region (CAR)
28871,127.536644,120.88750204969504,17.38750058966447,Boliney,Abra,Cordillera Administrative Region (CAR)
28872,126.3785477,120.91250205011892,17.38750058966447,Boliney,Abra,Cordillera Administrative Region (CAR)
28873,113.0782852,120.9375020505428,17.38750058966447,Boliney,Abra,Cordillera Administrative Region (CAR)
28874,99.83275604,120.96250205096668,17.38750058966447,Boliney,Abra,Cordillera Administrative Region (CAR)
28875,141.7779388,120.78750204799948,17.36250058881664,Boliney,Abra,Cordillera Administrative Region (CAR)
28876,140.729599,120.81250204842338,17.36250058881664,Boliney,Abra,Cordillera Administrative Region (CAR)
28877,141.1363678,120.83750204884724,17.36250058881664,Boliney,Abra,Cordillera Administrative Region (CAR)
28878,132.5610657,120.86250204927114,17.36250058881664,Boliney,Abra,Cordillera Administrative Region (CAR)
28879,126.1566696,120.88750204969504,17.36250058881664,Boliney,Abra,Cordillera Administrative Region (CAR)
28880,124.373024,120.91250205011892,17.36250058881664,Boliney,Abra,Cordillera Administrative Region (CAR)
28881,108.5693741,120.9375020505428,17.36250058881664,Boliney,Abra,Cordillera Administrative Region (CAR)
28882,139.7370911,120.71250204672782,17.56250059559927,Bucay,Abra,Cordillera Administrative Region (CAR)
28883,141.6903381,120.7375020471517,17.56250059559927,Bucay,Abra,Cordillera Administrative Region (CAR)
28884,141.9650421,120.7625020475756,17.56250059559927,Bucay,Abra,Cordillera Administrative Region (CAR)
28885,140.6568146,120.71250204672782,17.537500594751442,Bucay,Abra,Cordillera Administrative Region (CAR)
28886,142.195755,120.7375020471517,17.537500594751442,Bucay,Abra,Cordillera Administrative Region (CAR)
28887,142.4704285,120.7625020475756,17.537500594751442,Bucay,Abra,Cordillera Administrative Region (CAR)
28888,140.0800018,120.71250204672782,17.512500593903614,Bucay,Abra,Cordillera Administrative Region (CAR)
28889,140.6022492,120.7375020471517,17.512500593903614,Bucay,Abra,Cordillera Administrative Region (CAR)
28890,138.9747009,120.68750204630392,17.487500593055785,Bucay,Abra,Cordillera Administrative Region (CAR)
28891,139.6942749,120.71250204672782,17.487500593055785,Bucay,Abra,Cordillera Administrative Region (CAR)
28892,139.0557861,120.68750204630392,17.462500592207956,Bucay,Abra,Cordillera Administrative Region (CAR)
28893,140.0972443,120.71250204672782,17.462500592207956,Bucay,Abra,Cordillera Administrative Region (CAR)
28894,133.3618164,120.86250204927114,17.462500592207956,Bucloc,Abra,Cordillera Administrative Region (CAR)
28895,128.3356628,120.88750204969504,17.462500592207956,Bucloc,Abra,Cordillera Administrative Region (CAR)
28896,142.2984772,120.78750204799948,17.437500591360127,Bucloc,Abra,Cordillera Administrative Region (CAR)
28897,141.4474793,120.81250204842338,17.437500591360127,Bucloc,Abra,Cordillera Administrative Region (CAR)
28898,141.0966034,120.83750204884724,17.437500591360127,Bucloc,Abra,Cordillera Administrative Region (CAR)
28899,133.249054,120.86250204927114,17.437500591360127,Bucloc,Abra,Cordillera Administrative Region (CAR)
28900,128.190979,120.88750204969504,17.437500591360127,Bucloc,Abra,Cordillera Administrative Region (CAR)
28901,114.2951584,120.9375020505428,17.487500593055785,Daguioman,Abra,Cordillera Administrative Region (CAR)
28902,101.6075211,120.96250205096668,17.487500593055785,Daguioman,Abra,Cordillera Administrative Region (CAR)
28903,99.92550659,120.98750205139056,17.487500593055785,Daguioman,Abra,Cordillera Administrative Region (CAR)
28904,127.2997131,120.91250205011892,17.462500592207956,Daguioman,Abra,Cordillera Administrative Region (CAR)
28905,111.8751984,120.9375020505428,17.462500592207956,Daguioman,Abra,Cordillera Administrative Region (CAR)
28906,105.618042,120.96250205096668,17.462500592207956,Daguioman,Abra,Cordillera Administrative Region (CAR)
28907,100.4444428,120.98750205139056,17.462500592207956,Daguioman,Abra,Cordillera Administrative Region (CAR)
28908,127.0557861,120.91250205011892,17.437500591360127,Daguioman,Abra,Cordillera Administrative Region (CAR)
28909,111.0392151,120.9375020505428,17.437500591360127,Daguioman,Abra,Cordillera Administrative Region (CAR)
28910,104.824646,120.96250205096668,17.437500591360127,Daguioman,Abra,Cordillera Administrative Region (CAR)
28911,99.67762756,120.98750205139056,17.437500591360127,Daguioman,Abra,Cordillera Administrative Region (CAR)
28912,113.2709885,120.9375020505428,17.4125005905123,Daguioman,Abra,Cordillera Administrative Region (CAR)
28913,100.1007614,120.96250205096668,17.4125005905123,Daguioman,Abra,Cordillera Administrative Region (CAR)
28914,98.4634552,120.98750205139056,17.4125005905123,Daguioman,Abra,Cordillera Administrative Region (CAR)
28915,142.2134094,120.63750204545616,17.81250060407756,Danglas,Abra,Cordillera Administrative Region (CAR)
28916,143.2003174,120.66250204588005,17.81250060407756,Danglas,Abra,Cordillera Administrative Region (CAR)
28917,142.2014313,120.58750204460839,17.78750060322973,Danglas,Abra,Cordillera Administrative Region (CAR)
28918,142.4858246,120.61250204503229,17.78750060322973,Danglas,Abra,Cordillera Administrative Region (CAR)
28919,141.1327362,120.63750204545616,17.78750060322973,Danglas,Abra,Cordillera Administrative Region (CAR)
28920,142.10849,120.66250204588005,17.78750060322973,Danglas,Abra,Cordillera Administrative Region (CAR)
28921,141.8989105,120.56250204418448,17.762500602381902,Danglas,Abra,Cordillera Administrative Region (CAR)
28922,141.8027496,120.58750204460839,17.762500602381902,Danglas,Abra,Cordillera Administrative Region (CAR)
28923,142.2159119,120.61250204503229,17.762500602381902,Danglas,Abra,Cordillera Administrative Region (CAR)
28924,141.1177979,120.63750204545616,17.762500602381902,Danglas,Abra,Cordillera Administrative Region (CAR)
28925,140.57164,120.66250204588005,17.762500602381902,Danglas,Abra,Cordillera Administrative Region (CAR)
28926,141.0905914,120.56250204418448,17.737500601534073,Danglas,Abra,Cordillera Administrative Region (CAR)
28927,140.5682831,120.58750204460839,17.737500601534073,Danglas,Abra,Cordillera Administrative Region (CAR)
28928,140.9859314,120.61250204503229,17.737500601534073,Danglas,Abra,Cordillera Administrative Region (CAR)
28929,140.2680054,120.63750204545616,17.737500601534073,Danglas,Abra,Cordillera Administrative Region (CAR)
28930,139.7040863,120.66250204588005,17.737500601534073,Danglas,Abra,Cordillera Administrative Region (CAR)
28931,141.5475769,120.56250204418448,17.712500600686244,Danglas,Abra,Cordillera Administrative Region (CAR)
28932,140.1578217,120.58750204460839,17.712500600686244,Danglas,Abra,Cordillera Administrative Region (CAR)
28933,140.4532166,120.61250204503229,17.712500600686244,Danglas,Abra,Cordillera Administrative Region (CAR)
28934,139.0834351,120.63750204545616,17.712500600686244,Danglas,Abra,Cordillera Administrative Region (CAR)
28935,140.2766113,120.66250204588005,17.712500600686244,Danglas,Abra,Cordillera Administrative Region (CAR)
28936,140.2749176,120.58750204460839,17.687500599838415,Danglas,Abra,Cordillera Administrative Region (CAR)
28937,140.5705719,120.61250204503229,17.687500599838415,Danglas,Abra,Cordillera Administrative Region (CAR)
28938,139.2359009,120.63750204545616,17.687500599838415,Danglas,Abra,Cordillera Administrative Region (CAR)
28939,140.4353638,120.66250204588005,17.687500599838415,Danglas,Abra,Cordillera Administrative Region (CAR)
28940,140.9130096,120.71250204672782,17.662500598990587,Dolores,Abra,Cordillera Administrative Region (CAR)
28941,142.5838318,120.7625020475756,17.662500598990587,Dolores,Abra,Cordillera Administrative Region (CAR)
28942,138.7810364,120.66250204588005,17.637500598142758,Dolores,Abra,Cordillera Administrative Region (CAR)
28943,140.2554474,120.68750204630392,17.637500598142758,Dolores,Abra,Cordillera Administrative Region (CAR)
28944,140.9290314,120.71250204672782,17.637500598142758,Dolores,Abra,Cordillera Administrative Region (CAR)
28945,142.193924,120.7375020471517,17.637500598142758,Dolores,Abra,Cordillera Administrative Region (CAR)
28946,142.3778687,120.7625020475756,17.637500598142758,Dolores,Abra,Cordillera Administrative Region (CAR)
28947,140.7864533,120.68750204630392,17.687500599838415,La Paz,Abra,Cordillera Administrative Region (CAR)
28948,140.3186798,120.61250204503229,17.662500598990587,La Paz,Abra,Cordillera Administrative Region (CAR)
28949,139.8364105,120.63750204545616,17.662500598990587,La Paz,Abra,Cordillera Administrative Region (CAR)
28950,139.2230682,120.66250204588005,17.662500598990587,La Paz,Abra,Cordillera Administrative Region (CAR)
28951,140.2728577,120.68750204630392,17.662500598990587,La Paz,Abra,Cordillera Administrative Region (CAR)
28952,140.0661621,120.61250204503229,17.637500598142758,La Paz,Abra,Cordillera Administrative Region (CAR)
28953,139.4311981,120.63750204545616,17.637500598142758,La Paz,Abra,Cordillera Administrative Region (CAR)
28954,123.6308136,120.88750204969504,17.737500601534073,Lacub,Abra,Cordillera Administrative Region (CAR)
28955,121.9048157,120.91250205011892,17.737500601534073,Lacub,Abra,Cordillera Administrative Region (CAR)
28956,88.40438843,121.06250205266224,17.737500601534073,Lacub,Abra,Cordillera Administrative Region (CAR)
28957,84.61962128,121.08750205308613,17.737500601534073,Lacub,Abra,Cordillera Administrative Region (CAR)
28958,128.989151,120.86250204927114,17.712500600686244,Lacub,Abra,Cordillera Administrative Region (CAR)
28959,124.7763672,120.88750204969504,17.712500600686244,Lacub,Abra,Cordillera Administrative Region (CAR)
28960,123.6441345,120.91250205011892,17.712500600686244,Lacub,Abra,Cordillera Administrative Region (CAR)
28961,111.7117539,120.9375020505428,17.712500600686244,Lacub,Abra,Cordillera Administrative Region (CAR)
28962,99.66513062,120.96250205096668,17.712500600686244,Lacub,Abra,Cordillera Administrative Region (CAR)
28963,98.40065002,120.98750205139056,17.712500600686244,Lacub,Abra,Cordillera Administrative Region (CAR)
28964,95.77901459,121.01250205181447,17.712500600686244,Lacub,Abra,Cordillera Administrative Region (CAR)
28965,93.88359833,121.03750205223837,17.712500600686244,Lacub,Abra,Cordillera Administrative Region (CAR)
28966,85.72055817,121.06250205266224,17.712500600686244,Lacub,Abra,Cordillera Administrative Region (CAR)
28967,84.66064453,121.08750205308613,17.712500600686244,Lacub,Abra,Cordillera Administrative Region (CAR)
28968,129.7055664,120.86250204927114,17.687500599838415,Lacub,Abra,Cordillera Administrative Region (CAR)
28969,125.4153061,120.88750204969504,17.687500599838415,Lacub,Abra,Cordillera Administrative Region (CAR)
28970,124.4648743,120.91250205011892,17.687500599838415,Lacub,Abra,Cordillera Administrative Region (CAR)
28971,112.822052,120.9375020505428,17.687500599838415,Lacub,Abra,Cordillera Administrative Region (CAR)
28972,100.7293015,120.96250205096668,17.687500599838415,Lacub,Abra,Cordillera Administrative Region (CAR)
28973,99.12190247,120.98750205139056,17.687500599838415,Lacub,Abra,Cordillera Administrative Region (CAR)
28974,96.34378052,121.01250205181447,17.687500599838415,Lacub,Abra,Cordillera Administrative Region (CAR)
28975,94.5063324,121.03750205223837,17.687500599838415,Lacub,Abra,Cordillera Administrative Region (CAR)
28976,86.20715332,121.06250205266224,17.687500599838415,Lacub,Abra,Cordillera Administrative Region (CAR)
28977,84.94354248,121.08750205308613,17.687500599838415,Lacub,Abra,Cordillera Administrative Region (CAR)
28978,125.9416199,120.88750204969504,17.662500598990587,Lacub,Abra,Cordillera Administrative Region (CAR)
28979,124.7472305,120.91250205011892,17.662500598990587,Lacub,Abra,Cordillera Administrative Region (CAR)
28980,110.9470367,120.9375020505428,17.662500598990587,Lacub,Abra,Cordillera Administrative Region (CAR)
28981,105.2199249,120.96250205096668,17.662500598990587,Lacub,Abra,Cordillera Administrative Region (CAR)
28982,99.62387085,120.98750205139056,17.662500598990587,Lacub,Abra,Cordillera Administrative Region (CAR)
28983,95.91562653,121.01250205181447,17.662500598990587,Lacub,Abra,Cordillera Administrative Region (CAR)
28984,90.97077179,121.03750205223837,17.662500598990587,Lacub,Abra,Cordillera Administrative Region (CAR)
28985,105.9555435,120.96250205096668,17.637500598142758,Lacub,Abra,Cordillera Administrative Region (CAR)
28986,140.4009094,120.78750204799948,17.687500599838415,Lagangilang,Abra,Cordillera Administrative Region (CAR)
28987,139.2123871,120.81250204842338,17.687500599838415,Lagangilang,Abra,Cordillera Administrative Region (CAR)
28988,140.0811615,120.78750204799948,17.662500598990587,Lagangilang,Abra,Cordillera Administrative Region (CAR)
28989,139.1016235,120.81250204842338,17.662500598990587,Lagangilang,Abra,Cordillera Administrative Region (CAR)
28990,141.0362701,120.78750204799948,17.637500598142758,Lagangilang,Abra,Cordillera Administrative Region (CAR)
28991,140.1343689,120.81250204842338,17.637500598142758,Lagangilang,Abra,Cordillera Administrative Region (CAR)
28992,141.3442383,120.7375020471517,17.61250059729493,Lagangilang,Abra,Cordillera Administrative Region (CAR)
28993,143.9859161,120.7625020475756,17.61250059729493,Lagangilang,Abra,Cordillera Administrative Region (CAR)
28994,141.3441773,120.78750204799948,17.61250059729493,Lagangilang,Abra,Cordillera Administrative Region (CAR)
28995,140.7994232,120.7375020471517,17.5875005964471,Lagangilang,Abra,Cordillera Administrative Region (CAR)
28996,143.4971314,120.7625020475756,17.5875005964471,Lagangilang,Abra,Cordillera Administrative Region (CAR)
28997,140.8367157,120.78750204799948,17.5875005964471,Lagangilang,Abra,Cordillera Administrative Region (CAR)
28998,144.6892548,120.71250204672782,17.83750060492539,Lagayan,Abra,Cordillera Administrative Region (CAR)
28999,144.6427002,120.7375020471517,17.83750060492539,Lagayan,Abra,Cordillera Administrative Region (CAR)
29000,143.4274292,120.68750204630392,17.81250060407756,Lagayan,Abra,Cordillera Administrative Region (CAR)
29001,143.7608337,120.71250204672782,17.81250060407756,Lagayan,Abra,Cordillera Administrative Region (CAR)
29002,144.0824738,120.7375020471517,17.81250060407756,Lagayan,Abra,Cordillera Administrative Region (CAR)
29003,142.9930115,120.7625020475756,17.81250060407756,Lagayan,Abra,Cordillera Administrative Region (CAR)
29004,142.4755096,120.68750204630392,17.78750060322973,Lagayan,Abra,Cordillera Administrative Region (CAR)
29005,142.8575745,120.71250204672782,17.78750060322973,Lagayan,Abra,Cordillera Administrative Region (CAR)
29006,143.1304016,120.7375020471517,17.78750060322973,Lagayan,Abra,Cordillera Administrative Region (CAR)
29007,142.3217468,120.7625020475756,17.78750060322973,Lagayan,Abra,Cordillera Administrative Region (CAR)
29008,142.1273193,120.68750204630392,17.762500602381902,Lagayan,Abra,Cordillera Administrative Region (CAR)
29009,142.7050324,120.71250204672782,17.762500602381902,Lagayan,Abra,Cordillera Administrative Region (CAR)
29010,143.1800842,120.7375020471517,17.762500602381902,Lagayan,Abra,Cordillera Administrative Region (CAR)
29011,143.280426,120.7625020475756,17.762500602381902,Lagayan,Abra,Cordillera Administrative Region (CAR)
29012,141.097702,120.68750204630392,17.737500601534073,Lagayan,Abra,Cordillera Administrative Region (CAR)
29013,141.6976929,120.71250204672782,17.737500601534073,Lagayan,Abra,Cordillera Administrative Region (CAR)
29014,142.4734497,120.7375020471517,17.737500601534073,Lagayan,Abra,Cordillera Administrative Region (CAR)
29015,142.5733337,120.7625020475756,17.737500601534073,Lagayan,Abra,Cordillera Administrative Region (CAR)
29016,140.6565247,120.68750204630392,17.712500600686244,Lagayan,Abra,Cordillera Administrative Region (CAR)
29017,144.512207,120.5375020437606,17.662500598990587,Langiden,Abra,Cordillera Administrative Region (CAR)
29018,143.3309326,120.51250204333672,17.637500598142758,Langiden,Abra,Cordillera Administrative Region (CAR)
29019,144.4826813,120.5375020437606,17.637500598142758,Langiden,Abra,Cordillera Administrative Region (CAR)
29020,143.1950378,120.51250204333672,17.61250059729493,Langiden,Abra,Cordillera Administrative Region (CAR)
29021,143.5017853,120.5375020437606,17.61250059729493,Langiden,Abra,Cordillera Administrative Region (CAR)
29022,141.283493,120.56250204418448,17.61250059729493,Langiden,Abra,Cordillera Administrative Region (CAR)
29023,143.0006256,120.51250204333672,17.5875005964471,Langiden,Abra,Cordillera Administrative Region (CAR)
29024,143.2788544,120.5375020437606,17.5875005964471,Langiden,Abra,Cordillera Administrative Region (CAR)
29025,140.7646942,120.56250204418448,17.5875005964471,Langiden,Abra,Cordillera Administrative Region (CAR)
29026,139.0323639,120.58750204460839,17.5875005964471,Langiden,Abra,Cordillera Administrative Region (CAR)
29027,142.8905487,120.51250204333672,17.56250059559927,Langiden,Abra,Cordillera Administrative Region (CAR)
29028,143.8547058,120.5375020437606,17.56250059559927,Langiden,Abra,Cordillera Administrative Region (CAR)
29029,139.4784546,120.83750204884724,17.662500598990587,Licuan-Baay (Licuan),Abra,Cordillera Administrative Region (CAR)
29030,132.0882263,120.86250204927114,17.662500598990587,Licuan-Baay (Licuan),Abra,Cordillera Administrative Region (CAR)
29031,139.8346252,120.83750204884724,17.637500598142758,Licuan-Baay (Licuan),Abra,Cordillera Administrative Region (CAR)
29032,132.5899963,120.86250204927114,17.637500598142758,Licuan-Baay (Licuan),Abra,Cordillera Administrative Region (CAR)
29033,128.478302,120.88750204969504,17.637500598142758,Licuan-Baay (Licuan),Abra,Cordillera Administrative Region (CAR)
29034,127.3773117,120.91250205011892,17.637500598142758,Licuan-Baay (Licuan),Abra,Cordillera Administrative Region (CAR)
29035,111.8332214,120.9375020505428,17.637500598142758,Licuan-Baay (Licuan),Abra,Cordillera Administrative Region (CAR)
29036,140.334671,120.81250204842338,17.61250059729493,Licuan-Baay (Licuan),Abra,Cordillera Administrative Region (CAR)
29037,140.6134491,120.83750204884724,17.61250059729493,Licuan-Baay (Licuan),Abra,Cordillera Administrative Region (CAR)
29038,132.5499115,120.86250204927114,17.61250059729493,Licuan-Baay (Licuan),Abra,Cordillera Administrative Region (CAR)
29039,128.6884918,120.88750204969504,17.61250059729493,Licuan-Baay (Licuan),Abra,Cordillera Administrative Region (CAR)
29040,127.9397583,120.91250205011892,17.61250059729493,Licuan-Baay (Licuan),Abra,Cordillera Administrative Region (CAR)
29041,115.5025559,120.9375020505428,17.61250059729493,Licuan-Baay (Licuan),Abra,Cordillera Administrative Region (CAR)
29042,139.9033356,120.81250204842338,17.5875005964471,Licuan-Baay (Licuan),Abra,Cordillera Administrative Region (CAR)
29043,140.3435516,120.83750204884724,17.5875005964471,Licuan-Baay (Licuan),Abra,Cordillera Administrative Region (CAR)
29044,132.4377747,120.86250204927114,17.5875005964471,Licuan-Baay (Licuan),Abra,Cordillera Administrative Region (CAR)
29045,128.5309601,120.88750204969504,17.5875005964471,Licuan-Baay (Licuan),Abra,Cordillera Administrative Region (CAR)
29046,127.8447037,120.91250205011892,17.5875005964471,Licuan-Baay (Licuan),Abra,Cordillera Administrative Region (CAR)
29047,115.3161011,120.9375020505428,17.5875005964471,Licuan-Baay (Licuan),Abra,Cordillera Administrative Region (CAR)
29048,140.1870117,120.78750204799948,17.56250059559927,Licuan-Baay (Licuan),Abra,Cordillera Administrative Region (CAR)
29049,139.5046845,120.81250204842338,17.56250059559927,Licuan-Baay (Licuan),Abra,Cordillera Administrative Region (CAR)
29050,140.4642181,120.83750204884724,17.56250059559927,Licuan-Baay (Licuan),Abra,Cordillera Administrative Region (CAR)
29051,133.427536,120.86250204927114,17.56250059559927,Licuan-Baay (Licuan),Abra,Cordillera Administrative Region (CAR)
29052,128.4374085,120.88750204969504,17.56250059559927,Licuan-Baay (Licuan),Abra,Cordillera Administrative Region (CAR)
29053,127.5216522,120.91250205011892,17.56250059559927,Licuan-Baay (Licuan),Abra,Cordillera Administrative Region (CAR)
29054,140.9299469,120.81250204842338,17.537500594751442,Licuan-Baay (Licuan),Abra,Cordillera Administrative Region (CAR)
29055,141.0881958,120.83750204884724,17.537500594751442,Licuan-Baay (Licuan),Abra,Cordillera Administrative Region (CAR)
29056,134.0202789,120.86250204927114,17.537500594751442,Licuan-Baay (Licuan),Abra,Cordillera Administrative Region (CAR)
29057,129.9430237,120.88750204969504,17.537500594751442,Licuan-Baay (Licuan),Abra,Cordillera Administrative Region (CAR)
29058,129.0313721,120.91250205011892,17.537500594751442,Licuan-Baay (Licuan),Abra,Cordillera Administrative Region (CAR)
29059,113.1707611,120.9375020505428,17.537500594751442,Licuan-Baay (Licuan),Abra,Cordillera Administrative Region (CAR)
29060,140.6705475,120.83750204884724,17.512500593903614,Licuan-Baay (Licuan),Abra,Cordillera Administrative Region (CAR)
29061,132.780304,120.86250204927114,17.512500593903614,Licuan-Baay (Licuan),Abra,Cordillera Administrative Region (CAR)
29062,128.8974152,120.88750204969504,17.512500593903614,Licuan-Baay (Licuan),Abra,Cordillera Administrative Region (CAR)
29063,128.2288208,120.91250205011892,17.512500593903614,Licuan-Baay (Licuan),Abra,Cordillera Administrative Region (CAR)
29064,115.2018967,120.9375020505428,17.512500593903614,Licuan-Baay (Licuan),Abra,Cordillera Administrative Region (CAR)
29065,138.1351929,120.66250204588005,17.36250058881664,Luba,Abra,Cordillera Administrative Region (CAR)
29066,139.8650971,120.68750204630392,17.36250058881664,Luba,Abra,Cordillera Administrative Region (CAR)
29067,141.0986023,120.71250204672782,17.36250058881664,Luba,Abra,Cordillera Administrative Region (CAR)
29068,143.9970398,120.7375020471517,17.36250058881664,Luba,Abra,Cordillera Administrative Region (CAR)
29069,144.2945099,120.7625020475756,17.36250058881664,Luba,Abra,Cordillera Administrative Region (CAR)
29070,138.5952606,120.63750204545616,17.33750058796881,Luba,Abra,Cordillera Administrative Region (CAR)
29071,137.8969727,120.66250204588005,17.33750058796881,Luba,Abra,Cordillera Administrative Region (CAR)
29072,141.45607,120.68750204630392,17.33750058796881,Luba,Abra,Cordillera Administrative Region (CAR)
29073,142.7449341,120.71250204672782,17.33750058796881,Luba,Abra,Cordillera Administrative Region (CAR)
29074,144.1628723,120.7375020471517,17.33750058796881,Luba,Abra,Cordillera Administrative Region (CAR)
29075,144.4579773,120.7625020475756,17.33750058796881,Luba,Abra,Cordillera Administrative Region (CAR)
29076,137.9221649,120.63750204545616,17.312500587120983,Luba,Abra,Cordillera Administrative Region (CAR)
29077,141.286087,120.66250204588005,17.312500587120983,Luba,Abra,Cordillera Administrative Region (CAR)
29078,142.2063141,120.68750204630392,17.312500587120983,Luba,Abra,Cordillera Administrative Region (CAR)
29079,143.1854401,120.71250204672782,17.312500587120983,Luba,Abra,Cordillera Administrative Region (CAR)
29080,136.0313568,120.63750204545616,17.287500586273154,Luba,Abra,Cordillera Administrative Region (CAR)
29081,139.3197479,120.66250204588005,17.287500586273154,Luba,Abra,Cordillera Administrative Region (CAR)
29082,140.1040649,120.68750204630392,17.287500586273154,Luba,Abra,Cordillera Administrative Region (CAR)
29083,90.17555237,121.06250205266224,17.662500598990587,Malibcong,Abra,Cordillera Administrative Region (CAR)
29084,84.96269226,121.08750205308613,17.662500598990587,Malibcong,Abra,Cordillera Administrative Region (CAR)
29085,101.5195999,120.98750205139056,17.637500598142758,Malibcong,Abra,Cordillera Administrative Region (CAR)
29086,97.61962128,121.01250205181447,17.637500598142758,Malibcong,Abra,Cordillera Administrative Region (CAR)
29087,91.00682831,121.03750205223837,17.637500598142758,Malibcong,Abra,Cordillera Administrative Region (CAR)
29088,90.21656036,121.06250205266224,17.637500598142758,Malibcong,Abra,Cordillera Administrative Region (CAR)
29089,85.18723297,121.08750205308613,17.637500598142758,Malibcong,Abra,Cordillera Administrative Region (CAR)
29090,103.0286636,120.96250205096668,17.61250059729493,Malibcong,Abra,Cordillera Administrative Region (CAR)
29091,101.4399262,120.98750205139056,17.61250059729493,Malibcong,Abra,Cordillera Administrative Region (CAR)
29092,98.27315521,121.01250205181447,17.61250059729493,Malibcong,Abra,Cordillera Administrative Region (CAR)
29093,96.05460358,121.03750205223837,17.61250059729493,Malibcong,Abra,Cordillera Administrative Region (CAR)
29094,86.31333923,121.06250205266224,17.61250059729493,Malibcong,Abra,Cordillera Administrative Region (CAR)
29095,84.96051788,121.08750205308613,17.61250059729493,Malibcong,Abra,Cordillera Administrative Region (CAR)
29096,102.748291,120.96250205096668,17.5875005964471,Malibcong,Abra,Cordillera Administrative Region (CAR)
29097,100.9829102,120.98750205139056,17.5875005964471,Malibcong,Abra,Cordillera Administrative Region (CAR)
29098,97.63410187,121.01250205181447,17.5875005964471,Malibcong,Abra,Cordillera Administrative Region (CAR)
29099,95.40764618,121.03750205223837,17.5875005964471,Malibcong,Abra,Cordillera Administrative Region (CAR)
29100,85.6852951,121.06250205266224,17.5875005964471,Malibcong,Abra,Cordillera Administrative Region (CAR)
29101,84.23493195,121.08750205308613,17.5875005964471,Malibcong,Abra,Cordillera Administrative Region (CAR)
29102,82.5113678,121.11250205351,17.5875005964471,Malibcong,Abra,Cordillera Administrative Region (CAR)
29103,112.6220245,120.9375020505428,17.56250059559927,Malibcong,Abra,Cordillera Administrative Region (CAR)
29104,106.4101715,120.96250205096668,17.56250059559927,Malibcong,Abra,Cordillera Administrative Region (CAR)
29105,100.867218,120.98750205139056,17.56250059559927,Malibcong,Abra,Cordillera Administrative Region (CAR)
29106,96.53163147,121.01250205181447,17.56250059559927,Malibcong,Abra,Cordillera Administrative Region (CAR)
29107,90.3922348,121.03750205223837,17.56250059559927,Malibcong,Abra,Cordillera Administrative Region (CAR)
29108,89.51332092,121.06250205266224,17.56250059559927,Malibcong,Abra,Cordillera Administrative Region (CAR)
29109,83.83003235,121.08750205308613,17.56250059559927,Malibcong,Abra,Cordillera Administrative Region (CAR)
29110,106.9321213,120.96250205096668,17.537500594751442,Malibcong,Abra,Cordillera Administrative Region (CAR)
29111,102.0454941,120.98750205139056,17.537500594751442,Malibcong,Abra,Cordillera Administrative Region (CAR)
29112,97.67503357,121.01250205181447,17.537500594751442,Malibcong,Abra,Cordillera Administrative Region (CAR)
29113,90.78198242,121.03750205223837,17.537500594751442,Malibcong,Abra,Cordillera Administrative Region (CAR)
29114,89.90319061,121.06250205266224,17.537500594751442,Malibcong,Abra,Cordillera Administrative Region (CAR)
29115,102.4504623,120.96250205096668,17.512500593903614,Malibcong,Abra,Cordillera Administrative Region (CAR)
29116,100.7643204,120.98750205139056,17.512500593903614,Malibcong,Abra,Cordillera Administrative Region (CAR)
29117,97.39705658,121.01250205181447,17.512500593903614,Malibcong,Abra,Cordillera Administrative Region (CAR)
29118,140.3144531,120.68750204630392,17.437500591360127,Manabo,Abra,Cordillera Administrative Region (CAR)
29119,141.3887329,120.71250204672782,17.437500591360127,Manabo,Abra,Cordillera Administrative Region (CAR)
29120,142.8666229,120.7375020471517,17.437500591360127,Manabo,Abra,Cordillera Administrative Region (CAR)
29121,140.35849,120.68750204630392,17.4125005905123,Manabo,Abra,Cordillera Administrative Region (CAR)
29122,141.1517334,120.71250204672782,17.4125005905123,Manabo,Abra,Cordillera Administrative Region (CAR)
29123,141.7364807,120.7375020471517,17.4125005905123,Manabo,Abra,Cordillera Administrative Region (CAR)
29124,140.7820587,120.68750204630392,17.38750058966447,Manabo,Abra,Cordillera Administrative Region (CAR)
29125,141.6333618,120.71250204672782,17.38750058966447,Manabo,Abra,Cordillera Administrative Region (CAR)
29126,142.4146729,120.7375020471517,17.38750058966447,Manabo,Abra,Cordillera Administrative Region (CAR)
29127,137.3098908,120.66250204588005,17.56250059559927,Peñarrubia,Abra,Cordillera Administrative Region (CAR)
29128,138.8390961,120.68750204630392,17.56250059559927,Peñarrubia,Abra,Cordillera Administrative Region (CAR)
29129,138.225235,120.63750204545616,17.537500594751442,Peñarrubia,Abra,Cordillera Administrative Region (CAR)
29130,137.5108032,120.66250204588005,17.537500594751442,Peñarrubia,Abra,Cordillera Administrative Region (CAR)
29131,139.7148743,120.68750204630392,17.537500594751442,Peñarrubia,Abra,Cordillera Administrative Region (CAR)
29132,138.7795563,120.66250204588005,17.512500593903614,Peñarrubia,Abra,Cordillera Administrative Region (CAR)
29133,139.3936768,120.68750204630392,17.512500593903614,Peñarrubia,Abra,Cordillera Administrative Region (CAR)
29134,139.4090271,120.56250204418448,17.56250059559927,Pidigan,Abra,Cordillera Administrative Region (CAR)
29135,138.3511047,120.58750204460839,17.56250059559927,Pidigan,Abra,Cordillera Administrative Region (CAR)
29136,143.9244537,120.5375020437606,17.537500594751442,Pidigan,Abra,Cordillera Administrative Region (CAR)
29137,139.4763641,120.56250204418448,17.537500594751442,Pidigan,Abra,Cordillera Administrative Region (CAR)
29138,138.6865082,120.58750204460839,17.537500594751442,Pidigan,Abra,Cordillera Administrative Region (CAR)
29139,140.1577301,120.56250204418448,17.512500593903614,Pidigan,Abra,Cordillera Administrative Region (CAR)
29140,138.2875061,120.58750204460839,17.512500593903614,Pidigan,Abra,Cordillera Administrative Region (CAR)
29141,138.5802002,120.58750204460839,17.437500591360127,Pilar,Abra,Cordillera Administrative Region (CAR)
29142,138.4172669,120.58750204460839,17.4125005905123,Pilar,Abra,Cordillera Administrative Region (CAR)
29143,138.8833618,120.61250204503229,17.4125005905123,Pilar,Abra,Cordillera Administrative Region (CAR)
29144,140.6168518,120.56250204418448,17.38750058966447,Pilar,Abra,Cordillera Administrative Region (CAR)
29145,138.6968994,120.58750204460839,17.38750058966447,Pilar,Abra,Cordillera Administrative Region (CAR)
29146,139.2133484,120.61250204503229,17.38750058966447,Pilar,Abra,Cordillera Administrative Region (CAR)
29147,139.1710358,120.56250204418448,17.36250058881664,Pilar,Abra,Cordillera Administrative Region (CAR)
29148,137.8338318,120.58750204460839,17.36250058881664,Pilar,Abra,Cordillera Administrative Region (CAR)
29149,138.5943756,120.61250204503229,17.36250058881664,Pilar,Abra,Cordillera Administrative Region (CAR)
29150,138.8262482,120.56250204418448,17.33750058796881,Pilar,Abra,Cordillera Administrative Region (CAR)
29151,141.030014,120.56250204418448,17.312500587120983,Pilar,Abra,Cordillera Administrative Region (CAR)
29152,139.0683899,120.58750204460839,17.312500587120983,Pilar,Abra,Cordillera Administrative Region (CAR)
29153,141.6069336,120.78750204799948,17.537500594751442,Sallapadan,Abra,Cordillera Administrative Region (CAR)
29154,143.8180695,120.7625020475756,17.512500593903614,Sallapadan,Abra,Cordillera Administrative Region (CAR)
29155,141.2225647,120.78750204799948,17.512500593903614,Sallapadan,Abra,Cordillera Administrative Region (CAR)
29156,140.2974854,120.81250204842338,17.512500593903614,Sallapadan,Abra,Cordillera Administrative Region (CAR)
29157,140.3395996,120.7375020471517,17.487500593055785,Sallapadan,Abra,Cordillera Administrative Region (CAR)
29158,143.5457611,120.7625020475756,17.487500593055785,Sallapadan,Abra,Cordillera Administrative Region (CAR)
29159,140.7845459,120.78750204799948,17.487500593055785,Sallapadan,Abra,Cordillera Administrative Region (CAR)
29160,139.8143005,120.81250204842338,17.487500593055785,Sallapadan,Abra,Cordillera Administrative Region (CAR)
29161,140.2596283,120.83750204884724,17.487500593055785,Sallapadan,Abra,Cordillera Administrative Region (CAR)
29162,132.1082306,120.86250204927114,17.487500593055785,Sallapadan,Abra,Cordillera Administrative Region (CAR)
29163,128.0219421,120.88750204969504,17.487500593055785,Sallapadan,Abra,Cordillera Administrative Region (CAR)
29164,127.312027,120.91250205011892,17.487500593055785,Sallapadan,Abra,Cordillera Administrative Region (CAR)
29165,142.5325775,120.7375020471517,17.462500592207956,Sallapadan,Abra,Cordillera Administrative Region (CAR)
29166,142.8129883,120.7625020475756,17.462500592207956,Sallapadan,Abra,Cordillera Administrative Region (CAR)
29167,140.9473877,120.78750204799948,17.462500592207956,Sallapadan,Abra,Cordillera Administrative Region (CAR)
29168,140.1541901,120.81250204842338,17.462500592207956,Sallapadan,Abra,Cordillera Administrative Region (CAR)
29169,140.9762573,120.83750204884724,17.462500592207956,Sallapadan,Abra,Cordillera Administrative Region (CAR)
29170,143.1461029,120.7625020475756,17.437500591360127,Sallapadan,Abra,Cordillera Administrative Region (CAR)
29171,137.8412018,120.58750204460839,17.487500593055785,San Isidro,Abra,Cordillera Administrative Region (CAR)
29172,138.2410736,120.61250204503229,17.487500593055785,San Isidro,Abra,Cordillera Administrative Region (CAR)
29173,136.5215607,120.63750204545616,17.487500593055785,San Isidro,Abra,Cordillera Administrative Region (CAR)
29174,138.4208832,120.66250204588005,17.487500593055785,San Isidro,Abra,Cordillera Administrative Region (CAR)
29175,137.9098969,120.58750204460839,17.462500592207956,San Isidro,Abra,Cordillera Administrative Region (CAR)
29176,138.4986115,120.61250204503229,17.462500592207956,San Isidro,Abra,Cordillera Administrative Region (CAR)
29177,139.1987152,120.61250204503229,17.437500591360127,San Isidro,Abra,Cordillera Administrative Region (CAR)
29178,140.1068878,120.78750204799948,17.737500601534073,San Juan,Abra,Cordillera Administrative Region (CAR)
29179,141.0889435,120.71250204672782,17.712500600686244,San Juan,Abra,Cordillera Administrative Region (CAR)
29180,141.425827,120.7375020471517,17.712500600686244,San Juan,Abra,Cordillera Administrative Region (CAR)
29181,143.0446014,120.7625020475756,17.712500600686244,San Juan,Abra,Cordillera Administrative Region (CAR)
29182,140.12854,120.78750204799948,17.712500600686244,San Juan,Abra,Cordillera Administrative Region (CAR)
29183,141.2341309,120.71250204672782,17.687500599838415,San Juan,Abra,Cordillera Administrative Region (CAR)
29184,141.6283112,120.7375020471517,17.687500599838415,San Juan,Abra,Cordillera Administrative Region (CAR)
29185,143.3121491,120.7625020475756,17.687500599838415,San Juan,Abra,Cordillera Administrative Region (CAR)
29186,142.3991852,120.7375020471517,17.662500598990587,San Juan,Abra,Cordillera Administrative Region (CAR)
29187,142.845398,120.48750204291284,17.537500594751442,San Quintin,Abra,Cordillera Administrative Region (CAR)
29188,143.0733643,120.51250204333672,17.537500594751442,San Quintin,Abra,Cordillera Administrative Region (CAR)
29189,142.5974274,120.48750204291284,17.512500593903614,San Quintin,Abra,Cordillera Administrative Region (CAR)
29190,142.6558838,120.51250204333672,17.512500593903614,San Quintin,Abra,Cordillera Administrative Region (CAR)
29191,142.9197235,120.5375020437606,17.512500593903614,San Quintin,Abra,Cordillera Administrative Region (CAR)
29192,142.3028107,120.48750204291284,17.487500593055785,San Quintin,Abra,Cordillera Administrative Region (CAR)
29193,138.4787598,120.63750204545616,17.61250059729493,Tayum,Abra,Cordillera Administrative Region (CAR)
29194,139.9626923,120.66250204588005,17.61250059729493,Tayum,Abra,Cordillera Administrative Region (CAR)
29195,140.406601,120.68750204630392,17.61250059729493,Tayum,Abra,Cordillera Administrative Region (CAR)
29196,140.9287567,120.71250204672782,17.61250059729493,Tayum,Abra,Cordillera Administrative Region (CAR)
29197,139.2007904,120.66250204588005,17.5875005964471,Tayum,Abra,Cordillera Administrative Region (CAR)
29198,139.6871033,120.68750204630392,17.5875005964471,Tayum,Abra,Cordillera Administrative Region (CAR)
29199,140.28479,120.71250204672782,17.5875005964471,Tayum,Abra,Cordillera Administrative Region (CAR)
29200,89.52677155,120.9375020505428,17.962500609164533,Tineg,Abra,Cordillera Administrative Region (CAR)
29201,132.7857971,120.81250204842338,17.937500608316704,Tineg,Abra,Cordillera Administrative Region (CAR)
29202,126.6474533,120.83750204884724,17.937500608316704,Tineg,Abra,Cordillera Administrative Region (CAR)
29203,117.191246,120.86250204927114,17.937500608316704,Tineg,Abra,Cordillera Administrative Region (CAR)
29204,107.2850037,120.88750204969504,17.937500608316704,Tineg,Abra,Cordillera Administrative Region (CAR)
29205,103.7760315,120.91250205011892,17.937500608316704,Tineg,Abra,Cordillera Administrative Region (CAR)
29206,88.7430191,120.9375020505428,17.937500608316704,Tineg,Abra,Cordillera Administrative Region (CAR)
29207,84.34172058,120.96250205096668,17.937500608316704,Tineg,Abra,Cordillera Administrative Region (CAR)
29208,80.93791962,120.98750205139056,17.937500608316704,Tineg,Abra,Cordillera Administrative Region (CAR)
29209,136.8306427,120.78750204799948,17.912500607468875,Tineg,Abra,Cordillera Administrative Region (CAR)
29210,133.3006287,120.81250204842338,17.912500607468875,Tineg,Abra,Cordillera Administrative Region (CAR)
29211,131.9625855,120.83750204884724,17.912500607468875,Tineg,Abra,Cordillera Administrative Region (CAR)
29212,112.861618,120.86250204927114,17.912500607468875,Tineg,Abra,Cordillera Administrative Region (CAR)
29213,107.15625,120.88750204969504,17.912500607468875,Tineg,Abra,Cordillera Administrative Region (CAR)
29214,104.7507553,120.91250205011892,17.912500607468875,Tineg,Abra,Cordillera Administrative Region (CAR)
29215,94.3393631,120.9375020505428,17.912500607468875,Tineg,Abra,Cordillera Administrative Region (CAR)
29216,82.03705597,120.96250205096668,17.912500607468875,Tineg,Abra,Cordillera Administrative Region (CAR)
29217,81.22268677,120.98750205139056,17.912500607468875,Tineg,Abra,Cordillera Administrative Region (CAR)
29218,145.6863403,120.7375020471517,17.887500606621046,Tineg,Abra,Cordillera Administrative Region (CAR)
29219,142.2505493,120.7625020475756,17.887500606621046,Tineg,Abra,Cordillera Administrative Region (CAR)
29220,136.5056,120.78750204799948,17.887500606621046,Tineg,Abra,Cordillera Administrative Region (CAR)
29221,132.9714203,120.81250204842338,17.887500606621046,Tineg,Abra,Cordillera Administrative Region (CAR)
29222,131.7861939,120.83750204884724,17.887500606621046,Tineg,Abra,Cordillera Administrative Region (CAR)
29223,112.5571594,120.86250204927114,17.887500606621046,Tineg,Abra,Cordillera Administrative Region (CAR)
29224,106.7111511,120.88750204969504,17.887500606621046,Tineg,Abra,Cordillera Administrative Region (CAR)
29225,104.4732819,120.91250205011892,17.887500606621046,Tineg,Abra,Cordillera Administrative Region (CAR)
29226,94.37098694,120.9375020505428,17.887500606621046,Tineg,Abra,Cordillera Administrative Region (CAR)
29227,82.18468475,120.96250205096668,17.887500606621046,Tineg,Abra,Cordillera Administrative Region (CAR)
29228,81.16676331,120.98750205139056,17.887500606621046,Tineg,Abra,Cordillera Administrative Region (CAR)
29229,144.8087463,120.7375020471517,17.862500605773217,Tineg,Abra,Cordillera Administrative Region (CAR)
29230,144.5428467,120.7625020475756,17.862500605773217,Tineg,Abra,Cordillera Administrative Region (CAR)
29231,136.4626465,120.78750204799948,17.862500605773217,Tineg,Abra,Cordillera Administrative Region (CAR)
29232,132.2991028,120.81250204842338,17.862500605773217,Tineg,Abra,Cordillera Administrative Region (CAR)
29233,127.4415054,120.83750204884724,17.862500605773217,Tineg,Abra,Cordillera Administrative Region (CAR)
29234,117.4657745,120.86250204927114,17.862500605773217,Tineg,Abra,Cordillera Administrative Region (CAR)
29235,106.6450958,120.88750204969504,17.862500605773217,Tineg,Abra,Cordillera Administrative Region (CAR)
29236,103.6309815,120.91250205011892,17.862500605773217,Tineg,Abra,Cordillera Administrative Region (CAR)
29237,90.45267487,120.9375020505428,17.862500605773217,Tineg,Abra,Cordillera Administrative Region (CAR)
29238,86.0568161,120.96250205096668,17.862500605773217,Tineg,Abra,Cordillera Administrative Region (CAR)
29239,81.22418213,120.98750205139056,17.862500605773217,Tineg,Abra,Cordillera Administrative Region (CAR)
29240,144.3768158,120.7625020475756,17.83750060492539,Tineg,Abra,Cordillera Administrative Region (CAR)
29241,138.0625305,120.78750204799948,17.83750060492539,Tineg,Abra,Cordillera Administrative Region (CAR)
29242,134.1099243,120.81250204842338,17.83750060492539,Tineg,Abra,Cordillera Administrative Region (CAR)
29243,128.9313202,120.83750204884724,17.83750060492539,Tineg,Abra,Cordillera Administrative Region (CAR)
29244,118.8482208,120.86250204927114,17.83750060492539,Tineg,Abra,Cordillera Administrative Region (CAR)
29245,111.5237732,120.88750204969504,17.83750060492539,Tineg,Abra,Cordillera Administrative Region (CAR)
29246,108.6876907,120.91250205011892,17.83750060492539,Tineg,Abra,Cordillera Administrative Region (CAR)
29247,92.81912994,120.9375020505428,17.83750060492539,Tineg,Abra,Cordillera Administrative Region (CAR)
29248,88.32681274,120.96250205096668,17.83750060492539,Tineg,Abra,Cordillera Administrative Region (CAR)
29249,86.46135712,120.98750205139056,17.83750060492539,Tineg,Abra,Cordillera Administrative Region (CAR)
29250,84.9967804,121.01250205181447,17.83750060492539,Tineg,Abra,Cordillera Administrative Region (CAR)
29251,79.61342621,121.03750205223837,17.83750060492539,Tineg,Abra,Cordillera Administrative Region (CAR)
29252,79.22854614,121.06250205266224,17.83750060492539,Tineg,Abra,Cordillera Administrative Region (CAR)
29253,137.9499054,120.78750204799948,17.81250060407756,Tineg,Abra,Cordillera Administrative Region (CAR)
29254,135.0110321,120.81250204842338,17.81250060407756,Tineg,Abra,Cordillera Administrative Region (CAR)
29255,134.1120453,120.83750204884724,17.81250060407756,Tineg,Abra,Cordillera Administrative Region (CAR)
29256,118.5922318,120.86250204927114,17.81250060407756,Tineg,Abra,Cordillera Administrative Region (CAR)
29257,113.3300171,120.88750204969504,17.81250060407756,Tineg,Abra,Cordillera Administrative Region (CAR)
29258,111.4817581,120.91250205011892,17.81250060407756,Tineg,Abra,Cordillera Administrative Region (CAR)
29259,100.4849854,120.9375020505428,17.81250060407756,Tineg,Abra,Cordillera Administrative Region (CAR)
29260,88.75036621,120.96250205096668,17.81250060407756,Tineg,Abra,Cordillera Administrative Region (CAR)
29261,87.97901917,120.98750205139056,17.81250060407756,Tineg,Abra,Cordillera Administrative Region (CAR)
29262,86.61862946,121.01250205181447,17.81250060407756,Tineg,Abra,Cordillera Administrative Region (CAR)
29263,85.28244781,121.03750205223837,17.81250060407756,Tineg,Abra,Cordillera Administrative Region (CAR)
29264,79.54999542,121.06250205266224,17.81250060407756,Tineg,Abra,Cordillera Administrative Region (CAR)
29265,79.10552216,121.08750205308613,17.81250060407756,Tineg,Abra,Cordillera Administrative Region (CAR)
29266,138.0686646,120.78750204799948,17.78750060322973,Tineg,Abra,Cordillera Administrative Region (CAR)
29267,135.8666687,120.81250204842338,17.78750060322973,Tineg,Abra,Cordillera Administrative Region (CAR)
29268,135.6279144,120.83750204884724,17.78750060322973,Tineg,Abra,Cordillera Administrative Region (CAR)
29269,121.02388,120.86250204927114,17.78750060322973,Tineg,Abra,Cordillera Administrative Region (CAR)
29270,115.7761841,120.88750204969504,17.78750060322973,Tineg,Abra,Cordillera Administrative Region (CAR)
29271,114.2404175,120.91250205011892,17.78750060322973,Tineg,Abra,Cordillera Administrative Region (CAR)
29272,103.4559403,120.9375020505428,17.78750060322973,Tineg,Abra,Cordillera Administrative Region (CAR)
29273,91.48111725,120.96250205096668,17.78750060322973,Tineg,Abra,Cordillera Administrative Region (CAR)
29274,90.05653381,120.98750205139056,17.78750060322973,Tineg,Abra,Cordillera Administrative Region (CAR)
29275,88.24956512,121.01250205181447,17.78750060322973,Tineg,Abra,Cordillera Administrative Region (CAR)
29276,87.15656281,121.03750205223837,17.78750060322973,Tineg,Abra,Cordillera Administrative Region (CAR)
29277,81.25174713,121.06250205266224,17.78750060322973,Tineg,Abra,Cordillera Administrative Region (CAR)
29278,80.24078369,121.08750205308613,17.78750060322973,Tineg,Abra,Cordillera Administrative Region (CAR)
29279,138.4017334,120.78750204799948,17.762500602381902,Tineg,Abra,Cordillera Administrative Region (CAR)
29280,136.4364166,120.81250204842338,17.762500602381902,Tineg,Abra,Cordillera Administrative Region (CAR)
29281,135.4978027,120.83750204884724,17.762500602381902,Tineg,Abra,Cordillera Administrative Region (CAR)
29282,126.7784271,120.86250204927114,17.762500602381902,Tineg,Abra,Cordillera Administrative Region (CAR)
29283,117.33815,120.88750204969504,17.762500602381902,Tineg,Abra,Cordillera Administrative Region (CAR)
29284,115.4310226,120.91250205011892,17.762500602381902,Tineg,Abra,Cordillera Administrative Region (CAR)
29285,103.3831406,120.9375020505428,17.762500602381902,Tineg,Abra,Cordillera Administrative Region (CAR)
29286,98.23648071,120.96250205096668,17.762500602381902,Tineg,Abra,Cordillera Administrative Region (CAR)
29287,91.77193451,120.98750205139056,17.762500602381902,Tineg,Abra,Cordillera Administrative Region (CAR)
29288,89.27766418,121.01250205181447,17.762500602381902,Tineg,Abra,Cordillera Administrative Region (CAR)
29289,87.23181152,121.03750205223837,17.762500602381902,Tineg,Abra,Cordillera Administrative Region (CAR)
29290,86.61283875,121.06250205266224,17.762500602381902,Tineg,Abra,Cordillera Administrative Region (CAR)
29291,81.44280243,121.08750205308613,17.762500602381902,Tineg,Abra,Cordillera Administrative Region (CAR)
29292,138.5580902,120.81250204842338,17.737500601534073,Tineg,Abra,Cordillera Administrative Region (CAR)
29293,137.1222229,120.83750204884724,17.737500601534073,Tineg,Abra,Cordillera Administrative Region (CAR)
29294,128.9067688,120.86250204927114,17.737500601534073,Tineg,Abra,Cordillera Administrative Region (CAR)
29295,106.5847092,120.9375020505428,17.737500601534073,Tineg,Abra,Cordillera Administrative Region (CAR)
29296,101.2276917,120.96250205096668,17.737500601534073,Tineg,Abra,Cordillera Administrative Region (CAR)
29297,97.66229248,120.98750205139056,17.737500601534073,Tineg,Abra,Cordillera Administrative Region (CAR)
29298,94.76150513,121.01250205181447,17.737500601534073,Tineg,Abra,Cordillera Administrative Region (CAR)
29299,89.02363586,121.03750205223837,17.737500601534073,Tineg,Abra,Cordillera Administrative Region (CAR)
29300,138.820282,120.81250204842338,17.712500600686244,Tineg,Abra,Cordillera Administrative Region (CAR)
29301,138.8580627,120.83750204884724,17.712500600686244,Tineg,Abra,Cordillera Administrative Region (CAR)
29302,139.4679108,120.83750204884724,17.687500599838415,Tineg,Abra,Cordillera Administrative Region (CAR)
29303,143.4661713,120.78750204799948,17.33750058796881,Tubo,Abra,Cordillera Administrative Region (CAR)
29304,142.2634735,120.81250204842338,17.33750058796881,Tubo,Abra,Cordillera Administrative Region (CAR)
29305,140.7963867,120.83750204884724,17.33750058796881,Tubo,Abra,Cordillera Administrative Region (CAR)
29306,131.8944397,120.86250204927114,17.33750058796881,Tubo,Abra,Cordillera Administrative Region (CAR)
29307,124.8180695,120.88750204969504,17.33750058796881,Tubo,Abra,Cordillera Administrative Region (CAR)
29308,122.8082809,120.91250205011892,17.33750058796881,Tubo,Abra,Cordillera Administrative Region (CAR)
29309,106.7556229,120.9375020505428,17.33750058796881,Tubo,Abra,Cordillera Administrative Region (CAR)
29310,143.8801575,120.7375020471517,17.312500587120983,Tubo,Abra,Cordillera Administrative Region (CAR)
29311,147.5478821,120.7625020475756,17.312500587120983,Tubo,Abra,Cordillera Administrative Region (CAR)
29312,144.2223053,120.78750204799948,17.312500587120983,Tubo,Abra,Cordillera Administrative Region (CAR)
29313,142.8348389,120.81250204842338,17.312500587120983,Tubo,Abra,Cordillera Administrative Region (CAR)
29314,143.0125885,120.83750204884724,17.312500587120983,Tubo,Abra,Cordillera Administrative Region (CAR)
29315,130.0093689,120.86250204927114,17.312500587120983,Tubo,Abra,Cordillera Administrative Region (CAR)
29316,124.6893387,120.88750204969504,17.312500587120983,Tubo,Abra,Cordillera Administrative Region (CAR)
29317,123.0183182,120.91250205011892,17.312500587120983,Tubo,Abra,Cordillera Administrative Region (CAR)
29318,141.1747284,120.71250204672782,17.287500586273154,Tubo,Abra,Cordillera Administrative Region (CAR)
29319,142.1804504,120.7375020471517,17.287500586273154,Tubo,Abra,Cordillera Administrative Region (CAR)
29320,145.8107147,120.7625020475756,17.287500586273154,Tubo,Abra,Cordillera Administrative Region (CAR)
29321,141.8201752,120.78750204799948,17.287500586273154,Tubo,Abra,Cordillera Administrative Region (CAR)
29322,140.2183533,120.81250204842338,17.287500586273154,Tubo,Abra,Cordillera Administrative Region (CAR)
29323,140.6026459,120.83750204884724,17.287500586273154,Tubo,Abra,Cordillera Administrative Region (CAR)
29324,127.1617813,120.86250204927114,17.287500586273154,Tubo,Abra,Cordillera Administrative Region (CAR)
29325,121.3274536,120.88750204969504,17.287500586273154,Tubo,Abra,Cordillera Administrative Region (CAR)
29326,119.2831039,120.91250205011892,17.287500586273154,Tubo,Abra,Cordillera Administrative Region (CAR)
29327,137.6583862,120.68750204630392,17.262500585425325,Tubo,Abra,Cordillera Administrative Region (CAR)
29328,139.219162,120.71250204672782,17.262500585425325,Tubo,Abra,Cordillera Administrative Region (CAR)
29329,142.8563843,120.7375020471517,17.262500585425325,Tubo,Abra,Cordillera Administrative Region (CAR)
29330,143.1836243,120.7625020475756,17.262500585425325,Tubo,Abra,Cordillera Administrative Region (CAR)
29331,139.18396,120.78750204799948,17.262500585425325,Tubo,Abra,Cordillera Administrative Region (CAR)
29332,137.5042267,120.81250204842338,17.262500585425325,Tubo,Abra,Cordillera Administrative Region (CAR)
29333,137.1418304,120.83750204884724,17.262500585425325,Tubo,Abra,Cordillera Administrative Region (CAR)
29334,127.2298203,120.86250204927114,17.262500585425325,Tubo,Abra,Cordillera Administrative Region (CAR)
29335,118.3006668,120.88750204969504,17.262500585425325,Tubo,Abra,Cordillera Administrative Region (CAR)
29336,115.1911392,120.91250205011892,17.262500585425325,Tubo,Abra,Cordillera Administrative Region (CAR)
29337,140.3675232,120.68750204630392,17.237500584577496,Tubo,Abra,Cordillera Administrative Region (CAR)
29338,141.974411,120.71250204672782,17.237500584577496,Tubo,Abra,Cordillera Administrative Region (CAR)
29339,144.0904999,120.7375020471517,17.237500584577496,Tubo,Abra,Cordillera Administrative Region (CAR)
29340,144.4177399,120.7625020475756,17.237500584577496,Tubo,Abra,Cordillera Administrative Region (CAR)
29341,141.713562,120.78750204799948,17.237500584577496,Tubo,Abra,Cordillera Administrative Region (CAR)
29342,139.9357452,120.81250204842338,17.237500584577496,Tubo,Abra,Cordillera Administrative Region (CAR)
29343,137.9013672,120.83750204884724,17.237500584577496,Tubo,Abra,Cordillera Administrative Region (CAR)
29344,127.9369812,120.86250204927114,17.237500584577496,Tubo,Abra,Cordillera Administrative Region (CAR)
29345,118.2737503,120.88750204969504,17.237500584577496,Tubo,Abra,Cordillera Administrative Region (CAR)
29346,138.1295319,120.68750204630392,17.212500583729668,Tubo,Abra,Cordillera Administrative Region (CAR)
29347,139.2557221,120.71250204672782,17.212500583729668,Tubo,Abra,Cordillera Administrative Region (CAR)
29348,140.1167908,120.7375020471517,17.212500583729668,Tubo,Abra,Cordillera Administrative Region (CAR)
29349,143.4571381,120.7625020475756,17.212500583729668,Tubo,Abra,Cordillera Administrative Region (CAR)
29350,139.0850067,120.78750204799948,17.212500583729668,Tubo,Abra,Cordillera Administrative Region (CAR)
29351,137.136261,120.81250204842338,17.212500583729668,Tubo,Abra,Cordillera Administrative Region (CAR)
29352,137.242981,120.83750204884724,17.212500583729668,Tubo,Abra,Cordillera Administrative Region (CAR)
29353,121.5149841,120.86250204927114,17.212500583729668,Tubo,Abra,Cordillera Administrative Region (CAR)
29354,115.4101181,120.88750204969504,17.212500583729668,Tubo,Abra,Cordillera Administrative Region (CAR)
29355,135.7184143,120.68750204630392,17.18750058288184,Tubo,Abra,Cordillera Administrative Region (CAR)
29356,136.8326416,120.71250204672782,17.18750058288184,Tubo,Abra,Cordillera Administrative Region (CAR)
29357,137.8310547,120.7375020471517,17.18750058288184,Tubo,Abra,Cordillera Administrative Region (CAR)
29358,141.0506134,120.7625020475756,17.18750058288184,Tubo,Abra,Cordillera Administrative Region (CAR)
29359,136.4684448,120.78750204799948,17.18750058288184,Tubo,Abra,Cordillera Administrative Region (CAR)
29360,134.3999329,120.81250204842338,17.18750058288184,Tubo,Abra,Cordillera Administrative Region (CAR)
29361,134.4835815,120.83750204884724,17.18750058288184,Tubo,Abra,Cordillera Administrative Region (CAR)
29362,140.5506897,120.7375020471517,17.16250058203401,Tubo,Abra,Cordillera Administrative Region (CAR)
29363,140.7964935,120.7625020475756,17.16250058203401,Tubo,Abra,Cordillera Administrative Region (CAR)
29364,136.7424469,120.78750204799948,17.16250058203401,Tubo,Abra,Cordillera Administrative Region (CAR)
29365,138.2088471,120.63750204545616,17.462500592207956,Villaviciosa,Abra,Cordillera Administrative Region (CAR)
29366,137.4958038,120.66250204588005,17.462500592207956,Villaviciosa,Abra,Cordillera Administrative Region (CAR)
29367,138.3019104,120.63750204545616,17.437500591360127,Villaviciosa,Abra,Cordillera Administrative Region (CAR)
29368,137.5956116,120.66250204588005,17.437500591360127,Villaviciosa,Abra,Cordillera Administrative Region (CAR)
29369,137.1616364,120.63750204545616,17.4125005905123,Villaviciosa,Abra,Cordillera Administrative Region (CAR)
29370,139.6314392,120.66250204588005,17.4125005905123,Villaviciosa,Abra,Cordillera Administrative Region (CAR)
29371,137.6274262,120.63750204545616,17.38750058966447,Villaviciosa,Abra,Cordillera Administrative Region (CAR)
29372,140.143158,120.66250204588005,17.38750058966447,Villaviciosa,Abra,Cordillera Administrative Region (CAR)
29373,138.8032837,120.63750204545616,17.36250058881664,Villaviciosa,Abra,Cordillera Administrative Region (CAR)
29374,138.5933228,120.58750204460839,17.33750058796881,Villaviciosa,Abra,Cordillera Administrative Region (CAR)
29375,139.3965302,120.61250204503229,17.33750058796881,Villaviciosa,Abra,Cordillera Administrative Region (CAR)
29376,139.6820221,120.61250204503229,17.312500587120983,Villaviciosa,Abra,Cordillera Administrative Region (CAR)
