unique id,value,lon,lat,municipality name,province name,region
30777,84.89754486,121.06250205266224,18.5375006286646,Calanasan (Bayag),Apayao,Cordillera Administrative Region (CAR)
30778,83.38161469,121.08750205308613,18.5375006286646,Calanasan (Bayag),Apayao,Cordillera Administrative Region (CAR)
30779,82.65664673,121.1375020539339,18.5375006286646,Calanasan (Bayag),Apayao,Cordillera Administrative Region (CAR)
30780,84.16370392,121.16250205435777,18.5375006286646,Calanasan (Bayag),Apayao,Cordillera Administrative Region (CAR)
30781,83.51552582,121.06250205266224,18.512500627816767,Calanasan (Bayag),Apayao,Cordillera Administrative Region (CAR)
30782,83.20464325,121.08750205308613,18.512500627816767,Calanasan (Bayag),Apayao,Cordillera Administrative Region (CAR)
30783,82.85736084,121.11250205351,18.512500627816767,Calanasan (Bayag),Apayao,Cordillera Administrative Region (CAR)
30784,82.60365295,121.1375020539339,18.512500627816767,Calanasan (Bayag),Apayao,Cordillera Administrative Region (CAR)
30785,83.15809631,121.16250205435777,18.512500627816767,Calanasan (Bayag),Apayao,Cordillera Administrative Region (CAR)
30786,83.85233307,121.18750205478167,18.512500627816767,Calanasan (Bayag),Apayao,Cordillera Administrative Region (CAR)
30787,85.58957672,121.03750205223837,18.48750062696893,Calanasan (Bayag),Apayao,Cordillera Administrative Region (CAR)
30788,81.90651703,121.06250205266224,18.48750062696893,Calanasan (Bayag),Apayao,Cordillera Administrative Region (CAR)
30789,81.54454041,121.08750205308613,18.48750062696893,Calanasan (Bayag),Apayao,Cordillera Administrative Region (CAR)
30790,81.08232117,121.11250205351,18.48750062696893,Calanasan (Bayag),Apayao,Cordillera Administrative Region (CAR)
30791,80.66440582,121.1375020539339,18.48750062696893,Calanasan (Bayag),Apayao,Cordillera Administrative Region (CAR)
30792,81.17601013,121.16250205435777,18.48750062696893,Calanasan (Bayag),Apayao,Cordillera Administrative Region (CAR)
30793,81.96327209,121.18750205478167,18.48750062696893,Calanasan (Bayag),Apayao,Cordillera Administrative Region (CAR)
30794,81.96130371,121.21250205520556,18.48750062696893,Calanasan (Bayag),Apayao,Cordillera Administrative Region (CAR)
30795,90.53742981,120.96250205096668,18.46250062612111,Calanasan (Bayag),Apayao,Cordillera Administrative Region (CAR)
30796,86.57570648,120.98750205139056,18.46250062612111,Calanasan (Bayag),Apayao,Cordillera Administrative Region (CAR)
30797,84.81217957,121.01250205181447,18.46250062612111,Calanasan (Bayag),Apayao,Cordillera Administrative Region (CAR)
30798,82.24134827,121.03750205223837,18.46250062612111,Calanasan (Bayag),Apayao,Cordillera Administrative Region (CAR)
30799,81.83790588,121.06250205266224,18.46250062612111,Calanasan (Bayag),Apayao,Cordillera Administrative Region (CAR)
30800,80.00002289,121.08750205308613,18.46250062612111,Calanasan (Bayag),Apayao,Cordillera Administrative Region (CAR)
30801,79.26563263,121.11250205351,18.46250062612111,Calanasan (Bayag),Apayao,Cordillera Administrative Region (CAR)
30802,77.8687439,121.1375020539339,18.46250062612111,Calanasan (Bayag),Apayao,Cordillera Administrative Region (CAR)
30803,79.30059052,121.16250205435777,18.46250062612111,Calanasan (Bayag),Apayao,Cordillera Administrative Region (CAR)
30804,80.16003418,121.18750205478167,18.46250062612111,Calanasan (Bayag),Apayao,Cordillera Administrative Region (CAR)
30805,80.10482025,121.21250205520556,18.46250062612111,Calanasan (Bayag),Apayao,Cordillera Administrative Region (CAR)
30806,91.06554413,120.96250205096668,18.43750062527328,Calanasan (Bayag),Apayao,Cordillera Administrative Region (CAR)
30807,86.96118927,120.98750205139056,18.43750062527328,Calanasan (Bayag),Apayao,Cordillera Administrative Region (CAR)
30808,85.08309174,121.01250205181447,18.43750062527328,Calanasan (Bayag),Apayao,Cordillera Administrative Region (CAR)
30809,81.97225189,121.03750205223837,18.43750062527328,Calanasan (Bayag),Apayao,Cordillera Administrative Region (CAR)
30810,81.56878662,121.06250205266224,18.43750062527328,Calanasan (Bayag),Apayao,Cordillera Administrative Region (CAR)
30811,79.0450592,121.08750205308613,18.43750062527328,Calanasan (Bayag),Apayao,Cordillera Administrative Region (CAR)
30812,78.27838135,121.11250205351,18.43750062527328,Calanasan (Bayag),Apayao,Cordillera Administrative Region (CAR)
30813,77.37380981,121.1375020539339,18.43750062527328,Calanasan (Bayag),Apayao,Cordillera Administrative Region (CAR)
30814,78.79580688,121.16250205435777,18.43750062527328,Calanasan (Bayag),Apayao,Cordillera Administrative Region (CAR)
30815,78.71322632,121.18750205478167,18.43750062527328,Calanasan (Bayag),Apayao,Cordillera Administrative Region (CAR)
30816,78.63998413,121.21250205520556,18.43750062527328,Calanasan (Bayag),Apayao,Cordillera Administrative Region (CAR)
30817,86.16094208,120.96250205096668,18.412500624425448,Calanasan (Bayag),Apayao,Cordillera Administrative Region (CAR)
30818,85.09461975,120.98750205139056,18.412500624425448,Calanasan (Bayag),Apayao,Cordillera Administrative Region (CAR)
30819,83.69289398,121.01250205181447,18.412500624425448,Calanasan (Bayag),Apayao,Cordillera Administrative Region (CAR)
30820,82.60923767,121.03750205223837,18.412500624425448,Calanasan (Bayag),Apayao,Cordillera Administrative Region (CAR)
30821,77.80854034,121.06250205266224,18.412500624425448,Calanasan (Bayag),Apayao,Cordillera Administrative Region (CAR)
30822,77.34284973,121.08750205308613,18.412500624425448,Calanasan (Bayag),Apayao,Cordillera Administrative Region (CAR)
30823,76.82816315,121.11250205351,18.412500624425448,Calanasan (Bayag),Apayao,Cordillera Administrative Region (CAR)
30824,76.43557739,121.1375020539339,18.412500624425448,Calanasan (Bayag),Apayao,Cordillera Administrative Region (CAR)
30825,76.65097046,121.16250205435777,18.412500624425448,Calanasan (Bayag),Apayao,Cordillera Administrative Region (CAR)
30826,77.35399628,121.18750205478167,18.412500624425448,Calanasan (Bayag),Apayao,Cordillera Administrative Region (CAR)
30827,77.31346893,121.21250205520556,18.412500624425448,Calanasan (Bayag),Apayao,Cordillera Administrative Region (CAR)
30828,77.30463409,121.23750205562946,18.412500624425448,Calanasan (Bayag),Apayao,Cordillera Administrative Region (CAR)
30829,77.33187103,121.26250205605332,18.412500624425448,Calanasan (Bayag),Apayao,Cordillera Administrative Region (CAR)
30830,84.57183075,120.96250205096668,18.387500623577623,Calanasan (Bayag),Apayao,Cordillera Administrative Region (CAR)
30831,83.48196411,120.98750205139056,18.387500623577623,Calanasan (Bayag),Apayao,Cordillera Administrative Region (CAR)
30832,82.00901031,121.01250205181447,18.387500623577623,Calanasan (Bayag),Apayao,Cordillera Administrative Region (CAR)
30833,80.81213379,121.03750205223837,18.387500623577623,Calanasan (Bayag),Apayao,Cordillera Administrative Region (CAR)
30834,76.06912994,121.06250205266224,18.387500623577623,Calanasan (Bayag),Apayao,Cordillera Administrative Region (CAR)
30835,75.71364594,121.08750205308613,18.387500623577623,Calanasan (Bayag),Apayao,Cordillera Administrative Region (CAR)
30836,75.24058533,121.11250205351,18.387500623577623,Calanasan (Bayag),Apayao,Cordillera Administrative Region (CAR)
30837,74.81351471,121.1375020539339,18.387500623577623,Calanasan (Bayag),Apayao,Cordillera Administrative Region (CAR)
30838,75.16526031,121.16250205435777,18.387500623577623,Calanasan (Bayag),Apayao,Cordillera Administrative Region (CAR)
30839,75.97805786,121.18750205478167,18.387500623577623,Calanasan (Bayag),Apayao,Cordillera Administrative Region (CAR)
30840,75.95678711,121.21250205520556,18.387500623577623,Calanasan (Bayag),Apayao,Cordillera Administrative Region (CAR)
30841,75.91464996,121.23750205562946,18.387500623577623,Calanasan (Bayag),Apayao,Cordillera Administrative Region (CAR)
30842,88.03375244,120.96250205096668,18.362500622729797,Calanasan (Bayag),Apayao,Cordillera Administrative Region (CAR)
30843,83.67404175,120.98750205139056,18.362500622729797,Calanasan (Bayag),Apayao,Cordillera Administrative Region (CAR)
30844,81.57806396,121.01250205181447,18.362500622729797,Calanasan (Bayag),Apayao,Cordillera Administrative Region (CAR)
30845,77.89802551,121.03750205223837,18.362500622729797,Calanasan (Bayag),Apayao,Cordillera Administrative Region (CAR)
30846,77.47192383,121.06250205266224,18.362500622729797,Calanasan (Bayag),Apayao,Cordillera Administrative Region (CAR)
30847,75.60604858,121.08750205308613,18.362500622729797,Calanasan (Bayag),Apayao,Cordillera Administrative Region (CAR)
30848,74.96308899,121.11250205351,18.362500622729797,Calanasan (Bayag),Apayao,Cordillera Administrative Region (CAR)
30849,73.59497833,121.1375020539339,18.362500622729797,Calanasan (Bayag),Apayao,Cordillera Administrative Region (CAR)
30850,75.21652222,121.16250205435777,18.362500622729797,Calanasan (Bayag),Apayao,Cordillera Administrative Region (CAR)
30851,75.83878326,121.18750205478167,18.362500622729797,Calanasan (Bayag),Apayao,Cordillera Administrative Region (CAR)
30852,75.82332611,121.21250205520556,18.362500622729797,Calanasan (Bayag),Apayao,Cordillera Administrative Region (CAR)
30853,91.44065094,120.9375020505428,18.337500621881965,Calanasan (Bayag),Apayao,Cordillera Administrative Region (CAR)
30854,87.53859711,120.96250205096668,18.337500621881965,Calanasan (Bayag),Apayao,Cordillera Administrative Region (CAR)
30855,83.10003662,120.98750205139056,18.337500621881965,Calanasan (Bayag),Apayao,Cordillera Administrative Region (CAR)
30856,80.98866272,121.01250205181447,18.337500621881965,Calanasan (Bayag),Apayao,Cordillera Administrative Region (CAR)
30857,77.04906464,121.03750205223837,18.337500621881965,Calanasan (Bayag),Apayao,Cordillera Administrative Region (CAR)
30858,76.62657928,121.06250205266224,18.337500621881965,Calanasan (Bayag),Apayao,Cordillera Administrative Region (CAR)
30859,74.39296722,121.08750205308613,18.337500621881965,Calanasan (Bayag),Apayao,Cordillera Administrative Region (CAR)
30860,73.74414825,121.11250205351,18.337500621881965,Calanasan (Bayag),Apayao,Cordillera Administrative Region (CAR)
30861,72.70388794,121.1375020539339,18.337500621881965,Calanasan (Bayag),Apayao,Cordillera Administrative Region (CAR)
30862,74.42784119,121.16250205435777,18.337500621881965,Calanasan (Bayag),Apayao,Cordillera Administrative Region (CAR)
30863,74.75117493,121.18750205478167,18.337500621881965,Calanasan (Bayag),Apayao,Cordillera Administrative Region (CAR)
30864,74.74515533,121.21250205520556,18.337500621881965,Calanasan (Bayag),Apayao,Cordillera Administrative Region (CAR)
30865,96.01412201,120.9375020505428,18.312500621034136,Calanasan (Bayag),Apayao,Cordillera Administrative Region (CAR)
30866,83.41905212,120.96250205096668,18.312500621034136,Calanasan (Bayag),Apayao,Cordillera Administrative Region (CAR)
30867,82.2405777,120.98750205139056,18.312500621034136,Calanasan (Bayag),Apayao,Cordillera Administrative Region (CAR)
30868,80.71477509,121.01250205181447,18.312500621034136,Calanasan (Bayag),Apayao,Cordillera Administrative Region (CAR)
30869,79.4440155,121.03750205223837,18.312500621034136,Calanasan (Bayag),Apayao,Cordillera Administrative Region (CAR)
30870,74.07032013,121.06250205266224,18.312500621034136,Calanasan (Bayag),Apayao,Cordillera Administrative Region (CAR)
30871,73.66390228,121.08750205308613,18.312500621034136,Calanasan (Bayag),Apayao,Cordillera Administrative Region (CAR)
30872,73.17437744,121.11250205351,18.312500621034136,Calanasan (Bayag),Apayao,Cordillera Administrative Region (CAR)
30873,72.77378845,121.1375020539339,18.312500621034136,Calanasan (Bayag),Apayao,Cordillera Administrative Region (CAR)
30874,73.32502747,121.16250205435777,18.312500621034136,Calanasan (Bayag),Apayao,Cordillera Administrative Region (CAR)
30875,74.20298004,121.18750205478167,18.312500621034136,Calanasan (Bayag),Apayao,Cordillera Administrative Region (CAR)
30876,74.20217896,121.21250205520556,18.312500621034136,Calanasan (Bayag),Apayao,Cordillera Administrative Region (CAR)
30877,96.51439667,120.9375020505428,18.287500620186307,Calanasan (Bayag),Apayao,Cordillera Administrative Region (CAR)
30878,83.82766724,120.96250205096668,18.287500620186307,Calanasan (Bayag),Apayao,Cordillera Administrative Region (CAR)
30879,82.49608612,120.98750205139056,18.287500620186307,Calanasan (Bayag),Apayao,Cordillera Administrative Region (CAR)
30880,80.87504578,121.01250205181447,18.287500620186307,Calanasan (Bayag),Apayao,Cordillera Administrative Region (CAR)
30881,79.5801239,121.03750205223837,18.287500620186307,Calanasan (Bayag),Apayao,Cordillera Administrative Region (CAR)
30882,74.13419342,121.06250205266224,18.287500620186307,Calanasan (Bayag),Apayao,Cordillera Administrative Region (CAR)
30883,73.67625427,121.08750205308613,18.287500620186307,Calanasan (Bayag),Apayao,Cordillera Administrative Region (CAR)
30884,73.12528992,121.11250205351,18.287500620186307,Calanasan (Bayag),Apayao,Cordillera Administrative Region (CAR)
30885,72.66182709,121.1375020539339,18.287500620186307,Calanasan (Bayag),Apayao,Cordillera Administrative Region (CAR)
30886,73.18378448,121.16250205435777,18.287500620186307,Calanasan (Bayag),Apayao,Cordillera Administrative Region (CAR)
30887,74.09745789,121.18750205478167,18.287500620186307,Calanasan (Bayag),Apayao,Cordillera Administrative Region (CAR)
30888,74.10283661,121.21250205520556,18.287500620186307,Calanasan (Bayag),Apayao,Cordillera Administrative Region (CAR)
30889,92.8059082,120.9375020505428,18.26250061933848,Calanasan (Bayag),Apayao,Cordillera Administrative Region (CAR)
30890,88.37326813,120.96250205096668,18.26250061933848,Calanasan (Bayag),Apayao,Cordillera Administrative Region (CAR)
30891,82.90979004,120.98750205139056,18.26250061933848,Calanasan (Bayag),Apayao,Cordillera Administrative Region (CAR)
30892,80.53627014,121.01250205181447,18.26250061933848,Calanasan (Bayag),Apayao,Cordillera Administrative Region (CAR)
30893,76.74268341,121.03750205223837,18.26250061933848,Calanasan (Bayag),Apayao,Cordillera Administrative Region (CAR)
30894,76.22985077,121.06250205266224,18.26250061933848,Calanasan (Bayag),Apayao,Cordillera Administrative Region (CAR)
30895,73.64179993,121.08750205308613,18.26250061933848,Calanasan (Bayag),Apayao,Cordillera Administrative Region (CAR)
30896,72.81729126,121.11250205351,18.26250061933848,Calanasan (Bayag),Apayao,Cordillera Administrative Region (CAR)
30897,71.52505493,121.1375020539339,18.26250061933848,Calanasan (Bayag),Apayao,Cordillera Administrative Region (CAR)
30898,73.26663971,121.16250205435777,18.26250061933848,Calanasan (Bayag),Apayao,Cordillera Administrative Region (CAR)
30899,73.79049683,121.18750205478167,18.26250061933848,Calanasan (Bayag),Apayao,Cordillera Administrative Region (CAR)
30900,73.80290985,121.21250205520556,18.26250061933848,Calanasan (Bayag),Apayao,Cordillera Administrative Region (CAR)
30901,93.4115448,120.9375020505428,18.23750061849065,Calanasan (Bayag),Apayao,Cordillera Administrative Region (CAR)
30902,88.80097961,120.96250205096668,18.23750061849065,Calanasan (Bayag),Apayao,Cordillera Administrative Region (CAR)
30903,83.68737793,120.98750205139056,18.23750061849065,Calanasan (Bayag),Apayao,Cordillera Administrative Region (CAR)
30904,81.2154541,121.01250205181447,18.23750061849065,Calanasan (Bayag),Apayao,Cordillera Administrative Region (CAR)
30905,76.70611572,121.03750205223837,18.23750061849065,Calanasan (Bayag),Apayao,Cordillera Administrative Region (CAR)
30906,76.1944046,121.06250205266224,18.23750061849065,Calanasan (Bayag),Apayao,Cordillera Administrative Region (CAR)
30907,73.46537781,121.08750205308613,18.23750061849065,Calanasan (Bayag),Apayao,Cordillera Administrative Region (CAR)
30908,72.60172272,121.11250205351,18.23750061849065,Calanasan (Bayag),Apayao,Cordillera Administrative Region (CAR)
30909,71.21430969,121.1375020539339,18.23750061849065,Calanasan (Bayag),Apayao,Cordillera Administrative Region (CAR)
30910,72.90628052,121.16250205435777,18.23750061849065,Calanasan (Bayag),Apayao,Cordillera Administrative Region (CAR)
30911,73.2144928,121.18750205478167,18.23750061849065,Calanasan (Bayag),Apayao,Cordillera Administrative Region (CAR)
30912,73.23403931,121.21250205520556,18.23750061849065,Calanasan (Bayag),Apayao,Cordillera Administrative Region (CAR)
30913,84.87519073,120.96250205096668,18.21250061764282,Calanasan (Bayag),Apayao,Cordillera Administrative Region (CAR)
30914,83.50253296,120.98750205139056,18.21250061764282,Calanasan (Bayag),Apayao,Cordillera Administrative Region (CAR)
30915,81.67268372,121.01250205181447,18.21250061764282,Calanasan (Bayag),Apayao,Cordillera Administrative Region (CAR)
30916,80.18614197,121.03750205223837,18.21250061764282,Calanasan (Bayag),Apayao,Cordillera Administrative Region (CAR)
30917,73.88048553,121.06250205266224,18.21250061764282,Calanasan (Bayag),Apayao,Cordillera Administrative Region (CAR)
30918,73.35329437,121.08750205308613,18.21250061764282,Calanasan (Bayag),Apayao,Cordillera Administrative Region (CAR)
30919,72.71564484,121.11250205351,18.21250061764282,Calanasan (Bayag),Apayao,Cordillera Administrative Region (CAR)
30920,72.18831635,121.1375020539339,18.21250061764282,Calanasan (Bayag),Apayao,Cordillera Administrative Region (CAR)
30921,83.51982117,120.98750205139056,18.187500616794992,Calanasan (Bayag),Apayao,Cordillera Administrative Region (CAR)
30922,81.54399109,121.01250205181447,18.187500616794992,Calanasan (Bayag),Apayao,Cordillera Administrative Region (CAR)
30923,80.01303864,121.03750205223837,18.187500616794992,Calanasan (Bayag),Apayao,Cordillera Administrative Region (CAR)
30924,73.67881775,121.06250205266224,18.187500616794992,Calanasan (Bayag),Apayao,Cordillera Administrative Region (CAR)
30925,73.10985565,121.08750205308613,18.187500616794992,Calanasan (Bayag),Apayao,Cordillera Administrative Region (CAR)
30926,72.42797089,121.11250205351,18.187500616794992,Calanasan (Bayag),Apayao,Cordillera Administrative Region (CAR)
30927,71.85953522,121.1375020539339,18.187500616794992,Calanasan (Bayag),Apayao,Cordillera Administrative Region (CAR)
30928,89.68055725,120.96250205096668,18.162500615947163,Calanasan (Bayag),Apayao,Cordillera Administrative Region (CAR)
30929,83.86064911,120.98750205139056,18.162500615947163,Calanasan (Bayag),Apayao,Cordillera Administrative Region (CAR)
30930,81.03607178,121.01250205181447,18.162500615947163,Calanasan (Bayag),Apayao,Cordillera Administrative Region (CAR)
30931,76.60019684,121.03750205223837,18.162500615947163,Calanasan (Bayag),Apayao,Cordillera Administrative Region (CAR)
30932,76.02435303,121.06250205266224,18.162500615947163,Calanasan (Bayag),Apayao,Cordillera Administrative Region (CAR)
30933,73.00080872,121.08750205308613,18.162500615947163,Calanasan (Bayag),Apayao,Cordillera Administrative Region (CAR)
30934,72.00543213,121.11250205351,18.162500615947163,Calanasan (Bayag),Apayao,Cordillera Administrative Region (CAR)
30935,89.92367554,120.96250205096668,18.13750061509933,Calanasan (Bayag),Apayao,Cordillera Administrative Region (CAR)
30936,84.50063324,120.98750205139056,18.13750061509933,Calanasan (Bayag),Apayao,Cordillera Administrative Region (CAR)
30937,81.67583466,121.01250205181447,18.13750061509933,Calanasan (Bayag),Apayao,Cordillera Administrative Region (CAR)
30938,76.85990143,121.03750205223837,18.13750061509933,Calanasan (Bayag),Apayao,Cordillera Administrative Region (CAR)
30939,76.28414154,121.06250205266224,18.13750061509933,Calanasan (Bayag),Apayao,Cordillera Administrative Region (CAR)
30940,73.49629211,121.08750205308613,18.13750061509933,Calanasan (Bayag),Apayao,Cordillera Administrative Region (CAR)
30941,85.36173248,120.96250205096668,18.112500614251505,Calanasan (Bayag),Apayao,Cordillera Administrative Region (CAR)
30942,83.93403625,120.98750205139056,18.112500614251505,Calanasan (Bayag),Apayao,Cordillera Administrative Region (CAR)
30943,81.85927582,121.01250205181447,18.112500614251505,Calanasan (Bayag),Apayao,Cordillera Administrative Region (CAR)
30944,80.24752045,121.03750205223837,18.112500614251505,Calanasan (Bayag),Apayao,Cordillera Administrative Region (CAR)
30945,73.81310272,121.06250205266224,18.112500614251505,Calanasan (Bayag),Apayao,Cordillera Administrative Region (CAR)
30946,73.24754333,121.08750205308613,18.112500614251505,Calanasan (Bayag),Apayao,Cordillera Administrative Region (CAR)
30947,99.246521,120.9375020505428,18.08750061340368,Calanasan (Bayag),Apayao,Cordillera Administrative Region (CAR)
30948,85.12637329,120.96250205096668,18.08750061340368,Calanasan (Bayag),Apayao,Cordillera Administrative Region (CAR)
30949,83.73583221,120.98750205139056,18.08750061340368,Calanasan (Bayag),Apayao,Cordillera Administrative Region (CAR)
30950,81.71155548,121.01250205181447,18.08750061340368,Calanasan (Bayag),Apayao,Cordillera Administrative Region (CAR)
30951,80.19358063,121.03750205223837,18.08750061340368,Calanasan (Bayag),Apayao,Cordillera Administrative Region (CAR)
30952,73.81416321,121.06250205266224,18.08750061340368,Calanasan (Bayag),Apayao,Cordillera Administrative Region (CAR)
30953,94.56484222,120.9375020505428,18.062500612555848,Calanasan (Bayag),Apayao,Cordillera Administrative Region (CAR)
30954,89.54397583,120.96250205096668,18.062500612555848,Calanasan (Bayag),Apayao,Cordillera Administrative Region (CAR)
30955,84.14039612,120.98750205139056,18.062500612555848,Calanasan (Bayag),Apayao,Cordillera Administrative Region (CAR)
30956,81.49252319,121.01250205181447,18.062500612555848,Calanasan (Bayag),Apayao,Cordillera Administrative Region (CAR)
30957,77.24813843,121.03750205223837,18.062500612555848,Calanasan (Bayag),Apayao,Cordillera Administrative Region (CAR)
30958,76.71685028,121.06250205266224,18.062500612555848,Calanasan (Bayag),Apayao,Cordillera Administrative Region (CAR)
30959,93.62000275,120.9375020505428,18.037500611708015,Calanasan (Bayag),Apayao,Cordillera Administrative Region (CAR)
30960,88.71618652,120.96250205096668,18.037500611708015,Calanasan (Bayag),Apayao,Cordillera Administrative Region (CAR)
30961,83.22792053,120.98750205139056,18.037500611708015,Calanasan (Bayag),Apayao,Cordillera Administrative Region (CAR)
30962,80.71238708,121.01250205181447,18.037500611708015,Calanasan (Bayag),Apayao,Cordillera Administrative Region (CAR)
30963,77.17766571,121.03750205223837,18.037500611708015,Calanasan (Bayag),Apayao,Cordillera Administrative Region (CAR)
30964,83.5879364,120.96250205096668,18.01250061086019,Calanasan (Bayag),Apayao,Cordillera Administrative Region (CAR)
30965,82.32620239,120.98750205139056,18.01250061086019,Calanasan (Bayag),Apayao,Cordillera Administrative Region (CAR)
30966,82.80583191,120.96250205096668,17.98750061001236,Calanasan (Bayag),Apayao,Cordillera Administrative Region (CAR)
30967,72.45277405,121.28750205647722,17.887500606621046,Conner,Apayao,Cordillera Administrative Region (CAR)
30968,74.17227173,121.31250205690112,17.887500606621046,Conner,Apayao,Cordillera Administrative Region (CAR)
30969,74.23596954,121.18750205478167,17.862500605773217,Conner,Apayao,Cordillera Administrative Region (CAR)
30970,73.61071777,121.21250205520556,17.862500605773217,Conner,Apayao,Cordillera Administrative Region (CAR)
30971,72.83162689,121.23750205562946,17.862500605773217,Conner,Apayao,Cordillera Administrative Region (CAR)
30972,72.71479797,121.26250205605332,17.862500605773217,Conner,Apayao,Cordillera Administrative Region (CAR)
30973,72.23377228,121.28750205647722,17.862500605773217,Conner,Apayao,Cordillera Administrative Region (CAR)
30974,73.96107483,121.31250205690112,17.862500605773217,Conner,Apayao,Cordillera Administrative Region (CAR)
30975,77.45968628,121.11250205351,17.83750060492539,Conner,Apayao,Cordillera Administrative Region (CAR)
30976,74.04219055,121.1375020539339,17.83750060492539,Conner,Apayao,Cordillera Administrative Region (CAR)
30977,75.85762787,121.16250205435777,17.83750060492539,Conner,Apayao,Cordillera Administrative Region (CAR)
30978,76.13326263,121.18750205478167,17.83750060492539,Conner,Apayao,Cordillera Administrative Region (CAR)
30979,75.45020294,121.21250205520556,17.83750060492539,Conner,Apayao,Cordillera Administrative Region (CAR)
30980,73.36547089,121.23750205562946,17.83750060492539,Conner,Apayao,Cordillera Administrative Region (CAR)
30981,73.24865723,121.26250205605332,17.83750060492539,Conner,Apayao,Cordillera Administrative Region (CAR)
30982,73.16094208,121.28750205647722,17.83750060492539,Conner,Apayao,Cordillera Administrative Region (CAR)
30983,74.85848999,121.31250205690112,17.83750060492539,Conner,Apayao,Cordillera Administrative Region (CAR)
30984,78.35110474,121.11250205351,17.81250060407756,Conner,Apayao,Cordillera Administrative Region (CAR)
30985,77.56732941,121.1375020539339,17.81250060407756,Conner,Apayao,Cordillera Administrative Region (CAR)
30986,75.81684113,121.16250205435777,17.81250060407756,Conner,Apayao,Cordillera Administrative Region (CAR)
30987,76.39277649,121.18750205478167,17.81250060407756,Conner,Apayao,Cordillera Administrative Region (CAR)
30988,75.86521149,121.21250205520556,17.81250060407756,Conner,Apayao,Cordillera Administrative Region (CAR)
30989,75.32971954,121.23750205562946,17.81250060407756,Conner,Apayao,Cordillera Administrative Region (CAR)
30990,73.34264374,121.26250205605332,17.81250060407756,Conner,Apayao,Cordillera Administrative Region (CAR)
30991,73.28929138,121.28750205647722,17.81250060407756,Conner,Apayao,Cordillera Administrative Region (CAR)
30992,79.24320984,121.11250205351,17.78750060322973,Conner,Apayao,Cordillera Administrative Region (CAR)
30993,78.57215118,121.1375020539339,17.78750060322973,Conner,Apayao,Cordillera Administrative Region (CAR)
30994,76.60738373,121.16250205435777,17.78750060322973,Conner,Apayao,Cordillera Administrative Region (CAR)
30995,76.87522125,121.18750205478167,17.78750060322973,Conner,Apayao,Cordillera Administrative Region (CAR)
30996,76.2697525,121.21250205520556,17.78750060322973,Conner,Apayao,Cordillera Administrative Region (CAR)
30997,75.8639679,121.23750205562946,17.78750060322973,Conner,Apayao,Cordillera Administrative Region (CAR)
30998,73.79348755,121.26250205605332,17.78750060322973,Conner,Apayao,Cordillera Administrative Region (CAR)
30999,73.51913452,121.28750205647722,17.78750060322973,Conner,Apayao,Cordillera Administrative Region (CAR)
31000,75.31111908,121.31250205690112,17.78750060322973,Conner,Apayao,Cordillera Administrative Region (CAR)
31001,76.0970993,121.337502057325,17.78750060322973,Conner,Apayao,Cordillera Administrative Region (CAR)
31002,75.70024872,121.36250205774888,17.78750060322973,Conner,Apayao,Cordillera Administrative Region (CAR)
31003,77.31314087,121.38750205817276,17.78750060322973,Conner,Apayao,Cordillera Administrative Region (CAR)
31004,79.84597015,121.11250205351,17.762500602381902,Conner,Apayao,Cordillera Administrative Region (CAR)
31005,78.45178986,121.1375020539339,17.762500602381902,Conner,Apayao,Cordillera Administrative Region (CAR)
31006,79.99584198,121.16250205435777,17.762500602381902,Conner,Apayao,Cordillera Administrative Region (CAR)
31007,77.56793213,121.18750205478167,17.762500602381902,Conner,Apayao,Cordillera Administrative Region (CAR)
31008,76.65251923,121.21250205520556,17.762500602381902,Conner,Apayao,Cordillera Administrative Region (CAR)
31009,75.87491608,121.23750205562946,17.762500602381902,Conner,Apayao,Cordillera Administrative Region (CAR)
31010,75.64169312,121.26250205605332,17.762500602381902,Conner,Apayao,Cordillera Administrative Region (CAR)
31011,73.92225647,121.28750205647722,17.762500602381902,Conner,Apayao,Cordillera Administrative Region (CAR)
31012,75.52735138,121.31250205690112,17.762500602381902,Conner,Apayao,Cordillera Administrative Region (CAR)
31013,76.25994873,121.337502057325,17.762500602381902,Conner,Apayao,Cordillera Administrative Region (CAR)
31014,76.15164948,121.36250205774888,17.762500602381902,Conner,Apayao,Cordillera Administrative Region (CAR)
31015,77.37556458,121.38750205817276,17.762500602381902,Conner,Apayao,Cordillera Administrative Region (CAR)
31016,78.02217865,121.41250205859664,17.762500602381902,Conner,Apayao,Cordillera Administrative Region (CAR)
31017,82.87171936,121.11250205351,17.737500601534073,Conner,Apayao,Cordillera Administrative Region (CAR)
31018,79.19663239,121.1375020539339,17.737500601534073,Conner,Apayao,Cordillera Administrative Region (CAR)
31019,80.62738037,121.16250205435777,17.737500601534073,Conner,Apayao,Cordillera Administrative Region (CAR)
31020,78.74594879,121.18750205478167,17.737500601534073,Conner,Apayao,Cordillera Administrative Region (CAR)
31021,77.77477264,121.21250205520556,17.737500601534073,Conner,Apayao,Cordillera Administrative Region (CAR)
31022,76.06455231,121.23750205562946,17.737500601534073,Conner,Apayao,Cordillera Administrative Region (CAR)
31023,75.83167267,121.26250205605332,17.737500601534073,Conner,Apayao,Cordillera Administrative Region (CAR)
31024,74.38788605,121.28750205647722,17.737500601534073,Conner,Apayao,Cordillera Administrative Region (CAR)
31025,76.09557343,121.31250205690112,17.737500601534073,Conner,Apayao,Cordillera Administrative Region (CAR)
31026,76.46277618,121.337502057325,17.737500601534073,Conner,Apayao,Cordillera Administrative Region (CAR)
31027,76.35443115,121.36250205774888,17.737500601534073,Conner,Apayao,Cordillera Administrative Region (CAR)
31028,77.28079224,121.38750205817276,17.737500601534073,Conner,Apayao,Cordillera Administrative Region (CAR)
31029,77.85813904,121.41250205859664,17.737500601534073,Conner,Apayao,Cordillera Administrative Region (CAR)
31030,83.33629608,121.11250205351,17.712500600686244,Conner,Apayao,Cordillera Administrative Region (CAR)
31031,82.2114563,121.1375020539339,17.712500600686244,Conner,Apayao,Cordillera Administrative Region (CAR)
31032,78.263237,121.16250205435777,17.712500600686244,Conner,Apayao,Cordillera Administrative Region (CAR)
31033,78.42459869,121.18750205478167,17.712500600686244,Conner,Apayao,Cordillera Administrative Region (CAR)
31034,77.69705963,121.21250205520556,17.712500600686244,Conner,Apayao,Cordillera Administrative Region (CAR)
31035,77.11299896,121.23750205562946,17.712500600686244,Conner,Apayao,Cordillera Administrative Region (CAR)
31036,74.36540985,121.26250205605332,17.712500600686244,Conner,Apayao,Cordillera Administrative Region (CAR)
31037,74.0921936,121.28750205647722,17.712500600686244,Conner,Apayao,Cordillera Administrative Region (CAR)
31038,76.0749054,121.31250205690112,17.712500600686244,Conner,Apayao,Cordillera Administrative Region (CAR)
31039,76.89323425,121.337502057325,17.712500600686244,Conner,Apayao,Cordillera Administrative Region (CAR)
31040,75.76159668,121.36250205774888,17.712500600686244,Conner,Apayao,Cordillera Administrative Region (CAR)
31041,77.23892212,121.38750205817276,17.712500600686244,Conner,Apayao,Cordillera Administrative Region (CAR)
31042,77.84912872,121.41250205859664,17.712500600686244,Conner,Apayao,Cordillera Administrative Region (CAR)
31043,83.47092438,121.11250205351,17.687500599838415,Conner,Apayao,Cordillera Administrative Region (CAR)
31044,82.27315521,121.1375020539339,17.687500599838415,Conner,Apayao,Cordillera Administrative Region (CAR)
31045,78.22486877,121.16250205435777,17.687500599838415,Conner,Apayao,Cordillera Administrative Region (CAR)
31046,78.35339355,121.18750205478167,17.687500599838415,Conner,Apayao,Cordillera Administrative Region (CAR)
31047,77.55539703,121.21250205520556,17.687500599838415,Conner,Apayao,Cordillera Administrative Region (CAR)
31048,76.87228394,121.23750205562946,17.687500599838415,Conner,Apayao,Cordillera Administrative Region (CAR)
31049,74.11772919,121.26250205605332,17.687500599838415,Conner,Apayao,Cordillera Administrative Region (CAR)
31050,73.9360199,121.28750205647722,17.687500599838415,Conner,Apayao,Cordillera Administrative Region (CAR)
31051,75.97061157,121.31250205690112,17.687500599838415,Conner,Apayao,Cordillera Administrative Region (CAR)
31052,76.79882813,121.337502057325,17.687500599838415,Conner,Apayao,Cordillera Administrative Region (CAR)
31053,75.68480682,121.36250205774888,17.687500599838415,Conner,Apayao,Cordillera Administrative Region (CAR)
31054,77.16762543,121.38750205817276,17.687500599838415,Conner,Apayao,Cordillera Administrative Region (CAR)
31055,77.75722504,121.41250205859664,17.687500599838415,Conner,Apayao,Cordillera Administrative Region (CAR)
31056,78.3629837,121.18750205478167,17.662500598990587,Conner,Apayao,Cordillera Administrative Region (CAR)
31057,77.18508148,121.21250205520556,17.662500598990587,Conner,Apayao,Cordillera Administrative Region (CAR)
31058,75.03955078,121.23750205562946,17.662500598990587,Conner,Apayao,Cordillera Administrative Region (CAR)
31059,75.83022308,121.31250205690112,17.662500598990587,Conner,Apayao,Cordillera Administrative Region (CAR)
31060,76.07032776,121.337502057325,17.662500598990587,Conner,Apayao,Cordillera Administrative Region (CAR)
31061,75.98504639,121.36250205774888,17.662500598990587,Conner,Apayao,Cordillera Administrative Region (CAR)
31062,77.10584259,121.38750205817276,17.662500598990587,Conner,Apayao,Cordillera Administrative Region (CAR)
31063,77.7841568,121.43750205902055,18.23750061849065,Flora,Apayao,Cordillera Administrative Region (CAR)
31064,78.07571411,121.41250205859664,18.21250061764282,Flora,Apayao,Cordillera Administrative Region (CAR)
31065,78.04273987,121.43750205902055,18.21250061764282,Flora,Apayao,Cordillera Administrative Region (CAR)
31066,77.43070984,121.38750205817276,18.187500616794992,Flora,Apayao,Cordillera Administrative Region (CAR)
31067,77.94639587,121.41250205859664,18.187500616794992,Flora,Apayao,Cordillera Administrative Region (CAR)
31068,77.97854614,121.43750205902055,18.187500616794992,Flora,Apayao,Cordillera Administrative Region (CAR)
31069,79.19485474,121.46250205944445,18.187500616794992,Flora,Apayao,Cordillera Administrative Region (CAR)
31070,76.11013794,121.36250205774888,18.162500615947163,Flora,Apayao,Cordillera Administrative Region (CAR)
31071,77.25191498,121.38750205817276,18.162500615947163,Flora,Apayao,Cordillera Administrative Region (CAR)
31072,77.79029083,121.41250205859664,18.162500615947163,Flora,Apayao,Cordillera Administrative Region (CAR)
31073,78.01717377,121.43750205902055,18.162500615947163,Flora,Apayao,Cordillera Administrative Region (CAR)
31074,79.13038635,121.46250205944445,18.162500615947163,Flora,Apayao,Cordillera Administrative Region (CAR)
31075,76.20266724,121.36250205774888,18.13750061509933,Flora,Apayao,Cordillera Administrative Region (CAR)
31076,77.65718079,121.38750205817276,18.13750061509933,Flora,Apayao,Cordillera Administrative Region (CAR)
31077,78.21822357,121.41250205859664,18.13750061509933,Flora,Apayao,Cordillera Administrative Region (CAR)
31078,78.25149536,121.43750205902055,18.13750061509933,Flora,Apayao,Cordillera Administrative Region (CAR)
31079,79.36812592,121.46250205944445,18.13750061509933,Flora,Apayao,Cordillera Administrative Region (CAR)
31080,77.51295471,121.38750205817276,18.112500614251505,Flora,Apayao,Cordillera Administrative Region (CAR)
31081,78.10888672,121.41250205859664,18.112500614251505,Flora,Apayao,Cordillera Administrative Region (CAR)
31082,78.146492,121.43750205902055,18.112500614251505,Flora,Apayao,Cordillera Administrative Region (CAR)
31083,79.52632904,121.46250205944445,18.112500614251505,Flora,Apayao,Cordillera Administrative Region (CAR)
31084,76.06049347,121.36250205774888,18.08750061340368,Flora,Apayao,Cordillera Administrative Region (CAR)
31085,77.35917664,121.38750205817276,18.08750061340368,Flora,Apayao,Cordillera Administrative Region (CAR)
31086,78.0187912,121.41250205859664,18.08750061340368,Flora,Apayao,Cordillera Administrative Region (CAR)
31087,78.09642029,121.43750205902055,18.08750061340368,Flora,Apayao,Cordillera Administrative Region (CAR)
31088,79.4670105,121.46250205944445,18.08750061340368,Flora,Apayao,Cordillera Administrative Region (CAR)
31089,75.71839905,121.337502057325,18.062500612555848,Flora,Apayao,Cordillera Administrative Region (CAR)
31090,75.78892517,121.36250205774888,18.062500612555848,Flora,Apayao,Cordillera Administrative Region (CAR)
31091,77.3526001,121.38750205817276,18.062500612555848,Flora,Apayao,Cordillera Administrative Region (CAR)
31092,78.07363129,121.41250205859664,18.062500612555848,Flora,Apayao,Cordillera Administrative Region (CAR)
31093,78.44245911,121.43750205902055,18.062500612555848,Flora,Apayao,Cordillera Administrative Region (CAR)
31094,72.31827545,121.16250205435777,18.21250061764282,Kabugao (Capital),Apayao,Cordillera Administrative Region (CAR)
31095,73.17189789,121.18750205478167,18.21250061764282,Kabugao (Capital),Apayao,Cordillera Administrative Region (CAR)
31096,73.19284821,121.21250205520556,18.21250061764282,Kabugao (Capital),Apayao,Cordillera Administrative Region (CAR)
31097,71.88710022,121.16250205435777,18.187500616794992,Kabugao (Capital),Apayao,Cordillera Administrative Region (CAR)
31098,72.72477722,121.18750205478167,18.187500616794992,Kabugao (Capital),Apayao,Cordillera Administrative Region (CAR)
31099,72.75836945,121.21250205520556,18.187500616794992,Kabugao (Capital),Apayao,Cordillera Administrative Region (CAR)
31100,70.48806763,121.1375020539339,18.162500615947163,Kabugao (Capital),Apayao,Cordillera Administrative Region (CAR)
31101,71.97194672,121.16250205435777,18.162500615947163,Kabugao (Capital),Apayao,Cordillera Administrative Region (CAR)
31102,72.28115845,121.18750205478167,18.162500615947163,Kabugao (Capital),Apayao,Cordillera Administrative Region (CAR)
31103,72.33826447,121.21250205520556,18.162500615947163,Kabugao (Capital),Apayao,Cordillera Administrative Region (CAR)
31104,72.48104858,121.11250205351,18.13750061509933,Kabugao (Capital),Apayao,Cordillera Administrative Region (CAR)
31105,70.61019135,121.1375020539339,18.13750061509933,Kabugao (Capital),Apayao,Cordillera Administrative Region (CAR)
31106,72.0969696,121.16250205435777,18.13750061509933,Kabugao (Capital),Apayao,Cordillera Administrative Region (CAR)
31107,72.48016357,121.18750205478167,18.13750061509933,Kabugao (Capital),Apayao,Cordillera Administrative Region (CAR)
31108,72.52268982,121.21250205520556,18.13750061509933,Kabugao (Capital),Apayao,Cordillera Administrative Region (CAR)
31109,72.5276947,121.11250205351,18.112500614251505,Kabugao (Capital),Apayao,Cordillera Administrative Region (CAR)
31110,71.89811707,121.1375020539339,18.112500614251505,Kabugao (Capital),Apayao,Cordillera Administrative Region (CAR)
31111,71.46630859,121.16250205435777,18.112500614251505,Kabugao (Capital),Apayao,Cordillera Administrative Region (CAR)
31112,72.20822144,121.18750205478167,18.112500614251505,Kabugao (Capital),Apayao,Cordillera Administrative Region (CAR)
31113,72.20990753,121.21250205520556,18.112500614251505,Kabugao (Capital),Apayao,Cordillera Administrative Region (CAR)
31114,72.1934433,121.23750205562946,18.112500614251505,Kabugao (Capital),Apayao,Cordillera Administrative Region (CAR)
31115,73.18135834,121.08750205308613,18.08750061340368,Kabugao (Capital),Apayao,Cordillera Administrative Region (CAR)
31116,72.45854187,121.11250205351,18.08750061340368,Kabugao (Capital),Apayao,Cordillera Administrative Region (CAR)
31117,71.89003754,121.1375020539339,18.08750061340368,Kabugao (Capital),Apayao,Cordillera Administrative Region (CAR)
31118,71.35014343,121.16250205435777,18.08750061340368,Kabugao (Capital),Apayao,Cordillera Administrative Region (CAR)
31119,71.96200562,121.18750205478167,18.08750061340368,Kabugao (Capital),Apayao,Cordillera Administrative Region (CAR)
31120,71.91308594,121.21250205520556,18.08750061340368,Kabugao (Capital),Apayao,Cordillera Administrative Region (CAR)
31121,71.8902359,121.23750205562946,18.08750061340368,Kabugao (Capital),Apayao,Cordillera Administrative Region (CAR)
31122,72.40892029,121.26250205605332,18.08750061340368,Kabugao (Capital),Apayao,Cordillera Administrative Region (CAR)
31123,72.58063507,121.28750205647722,18.08750061340368,Kabugao (Capital),Apayao,Cordillera Administrative Region (CAR)
31124,73.50318146,121.08750205308613,18.062500612555848,Kabugao (Capital),Apayao,Cordillera Administrative Region (CAR)
31125,72.47885132,121.11250205351,18.062500612555848,Kabugao (Capital),Apayao,Cordillera Administrative Region (CAR)
31126,71.07640839,121.1375020539339,18.062500612555848,Kabugao (Capital),Apayao,Cordillera Administrative Region (CAR)
31127,72.36000824,121.16250205435777,18.062500612555848,Kabugao (Capital),Apayao,Cordillera Administrative Region (CAR)
31128,72.10051727,121.18750205478167,18.062500612555848,Kabugao (Capital),Apayao,Cordillera Administrative Region (CAR)
31129,71.99182129,121.21250205520556,18.062500612555848,Kabugao (Capital),Apayao,Cordillera Administrative Region (CAR)
31130,72.18712616,121.23750205562946,18.062500612555848,Kabugao (Capital),Apayao,Cordillera Administrative Region (CAR)
31131,72.21002197,121.26250205605332,18.062500612555848,Kabugao (Capital),Apayao,Cordillera Administrative Region (CAR)
31132,76.6475296,121.06250205266224,18.037500611708015,Kabugao (Capital),Apayao,Cordillera Administrative Region (CAR)
31133,74.10172272,121.08750205308613,18.037500611708015,Kabugao (Capital),Apayao,Cordillera Administrative Region (CAR)
31134,73.14180756,121.11250205351,18.037500611708015,Kabugao (Capital),Apayao,Cordillera Administrative Region (CAR)
31135,71.45464325,121.1375020539339,18.037500611708015,Kabugao (Capital),Apayao,Cordillera Administrative Region (CAR)
31136,72.69884491,121.16250205435777,18.037500611708015,Kabugao (Capital),Apayao,Cordillera Administrative Region (CAR)
31137,72.87615967,121.18750205478167,18.037500611708015,Kabugao (Capital),Apayao,Cordillera Administrative Region (CAR)
31138,72.72216034,121.21250205520556,18.037500611708015,Kabugao (Capital),Apayao,Cordillera Administrative Region (CAR)
31139,72.19168854,121.23750205562946,18.037500611708015,Kabugao (Capital),Apayao,Cordillera Administrative Region (CAR)
31140,72.21451569,121.26250205605332,18.037500611708015,Kabugao (Capital),Apayao,Cordillera Administrative Region (CAR)
31141,80.57822418,121.01250205181447,18.01250061086019,Kabugao (Capital),Apayao,Cordillera Administrative Region (CAR)
31142,79.29821014,121.03750205223837,18.01250061086019,Kabugao (Capital),Apayao,Cordillera Administrative Region (CAR)
31143,74.34322357,121.06250205266224,18.01250061086019,Kabugao (Capital),Apayao,Cordillera Administrative Region (CAR)
31144,73.86921692,121.08750205308613,18.01250061086019,Kabugao (Capital),Apayao,Cordillera Administrative Region (CAR)
31145,73.28459167,121.11250205351,18.01250061086019,Kabugao (Capital),Apayao,Cordillera Administrative Region (CAR)
31146,72.77032471,121.1375020539339,18.01250061086019,Kabugao (Capital),Apayao,Cordillera Administrative Region (CAR)
31147,72.32308197,121.16250205435777,18.01250061086019,Kabugao (Capital),Apayao,Cordillera Administrative Region (CAR)
31148,72.88960266,121.18750205478167,18.01250061086019,Kabugao (Capital),Apayao,Cordillera Administrative Region (CAR)
31149,72.74208069,121.21250205520556,18.01250061086019,Kabugao (Capital),Apayao,Cordillera Administrative Region (CAR)
31150,72.57862091,121.23750205562946,18.01250061086019,Kabugao (Capital),Apayao,Cordillera Administrative Region (CAR)
31151,72.39019012,121.26250205605332,18.01250061086019,Kabugao (Capital),Apayao,Cordillera Administrative Region (CAR)
31152,81.84192657,120.98750205139056,17.98750061001236,Kabugao (Capital),Apayao,Cordillera Administrative Region (CAR)
31153,80.28442383,121.01250205181447,17.98750061001236,Kabugao (Capital),Apayao,Cordillera Administrative Region (CAR)
31154,79.05968475,121.03750205223837,17.98750061001236,Kabugao (Capital),Apayao,Cordillera Administrative Region (CAR)
31155,74.2703476,121.06250205266224,17.98750061001236,Kabugao (Capital),Apayao,Cordillera Administrative Region (CAR)
31156,73.91416931,121.08750205308613,17.98750061001236,Kabugao (Capital),Apayao,Cordillera Administrative Region (CAR)
31157,73.49945831,121.11250205351,17.98750061001236,Kabugao (Capital),Apayao,Cordillera Administrative Region (CAR)
31158,73.18390656,121.1375020539339,17.98750061001236,Kabugao (Capital),Apayao,Cordillera Administrative Region (CAR)
31159,72.79296875,121.16250205435777,17.98750061001236,Kabugao (Capital),Apayao,Cordillera Administrative Region (CAR)
31160,73.20981598,121.18750205478167,17.98750061001236,Kabugao (Capital),Apayao,Cordillera Administrative Region (CAR)
31161,72.99266052,121.21250205520556,17.98750061001236,Kabugao (Capital),Apayao,Cordillera Administrative Region (CAR)
31162,72.85324097,121.23750205562946,17.98750061001236,Kabugao (Capital),Apayao,Cordillera Administrative Region (CAR)
31163,72.60139465,121.26250205605332,17.98750061001236,Kabugao (Capital),Apayao,Cordillera Administrative Region (CAR)
31164,72.63894653,121.28750205647722,17.98750061001236,Kabugao (Capital),Apayao,Cordillera Administrative Region (CAR)
31165,85.00292206,120.96250205096668,17.962500609164533,Kabugao (Capital),Apayao,Cordillera Administrative Region (CAR)
31166,81.08148956,120.98750205139056,17.962500609164533,Kabugao (Capital),Apayao,Cordillera Administrative Region (CAR)
31167,79.32696533,121.01250205181447,17.962500609164533,Kabugao (Capital),Apayao,Cordillera Administrative Region (CAR)
31168,75.86138916,121.03750205223837,17.962500609164533,Kabugao (Capital),Apayao,Cordillera Administrative Region (CAR)
31169,75.55177307,121.06250205266224,17.962500609164533,Kabugao (Capital),Apayao,Cordillera Administrative Region (CAR)
31170,73.6836853,121.08750205308613,17.962500609164533,Kabugao (Capital),Apayao,Cordillera Administrative Region (CAR)
31171,73.23414612,121.11250205351,17.962500609164533,Kabugao (Capital),Apayao,Cordillera Administrative Region (CAR)
31172,72.39642334,121.1375020539339,17.962500609164533,Kabugao (Capital),Apayao,Cordillera Administrative Region (CAR)
31173,73.8073349,121.16250205435777,17.962500609164533,Kabugao (Capital),Apayao,Cordillera Administrative Region (CAR)
31174,73.35409546,121.18750205478167,17.962500609164533,Kabugao (Capital),Apayao,Cordillera Administrative Region (CAR)
31175,72.99403381,121.21250205520556,17.962500609164533,Kabugao (Capital),Apayao,Cordillera Administrative Region (CAR)
31176,72.87067413,121.23750205562946,17.962500609164533,Kabugao (Capital),Apayao,Cordillera Administrative Region (CAR)
31177,72.81008911,121.26250205605332,17.962500609164533,Kabugao (Capital),Apayao,Cordillera Administrative Region (CAR)
31178,72.561409,121.28750205647722,17.962500609164533,Kabugao (Capital),Apayao,Cordillera Administrative Region (CAR)
31179,74.28032684,121.31250205690112,17.962500609164533,Kabugao (Capital),Apayao,Cordillera Administrative Region (CAR)
31180,79.40724945,121.01250205181447,17.937500608316704,Kabugao (Capital),Apayao,Cordillera Administrative Region (CAR)
31181,75.90415192,121.03750205223837,17.937500608316704,Kabugao (Capital),Apayao,Cordillera Administrative Region (CAR)
31182,75.59612274,121.06250205266224,17.937500608316704,Kabugao (Capital),Apayao,Cordillera Administrative Region (CAR)
31183,74.55900574,121.08750205308613,17.937500608316704,Kabugao (Capital),Apayao,Cordillera Administrative Region (CAR)
31184,74.13407898,121.11250205351,17.937500608316704,Kabugao (Capital),Apayao,Cordillera Administrative Region (CAR)
31185,72.61373901,121.1375020539339,17.937500608316704,Kabugao (Capital),Apayao,Cordillera Administrative Region (CAR)
31186,74.16300201,121.16250205435777,17.937500608316704,Kabugao (Capital),Apayao,Cordillera Administrative Region (CAR)
31187,74.23117828,121.18750205478167,17.937500608316704,Kabugao (Capital),Apayao,Cordillera Administrative Region (CAR)
31188,73.81798553,121.21250205520556,17.937500608316704,Kabugao (Capital),Apayao,Cordillera Administrative Region (CAR)
31189,72.91827393,121.23750205562946,17.937500608316704,Kabugao (Capital),Apayao,Cordillera Administrative Region (CAR)
31190,72.85783386,121.26250205605332,17.937500608316704,Kabugao (Capital),Apayao,Cordillera Administrative Region (CAR)
31191,72.65315247,121.28750205647722,17.937500608316704,Kabugao (Capital),Apayao,Cordillera Administrative Region (CAR)
31192,74.37081909,121.31250205690112,17.937500608316704,Kabugao (Capital),Apayao,Cordillera Administrative Region (CAR)
31193,75.30522156,121.337502057325,17.937500608316704,Kabugao (Capital),Apayao,Cordillera Administrative Region (CAR)
31194,80.11990356,121.01250205181447,17.912500607468875,Kabugao (Capital),Apayao,Cordillera Administrative Region (CAR)
31195,79.11473083,121.03750205223837,17.912500607468875,Kabugao (Capital),Apayao,Cordillera Administrative Region (CAR)
31196,75.0957489,121.06250205266224,17.912500607468875,Kabugao (Capital),Apayao,Cordillera Administrative Region (CAR)
31197,74.86379242,121.08750205308613,17.912500607468875,Kabugao (Capital),Apayao,Cordillera Administrative Region (CAR)
31198,74.50196075,121.11250205351,17.912500607468875,Kabugao (Capital),Apayao,Cordillera Administrative Region (CAR)
31199,74.14392853,121.1375020539339,17.912500607468875,Kabugao (Capital),Apayao,Cordillera Administrative Region (CAR)
31200,73.79236603,121.16250205435777,17.912500607468875,Kabugao (Capital),Apayao,Cordillera Administrative Region (CAR)
31201,74.31698608,121.18750205478167,17.912500607468875,Kabugao (Capital),Apayao,Cordillera Administrative Region (CAR)
31202,73.98355865,121.21250205520556,17.912500607468875,Kabugao (Capital),Apayao,Cordillera Administrative Region (CAR)
31203,73.68670654,121.23750205562946,17.912500607468875,Kabugao (Capital),Apayao,Cordillera Administrative Region (CAR)
31204,72.67585754,121.26250205605332,17.912500607468875,Kabugao (Capital),Apayao,Cordillera Administrative Region (CAR)
31205,72.67269897,121.28750205647722,17.912500607468875,Kabugao (Capital),Apayao,Cordillera Administrative Region (CAR)
31206,74.3769989,121.31250205690112,17.912500607468875,Kabugao (Capital),Apayao,Cordillera Administrative Region (CAR)
31207,75.16551208,121.337502057325,17.912500607468875,Kabugao (Capital),Apayao,Cordillera Administrative Region (CAR)
31208,80.13247681,121.01250205181447,17.887500606621046,Kabugao (Capital),Apayao,Cordillera Administrative Region (CAR)
31209,79.33519745,121.03750205223837,17.887500606621046,Kabugao (Capital),Apayao,Cordillera Administrative Region (CAR)
31210,75.28089142,121.06250205266224,17.887500606621046,Kabugao (Capital),Apayao,Cordillera Administrative Region (CAR)
31211,74.82432556,121.08750205308613,17.887500606621046,Kabugao (Capital),Apayao,Cordillera Administrative Region (CAR)
31212,74.3568573,121.11250205351,17.887500606621046,Kabugao (Capital),Apayao,Cordillera Administrative Region (CAR)
31213,74.02590179,121.1375020539339,17.887500606621046,Kabugao (Capital),Apayao,Cordillera Administrative Region (CAR)
31214,73.76663208,121.16250205435777,17.887500606621046,Kabugao (Capital),Apayao,Cordillera Administrative Region (CAR)
31215,74.25235748,121.18750205478167,17.887500606621046,Kabugao (Capital),Apayao,Cordillera Administrative Region (CAR)
31216,73.84764099,121.21250205520556,17.887500606621046,Kabugao (Capital),Apayao,Cordillera Administrative Region (CAR)
31217,73.53131866,121.23750205562946,17.887500606621046,Kabugao (Capital),Apayao,Cordillera Administrative Region (CAR)
31218,72.48065186,121.26250205605332,17.887500606621046,Kabugao (Capital),Apayao,Cordillera Administrative Region (CAR)
31219,74.9620285,121.337502057325,17.887500606621046,Kabugao (Capital),Apayao,Cordillera Administrative Region (CAR)
31220,79.81322479,121.01250205181447,17.862500605773217,Kabugao (Capital),Apayao,Cordillera Administrative Region (CAR)
31221,77.78269958,121.03750205223837,17.862500605773217,Kabugao (Capital),Apayao,Cordillera Administrative Region (CAR)
31222,77.3974762,121.06250205266224,17.862500605773217,Kabugao (Capital),Apayao,Cordillera Administrative Region (CAR)
31223,74.7948761,121.08750205308613,17.862500605773217,Kabugao (Capital),Apayao,Cordillera Administrative Region (CAR)
31224,74.0561142,121.11250205351,17.862500605773217,Kabugao (Capital),Apayao,Cordillera Administrative Region (CAR)
31225,73.14250183,121.1375020539339,17.862500605773217,Kabugao (Capital),Apayao,Cordillera Administrative Region (CAR)
31226,74.93309021,121.16250205435777,17.862500605773217,Kabugao (Capital),Apayao,Cordillera Administrative Region (CAR)
31227,78.33242035,121.08750205308613,17.83750060492539,Kabugao (Capital),Apayao,Cordillera Administrative Region (CAR)
31228,75.92866516,121.26250205605332,18.387500623577623,Luna,Apayao,Cordillera Administrative Region (CAR)
31229,75.97050476,121.28750205647722,18.387500623577623,Luna,Apayao,Cordillera Administrative Region (CAR)
31230,75.53871918,121.23750205562946,18.362500622729797,Luna,Apayao,Cordillera Administrative Region (CAR)
31231,75.53208923,121.26250205605332,18.362500622729797,Luna,Apayao,Cordillera Administrative Region (CAR)
31232,75.81594849,121.28750205647722,18.362500622729797,Luna,Apayao,Cordillera Administrative Region (CAR)
31233,77.0432663,121.31250205690112,18.362500622729797,Luna,Apayao,Cordillera Administrative Region (CAR)
31234,77.35581207,121.337502057325,18.362500622729797,Luna,Apayao,Cordillera Administrative Region (CAR)
31235,74.86565399,121.23750205562946,18.337500621881965,Luna,Apayao,Cordillera Administrative Region (CAR)
31236,74.85906219,121.26250205605332,18.337500621881965,Luna,Apayao,Cordillera Administrative Region (CAR)
31237,74.85323334,121.28750205647722,18.337500621881965,Luna,Apayao,Cordillera Administrative Region (CAR)
31238,76.0625,121.31250205690112,18.337500621881965,Luna,Apayao,Cordillera Administrative Region (CAR)
31239,76.68798065,121.337502057325,18.337500621881965,Luna,Apayao,Cordillera Administrative Region (CAR)
31240,76.69010162,121.36250205774888,18.337500621881965,Luna,Apayao,Cordillera Administrative Region (CAR)
31241,77.83114624,121.38750205817276,18.337500621881965,Luna,Apayao,Cordillera Administrative Region (CAR)
31242,74.21707916,121.23750205562946,18.312500621034136,Luna,Apayao,Cordillera Administrative Region (CAR)
31243,74.35002899,121.26250205605332,18.312500621034136,Luna,Apayao,Cordillera Administrative Region (CAR)
31244,74.3658371,121.28750205647722,18.312500621034136,Luna,Apayao,Cordillera Administrative Region (CAR)
31245,75.5956955,121.31250205690112,18.312500621034136,Luna,Apayao,Cordillera Administrative Region (CAR)
31246,76.17715454,121.337502057325,18.312500621034136,Luna,Apayao,Cordillera Administrative Region (CAR)
31247,76.32200623,121.36250205774888,18.312500621034136,Luna,Apayao,Cordillera Administrative Region (CAR)
31248,77.41436768,121.38750205817276,18.312500621034136,Luna,Apayao,Cordillera Administrative Region (CAR)
31249,77.92903137,121.41250205859664,18.312500621034136,Luna,Apayao,Cordillera Administrative Region (CAR)
31250,74.09173584,121.23750205562946,18.287500620186307,Luna,Apayao,Cordillera Administrative Region (CAR)
31251,74.25405121,121.26250205605332,18.287500620186307,Luna,Apayao,Cordillera Administrative Region (CAR)
31252,74.32646179,121.28750205647722,18.287500620186307,Luna,Apayao,Cordillera Administrative Region (CAR)
31253,75.61388397,121.31250205690112,18.287500620186307,Luna,Apayao,Cordillera Administrative Region (CAR)
31254,76.24656677,121.337502057325,18.287500620186307,Luna,Apayao,Cordillera Administrative Region (CAR)
31255,76.40837097,121.36250205774888,18.287500620186307,Luna,Apayao,Cordillera Administrative Region (CAR)
31256,77.46807098,121.38750205817276,18.287500620186307,Luna,Apayao,Cordillera Administrative Region (CAR)
31257,73.78058624,121.23750205562946,18.26250061933848,Luna,Apayao,Cordillera Administrative Region (CAR)
31258,73.8125,121.26250205605332,18.26250061933848,Luna,Apayao,Cordillera Administrative Region (CAR)
31259,74.05915833,121.28750205647722,18.26250061933848,Luna,Apayao,Cordillera Administrative Region (CAR)
31260,75.40792847,121.31250205690112,18.26250061933848,Luna,Apayao,Cordillera Administrative Region (CAR)
31261,76.15354156,121.337502057325,18.26250061933848,Luna,Apayao,Cordillera Administrative Region (CAR)
31262,76.17778778,121.36250205774888,18.26250061933848,Luna,Apayao,Cordillera Administrative Region (CAR)
31263,77.26620483,121.38750205817276,18.26250061933848,Luna,Apayao,Cordillera Administrative Region (CAR)
31264,73.4480896,121.23750205562946,18.23750061849065,Luna,Apayao,Cordillera Administrative Region (CAR)
31265,73.4799118,121.26250205605332,18.23750061849065,Luna,Apayao,Cordillera Administrative Region (CAR)
31266,73.89495087,121.28750205647722,18.23750061849065,Luna,Apayao,Cordillera Administrative Region (CAR)
31267,75.26870728,121.31250205690112,18.23750061849065,Luna,Apayao,Cordillera Administrative Region (CAR)
31268,76.08563232,121.337502057325,18.23750061849065,Pudtol,Apayao,Cordillera Administrative Region (CAR)
31269,76.10982513,121.36250205774888,18.23750061849065,Pudtol,Apayao,Cordillera Administrative Region (CAR)
31270,77.4678421,121.38750205817276,18.23750061849065,Pudtol,Apayao,Cordillera Administrative Region (CAR)
31271,77.93994141,121.41250205859664,18.23750061849065,Pudtol,Apayao,Cordillera Administrative Region (CAR)
31272,73.21743774,121.23750205562946,18.21250061764282,Pudtol,Apayao,Cordillera Administrative Region (CAR)
31273,73.79964447,121.26250205605332,18.21250061764282,Pudtol,Apayao,Cordillera Administrative Region (CAR)
31274,73.94564056,121.28750205647722,18.21250061764282,Pudtol,Apayao,Cordillera Administrative Region (CAR)
31275,75.29009247,121.31250205690112,18.21250061764282,Pudtol,Apayao,Cordillera Administrative Region (CAR)
31276,75.97260284,121.337502057325,18.21250061764282,Pudtol,Apayao,Cordillera Administrative Region (CAR)
31277,76.49117279,121.36250205774888,18.21250061764282,Pudtol,Apayao,Cordillera Administrative Region (CAR)
31278,77.58338928,121.38750205817276,18.21250061764282,Pudtol,Apayao,Cordillera Administrative Region (CAR)
31279,72.7791214,121.23750205562946,18.187500616794992,Pudtol,Apayao,Cordillera Administrative Region (CAR)
31280,73.38796997,121.26250205605332,18.187500616794992,Pudtol,Apayao,Cordillera Administrative Region (CAR)
31281,73.56795502,121.28750205647722,18.187500616794992,Pudtol,Apayao,Cordillera Administrative Region (CAR)
31282,75.03170776,121.31250205690112,18.187500616794992,Pudtol,Apayao,Cordillera Administrative Region (CAR)
31283,75.80849457,121.337502057325,18.187500616794992,Pudtol,Apayao,Cordillera Administrative Region (CAR)
31284,76.35829163,121.36250205774888,18.187500616794992,Pudtol,Apayao,Cordillera Administrative Region (CAR)
31285,72.56708527,121.23750205562946,18.162500615947163,Pudtol,Apayao,Cordillera Administrative Region (CAR)
31286,72.63748169,121.26250205605332,18.162500615947163,Pudtol,Apayao,Cordillera Administrative Region (CAR)
31287,73.14304352,121.28750205647722,18.162500615947163,Pudtol,Apayao,Cordillera Administrative Region (CAR)
31288,74.8059082,121.31250205690112,18.162500615947163,Pudtol,Apayao,Cordillera Administrative Region (CAR)
31289,76.04260254,121.337502057325,18.162500615947163,Pudtol,Apayao,Cordillera Administrative Region (CAR)
31290,72.59156799,121.23750205562946,18.13750061509933,Pudtol,Apayao,Cordillera Administrative Region (CAR)
31291,72.66195679,121.26250205605332,18.13750061509933,Pudtol,Apayao,Cordillera Administrative Region (CAR)
31292,73.28404236,121.28750205647722,18.13750061509933,Pudtol,Apayao,Cordillera Administrative Region (CAR)
31293,74.9590683,121.31250205690112,18.13750061509933,Pudtol,Apayao,Cordillera Administrative Region (CAR)
31294,76.13511658,121.337502057325,18.13750061509933,Pudtol,Apayao,Cordillera Administrative Region (CAR)
31295,72.75077057,121.26250205605332,18.112500614251505,Pudtol,Apayao,Cordillera Administrative Region (CAR)
31296,72.95417786,121.28750205647722,18.112500614251505,Pudtol,Apayao,Cordillera Administrative Region (CAR)
31297,74.62984467,121.31250205690112,18.112500614251505,Pudtol,Apayao,Cordillera Administrative Region (CAR)
31298,75.50157166,121.337502057325,18.112500614251505,Pudtol,Apayao,Cordillera Administrative Region (CAR)
31299,76.3010788,121.36250205774888,18.112500614251505,Pudtol,Apayao,Cordillera Administrative Region (CAR)
31300,74.35153198,121.31250205690112,18.08750061340368,Pudtol,Apayao,Cordillera Administrative Region (CAR)
31301,75.26089478,121.337502057325,18.08750061340368,Pudtol,Apayao,Cordillera Administrative Region (CAR)
31302,72.5637207,121.28750205647722,18.062500612555848,Pudtol,Apayao,Cordillera Administrative Region (CAR)
31303,74.40232849,121.31250205690112,18.062500612555848,Pudtol,Apayao,Cordillera Administrative Region (CAR)
31304,72.61165619,121.28750205647722,18.037500611708015,Pudtol,Apayao,Cordillera Administrative Region (CAR)
31305,74.46077728,121.31250205690112,18.037500611708015,Pudtol,Apayao,Cordillera Administrative Region (CAR)
31306,75.53112793,121.337502057325,18.037500611708015,Pudtol,Apayao,Cordillera Administrative Region (CAR)
31307,72.51800537,121.28750205647722,18.01250061086019,Pudtol,Apayao,Cordillera Administrative Region (CAR)
31308,74.30093384,121.31250205690112,18.01250061086019,Pudtol,Apayao,Cordillera Administrative Region (CAR)
31309,75.17285156,121.337502057325,18.01250061086019,Pudtol,Apayao,Cordillera Administrative Region (CAR)
31310,74.35539246,121.31250205690112,17.98750061001236,Pudtol,Apayao,Cordillera Administrative Region (CAR)
31311,77.93550873,121.43750205902055,18.312500621034136,Santa Marcela,Apayao,Cordillera Administrative Region (CAR)
31312,79.50666046,121.46250205944445,18.312500621034136,Santa Marcela,Apayao,Cordillera Administrative Region (CAR)
31313,77.96061707,121.41250205859664,18.287500620186307,Santa Marcela,Apayao,Cordillera Administrative Region (CAR)
31314,77.95950317,121.43750205902055,18.287500620186307,Santa Marcela,Apayao,Cordillera Administrative Region (CAR)
31315,79.48242188,121.46250205944445,18.287500620186307,Santa Marcela,Apayao,Cordillera Administrative Region (CAR)
31316,77.73730469,121.41250205859664,18.26250061933848,Santa Marcela,Apayao,Cordillera Administrative Region (CAR)
31317,77.85903931,121.43750205902055,18.26250061933848,Santa Marcela,Apayao,Cordillera Administrative Region (CAR)
31318,78.89227295,121.46250205944445,18.26250061933848,Santa Marcela,Apayao,Cordillera Administrative Region (CAR)
31319,78.8953476,121.46250205944445,18.23750061849065,Santa Marcela,Apayao,Cordillera Administrative Region (CAR)
31320,79.73316193,121.48750205986832,18.23750061849065,Santa Marcela,Apayao,Cordillera Administrative Region (CAR)
31321,79.2664032,121.46250205944445,18.21250061764282,Santa Marcela,Apayao,Cordillera Administrative Region (CAR)
31322,79.85704041,121.48750205986832,18.21250061764282,Santa Marcela,Apayao,Cordillera Administrative Region (CAR)
