unique id,value,lon,lat,municipality name,province name,region
29377,110.9890747,120.7375020471517,16.662500565077433,Atok,Benguet,Cordillera Administrative Region (CAR)
29378,110.3482208,120.7625020475756,16.662500565077433,Atok,Benguet,Cordillera Administrative Region (CAR)
29379,112.6881409,120.68750204630392,16.637500564229605,Atok,Benguet,Cordillera Administrative Region (CAR)
29380,112.3704147,120.71250204672782,16.637500564229605,Atok,Benguet,Cordillera Administrative Region (CAR)
29381,110.3507538,120.7375020471517,16.637500564229605,Atok,Benguet,Cordillera Administrative Region (CAR)
29382,109.7099457,120.7625020475756,16.637500564229605,Atok,Benguet,Cordillera Administrative Region (CAR)
29383,113.923996,120.66250204588005,16.612500563381776,Atok,Benguet,Cordillera Administrative Region (CAR)
29384,113.6579285,120.68750204630392,16.612500563381776,Atok,Benguet,Cordillera Administrative Region (CAR)
29385,113.4182053,120.71250204672782,16.612500563381776,Atok,Benguet,Cordillera Administrative Region (CAR)
29386,113.2879944,120.7375020471517,16.612500563381776,Atok,Benguet,Cordillera Administrative Region (CAR)
29387,106.0975571,120.7625020475756,16.612500563381776,Atok,Benguet,Cordillera Administrative Region (CAR)
29388,114.7455368,120.66250204588005,16.587500562533947,Atok,Benguet,Cordillera Administrative Region (CAR)
29389,114.596138,120.68750204630392,16.587500562533947,Atok,Benguet,Cordillera Administrative Region (CAR)
29390,114.33461,120.71250204672782,16.587500562533947,Atok,Benguet,Cordillera Administrative Region (CAR)
29391,114.0475693,120.7375020471517,16.587500562533947,Atok,Benguet,Cordillera Administrative Region (CAR)
29392,113.775444,120.66250204588005,16.562500561686118,Atok,Benguet,Cordillera Administrative Region (CAR)
29393,114.297081,120.68750204630392,16.562500561686118,Atok,Benguet,Cordillera Administrative Region (CAR)
29394,113.9155273,120.71250204672782,16.562500561686118,Atok,Benguet,Cordillera Administrative Region (CAR)
29395,110.8045883,120.7375020471517,16.562500561686118,Atok,Benguet,Cordillera Administrative Region (CAR)
29396,114.3549805,120.66250204588005,16.53750056083829,Atok,Benguet,Cordillera Administrative Region (CAR)
29397,113.5568314,120.68750204630392,16.53750056083829,Atok,Benguet,Cordillera Administrative Region (CAR)
29398,113.1560898,120.71250204672782,16.53750056083829,Atok,Benguet,Cordillera Administrative Region (CAR)
29399,114.4591904,120.68750204630392,16.51250055999046,Atok,Benguet,Cordillera Administrative Region (CAR)
29400,120.1204834,120.56250204418448,16.412500556599145,Baguio City,Benguet,Cordillera Administrative Region (CAR)
29401,117.2745895,120.58750204460839,16.412500556599145,Baguio City,Benguet,Cordillera Administrative Region (CAR)
29402,117.6533203,120.61250204503229,16.412500556599145,Baguio City,Benguet,Cordillera Administrative Region (CAR)
29403,119.8963165,120.58750204460839,16.387500555751316,Baguio City,Benguet,Cordillera Administrative Region (CAR)
29404,120.2165222,120.61250204503229,16.387500555751316,Baguio City,Benguet,Cordillera Administrative Region (CAR)
29405,122.9016724,120.61250204503229,16.362500554903487,Baguio City,Benguet,Cordillera Administrative Region (CAR)
29406,128.772171,120.68750204630392,16.91250057355572,Bakun,Benguet,Cordillera Administrative Region (CAR)
29407,129.0067902,120.71250204672782,16.91250057355572,Bakun,Benguet,Cordillera Administrative Region (CAR)
29408,124.1599503,120.63750204545616,16.887500572707893,Bakun,Benguet,Cordillera Administrative Region (CAR)
29409,125.5937195,120.66250204588005,16.887500572707893,Bakun,Benguet,Cordillera Administrative Region (CAR)
29410,125.5908661,120.68750204630392,16.887500572707893,Bakun,Benguet,Cordillera Administrative Region (CAR)
29411,125.6710281,120.71250204672782,16.887500572707893,Bakun,Benguet,Cordillera Administrative Region (CAR)
29412,126.740715,120.63750204545616,16.862500571860064,Bakun,Benguet,Cordillera Administrative Region (CAR)
29413,125.6116715,120.66250204588005,16.862500571860064,Bakun,Benguet,Cordillera Administrative Region (CAR)
29414,125.9561386,120.68750204630392,16.862500571860064,Bakun,Benguet,Cordillera Administrative Region (CAR)
29415,125.9528961,120.71250204672782,16.862500571860064,Bakun,Benguet,Cordillera Administrative Region (CAR)
29416,124.836647,120.7375020471517,16.862500571860064,Bakun,Benguet,Cordillera Administrative Region (CAR)
29417,126.0978851,120.61250204503229,16.837500571012235,Bakun,Benguet,Cordillera Administrative Region (CAR)
29418,124.9209366,120.63750204545616,16.837500571012235,Bakun,Benguet,Cordillera Administrative Region (CAR)
29419,123.6891861,120.66250204588005,16.837500571012235,Bakun,Benguet,Cordillera Administrative Region (CAR)
29420,124.3714066,120.68750204630392,16.837500571012235,Bakun,Benguet,Cordillera Administrative Region (CAR)
29421,124.2772446,120.71250204672782,16.837500571012235,Bakun,Benguet,Cordillera Administrative Region (CAR)
29422,122.3014832,120.7375020471517,16.837500571012235,Bakun,Benguet,Cordillera Administrative Region (CAR)
29423,122.7325974,120.58750204460839,16.812500570164406,Bakun,Benguet,Cordillera Administrative Region (CAR)
29424,123.7356873,120.61250204503229,16.812500570164406,Bakun,Benguet,Cordillera Administrative Region (CAR)
29425,121.2440414,120.63750204545616,16.812500570164406,Bakun,Benguet,Cordillera Administrative Region (CAR)
29426,121.8427124,120.66250204588005,16.812500570164406,Bakun,Benguet,Cordillera Administrative Region (CAR)
29427,121.7587662,120.68750204630392,16.812500570164406,Bakun,Benguet,Cordillera Administrative Region (CAR)
29428,121.6427383,120.71250204672782,16.812500570164406,Bakun,Benguet,Cordillera Administrative Region (CAR)
29429,121.5433655,120.7375020471517,16.812500570164406,Bakun,Benguet,Cordillera Administrative Region (CAR)
29430,114.7281952,120.7625020475756,16.812500570164406,Bakun,Benguet,Cordillera Administrative Region (CAR)
29431,122.944725,120.58750204460839,16.787500569316578,Bakun,Benguet,Cordillera Administrative Region (CAR)
29432,123.9339829,120.61250204503229,16.787500569316578,Bakun,Benguet,Cordillera Administrative Region (CAR)
29433,121.4878159,120.63750204545616,16.787500569316578,Bakun,Benguet,Cordillera Administrative Region (CAR)
29434,122.0362244,120.66250204588005,16.787500569316578,Bakun,Benguet,Cordillera Administrative Region (CAR)
29435,121.8524628,120.68750204630392,16.787500569316578,Bakun,Benguet,Cordillera Administrative Region (CAR)
29436,121.6461945,120.71250204672782,16.787500569316578,Bakun,Benguet,Cordillera Administrative Region (CAR)
29437,121.4778671,120.7375020471517,16.787500569316578,Bakun,Benguet,Cordillera Administrative Region (CAR)
29438,114.4850845,120.7625020475756,16.787500569316578,Bakun,Benguet,Cordillera Administrative Region (CAR)
29439,122.7796936,120.61250204503229,16.76250056846875,Bakun,Benguet,Cordillera Administrative Region (CAR)
29440,121.5120926,120.63750204545616,16.76250056846875,Bakun,Benguet,Cordillera Administrative Region (CAR)
29441,120.0451279,120.66250204588005,16.76250056846875,Bakun,Benguet,Cordillera Administrative Region (CAR)
29442,119.8574219,120.71250204672782,16.76250056846875,Bakun,Benguet,Cordillera Administrative Region (CAR)
29443,117.1233826,120.7375020471517,16.76250056846875,Bakun,Benguet,Cordillera Administrative Region (CAR)
29444,116.4200363,120.7625020475756,16.76250056846875,Bakun,Benguet,Cordillera Administrative Region (CAR)
29445,107.0281143,120.78750204799948,16.76250056846875,Bakun,Benguet,Cordillera Administrative Region (CAR)
29446,121.0810547,120.61250204503229,16.73750056762092,Bakun,Benguet,Cordillera Administrative Region (CAR)
29447,119.7075958,120.63750204545616,16.73750056762092,Bakun,Benguet,Cordillera Administrative Region (CAR)
29448,115.1094589,120.7375020471517,16.73750056762092,Bakun,Benguet,Cordillera Administrative Region (CAR)
29449,114.4164047,120.7625020475756,16.73750056762092,Bakun,Benguet,Cordillera Administrative Region (CAR)
29450,103.8107605,120.78750204799948,16.73750056762092,Bakun,Benguet,Cordillera Administrative Region (CAR)
29451,110.2097931,120.7625020475756,16.562500561686118,Bokod,Benguet,Cordillera Administrative Region (CAR)
29452,100.956871,120.78750204799948,16.562500561686118,Bokod,Benguet,Cordillera Administrative Region (CAR)
29453,111.24823,120.7375020471517,16.53750056083829,Bokod,Benguet,Cordillera Administrative Region (CAR)
29454,110.6463623,120.7625020475756,16.53750056083829,Bokod,Benguet,Cordillera Administrative Region (CAR)
29455,100.8079605,120.78750204799948,16.53750056083829,Bokod,Benguet,Cordillera Administrative Region (CAR)
29456,95.82910919,120.81250204842338,16.53750056083829,Bokod,Benguet,Cordillera Administrative Region (CAR)
29457,89.52059174,120.83750204884724,16.53750056083829,Bokod,Benguet,Cordillera Administrative Region (CAR)
29458,83.27230072,120.86250204927114,16.53750056083829,Bokod,Benguet,Cordillera Administrative Region (CAR)
29459,74.52923584,120.88750204969504,16.53750056083829,Bokod,Benguet,Cordillera Administrative Region (CAR)
29460,114.1594086,120.71250204672782,16.51250055999046,Bokod,Benguet,Cordillera Administrative Region (CAR)
29461,113.9857788,120.7375020471517,16.51250055999046,Bokod,Benguet,Cordillera Administrative Region (CAR)
29462,107.3423691,120.7625020475756,16.51250055999046,Bokod,Benguet,Cordillera Administrative Region (CAR)
29463,101.2628174,120.78750204799948,16.51250055999046,Bokod,Benguet,Cordillera Administrative Region (CAR)
29464,97.20317841,120.81250204842338,16.51250055999046,Bokod,Benguet,Cordillera Administrative Region (CAR)
29465,95.45531464,120.83750204884724,16.51250055999046,Bokod,Benguet,Cordillera Administrative Region (CAR)
29466,78.88749695,120.86250204927114,16.51250055999046,Bokod,Benguet,Cordillera Administrative Region (CAR)
29467,113.6832504,120.71250204672782,16.48750055914263,Bokod,Benguet,Cordillera Administrative Region (CAR)
29468,113.3431015,120.7375020471517,16.48750055914263,Bokod,Benguet,Cordillera Administrative Region (CAR)
29469,106.7576523,120.7625020475756,16.48750055914263,Bokod,Benguet,Cordillera Administrative Region (CAR)
29470,100.9192123,120.78750204799948,16.48750055914263,Bokod,Benguet,Cordillera Administrative Region (CAR)
29471,97.0037384,120.81250204842338,16.48750055914263,Bokod,Benguet,Cordillera Administrative Region (CAR)
29472,95.2990036,120.83750204884724,16.48750055914263,Bokod,Benguet,Cordillera Administrative Region (CAR)
29473,78.81533813,120.86250204927114,16.48750055914263,Bokod,Benguet,Cordillera Administrative Region (CAR)
29474,111.9294281,120.7375020471517,16.462500558294803,Bokod,Benguet,Cordillera Administrative Region (CAR)
29475,111.3891449,120.7625020475756,16.462500558294803,Bokod,Benguet,Cordillera Administrative Region (CAR)
29476,102.7879868,120.78750204799948,16.462500558294803,Bokod,Benguet,Cordillera Administrative Region (CAR)
29477,98.16602325,120.81250204842338,16.462500558294803,Bokod,Benguet,Cordillera Administrative Region (CAR)
29478,91.483284,120.83750204884724,16.462500558294803,Bokod,Benguet,Cordillera Administrative Region (CAR)
29479,85.20969391,120.86250204927114,16.462500558294803,Bokod,Benguet,Cordillera Administrative Region (CAR)
29480,112.666214,120.7375020471517,16.437500557446974,Bokod,Benguet,Cordillera Administrative Region (CAR)
29481,112.1176453,120.7625020475756,16.437500557446974,Bokod,Benguet,Cordillera Administrative Region (CAR)
29482,103.1083298,120.78750204799948,16.437500557446974,Bokod,Benguet,Cordillera Administrative Region (CAR)
29483,98.62475586,120.81250204842338,16.437500557446974,Bokod,Benguet,Cordillera Administrative Region (CAR)
29484,92.98285675,120.83750204884724,16.437500557446974,Bokod,Benguet,Cordillera Administrative Region (CAR)
29485,86.72659302,120.86250204927114,16.437500557446974,Bokod,Benguet,Cordillera Administrative Region (CAR)
29486,78.40824127,120.88750204969504,16.437500557446974,Bokod,Benguet,Cordillera Administrative Region (CAR)
29487,107.9412766,120.7625020475756,16.412500556599145,Bokod,Benguet,Cordillera Administrative Region (CAR)
29488,102.4251785,120.78750204799948,16.412500556599145,Bokod,Benguet,Cordillera Administrative Region (CAR)
29489,98.81568146,120.81250204842338,16.412500556599145,Bokod,Benguet,Cordillera Administrative Region (CAR)
29490,97.33605957,120.83750204884724,16.412500556599145,Bokod,Benguet,Cordillera Administrative Region (CAR)
29491,82.03530121,120.86250204927114,16.412500556599145,Bokod,Benguet,Cordillera Administrative Region (CAR)
29492,105.5487595,120.78750204799948,16.387500555751316,Bokod,Benguet,Cordillera Administrative Region (CAR)
29493,102.1741791,120.81250204842338,16.387500555751316,Bokod,Benguet,Cordillera Administrative Region (CAR)
29494,100.705101,120.83750204884724,16.387500555751316,Bokod,Benguet,Cordillera Administrative Region (CAR)
29495,85.2636261,120.86250204927114,16.387500555751316,Bokod,Benguet,Cordillera Administrative Region (CAR)
29496,105.1938248,120.81250204842338,16.362500554903487,Bokod,Benguet,Cordillera Administrative Region (CAR)
29497,99.19862366,120.83750204884724,16.362500554903487,Bokod,Benguet,Cordillera Administrative Region (CAR)
29498,93.2756424,120.86250204927114,16.362500554903487,Bokod,Benguet,Cordillera Administrative Region (CAR)
29499,105.1895599,120.81250204842338,16.33750055405566,Bokod,Benguet,Cordillera Administrative Region (CAR)
29500,99.67575836,120.83750204884724,16.33750055405566,Bokod,Benguet,Cordillera Administrative Region (CAR)
29501,109.4274597,120.81250204842338,16.31250055320783,Bokod,Benguet,Cordillera Administrative Region (CAR)
29502,103.1707459,120.83750204884724,16.812500570164406,Buguias,Benguet,Cordillera Administrative Region (CAR)
29503,85.20642853,120.86250204927114,16.812500570164406,Buguias,Benguet,Cordillera Administrative Region (CAR)
29504,80.73499298,120.88750204969504,16.812500570164406,Buguias,Benguet,Cordillera Administrative Region (CAR)
29505,104.2703095,120.81250204842338,16.787500569316578,Buguias,Benguet,Cordillera Administrative Region (CAR)
29506,102.1208115,120.83750204884724,16.787500569316578,Buguias,Benguet,Cordillera Administrative Region (CAR)
29507,84.12265015,120.86250204927114,16.787500569316578,Buguias,Benguet,Cordillera Administrative Region (CAR)
29508,79.97052765,120.88750204969504,16.787500569316578,Buguias,Benguet,Cordillera Administrative Region (CAR)
29509,101.5592346,120.81250204842338,16.76250056846875,Buguias,Benguet,Cordillera Administrative Region (CAR)
29510,93.30148315,120.83750204884724,16.76250056846875,Buguias,Benguet,Cordillera Administrative Region (CAR)
29511,86.89738464,120.86250204927114,16.76250056846875,Buguias,Benguet,Cordillera Administrative Region (CAR)
29512,78.53954315,120.88750204969504,16.76250056846875,Buguias,Benguet,Cordillera Administrative Region (CAR)
29513,98.29587555,120.81250204842338,16.73750056762092,Buguias,Benguet,Cordillera Administrative Region (CAR)
29514,90.83105469,120.83750204884724,16.73750056762092,Buguias,Benguet,Cordillera Administrative Region (CAR)
29515,84.62398529,120.86250204927114,16.73750056762092,Buguias,Benguet,Cordillera Administrative Region (CAR)
29516,75.45519257,120.88750204969504,16.73750056762092,Buguias,Benguet,Cordillera Administrative Region (CAR)
29517,109.3816299,120.7625020475756,16.71250056677309,Buguias,Benguet,Cordillera Administrative Region (CAR)
29518,103.1129608,120.78750204799948,16.71250056677309,Buguias,Benguet,Cordillera Administrative Region (CAR)
29519,98.68672943,120.81250204842338,16.71250056677309,Buguias,Benguet,Cordillera Administrative Region (CAR)
29520,96.559021,120.83750204884724,16.71250056677309,Buguias,Benguet,Cordillera Administrative Region (CAR)
29521,78.9392395,120.86250204927114,16.71250056677309,Buguias,Benguet,Cordillera Administrative Region (CAR)
29522,74.96222687,120.88750204969504,16.71250056677309,Buguias,Benguet,Cordillera Administrative Region (CAR)
29523,107.7335205,120.7625020475756,16.687500565925262,Buguias,Benguet,Cordillera Administrative Region (CAR)
29524,101.5388336,120.78750204799948,16.687500565925262,Buguias,Benguet,Cordillera Administrative Region (CAR)
29525,97.16374969,120.81250204842338,16.687500565925262,Buguias,Benguet,Cordillera Administrative Region (CAR)
29526,95.04631042,120.83750204884724,16.687500565925262,Buguias,Benguet,Cordillera Administrative Region (CAR)
29527,77.75643921,120.86250204927114,16.687500565925262,Buguias,Benguet,Cordillera Administrative Region (CAR)
29528,115.4625397,120.68750204630392,16.462500558294803,Itogon,Benguet,Cordillera Administrative Region (CAR)
29529,114.9938278,120.71250204672782,16.462500558294803,Itogon,Benguet,Cordillera Administrative Region (CAR)
29530,116.0921249,120.66250204588005,16.437500557446974,Itogon,Benguet,Cordillera Administrative Region (CAR)
29531,114.8999405,120.68750204630392,16.437500557446974,Itogon,Benguet,Cordillera Administrative Region (CAR)
29532,114.4060288,120.71250204672782,16.437500557446974,Itogon,Benguet,Cordillera Administrative Region (CAR)
29533,115.8850479,120.63750204545616,16.412500556599145,Itogon,Benguet,Cordillera Administrative Region (CAR)
29534,114.7943955,120.66250204588005,16.412500556599145,Itogon,Benguet,Cordillera Administrative Region (CAR)
29535,114.4082642,120.68750204630392,16.412500556599145,Itogon,Benguet,Cordillera Administrative Region (CAR)
29536,114.0407105,120.71250204672782,16.412500556599145,Itogon,Benguet,Cordillera Administrative Region (CAR)
29537,113.8191147,120.7375020471517,16.412500556599145,Itogon,Benguet,Cordillera Administrative Region (CAR)
29538,118.6143494,120.63750204545616,16.387500555751316,Itogon,Benguet,Cordillera Administrative Region (CAR)
29539,117.6394424,120.66250204588005,16.387500555751316,Itogon,Benguet,Cordillera Administrative Region (CAR)
29540,117.3850861,120.68750204630392,16.387500555751316,Itogon,Benguet,Cordillera Administrative Region (CAR)
29541,116.9784546,120.71250204672782,16.387500555751316,Itogon,Benguet,Cordillera Administrative Region (CAR)
29542,116.5543671,120.7375020471517,16.387500555751316,Itogon,Benguet,Cordillera Administrative Region (CAR)
29543,110.565918,120.7625020475756,16.387500555751316,Itogon,Benguet,Cordillera Administrative Region (CAR)
29544,121.1710892,120.63750204545616,16.362500554903487,Itogon,Benguet,Cordillera Administrative Region (CAR)
29545,120.4594803,120.66250204588005,16.362500554903487,Itogon,Benguet,Cordillera Administrative Region (CAR)
29546,120.5048828,120.68750204630392,16.362500554903487,Itogon,Benguet,Cordillera Administrative Region (CAR)
29547,119.8957748,120.71250204672782,16.362500554903487,Itogon,Benguet,Cordillera Administrative Region (CAR)
29548,116.7798538,120.7375020471517,16.362500554903487,Itogon,Benguet,Cordillera Administrative Region (CAR)
29549,116.2922058,120.7625020475756,16.362500554903487,Itogon,Benguet,Cordillera Administrative Region (CAR)
29550,109.0818329,120.78750204799948,16.362500554903487,Itogon,Benguet,Cordillera Administrative Region (CAR)
29551,120.3471069,120.63750204545616,16.33750055405566,Itogon,Benguet,Cordillera Administrative Region (CAR)
29552,119.6402435,120.66250204588005,16.33750055405566,Itogon,Benguet,Cordillera Administrative Region (CAR)
29553,118.7305069,120.68750204630392,16.33750055405566,Itogon,Benguet,Cordillera Administrative Region (CAR)
29554,118.1586304,120.71250204672782,16.33750055405566,Itogon,Benguet,Cordillera Administrative Region (CAR)
29555,116.2172394,120.7375020471517,16.33750055405566,Itogon,Benguet,Cordillera Administrative Region (CAR)
29556,115.7295837,120.7625020475756,16.33750055405566,Itogon,Benguet,Cordillera Administrative Region (CAR)
29557,108.9280167,120.78750204799948,16.33750055405566,Itogon,Benguet,Cordillera Administrative Region (CAR)
29558,122.1999664,120.66250204588005,16.31250055320783,Itogon,Benguet,Cordillera Administrative Region (CAR)
29559,121.8715897,120.68750204630392,16.31250055320783,Itogon,Benguet,Cordillera Administrative Region (CAR)
29560,121.5235901,120.71250204672782,16.31250055320783,Itogon,Benguet,Cordillera Administrative Region (CAR)
29561,121.2602539,120.7375020471517,16.31250055320783,Itogon,Benguet,Cordillera Administrative Region (CAR)
29562,116.5908356,120.7625020475756,16.31250055320783,Itogon,Benguet,Cordillera Administrative Region (CAR)
29563,112.3253708,120.78750204799948,16.31250055320783,Itogon,Benguet,Cordillera Administrative Region (CAR)
29564,125.1652603,120.66250204588005,16.28750055236,Itogon,Benguet,Cordillera Administrative Region (CAR)
29565,125.0185471,120.68750204630392,16.28750055236,Itogon,Benguet,Cordillera Administrative Region (CAR)
29566,124.7932053,120.71250204672782,16.28750055236,Itogon,Benguet,Cordillera Administrative Region (CAR)
29567,124.579567,120.7375020471517,16.28750055236,Itogon,Benguet,Cordillera Administrative Region (CAR)
29568,119.9422836,120.7625020475756,16.28750055236,Itogon,Benguet,Cordillera Administrative Region (CAR)
29569,116.0565872,120.78750204799948,16.28750055236,Itogon,Benguet,Cordillera Administrative Region (CAR)
29570,124.7264938,120.66250204588005,16.262500551512172,Itogon,Benguet,Cordillera Administrative Region (CAR)
29571,124.8380051,120.68750204630392,16.262500551512172,Itogon,Benguet,Cordillera Administrative Region (CAR)
29572,124.6260757,120.71250204672782,16.262500551512172,Itogon,Benguet,Cordillera Administrative Region (CAR)
29573,122.9495926,120.7375020471517,16.262500551512172,Itogon,Benguet,Cordillera Administrative Region (CAR)
29574,122.6513901,120.7625020475756,16.262500551512172,Itogon,Benguet,Cordillera Administrative Region (CAR)
29575,116.4902115,120.78750204799948,16.262500551512172,Itogon,Benguet,Cordillera Administrative Region (CAR)
29576,126.1675034,120.63750204545616,16.237500550664343,Itogon,Benguet,Cordillera Administrative Region (CAR)
29577,125.783638,120.66250204588005,16.237500550664343,Itogon,Benguet,Cordillera Administrative Region (CAR)
29578,125.6507416,120.68750204630392,16.237500550664343,Itogon,Benguet,Cordillera Administrative Region (CAR)
29579,125.5261841,120.71250204672782,16.237500550664343,Itogon,Benguet,Cordillera Administrative Region (CAR)
29580,124.6036835,120.7375020471517,16.237500550664343,Itogon,Benguet,Cordillera Administrative Region (CAR)
29581,124.3014221,120.7625020475756,16.237500550664343,Itogon,Benguet,Cordillera Administrative Region (CAR)
29582,126.8109589,120.63750204545616,16.212500549816514,Itogon,Benguet,Cordillera Administrative Region (CAR)
29583,127.2280426,120.66250204588005,16.212500549816514,Itogon,Benguet,Cordillera Administrative Region (CAR)
29584,127.171051,120.68750204630392,16.212500549816514,Itogon,Benguet,Cordillera Administrative Region (CAR)
29585,127.1372452,120.71250204672782,16.212500549816514,Itogon,Benguet,Cordillera Administrative Region (CAR)
29586,127.1274109,120.7375020471517,16.212500549816514,Itogon,Benguet,Cordillera Administrative Region (CAR)
29587,124.7993469,120.7625020475756,16.212500549816514,Itogon,Benguet,Cordillera Administrative Region (CAR)
29588,126.4175415,120.63750204545616,16.187500548968686,Itogon,Benguet,Cordillera Administrative Region (CAR)
29589,126.8888168,120.66250204588005,16.187500548968686,Itogon,Benguet,Cordillera Administrative Region (CAR)
29590,126.9733658,120.68750204630392,16.187500548968686,Itogon,Benguet,Cordillera Administrative Region (CAR)
29591,73.90803528,120.88750204969504,16.687500565925262,Kabayan,Benguet,Cordillera Administrative Region (CAR)
29592,100.5135803,120.78750204799948,16.662500565077433,Kabayan,Benguet,Cordillera Administrative Region (CAR)
29593,95.16994476,120.81250204842338,16.662500565077433,Kabayan,Benguet,Cordillera Administrative Region (CAR)
29594,87.64634705,120.83750204884724,16.662500565077433,Kabayan,Benguet,Cordillera Administrative Region (CAR)
29595,81.78183746,120.86250204927114,16.662500565077433,Kabayan,Benguet,Cordillera Administrative Region (CAR)
29596,73.28131866,120.88750204969504,16.662500565077433,Kabayan,Benguet,Cordillera Administrative Region (CAR)
29597,99.43890381,120.78750204799948,16.637500564229605,Kabayan,Benguet,Cordillera Administrative Region (CAR)
29598,94.17264557,120.81250204842338,16.637500564229605,Kabayan,Benguet,Cordillera Administrative Region (CAR)
29599,87.44099426,120.83750204884724,16.637500564229605,Kabayan,Benguet,Cordillera Administrative Region (CAR)
29600,81.58776855,120.86250204927114,16.637500564229605,Kabayan,Benguet,Cordillera Administrative Region (CAR)
29601,72.88382721,120.88750204969504,16.637500564229605,Kabayan,Benguet,Cordillera Administrative Region (CAR)
29602,70.05049133,120.91250205011892,16.637500564229605,Kabayan,Benguet,Cordillera Administrative Region (CAR)
29603,99.88970184,120.78750204799948,16.612500563381776,Kabayan,Benguet,Cordillera Administrative Region (CAR)
29604,95.6259613,120.81250204842338,16.612500563381776,Kabayan,Benguet,Cordillera Administrative Region (CAR)
29605,93.67893219,120.83750204884724,16.612500563381776,Kabayan,Benguet,Cordillera Administrative Region (CAR)
29606,76.99826813,120.86250204927114,16.612500563381776,Kabayan,Benguet,Cordillera Administrative Region (CAR)
29607,73.14118195,120.88750204969504,16.612500563381776,Kabayan,Benguet,Cordillera Administrative Region (CAR)
29608,71.09410095,120.91250205011892,16.612500563381776,Kabayan,Benguet,Cordillera Administrative Region (CAR)
29609,106.8175278,120.7625020475756,16.587500562533947,Kabayan,Benguet,Cordillera Administrative Region (CAR)
29610,100.7589111,120.78750204799948,16.587500562533947,Kabayan,Benguet,Cordillera Administrative Region (CAR)
29611,96.56671143,120.81250204842338,16.587500562533947,Kabayan,Benguet,Cordillera Administrative Region (CAR)
29612,94.61617279,120.83750204884724,16.587500562533947,Kabayan,Benguet,Cordillera Administrative Region (CAR)
29613,77.69887543,120.86250204927114,16.587500562533947,Kabayan,Benguet,Cordillera Administrative Region (CAR)
29614,73.78645325,120.88750204969504,16.587500562533947,Kabayan,Benguet,Cordillera Administrative Region (CAR)
29615,95.9232254,120.81250204842338,16.562500561686118,Kabayan,Benguet,Cordillera Administrative Region (CAR)
29616,88.64597321,120.83750204884724,16.562500561686118,Kabayan,Benguet,Cordillera Administrative Region (CAR)
29617,82.56492615,120.86250204927114,16.562500561686118,Kabayan,Benguet,Cordillera Administrative Region (CAR)
29618,74.11446381,120.88750204969504,16.562500561686118,Kabayan,Benguet,Cordillera Administrative Region (CAR)
29619,118.0934448,120.58750204460839,16.687500565925262,Kapangan,Benguet,Cordillera Administrative Region (CAR)
29620,118.8060837,120.56250204418448,16.662500565077433,Kapangan,Benguet,Cordillera Administrative Region (CAR)
29621,116.3336182,120.58750204460839,16.662500565077433,Kapangan,Benguet,Cordillera Administrative Region (CAR)
29622,117.5561905,120.61250204503229,16.662500565077433,Kapangan,Benguet,Cordillera Administrative Region (CAR)
29623,118.4249573,120.56250204418448,16.637500564229605,Kapangan,Benguet,Cordillera Administrative Region (CAR)
29624,115.0499191,120.58750204460839,16.637500564229605,Kapangan,Benguet,Cordillera Administrative Region (CAR)
29625,116.2290726,120.61250204503229,16.637500564229605,Kapangan,Benguet,Cordillera Administrative Region (CAR)
29626,114.6666794,120.63750204545616,16.637500564229605,Kapangan,Benguet,Cordillera Administrative Region (CAR)
29627,113.1339874,120.66250204588005,16.637500564229605,Kapangan,Benguet,Cordillera Administrative Region (CAR)
29628,127.025734,120.5375020437606,16.612500563381776,Kapangan,Benguet,Cordillera Administrative Region (CAR)
29629,120.4469299,120.56250204418448,16.612500563381776,Kapangan,Benguet,Cordillera Administrative Region (CAR)
29630,115.9548416,120.58750204460839,16.612500563381776,Kapangan,Benguet,Cordillera Administrative Region (CAR)
29631,116.7530518,120.61250204503229,16.612500563381776,Kapangan,Benguet,Cordillera Administrative Region (CAR)
29632,114.17556,120.63750204545616,16.612500563381776,Kapangan,Benguet,Cordillera Administrative Region (CAR)
29633,126.4711456,120.5375020437606,16.587500562533947,Kapangan,Benguet,Cordillera Administrative Region (CAR)
29634,120.708786,120.56250204418448,16.587500562533947,Kapangan,Benguet,Cordillera Administrative Region (CAR)
29635,116.6573868,120.58750204460839,16.587500562533947,Kapangan,Benguet,Cordillera Administrative Region (CAR)
29636,117.3727799,120.61250204503229,16.587500562533947,Kapangan,Benguet,Cordillera Administrative Region (CAR)
29637,114.9013977,120.63750204545616,16.587500562533947,Kapangan,Benguet,Cordillera Administrative Region (CAR)
29638,128.0881958,120.5375020437606,16.562500561686118,Kapangan,Benguet,Cordillera Administrative Region (CAR)
29639,118.4655991,120.56250204418448,16.562500561686118,Kapangan,Benguet,Cordillera Administrative Region (CAR)
29640,116.305481,120.58750204460839,16.562500561686118,Kapangan,Benguet,Cordillera Administrative Region (CAR)
29641,117.2386169,120.61250204503229,16.562500561686118,Kapangan,Benguet,Cordillera Administrative Region (CAR)
29642,115.0952225,120.63750204545616,16.562500561686118,Kapangan,Benguet,Cordillera Administrative Region (CAR)
29643,120.2123795,120.68750204630392,16.76250056846875,Kibungan,Benguet,Cordillera Administrative Region (CAR)
29644,118.1749268,120.66250204588005,16.73750056762092,Kibungan,Benguet,Cordillera Administrative Region (CAR)
29645,117.9388962,120.68750204630392,16.73750056762092,Kibungan,Benguet,Cordillera Administrative Region (CAR)
29646,117.5620956,120.71250204672782,16.73750056762092,Kibungan,Benguet,Cordillera Administrative Region (CAR)
29647,120.655777,120.61250204503229,16.71250056677309,Kibungan,Benguet,Cordillera Administrative Region (CAR)
29648,117.9045029,120.63750204545616,16.71250056677309,Kibungan,Benguet,Cordillera Administrative Region (CAR)
29649,117.9127579,120.66250204588005,16.71250056677309,Kibungan,Benguet,Cordillera Administrative Region (CAR)
29650,117.6535873,120.68750204630392,16.71250056677309,Kibungan,Benguet,Cordillera Administrative Region (CAR)
29651,117.3947525,120.71250204672782,16.71250056677309,Kibungan,Benguet,Cordillera Administrative Region (CAR)
29652,117.2220993,120.7375020471517,16.71250056677309,Kibungan,Benguet,Cordillera Administrative Region (CAR)
29653,118.9895706,120.61250204503229,16.687500565925262,Kibungan,Benguet,Cordillera Administrative Region (CAR)
29654,116.1052856,120.63750204545616,16.687500565925262,Kibungan,Benguet,Cordillera Administrative Region (CAR)
29655,116.0833969,120.66250204588005,16.687500565925262,Kibungan,Benguet,Cordillera Administrative Region (CAR)
29656,115.9289856,120.68750204630392,16.687500565925262,Kibungan,Benguet,Cordillera Administrative Region (CAR)
29657,115.6904984,120.71250204672782,16.687500565925262,Kibungan,Benguet,Cordillera Administrative Region (CAR)
29658,115.4505234,120.7375020471517,16.687500565925262,Kibungan,Benguet,Cordillera Administrative Region (CAR)
29659,115.31073,120.63750204545616,16.662500565077433,Kibungan,Benguet,Cordillera Administrative Region (CAR)
29660,113.7684403,120.66250204588005,16.662500565077433,Kibungan,Benguet,Cordillera Administrative Region (CAR)
29661,114.3053894,120.68750204630392,16.662500565077433,Kibungan,Benguet,Cordillera Administrative Region (CAR)
29662,113.9882965,120.71250204672782,16.662500565077433,Kibungan,Benguet,Cordillera Administrative Region (CAR)
29663,120.077034,120.56250204418448,16.48750055914263,La Trinidad (Capital),Benguet,Cordillera Administrative Region (CAR)
29664,116.6035919,120.58750204460839,16.48750055914263,La Trinidad (Capital),Benguet,Cordillera Administrative Region (CAR)
29665,117.0987091,120.61250204503229,16.48750055914263,La Trinidad (Capital),Benguet,Cordillera Administrative Region (CAR)
29666,119.2808914,120.56250204418448,16.462500558294803,La Trinidad (Capital),Benguet,Cordillera Administrative Region (CAR)
29667,117.7314377,120.58750204460839,16.462500558294803,La Trinidad (Capital),Benguet,Cordillera Administrative Region (CAR)
29668,118.3658752,120.61250204503229,16.462500558294803,La Trinidad (Capital),Benguet,Cordillera Administrative Region (CAR)
29669,116.2686081,120.63750204545616,16.462500558294803,La Trinidad (Capital),Benguet,Cordillera Administrative Region (CAR)
29670,119.8551559,120.56250204418448,16.437500557446974,La Trinidad (Capital),Benguet,Cordillera Administrative Region (CAR)
29671,117.5005722,120.58750204460839,16.437500557446974,La Trinidad (Capital),Benguet,Cordillera Administrative Region (CAR)
29672,118.0833817,120.61250204503229,16.437500557446974,La Trinidad (Capital),Benguet,Cordillera Administrative Region (CAR)
29673,117.0784454,120.63750204545616,16.437500557446974,La Trinidad (Capital),Benguet,Cordillera Administrative Region (CAR)
29674,129.1461029,120.7375020471517,16.91250057355572,Mankayan,Benguet,Cordillera Administrative Region (CAR)
29675,125.5463791,120.7625020475756,16.91250057355572,Mankayan,Benguet,Cordillera Administrative Region (CAR)
29676,120.5963974,120.78750204799948,16.91250057355572,Mankayan,Benguet,Cordillera Administrative Region (CAR)
29677,125.7916565,120.7375020471517,16.887500572707893,Mankayan,Benguet,Cordillera Administrative Region (CAR)
29678,122.0160675,120.7625020475756,16.887500572707893,Mankayan,Benguet,Cordillera Administrative Region (CAR)
29679,116.7650452,120.78750204799948,16.887500572707893,Mankayan,Benguet,Cordillera Administrative Region (CAR)
29680,113.3052063,120.81250204842338,16.887500572707893,Mankayan,Benguet,Cordillera Administrative Region (CAR)
29681,111.8125,120.83750204884724,16.887500572707893,Mankayan,Benguet,Cordillera Administrative Region (CAR)
29682,124.3385239,120.7625020475756,16.862500571860064,Mankayan,Benguet,Cordillera Administrative Region (CAR)
29683,116.8942261,120.78750204799948,16.862500571860064,Mankayan,Benguet,Cordillera Administrative Region (CAR)
29684,112.4087982,120.81250204842338,16.862500571860064,Mankayan,Benguet,Cordillera Administrative Region (CAR)
29685,105.4641419,120.83750204884724,16.862500571860064,Mankayan,Benguet,Cordillera Administrative Region (CAR)
29686,121.8138046,120.7625020475756,16.837500571012235,Mankayan,Benguet,Cordillera Administrative Region (CAR)
29687,112.1733704,120.78750204799948,16.837500571012235,Mankayan,Benguet,Cordillera Administrative Region (CAR)
29688,107.477684,120.81250204842338,16.837500571012235,Mankayan,Benguet,Cordillera Administrative Region (CAR)
29689,101.2257614,120.83750204884724,16.837500571012235,Mankayan,Benguet,Cordillera Administrative Region (CAR)
29690,108.8808518,120.78750204799948,16.812500570164406,Mankayan,Benguet,Cordillera Administrative Region (CAR)
29691,104.8990784,120.81250204842338,16.812500570164406,Mankayan,Benguet,Cordillera Administrative Region (CAR)
29692,108.5315399,120.78750204799948,16.787500569316578,Mankayan,Benguet,Cordillera Administrative Region (CAR)
29693,125.6104355,120.48750204291284,16.53750056083829,Sablan,Benguet,Cordillera Administrative Region (CAR)
29694,125.4151154,120.51250204333672,16.53750056083829,Sablan,Benguet,Cordillera Administrative Region (CAR)
29695,127.6973343,120.5375020437606,16.53750056083829,Sablan,Benguet,Cordillera Administrative Region (CAR)
29696,118.8281784,120.56250204418448,16.53750056083829,Sablan,Benguet,Cordillera Administrative Region (CAR)
29697,125.5908203,120.48750204291284,16.51250055999046,Sablan,Benguet,Cordillera Administrative Region (CAR)
29698,125.1291428,120.51250204333672,16.51250055999046,Sablan,Benguet,Cordillera Administrative Region (CAR)
29699,125.6933441,120.5375020437606,16.51250055999046,Sablan,Benguet,Cordillera Administrative Region (CAR)
29700,120.4005432,120.56250204418448,16.51250055999046,Sablan,Benguet,Cordillera Administrative Region (CAR)
29701,125.4591599,120.48750204291284,16.48750055914263,Sablan,Benguet,Cordillera Administrative Region (CAR)
29702,124.9474564,120.51250204333672,16.48750055914263,Sablan,Benguet,Cordillera Administrative Region (CAR)
29703,125.4139481,120.5375020437606,16.48750055914263,Sablan,Benguet,Cordillera Administrative Region (CAR)
29704,125.3890991,120.48750204291284,16.462500558294803,Sablan,Benguet,Cordillera Administrative Region (CAR)
29705,125.1491394,120.51250204333672,16.462500558294803,Sablan,Benguet,Cordillera Administrative Region (CAR)
29706,126.594368,120.5375020437606,16.462500558294803,Sablan,Benguet,Cordillera Administrative Region (CAR)
29707,124.601593,120.48750204291284,16.437500557446974,Tuba,Benguet,Cordillera Administrative Region (CAR)
29708,124.4004746,120.51250204333672,16.437500557446974,Tuba,Benguet,Cordillera Administrative Region (CAR)
29709,126.3145676,120.5375020437606,16.437500557446974,Tuba,Benguet,Cordillera Administrative Region (CAR)
29710,126.1882095,120.46250204248896,16.412500556599145,Tuba,Benguet,Cordillera Administrative Region (CAR)
29711,124.5147247,120.48750204291284,16.412500556599145,Tuba,Benguet,Cordillera Administrative Region (CAR)
29712,124.0689774,120.51250204333672,16.412500556599145,Tuba,Benguet,Cordillera Administrative Region (CAR)
29713,124.5367737,120.5375020437606,16.412500556599145,Tuba,Benguet,Cordillera Administrative Region (CAR)
29714,126.5483093,120.46250204248896,16.387500555751316,Tuba,Benguet,Cordillera Administrative Region (CAR)
29715,125.2061157,120.48750204291284,16.387500555751316,Tuba,Benguet,Cordillera Administrative Region (CAR)
29716,124.85009,120.51250204333672,16.387500555751316,Tuba,Benguet,Cordillera Administrative Region (CAR)
29717,125.1927261,120.5375020437606,16.387500555751316,Tuba,Benguet,Cordillera Administrative Region (CAR)
29718,122.0596619,120.56250204418448,16.387500555751316,Tuba,Benguet,Cordillera Administrative Region (CAR)
29719,125.8375549,120.48750204291284,16.362500554903487,Tuba,Benguet,Cordillera Administrative Region (CAR)
29720,125.7693405,120.51250204333672,16.362500554903487,Tuba,Benguet,Cordillera Administrative Region (CAR)
29721,126.6371002,120.5375020437606,16.362500554903487,Tuba,Benguet,Cordillera Administrative Region (CAR)
29722,122.7619095,120.56250204418448,16.362500554903487,Tuba,Benguet,Cordillera Administrative Region (CAR)
29723,122.4966202,120.58750204460839,16.362500554903487,Tuba,Benguet,Cordillera Administrative Region (CAR)
29724,124.4128647,120.51250204333672,16.33750055405566,Tuba,Benguet,Cordillera Administrative Region (CAR)
29725,125.9690018,120.5375020437606,16.33750055405566,Tuba,Benguet,Cordillera Administrative Region (CAR)
29726,122.11483,120.56250204418448,16.33750055405566,Tuba,Benguet,Cordillera Administrative Region (CAR)
29727,120.6421585,120.58750204460839,16.33750055405566,Tuba,Benguet,Cordillera Administrative Region (CAR)
29728,121.0187912,120.61250204503229,16.33750055405566,Tuba,Benguet,Cordillera Administrative Region (CAR)
29729,126.1122437,120.51250204333672,16.31250055320783,Tuba,Benguet,Cordillera Administrative Region (CAR)
29730,126.4858856,120.5375020437606,16.31250055320783,Tuba,Benguet,Cordillera Administrative Region (CAR)
29731,124.8523789,120.56250204418448,16.31250055320783,Tuba,Benguet,Cordillera Administrative Region (CAR)
29732,123.4799728,120.58750204460839,16.31250055320783,Tuba,Benguet,Cordillera Administrative Region (CAR)
29733,123.7533951,120.61250204503229,16.31250055320783,Tuba,Benguet,Cordillera Administrative Region (CAR)
29734,122.8308258,120.63750204545616,16.31250055320783,Tuba,Benguet,Cordillera Administrative Region (CAR)
29735,127.8179627,120.51250204333672,16.28750055236,Tuba,Benguet,Cordillera Administrative Region (CAR)
29736,128.0415955,120.5375020437606,16.28750055236,Tuba,Benguet,Cordillera Administrative Region (CAR)
29737,127.1047974,120.56250204418448,16.28750055236,Tuba,Benguet,Cordillera Administrative Region (CAR)
29738,126.1818085,120.58750204460839,16.28750055236,Tuba,Benguet,Cordillera Administrative Region (CAR)
29739,126.4577484,120.61250204503229,16.28750055236,Tuba,Benguet,Cordillera Administrative Region (CAR)
29740,125.6361084,120.63750204545616,16.28750055236,Tuba,Benguet,Cordillera Administrative Region (CAR)
29741,128.0657654,120.5375020437606,16.262500551512172,Tuba,Benguet,Cordillera Administrative Region (CAR)
29742,125.5953674,120.56250204418448,16.262500551512172,Tuba,Benguet,Cordillera Administrative Region (CAR)
29743,125.7981796,120.58750204460839,16.262500551512172,Tuba,Benguet,Cordillera Administrative Region (CAR)
29744,126.1812515,120.61250204503229,16.262500551512172,Tuba,Benguet,Cordillera Administrative Region (CAR)
29745,125.1458435,120.63750204545616,16.262500551512172,Tuba,Benguet,Cordillera Administrative Region (CAR)
29746,128.693512,120.5375020437606,16.237500550664343,Tuba,Benguet,Cordillera Administrative Region (CAR)
29747,126.4044952,120.56250204418448,16.237500550664343,Tuba,Benguet,Cordillera Administrative Region (CAR)
29748,125.6971054,120.58750204460839,16.237500550664343,Tuba,Benguet,Cordillera Administrative Region (CAR)
29749,126.0897675,120.61250204503229,16.237500550664343,Tuba,Benguet,Cordillera Administrative Region (CAR)
29750,127.0550385,120.58750204460839,16.212500549816514,Tuba,Benguet,Cordillera Administrative Region (CAR)
29751,127.3481979,120.61250204503229,16.212500549816514,Tuba,Benguet,Cordillera Administrative Region (CAR)
29752,115.9505386,120.58750204460839,16.53750056083829,Tublay,Benguet,Cordillera Administrative Region (CAR)
29753,116.8248749,120.61250204503229,16.53750056083829,Tublay,Benguet,Cordillera Administrative Region (CAR)
29754,115.5806656,120.63750204545616,16.53750056083829,Tublay,Benguet,Cordillera Administrative Region (CAR)
29755,116.8913345,120.58750204460839,16.51250055999046,Tublay,Benguet,Cordillera Administrative Region (CAR)
29756,117.4726181,120.61250204503229,16.51250055999046,Tublay,Benguet,Cordillera Administrative Region (CAR)
29757,115.4068832,120.63750204545616,16.51250055999046,Tublay,Benguet,Cordillera Administrative Region (CAR)
29758,114.7815704,120.66250204588005,16.51250055999046,Tublay,Benguet,Cordillera Administrative Region (CAR)
29759,114.8592072,120.63750204545616,16.48750055914263,Tublay,Benguet,Cordillera Administrative Region (CAR)
29760,114.1931763,120.66250204588005,16.48750055914263,Tublay,Benguet,Cordillera Administrative Region (CAR)
29761,114.0019226,120.68750204630392,16.48750055914263,Tublay,Benguet,Cordillera Administrative Region (CAR)
29762,115.181839,120.66250204588005,16.462500558294803,Tublay,Benguet,Cordillera Administrative Region (CAR)
