unique id,value,lon,lat,municipality name,province name,region
29763,75.39493561,121.06250205266224,16.987500576099208,Banaue,Ifugao,Cordillera Administrative Region (CAR)
29764,74.9716568,121.08750205308613,16.987500576099208,Banaue,Ifugao,Cordillera Administrative Region (CAR)
29765,74.43244171,121.11250205351,16.987500576099208,Banaue,Ifugao,Cordillera Administrative Region (CAR)
29766,76.87537384,121.06250205266224,16.96250057525138,Banaue,Ifugao,Cordillera Administrative Region (CAR)
29767,74.70533752,121.08750205308613,16.96250057525138,Banaue,Ifugao,Cordillera Administrative Region (CAR)
29768,74.11115265,121.11250205351,16.96250057525138,Banaue,Ifugao,Cordillera Administrative Region (CAR)
29769,73.17287445,121.1375020539339,16.96250057525138,Banaue,Ifugao,Cordillera Administrative Region (CAR)
29770,75.80207062,121.06250205266224,16.93750057440355,Banaue,Ifugao,Cordillera Administrative Region (CAR)
29771,73.60414124,121.08750205308613,16.93750057440355,Banaue,Ifugao,Cordillera Administrative Region (CAR)
29772,73.20611572,121.11250205351,16.93750057440355,Banaue,Ifugao,Cordillera Administrative Region (CAR)
29773,73.45655823,121.1375020539339,16.93750057440355,Banaue,Ifugao,Cordillera Administrative Region (CAR)
29774,85.18989563,121.16250205435777,16.93750057440355,Banaue,Ifugao,Cordillera Administrative Region (CAR)
29775,77.02444458,121.03750205223837,16.91250057355572,Banaue,Ifugao,Cordillera Administrative Region (CAR)
29776,73.64919281,121.06250205266224,16.91250057355572,Banaue,Ifugao,Cordillera Administrative Region (CAR)
29777,73.48508453,121.08750205308613,16.91250057355572,Banaue,Ifugao,Cordillera Administrative Region (CAR)
29778,73.37173462,121.11250205351,16.91250057355572,Banaue,Ifugao,Cordillera Administrative Region (CAR)
29779,73.31559753,121.1375020539339,16.91250057355572,Banaue,Ifugao,Cordillera Administrative Region (CAR)
29780,87.03479767,121.16250205435777,16.91250057355572,Banaue,Ifugao,Cordillera Administrative Region (CAR)
29781,76.22086334,121.03750205223837,16.887500572707893,Banaue,Ifugao,Cordillera Administrative Region (CAR)
29782,73.06251526,121.06250205266224,16.887500572707893,Banaue,Ifugao,Cordillera Administrative Region (CAR)
29783,73.61222076,121.1375020539339,16.887500572707893,Banaue,Ifugao,Cordillera Administrative Region (CAR)
29784,88.12464905,121.16250205435777,16.887500572707893,Banaue,Ifugao,Cordillera Administrative Region (CAR)
29785,94.68621063,121.18750205478167,16.887500572707893,Banaue,Ifugao,Cordillera Administrative Region (CAR)
29786,95.3896637,121.21250205520556,16.887500572707893,Banaue,Ifugao,Cordillera Administrative Region (CAR)
29787,72.66453552,121.03750205223837,16.862500571860064,Banaue,Ifugao,Cordillera Administrative Region (CAR)
29788,94.7951355,121.18750205478167,16.862500571860064,Banaue,Ifugao,Cordillera Administrative Region (CAR)
29789,95.92563629,121.21250205520556,16.862500571860064,Banaue,Ifugao,Cordillera Administrative Region (CAR)
29790,81.52285767,121.03750205223837,16.987500576099208,Hungduan,Ifugao,Cordillera Administrative Region (CAR)
29791,80.83361816,120.98750205139056,16.96250057525138,Hungduan,Ifugao,Cordillera Administrative Region (CAR)
29792,80.94309235,121.01250205181447,16.96250057525138,Hungduan,Ifugao,Cordillera Administrative Region (CAR)
29793,77.30727386,121.03750205223837,16.96250057525138,Hungduan,Ifugao,Cordillera Administrative Region (CAR)
29794,83.40090179,120.96250205096668,16.93750057440355,Hungduan,Ifugao,Cordillera Administrative Region (CAR)
29795,77.10134888,120.98750205139056,16.93750057440355,Hungduan,Ifugao,Cordillera Administrative Region (CAR)
29796,77.22866058,121.01250205181447,16.93750057440355,Hungduan,Ifugao,Cordillera Administrative Region (CAR)
29797,76.23412323,121.03750205223837,16.93750057440355,Hungduan,Ifugao,Cordillera Administrative Region (CAR)
29798,76.67464447,120.96250205096668,16.91250057355572,Hungduan,Ifugao,Cordillera Administrative Region (CAR)
29799,75.42027283,120.98750205139056,16.91250057355572,Hungduan,Ifugao,Cordillera Administrative Region (CAR)
29800,76.77501678,121.01250205181447,16.91250057355572,Hungduan,Ifugao,Cordillera Administrative Region (CAR)
29801,84.45790863,120.9375020505428,16.887500572707893,Hungduan,Ifugao,Cordillera Administrative Region (CAR)
29802,74.5814209,120.96250205096668,16.887500572707893,Hungduan,Ifugao,Cordillera Administrative Region (CAR)
29803,73.82706451,120.98750205139056,16.887500572707893,Hungduan,Ifugao,Cordillera Administrative Region (CAR)
29804,75.89108276,121.01250205181447,16.887500572707893,Hungduan,Ifugao,Cordillera Administrative Region (CAR)
29805,77.39015961,120.9375020505428,16.862500571860064,Hungduan,Ifugao,Cordillera Administrative Region (CAR)
29806,76.04225159,120.96250205096668,16.862500571860064,Hungduan,Ifugao,Cordillera Administrative Region (CAR)
29807,73.14421844,120.98750205139056,16.862500571860064,Hungduan,Ifugao,Cordillera Administrative Region (CAR)
29808,74.86169434,121.01250205181447,16.862500571860064,Hungduan,Ifugao,Cordillera Administrative Region (CAR)
29809,80.2531662,120.91250205011892,16.837500571012235,Hungduan,Ifugao,Cordillera Administrative Region (CAR)
29810,74.88897705,120.9375020505428,16.837500571012235,Hungduan,Ifugao,Cordillera Administrative Region (CAR)
29811,73.99258423,120.96250205096668,16.837500571012235,Hungduan,Ifugao,Cordillera Administrative Region (CAR)
29812,68.99501801,120.98750205139056,16.837500571012235,Hungduan,Ifugao,Cordillera Administrative Region (CAR)
29813,70.95882416,121.01250205181447,16.837500571012235,Hungduan,Ifugao,Cordillera Administrative Region (CAR)
29814,71.57202148,121.03750205223837,16.837500571012235,Hungduan,Ifugao,Cordillera Administrative Region (CAR)
29815,78.38721466,120.91250205011892,16.812500570164406,Hungduan,Ifugao,Cordillera Administrative Region (CAR)
29816,77.2494812,120.9375020505428,16.812500570164406,Hungduan,Ifugao,Cordillera Administrative Region (CAR)
29817,68.90779877,120.96250205096668,16.812500570164406,Hungduan,Ifugao,Cordillera Administrative Region (CAR)
29818,68.02658844,120.98750205139056,16.812500570164406,Hungduan,Ifugao,Cordillera Administrative Region (CAR)
29819,70.69898987,121.01250205181447,16.812500570164406,Hungduan,Ifugao,Cordillera Administrative Region (CAR)
29820,71.6386261,121.03750205223837,16.812500570164406,Hungduan,Ifugao,Cordillera Administrative Region (CAR)
29821,67.38249207,120.98750205139056,16.787500569316578,Hungduan,Ifugao,Cordillera Administrative Region (CAR)
29822,70.03591919,121.01250205181447,16.787500569316578,Hungduan,Ifugao,Cordillera Administrative Region (CAR)
29823,71.44261169,121.06250205266224,16.837500571012235,Kiangan,Ifugao,Cordillera Administrative Region (CAR)
29824,70.14720154,121.06250205266224,16.812500570164406,Kiangan,Ifugao,Cordillera Administrative Region (CAR)
29825,70.75659943,121.03750205223837,16.787500569316578,Kiangan,Ifugao,Cordillera Administrative Region (CAR)
29826,69.26743317,121.06250205266224,16.787500569316578,Kiangan,Ifugao,Cordillera Administrative Region (CAR)
29827,69.73477936,121.08750205308613,16.787500569316578,Kiangan,Ifugao,Cordillera Administrative Region (CAR)
29828,70.1680069,121.11250205351,16.787500569316578,Kiangan,Ifugao,Cordillera Administrative Region (CAR)
29829,68.66719055,121.01250205181447,16.76250056846875,Kiangan,Ifugao,Cordillera Administrative Region (CAR)
29830,67.48291779,121.03750205223837,16.76250056846875,Kiangan,Ifugao,Cordillera Administrative Region (CAR)
29831,67.35723877,121.06250205266224,16.76250056846875,Kiangan,Ifugao,Cordillera Administrative Region (CAR)
29832,68.47568512,121.08750205308613,16.76250056846875,Kiangan,Ifugao,Cordillera Administrative Region (CAR)
29833,69.06939697,121.11250205351,16.76250056846875,Kiangan,Ifugao,Cordillera Administrative Region (CAR)
29834,69.95137024,121.1375020539339,16.76250056846875,Kiangan,Ifugao,Cordillera Administrative Region (CAR)
29835,65.74189758,121.11250205351,16.73750056762092,Kiangan,Ifugao,Cordillera Administrative Region (CAR)
29836,68.09999084,121.1375020539339,16.73750056762092,Kiangan,Ifugao,Cordillera Administrative Region (CAR)
29837,65.5840683,121.1375020539339,16.71250056677309,Kiangan,Ifugao,Cordillera Administrative Region (CAR)
29838,87.22449493,121.16250205435777,16.862500571860064,Lagawe (Capital),Ifugao,Cordillera Administrative Region (CAR)
29839,87.13920593,121.16250205435777,16.837500571012235,Lagawe (Capital),Ifugao,Cordillera Administrative Region (CAR)
29840,94.97664642,121.18750205478167,16.837500571012235,Lagawe (Capital),Ifugao,Cordillera Administrative Region (CAR)
29841,96.2633667,121.21250205520556,16.837500571012235,Lagawe (Capital),Ifugao,Cordillera Administrative Region (CAR)
29842,99.4863739,121.23750205562946,16.837500571012235,Lagawe (Capital),Ifugao,Cordillera Administrative Region (CAR)
29843,70.40921783,121.08750205308613,16.812500570164406,Lagawe (Capital),Ifugao,Cordillera Administrative Region (CAR)
29844,70.85384369,121.11250205351,16.812500570164406,Lagawe (Capital),Ifugao,Cordillera Administrative Region (CAR)
29845,71.33151245,121.1375020539339,16.812500570164406,Lagawe (Capital),Ifugao,Cordillera Administrative Region (CAR)
29846,88.32048035,121.16250205435777,16.812500570164406,Lagawe (Capital),Ifugao,Cordillera Administrative Region (CAR)
29847,95.32613373,121.18750205478167,16.812500570164406,Lagawe (Capital),Ifugao,Cordillera Administrative Region (CAR)
29848,96.36248779,121.21250205520556,16.812500570164406,Lagawe (Capital),Ifugao,Cordillera Administrative Region (CAR)
29849,97.30639648,121.23750205562946,16.812500570164406,Lagawe (Capital),Ifugao,Cordillera Administrative Region (CAR)
29850,70.41918182,121.1375020539339,16.787500569316578,Lagawe (Capital),Ifugao,Cordillera Administrative Region (CAR)
29851,87.32366943,121.16250205435777,16.787500569316578,Lagawe (Capital),Ifugao,Cordillera Administrative Region (CAR)
29852,94.63471985,121.18750205478167,16.787500569316578,Lagawe (Capital),Ifugao,Cordillera Administrative Region (CAR)
29853,95.87317657,121.21250205520556,16.787500569316578,Lagawe (Capital),Ifugao,Cordillera Administrative Region (CAR)
29854,96.81867218,121.23750205562946,16.787500569316578,Lagawe (Capital),Ifugao,Cordillera Administrative Region (CAR)
29855,100.2432861,121.26250205605332,16.787500569316578,Lagawe (Capital),Ifugao,Cordillera Administrative Region (CAR)
29856,83.12261963,121.16250205435777,16.76250056846875,Lagawe (Capital),Ifugao,Cordillera Administrative Region (CAR)
29857,93.2128067,121.18750205478167,16.76250056846875,Lagawe (Capital),Ifugao,Cordillera Administrative Region (CAR)
29858,95.09695435,121.21250205520556,16.76250056846875,Lagawe (Capital),Ifugao,Cordillera Administrative Region (CAR)
29859,97.14979553,121.23750205562946,16.76250056846875,Lagawe (Capital),Ifugao,Cordillera Administrative Region (CAR)
29860,97.46921539,121.26250205605332,16.76250056846875,Lagawe (Capital),Ifugao,Cordillera Administrative Region (CAR)
29861,99.39253235,121.28750205647722,16.76250056846875,Lagawe (Capital),Ifugao,Cordillera Administrative Region (CAR)
29862,95.77728271,121.26250205605332,16.73750056762092,Lagawe (Capital),Ifugao,Cordillera Administrative Region (CAR)
29863,95.30677795,121.28750205647722,16.73750056762092,Lagawe (Capital),Ifugao,Cordillera Administrative Region (CAR)
29864,98.66366577,121.31250205690112,16.73750056762092,Lagawe (Capital),Ifugao,Cordillera Administrative Region (CAR)
29865,94.71708679,121.26250205605332,16.71250056677309,Lagawe (Capital),Ifugao,Cordillera Administrative Region (CAR)
29866,94.47902679,121.28750205647722,16.71250056677309,Lagawe (Capital),Ifugao,Cordillera Administrative Region (CAR)
29867,97.74511719,121.31250205690112,16.71250056677309,Lagawe (Capital),Ifugao,Cordillera Administrative Region (CAR)
29868,91.8092804,121.28750205647722,16.687500565925262,Lagawe (Capital),Ifugao,Cordillera Administrative Region (CAR)
29869,81.07765961,121.16250205435777,16.73750056762092,Lamut,Ifugao,Cordillera Administrative Region (CAR)
29870,89.24480438,121.18750205478167,16.73750056762092,Lamut,Ifugao,Cordillera Administrative Region (CAR)
29871,91.18881226,121.21250205520556,16.73750056762092,Lamut,Ifugao,Cordillera Administrative Region (CAR)
29872,95.45993805,121.23750205562946,16.73750056762092,Lamut,Ifugao,Cordillera Administrative Region (CAR)
29873,81.91217041,121.16250205435777,16.71250056677309,Lamut,Ifugao,Cordillera Administrative Region (CAR)
29874,88.8349762,121.18750205478167,16.71250056677309,Lamut,Ifugao,Cordillera Administrative Region (CAR)
29875,90.21354675,121.21250205520556,16.71250056677309,Lamut,Ifugao,Cordillera Administrative Region (CAR)
29876,91.49159241,121.23750205562946,16.71250056677309,Lamut,Ifugao,Cordillera Administrative Region (CAR)
29877,63.56180954,121.1375020539339,16.687500565925262,Lamut,Ifugao,Cordillera Administrative Region (CAR)
29878,79.4162674,121.16250205435777,16.687500565925262,Lamut,Ifugao,Cordillera Administrative Region (CAR)
29879,86.40701294,121.18750205478167,16.687500565925262,Lamut,Ifugao,Cordillera Administrative Region (CAR)
29880,87.74826813,121.21250205520556,16.687500565925262,Lamut,Ifugao,Cordillera Administrative Region (CAR)
29881,88.73162079,121.23750205562946,16.687500565925262,Lamut,Ifugao,Cordillera Administrative Region (CAR)
29882,91.83649445,121.26250205605332,16.687500565925262,Lamut,Ifugao,Cordillera Administrative Region (CAR)
29883,62.39989471,121.1375020539339,16.662500565077433,Lamut,Ifugao,Cordillera Administrative Region (CAR)
29884,74.31217957,121.16250205435777,16.662500565077433,Lamut,Ifugao,Cordillera Administrative Region (CAR)
29885,83.8782959,121.18750205478167,16.662500565077433,Lamut,Ifugao,Cordillera Administrative Region (CAR)
29886,85.7155838,121.21250205520556,16.662500565077433,Lamut,Ifugao,Cordillera Administrative Region (CAR)
29887,87.23485565,121.23750205562946,16.662500565077433,Lamut,Ifugao,Cordillera Administrative Region (CAR)
29888,87.45993805,121.26250205605332,16.662500565077433,Lamut,Ifugao,Cordillera Administrative Region (CAR)
29889,89.37280273,121.28750205647722,16.662500565077433,Lamut,Ifugao,Cordillera Administrative Region (CAR)
29890,73.98142242,121.1375020539339,16.987500576099208,Mayoyao,Ifugao,Cordillera Administrative Region (CAR)
29891,83.93547821,121.16250205435777,16.987500576099208,Mayoyao,Ifugao,Cordillera Administrative Region (CAR)
29892,89.24993896,121.18750205478167,16.987500576099208,Mayoyao,Ifugao,Cordillera Administrative Region (CAR)
29893,89.52522278,121.21250205520556,16.987500576099208,Mayoyao,Ifugao,Cordillera Administrative Region (CAR)
29894,89.82207489,121.23750205562946,16.987500576099208,Mayoyao,Ifugao,Cordillera Administrative Region (CAR)
29895,91.9078064,121.26250205605332,16.987500576099208,Mayoyao,Ifugao,Cordillera Administrative Region (CAR)
29896,84.86048889,121.16250205435777,16.96250057525138,Mayoyao,Ifugao,Cordillera Administrative Region (CAR)
29897,90.03570557,121.18750205478167,16.96250057525138,Mayoyao,Ifugao,Cordillera Administrative Region (CAR)
29898,90.50354767,121.21250205520556,16.96250057525138,Mayoyao,Ifugao,Cordillera Administrative Region (CAR)
29899,92.18404388,121.23750205562946,16.96250057525138,Mayoyao,Ifugao,Cordillera Administrative Region (CAR)
29900,92.38413239,121.26250205605332,16.96250057525138,Mayoyao,Ifugao,Cordillera Administrative Region (CAR)
29901,91.81182861,121.18750205478167,16.93750057440355,Mayoyao,Ifugao,Cordillera Administrative Region (CAR)
29902,92.3866806,121.21250205520556,16.93750057440355,Mayoyao,Ifugao,Cordillera Administrative Region (CAR)
29903,93.2736969,121.23750205562946,16.93750057440355,Mayoyao,Ifugao,Cordillera Administrative Region (CAR)
29904,93.47376251,121.26250205605332,16.93750057440355,Mayoyao,Ifugao,Cordillera Administrative Region (CAR)
29905,93.27457428,121.18750205478167,16.91250057355572,Mayoyao,Ifugao,Cordillera Administrative Region (CAR)
29906,93.78947449,121.21250205520556,16.91250057355572,Mayoyao,Ifugao,Cordillera Administrative Region (CAR)
29907,94.14704132,121.23750205562946,16.91250057355572,Mayoyao,Ifugao,Cordillera Administrative Region (CAR)
29908,96.79909515,121.26250205605332,16.91250057355572,Mayoyao,Ifugao,Cordillera Administrative Region (CAR)
29909,96.0450058,121.23750205562946,16.887500572707893,Mayoyao,Ifugao,Cordillera Administrative Region (CAR)
29910,98.77141571,121.26250205605332,16.887500572707893,Mayoyao,Ifugao,Cordillera Administrative Region (CAR)
29911,98.99023438,121.28750205647722,16.887500572707893,Mayoyao,Ifugao,Cordillera Administrative Region (CAR)
29912,98.41546631,121.23750205562946,16.862500571860064,Mayoyao,Ifugao,Cordillera Administrative Region (CAR)
29913,98.67713165,121.26250205605332,16.862500571860064,Mayoyao,Ifugao,Cordillera Administrative Region (CAR)
29914,99.384758,121.28750205647722,16.862500571860064,Mayoyao,Ifugao,Cordillera Administrative Region (CAR)
29915,99.75000763,121.26250205605332,16.837500571012235,Mayoyao,Ifugao,Cordillera Administrative Region (CAR)
29916,100.3404846,121.28750205647722,16.837500571012235,Mayoyao,Ifugao,Cordillera Administrative Region (CAR)
29917,105.0148621,121.31250205690112,16.837500571012235,Mayoyao,Ifugao,Cordillera Administrative Region (CAR)
29918,100.6890945,121.26250205605332,16.812500570164406,Mayoyao,Ifugao,Cordillera Administrative Region (CAR)
29919,100.7952652,121.28750205647722,16.812500570164406,Mayoyao,Ifugao,Cordillera Administrative Region (CAR)
29920,104.8652191,121.31250205690112,16.812500570164406,Mayoyao,Ifugao,Cordillera Administrative Region (CAR)
29921,100.392273,121.28750205647722,16.787500569316578,Mayoyao,Ifugao,Cordillera Administrative Region (CAR)
29922,104.3330765,121.31250205690112,16.787500569316578,Mayoyao,Ifugao,Cordillera Administrative Region (CAR)
29923,106.1160126,121.337502057325,16.787500569316578,Mayoyao,Ifugao,Cordillera Administrative Region (CAR)
29924,103.1185837,121.31250205690112,16.76250056846875,Mayoyao,Ifugao,Cordillera Administrative Region (CAR)
29925,103.5538559,121.43750205902055,17.062500578642695,Alfonso Lista (Potia),Ifugao,Cordillera Administrative Region (CAR)
29926,102.9593582,121.46250205944445,17.062500578642695,Alfonso Lista (Potia),Ifugao,Cordillera Administrative Region (CAR)
29927,101.5059891,121.48750205986832,17.062500578642695,Alfonso Lista (Potia),Ifugao,Cordillera Administrative Region (CAR)
29928,100.9952927,121.5125020602922,17.062500578642695,Alfonso Lista (Potia),Ifugao,Cordillera Administrative Region (CAR)
29929,99.64191437,121.53750206071608,17.062500578642695,Alfonso Lista (Potia),Ifugao,Cordillera Administrative Region (CAR)
29930,99.08677673,121.56250206113998,17.062500578642695,Alfonso Lista (Potia),Ifugao,Cordillera Administrative Region (CAR)
29931,104.3577499,121.46250205944445,17.037500577794866,Alfonso Lista (Potia),Ifugao,Cordillera Administrative Region (CAR)
29932,103.7665787,121.48750205986832,17.037500577794866,Alfonso Lista (Potia),Ifugao,Cordillera Administrative Region (CAR)
29933,103.2344437,121.5125020602922,17.037500577794866,Alfonso Lista (Potia),Ifugao,Cordillera Administrative Region (CAR)
29934,100.8308182,121.53750206071608,17.037500577794866,Alfonso Lista (Potia),Ifugao,Cordillera Administrative Region (CAR)
29935,100.2470474,121.56250206113998,17.037500577794866,Alfonso Lista (Potia),Ifugao,Cordillera Administrative Region (CAR)
29936,105.4367676,121.43750205902055,17.012500576947037,Alfonso Lista (Potia),Ifugao,Cordillera Administrative Region (CAR)
29937,104.4358597,121.46250205944445,17.012500576947037,Alfonso Lista (Potia),Ifugao,Cordillera Administrative Region (CAR)
29938,103.8444748,121.48750205986832,17.012500576947037,Alfonso Lista (Potia),Ifugao,Cordillera Administrative Region (CAR)
29939,103.4450607,121.5125020602922,17.012500576947037,Alfonso Lista (Potia),Ifugao,Cordillera Administrative Region (CAR)
29940,102.3130341,121.53750206071608,17.012500576947037,Alfonso Lista (Potia),Ifugao,Cordillera Administrative Region (CAR)
29941,106.7566986,121.43750205902055,16.987500576099208,Alfonso Lista (Potia),Ifugao,Cordillera Administrative Region (CAR)
29942,105.6329117,121.46250205944445,16.987500576099208,Alfonso Lista (Potia),Ifugao,Cordillera Administrative Region (CAR)
29943,104.9210281,121.48750205986832,16.987500576099208,Alfonso Lista (Potia),Ifugao,Cordillera Administrative Region (CAR)
29944,104.4809341,121.5125020602922,16.987500576099208,Alfonso Lista (Potia),Ifugao,Cordillera Administrative Region (CAR)
29945,103.2792053,121.53750206071608,16.987500576099208,Alfonso Lista (Potia),Ifugao,Cordillera Administrative Region (CAR)
29946,107.5516434,121.46250205944445,16.96250057525138,Alfonso Lista (Potia),Ifugao,Cordillera Administrative Region (CAR)
29947,106.0566101,121.48750205986832,16.96250057525138,Alfonso Lista (Potia),Ifugao,Cordillera Administrative Region (CAR)
29948,105.4038467,121.5125020602922,16.96250057525138,Alfonso Lista (Potia),Ifugao,Cordillera Administrative Region (CAR)
29949,103.1415634,121.53750206071608,16.96250057525138,Alfonso Lista (Potia),Ifugao,Cordillera Administrative Region (CAR)
29950,102.4450607,121.56250206113998,16.96250057525138,Alfonso Lista (Potia),Ifugao,Cordillera Administrative Region (CAR)
29951,107.6935349,121.46250205944445,16.93750057440355,Alfonso Lista (Potia),Ifugao,Cordillera Administrative Region (CAR)
29952,106.09655,121.48750205986832,16.93750057440355,Alfonso Lista (Potia),Ifugao,Cordillera Administrative Region (CAR)
29953,105.405159,121.5125020602922,16.93750057440355,Alfonso Lista (Potia),Ifugao,Cordillera Administrative Region (CAR)
29954,103.0174942,121.53750206071608,16.93750057440355,Alfonso Lista (Potia),Ifugao,Cordillera Administrative Region (CAR)
29955,102.3215485,121.56250206113998,16.93750057440355,Alfonso Lista (Potia),Ifugao,Cordillera Administrative Region (CAR)
29956,106.5909271,121.46250205944445,16.91250057355572,Alfonso Lista (Potia),Ifugao,Cordillera Administrative Region (CAR)
29957,105.7068253,121.48750205986832,16.91250057355572,Alfonso Lista (Potia),Ifugao,Cordillera Administrative Region (CAR)
29958,105.1802063,121.5125020602922,16.91250057355572,Alfonso Lista (Potia),Ifugao,Cordillera Administrative Region (CAR)
29959,103.7249451,121.53750206071608,16.91250057355572,Alfonso Lista (Potia),Ifugao,Cordillera Administrative Region (CAR)
29960,99.80124664,121.56250206113998,16.91250057355572,Alfonso Lista (Potia),Ifugao,Cordillera Administrative Region (CAR)
29961,109.2340012,121.43750205902055,16.887500572707893,Alfonso Lista (Potia),Ifugao,Cordillera Administrative Region (CAR)
29962,106.3704147,121.46250205944445,16.887500572707893,Alfonso Lista (Potia),Ifugao,Cordillera Administrative Region (CAR)
29963,105.4025955,121.48750205986832,16.887500572707893,Alfonso Lista (Potia),Ifugao,Cordillera Administrative Region (CAR)
29964,104.814148,121.5125020602922,16.887500572707893,Alfonso Lista (Potia),Ifugao,Cordillera Administrative Region (CAR)
29965,103.1509171,121.53750206071608,16.887500572707893,Alfonso Lista (Potia),Ifugao,Cordillera Administrative Region (CAR)
29966,108.605957,121.43750205902055,16.862500571860064,Alfonso Lista (Potia),Ifugao,Cordillera Administrative Region (CAR)
29967,107.2908936,121.46250205944445,16.862500571860064,Alfonso Lista (Potia),Ifugao,Cordillera Administrative Region (CAR)
29968,105.4071045,121.48750205986832,16.862500571860064,Alfonso Lista (Potia),Ifugao,Cordillera Administrative Region (CAR)
29969,104.5318375,121.5125020602922,16.862500571860064,Alfonso Lista (Potia),Ifugao,Cordillera Administrative Region (CAR)
29970,107.694191,121.43750205902055,16.837500571012235,Alfonso Lista (Potia),Ifugao,Cordillera Administrative Region (CAR)
29971,106.2511139,121.46250205944445,16.837500571012235,Alfonso Lista (Potia),Ifugao,Cordillera Administrative Region (CAR)
29972,103.3482513,121.48750205986832,16.837500571012235,Alfonso Lista (Potia),Ifugao,Cordillera Administrative Region (CAR)
29973,102.4832153,121.5125020602922,16.837500571012235,Alfonso Lista (Potia),Ifugao,Cordillera Administrative Region (CAR)
29974,98.7433548,121.36250205774888,17.062500578642695,Aguinaldo,Ifugao,Cordillera Administrative Region (CAR)
29975,101.0421143,121.38750205817276,17.062500578642695,Aguinaldo,Ifugao,Cordillera Administrative Region (CAR)
29976,102.3276901,121.41250205859664,17.062500578642695,Aguinaldo,Ifugao,Cordillera Administrative Region (CAR)
29977,96.58987427,121.31250205690112,17.037500577794866,Aguinaldo,Ifugao,Cordillera Administrative Region (CAR)
29978,99.9071579,121.337502057325,17.037500577794866,Aguinaldo,Ifugao,Cordillera Administrative Region (CAR)
29979,100.1413574,121.36250205774888,17.037500577794866,Aguinaldo,Ifugao,Cordillera Administrative Region (CAR)
29980,103.6917343,121.38750205817276,17.037500577794866,Aguinaldo,Ifugao,Cordillera Administrative Region (CAR)
29981,105.0283814,121.41250205859664,17.037500577794866,Aguinaldo,Ifugao,Cordillera Administrative Region (CAR)
29982,104.9765396,121.43750205902055,17.037500577794866,Aguinaldo,Ifugao,Cordillera Administrative Region (CAR)
29983,90.64932251,121.26250205605332,17.012500576947037,Aguinaldo,Ifugao,Cordillera Administrative Region (CAR)
29984,91.20368958,121.28750205647722,17.012500576947037,Aguinaldo,Ifugao,Cordillera Administrative Region (CAR)
29985,96.88542175,121.31250205690112,17.012500576947037,Aguinaldo,Ifugao,Cordillera Administrative Region (CAR)
29986,99.6853714,121.337502057325,17.012500576947037,Aguinaldo,Ifugao,Cordillera Administrative Region (CAR)
29987,101.9888153,121.36250205774888,17.012500576947037,Aguinaldo,Ifugao,Cordillera Administrative Region (CAR)
29988,104.0878601,121.38750205817276,17.012500576947037,Aguinaldo,Ifugao,Cordillera Administrative Region (CAR)
29989,105.2287293,121.41250205859664,17.012500576947037,Aguinaldo,Ifugao,Cordillera Administrative Region (CAR)
29990,92.27841949,121.28750205647722,16.987500576099208,Aguinaldo,Ifugao,Cordillera Administrative Region (CAR)
29991,98.10572815,121.31250205690112,16.987500576099208,Aguinaldo,Ifugao,Cordillera Administrative Region (CAR)
29992,101.1260986,121.337502057325,16.987500576099208,Aguinaldo,Ifugao,Cordillera Administrative Region (CAR)
29993,103.3900452,121.36250205774888,16.987500576099208,Aguinaldo,Ifugao,Cordillera Administrative Region (CAR)
29994,105.4127579,121.38750205817276,16.987500576099208,Aguinaldo,Ifugao,Cordillera Administrative Region (CAR)
29995,106.5182037,121.41250205859664,16.987500576099208,Aguinaldo,Ifugao,Cordillera Administrative Region (CAR)
29996,93.16136932,121.28750205647722,16.96250057525138,Aguinaldo,Ifugao,Cordillera Administrative Region (CAR)
29997,99.36508942,121.31250205690112,16.96250057525138,Aguinaldo,Ifugao,Cordillera Administrative Region (CAR)
29998,104.075882,121.337502057325,16.96250057525138,Aguinaldo,Ifugao,Cordillera Administrative Region (CAR)
29999,104.2365646,121.36250205774888,16.96250057525138,Aguinaldo,Ifugao,Cordillera Administrative Region (CAR)
30000,106.6278534,121.38750205817276,16.96250057525138,Aguinaldo,Ifugao,Cordillera Administrative Region (CAR)
30001,107.8071289,121.41250205859664,16.96250057525138,Aguinaldo,Ifugao,Cordillera Administrative Region (CAR)
30002,108.3755875,121.43750205902055,16.96250057525138,Aguinaldo,Ifugao,Cordillera Administrative Region (CAR)
30003,95.55014038,121.28750205647722,16.93750057440355,Aguinaldo,Ifugao,Cordillera Administrative Region (CAR)
30004,101.8445358,121.31250205690112,16.93750057440355,Aguinaldo,Ifugao,Cordillera Administrative Region (CAR)
30005,104.9137192,121.337502057325,16.93750057440355,Aguinaldo,Ifugao,Cordillera Administrative Region (CAR)
30006,105.0745316,121.36250205774888,16.93750057440355,Aguinaldo,Ifugao,Cordillera Administrative Region (CAR)
30007,107.9445648,121.38750205817276,16.93750057440355,Aguinaldo,Ifugao,Cordillera Administrative Region (CAR)
30008,109.031456,121.41250205859664,16.93750057440355,Aguinaldo,Ifugao,Cordillera Administrative Region (CAR)
30009,108.5184631,121.43750205902055,16.93750057440355,Aguinaldo,Ifugao,Cordillera Administrative Region (CAR)
30010,97.26085663,121.28750205647722,16.91250057355572,Aguinaldo,Ifugao,Cordillera Administrative Region (CAR)
30011,102.8548203,121.31250205690112,16.91250057355572,Aguinaldo,Ifugao,Cordillera Administrative Region (CAR)
30012,105.5582886,121.337502057325,16.91250057355572,Aguinaldo,Ifugao,Cordillera Administrative Region (CAR)
30013,106.5524292,121.36250205774888,16.91250057355572,Aguinaldo,Ifugao,Cordillera Administrative Region (CAR)
30014,108.3670425,121.38750205817276,16.91250057355572,Aguinaldo,Ifugao,Cordillera Administrative Region (CAR)
30015,109.1914139,121.41250205859664,16.91250057355572,Aguinaldo,Ifugao,Cordillera Administrative Region (CAR)
30016,109.1731873,121.43750205902055,16.91250057355572,Aguinaldo,Ifugao,Cordillera Administrative Region (CAR)
30017,104.0484848,121.31250205690112,16.887500572707893,Aguinaldo,Ifugao,Cordillera Administrative Region (CAR)
30018,106.6320648,121.337502057325,16.887500572707893,Aguinaldo,Ifugao,Cordillera Administrative Region (CAR)
30019,107.5080643,121.36250205774888,16.887500572707893,Aguinaldo,Ifugao,Cordillera Administrative Region (CAR)
30020,108.8388825,121.38750205817276,16.887500572707893,Aguinaldo,Ifugao,Cordillera Administrative Region (CAR)
30021,109.362175,121.41250205859664,16.887500572707893,Aguinaldo,Ifugao,Cordillera Administrative Region (CAR)
30022,104.5450974,121.31250205690112,16.862500571860064,Aguinaldo,Ifugao,Cordillera Administrative Region (CAR)
30023,108.0758057,121.337502057325,16.862500571860064,Aguinaldo,Ifugao,Cordillera Administrative Region (CAR)
30024,108.0750732,121.36250205774888,16.862500571860064,Aguinaldo,Ifugao,Cordillera Administrative Region (CAR)
30025,109.0892639,121.38750205817276,16.862500571860064,Aguinaldo,Ifugao,Cordillera Administrative Region (CAR)
30026,109.4036484,121.41250205859664,16.862500571860064,Aguinaldo,Ifugao,Cordillera Administrative Region (CAR)
30027,108.0078049,121.337502057325,16.837500571012235,Aguinaldo,Ifugao,Cordillera Administrative Region (CAR)
30028,108.0070419,121.36250205774888,16.837500571012235,Aguinaldo,Ifugao,Cordillera Administrative Region (CAR)
30029,107.8827057,121.38750205817276,16.837500571012235,Aguinaldo,Ifugao,Cordillera Administrative Region (CAR)
30030,108.0046845,121.41250205859664,16.837500571012235,Aguinaldo,Ifugao,Cordillera Administrative Region (CAR)
30031,106.9190826,121.337502057325,16.812500570164406,Aguinaldo,Ifugao,Cordillera Administrative Region (CAR)
30032,106.5436707,121.36250205774888,16.812500570164406,Aguinaldo,Ifugao,Cordillera Administrative Region (CAR)
30033,107.156929,121.38750205817276,16.812500570164406,Aguinaldo,Ifugao,Cordillera Administrative Region (CAR)
30034,107.2897263,121.41250205859664,16.812500570164406,Aguinaldo,Ifugao,Cordillera Administrative Region (CAR)
30035,73.29439545,121.08750205308613,16.887500572707893,Hingyon,Ifugao,Cordillera Administrative Region (CAR)
30036,73.48888397,121.11250205351,16.887500572707893,Hingyon,Ifugao,Cordillera Administrative Region (CAR)
30037,72.53580475,121.06250205266224,16.862500571860064,Hingyon,Ifugao,Cordillera Administrative Region (CAR)
30038,72.8501358,121.08750205308613,16.862500571860064,Hingyon,Ifugao,Cordillera Administrative Region (CAR)
30039,73.36465454,121.11250205351,16.862500571860064,Hingyon,Ifugao,Cordillera Administrative Region (CAR)
30040,74.08512878,121.1375020539339,16.862500571860064,Hingyon,Ifugao,Cordillera Administrative Region (CAR)
30041,70.64093018,121.08750205308613,16.837500571012235,Hingyon,Ifugao,Cordillera Administrative Region (CAR)
30042,71.27179718,121.11250205351,16.837500571012235,Hingyon,Ifugao,Cordillera Administrative Region (CAR)
30043,73.78842926,121.1375020539339,16.837500571012235,Hingyon,Ifugao,Cordillera Administrative Region (CAR)
30044,77.68209839,120.91250205011892,16.787500569316578,Tinoc,Ifugao,Cordillera Administrative Region (CAR)
30045,76.35848236,120.9375020505428,16.787500569316578,Tinoc,Ifugao,Cordillera Administrative Region (CAR)
30046,68.04776764,120.96250205096668,16.787500569316578,Tinoc,Ifugao,Cordillera Administrative Region (CAR)
30047,75.42440033,120.91250205011892,16.76250056846875,Tinoc,Ifugao,Cordillera Administrative Region (CAR)
30048,69.64563751,120.9375020505428,16.76250056846875,Tinoc,Ifugao,Cordillera Administrative Region (CAR)
30049,69.36607361,120.96250205096668,16.76250056846875,Tinoc,Ifugao,Cordillera Administrative Region (CAR)
30050,66.41429138,120.98750205139056,16.76250056846875,Tinoc,Ifugao,Cordillera Administrative Region (CAR)
30051,72.42599487,120.91250205011892,16.73750056762092,Tinoc,Ifugao,Cordillera Administrative Region (CAR)
30052,68.25395203,120.9375020505428,16.73750056762092,Tinoc,Ifugao,Cordillera Administrative Region (CAR)
30053,68.11753845,120.96250205096668,16.73750056762092,Tinoc,Ifugao,Cordillera Administrative Region (CAR)
30054,64.00219727,120.98750205139056,16.73750056762092,Tinoc,Ifugao,Cordillera Administrative Region (CAR)
30055,72.8238678,120.91250205011892,16.71250056677309,Tinoc,Ifugao,Cordillera Administrative Region (CAR)
30056,72.36772919,120.9375020505428,16.71250056677309,Tinoc,Ifugao,Cordillera Administrative Region (CAR)
30057,64.55249023,120.96250205096668,16.71250056677309,Tinoc,Ifugao,Cordillera Administrative Region (CAR)
30058,63.72398376,120.98750205139056,16.71250056677309,Tinoc,Ifugao,Cordillera Administrative Region (CAR)
30059,71.83403015,120.91250205011892,16.687500565925262,Tinoc,Ifugao,Cordillera Administrative Region (CAR)
30060,71.29023743,120.9375020505428,16.687500565925262,Tinoc,Ifugao,Cordillera Administrative Region (CAR)
30061,63.51842499,120.96250205096668,16.687500565925262,Tinoc,Ifugao,Cordillera Administrative Region (CAR)
30062,62.6577034,120.98750205139056,16.687500565925262,Tinoc,Ifugao,Cordillera Administrative Region (CAR)
30063,70.43849945,120.91250205011892,16.662500565077433,Tinoc,Ifugao,Cordillera Administrative Region (CAR)
30064,65.93697357,120.9375020505428,16.662500565077433,Tinoc,Ifugao,Cordillera Administrative Region (CAR)
30065,65.67445374,120.96250205096668,16.662500565077433,Tinoc,Ifugao,Cordillera Administrative Region (CAR)
30066,61.817173,120.98750205139056,16.662500565077433,Tinoc,Ifugao,Cordillera Administrative Region (CAR)
30067,65.81462097,120.9375020505428,16.637500564229605,Tinoc,Ifugao,Cordillera Administrative Region (CAR)
30068,65.55124664,120.96250205096668,16.637500564229605,Tinoc,Ifugao,Cordillera Administrative Region (CAR)
30069,61.02763367,120.98750205139056,16.637500564229605,Tinoc,Ifugao,Cordillera Administrative Region (CAR)
30070,69.71107483,120.9375020505428,16.612500563381776,Tinoc,Ifugao,Cordillera Administrative Region (CAR)
30071,61.30091095,120.96250205096668,16.612500563381776,Tinoc,Ifugao,Cordillera Administrative Region (CAR)
30072,60.30761719,120.98750205139056,16.612500563381776,Tinoc,Ifugao,Cordillera Administrative Region (CAR)
30073,60.76846695,120.96250205096668,16.587500562533947,Tinoc,Ifugao,Cordillera Administrative Region (CAR)
30074,59.79504013,120.98750205139056,16.587500562533947,Tinoc,Ifugao,Cordillera Administrative Region (CAR)
30075,66.12229156,121.01250205181447,16.73750056762092,Asipulo,Ifugao,Cordillera Administrative Region (CAR)
30076,65.99337006,121.03750205223837,16.73750056762092,Asipulo,Ifugao,Cordillera Administrative Region (CAR)
30077,65.86865997,121.06250205266224,16.73750056762092,Asipulo,Ifugao,Cordillera Administrative Region (CAR)
30078,65.2024765,121.08750205308613,16.73750056762092,Asipulo,Ifugao,Cordillera Administrative Region (CAR)
30079,66.16300964,121.01250205181447,16.71250056677309,Asipulo,Ifugao,Cordillera Administrative Region (CAR)
30080,66.89902496,121.03750205223837,16.71250056677309,Asipulo,Ifugao,Cordillera Administrative Region (CAR)
30081,64.72225189,121.06250205266224,16.71250056677309,Asipulo,Ifugao,Cordillera Administrative Region (CAR)
30082,64.91820526,121.08750205308613,16.71250056677309,Asipulo,Ifugao,Cordillera Administrative Region (CAR)
30083,65.23749542,121.11250205351,16.71250056677309,Asipulo,Ifugao,Cordillera Administrative Region (CAR)
30084,64.78134155,121.01250205181447,16.687500565925262,Asipulo,Ifugao,Cordillera Administrative Region (CAR)
30085,65.27948761,121.03750205223837,16.687500565925262,Asipulo,Ifugao,Cordillera Administrative Region (CAR)
30086,63.04496002,121.06250205266224,16.687500565925262,Asipulo,Ifugao,Cordillera Administrative Region (CAR)
30087,63.27807236,121.08750205308613,16.687500565925262,Asipulo,Ifugao,Cordillera Administrative Region (CAR)
30088,63.47678757,121.11250205351,16.687500565925262,Asipulo,Ifugao,Cordillera Administrative Region (CAR)
30089,63.22259521,121.01250205181447,16.662500565077433,Asipulo,Ifugao,Cordillera Administrative Region (CAR)
30090,61.89738846,121.03750205223837,16.662500565077433,Asipulo,Ifugao,Cordillera Administrative Region (CAR)
30091,61.64809036,121.06250205266224,16.662500565077433,Asipulo,Ifugao,Cordillera Administrative Region (CAR)
30092,61.6794014,121.08750205308613,16.662500565077433,Asipulo,Ifugao,Cordillera Administrative Region (CAR)
30093,61.86479568,121.11250205351,16.662500565077433,Asipulo,Ifugao,Cordillera Administrative Region (CAR)
30094,62.33404541,121.01250205181447,16.637500564229605,Asipulo,Ifugao,Cordillera Administrative Region (CAR)
30095,61.33922577,121.03750205223837,16.637500564229605,Asipulo,Ifugao,Cordillera Administrative Region (CAR)
30096,61.08984375,121.06250205266224,16.637500564229605,Asipulo,Ifugao,Cordillera Administrative Region (CAR)
30097,59.55446625,121.08750205308613,16.637500564229605,Asipulo,Ifugao,Cordillera Administrative Region (CAR)
30098,59.6545372,121.11250205351,16.637500564229605,Asipulo,Ifugao,Cordillera Administrative Region (CAR)
30099,61.68825531,121.01250205181447,16.612500563381776,Asipulo,Ifugao,Cordillera Administrative Region (CAR)
30100,61.8780632,121.03750205223837,16.612500563381776,Asipulo,Ifugao,Cordillera Administrative Region (CAR)
