unique id,value,lon,lat,municipality name,province name,region
30101,82.78540802,121.11250205351,17.662500598990587,Balbalan,Kalinga,Cordillera Administrative Region (CAR)
30102,79.03099823,121.1375020539339,17.662500598990587,Balbalan,Kalinga,Cordillera Administrative Region (CAR)
30103,80.463974,121.16250205435777,17.662500598990587,Balbalan,Kalinga,Cordillera Administrative Region (CAR)
30104,74.79794312,121.26250205605332,17.662500598990587,Balbalan,Kalinga,Cordillera Administrative Region (CAR)
30105,73.77069092,121.28750205647722,17.662500598990587,Balbalan,Kalinga,Cordillera Administrative Region (CAR)
30106,82.93271637,121.11250205351,17.637500598142758,Balbalan,Kalinga,Cordillera Administrative Region (CAR)
30107,78.51284027,121.1375020539339,17.637500598142758,Balbalan,Kalinga,Cordillera Administrative Region (CAR)
30108,80.20603943,121.16250205435777,17.637500598142758,Balbalan,Kalinga,Cordillera Administrative Region (CAR)
30109,77.86691284,121.18750205478167,17.637500598142758,Balbalan,Kalinga,Cordillera Administrative Region (CAR)
30110,76.65477753,121.21250205520556,17.637500598142758,Balbalan,Kalinga,Cordillera Administrative Region (CAR)
30111,74.66181183,121.23750205562946,17.637500598142758,Balbalan,Kalinga,Cordillera Administrative Region (CAR)
30112,74.42051697,121.26250205605332,17.637500598142758,Balbalan,Kalinga,Cordillera Administrative Region (CAR)
30113,73.28253937,121.28750205647722,17.637500598142758,Balbalan,Kalinga,Cordillera Administrative Region (CAR)
30114,83.30943298,121.11250205351,17.61250059729493,Balbalan,Kalinga,Cordillera Administrative Region (CAR)
30115,81.92887115,121.1375020539339,17.61250059729493,Balbalan,Kalinga,Cordillera Administrative Region (CAR)
30116,77.36698151,121.16250205435777,17.61250059729493,Balbalan,Kalinga,Cordillera Administrative Region (CAR)
30117,77.63594818,121.18750205478167,17.61250059729493,Balbalan,Kalinga,Cordillera Administrative Region (CAR)
30118,76.76251984,121.21250205520556,17.61250059729493,Balbalan,Kalinga,Cordillera Administrative Region (CAR)
30119,76.04982758,121.23750205562946,17.61250059729493,Balbalan,Kalinga,Cordillera Administrative Region (CAR)
30120,73.3416748,121.26250205605332,17.61250059729493,Balbalan,Kalinga,Cordillera Administrative Region (CAR)
30121,73.20157623,121.28750205647722,17.61250059729493,Balbalan,Kalinga,Cordillera Administrative Region (CAR)
30122,81.08950806,121.1375020539339,17.5875005964471,Balbalan,Kalinga,Cordillera Administrative Region (CAR)
30123,76.84275818,121.16250205435777,17.5875005964471,Balbalan,Kalinga,Cordillera Administrative Region (CAR)
30124,77.25482178,121.18750205478167,17.5875005964471,Balbalan,Kalinga,Cordillera Administrative Region (CAR)
30125,76.36218262,121.21250205520556,17.5875005964471,Balbalan,Kalinga,Cordillera Administrative Region (CAR)
30126,75.60797882,121.23750205562946,17.5875005964471,Balbalan,Kalinga,Cordillera Administrative Region (CAR)
30127,72.9236145,121.26250205605332,17.5875005964471,Balbalan,Kalinga,Cordillera Administrative Region (CAR)
30128,81.35897827,121.11250205351,17.56250059559927,Balbalan,Kalinga,Cordillera Administrative Region (CAR)
30129,76.90952301,121.1375020539339,17.56250059559927,Balbalan,Kalinga,Cordillera Administrative Region (CAR)
30130,79.16582489,121.16250205435777,17.56250059559927,Balbalan,Kalinga,Cordillera Administrative Region (CAR)
30131,77.0655365,121.18750205478167,17.56250059559927,Balbalan,Kalinga,Cordillera Administrative Region (CAR)
30132,75.79606628,121.21250205520556,17.56250059559927,Balbalan,Kalinga,Cordillera Administrative Region (CAR)
30133,73.63591003,121.23750205562946,17.56250059559927,Balbalan,Kalinga,Cordillera Administrative Region (CAR)
30134,73.41310883,121.26250205605332,17.56250059559927,Balbalan,Kalinga,Cordillera Administrative Region (CAR)
30135,72.51522064,121.28750205647722,17.56250059559927,Balbalan,Kalinga,Cordillera Administrative Region (CAR)
30136,84.4077301,121.08750205308613,17.537500594751442,Balbalan,Kalinga,Cordillera Administrative Region (CAR)
30137,81.88669586,121.11250205351,17.537500594751442,Balbalan,Kalinga,Cordillera Administrative Region (CAR)
30138,76.95449829,121.1375020539339,17.537500594751442,Balbalan,Kalinga,Cordillera Administrative Region (CAR)
30139,79.21261597,121.16250205435777,17.537500594751442,Balbalan,Kalinga,Cordillera Administrative Region (CAR)
30140,77.0058136,121.18750205478167,17.537500594751442,Balbalan,Kalinga,Cordillera Administrative Region (CAR)
30141,75.71448517,121.21250205520556,17.537500594751442,Balbalan,Kalinga,Cordillera Administrative Region (CAR)
30142,73.53272247,121.23750205562946,17.537500594751442,Balbalan,Kalinga,Cordillera Administrative Region (CAR)
30143,73.30994415,121.26250205605332,17.537500594751442,Balbalan,Kalinga,Cordillera Administrative Region (CAR)
30144,72.50811005,121.28750205647722,17.537500594751442,Balbalan,Kalinga,Cordillera Administrative Region (CAR)
30145,75.31183624,121.31250205690112,17.537500594751442,Balbalan,Kalinga,Cordillera Administrative Region (CAR)
30146,95.08717346,121.03750205223837,17.512500593903614,Balbalan,Kalinga,Cordillera Administrative Region (CAR)
30147,84.97016144,121.06250205266224,17.512500593903614,Balbalan,Kalinga,Cordillera Administrative Region (CAR)
30148,83.50028229,121.08750205308613,17.512500593903614,Balbalan,Kalinga,Cordillera Administrative Region (CAR)
30149,81.70049286,121.11250205351,17.512500593903614,Balbalan,Kalinga,Cordillera Administrative Region (CAR)
30150,80.18504333,121.1375020539339,17.512500593903614,Balbalan,Kalinga,Cordillera Administrative Region (CAR)
30151,75.99627686,121.16250205435777,17.512500593903614,Balbalan,Kalinga,Cordillera Administrative Region (CAR)
30152,76.62069702,121.18750205478167,17.512500593903614,Balbalan,Kalinga,Cordillera Administrative Region (CAR)
30153,75.68725586,121.21250205520556,17.512500593903614,Balbalan,Kalinga,Cordillera Administrative Region (CAR)
30154,74.90690613,121.23750205562946,17.512500593903614,Balbalan,Kalinga,Cordillera Administrative Region (CAR)
30155,72.31937408,121.26250205605332,17.512500593903614,Balbalan,Kalinga,Cordillera Administrative Region (CAR)
30156,72.2893219,121.28750205647722,17.512500593903614,Balbalan,Kalinga,Cordillera Administrative Region (CAR)
30157,96.72896576,121.01250205181447,17.487500593055785,Balbalan,Kalinga,Cordillera Administrative Region (CAR)
30158,94.56764221,121.03750205223837,17.487500593055785,Balbalan,Kalinga,Cordillera Administrative Region (CAR)
30159,84.53157043,121.06250205266224,17.487500593055785,Balbalan,Kalinga,Cordillera Administrative Region (CAR)
30160,82.98922729,121.08750205308613,17.487500593055785,Balbalan,Kalinga,Cordillera Administrative Region (CAR)
30161,81.1627121,121.11250205351,17.487500593055785,Balbalan,Kalinga,Cordillera Administrative Region (CAR)
30162,79.66669464,121.1375020539339,17.487500593055785,Balbalan,Kalinga,Cordillera Administrative Region (CAR)
30163,75.74376678,121.16250205435777,17.487500593055785,Balbalan,Kalinga,Cordillera Administrative Region (CAR)
30164,76.4370575,121.18750205478167,17.487500593055785,Balbalan,Kalinga,Cordillera Administrative Region (CAR)
30165,75.47254944,121.21250205520556,17.487500593055785,Balbalan,Kalinga,Cordillera Administrative Region (CAR)
30166,74.67639923,121.23750205562946,17.487500593055785,Balbalan,Kalinga,Cordillera Administrative Region (CAR)
30167,72.09547424,121.26250205605332,17.487500593055785,Balbalan,Kalinga,Cordillera Administrative Region (CAR)
30168,96.46748352,121.01250205181447,17.462500592207956,Balbalan,Kalinga,Cordillera Administrative Region (CAR)
30169,90.25417328,121.03750205223837,17.462500592207956,Balbalan,Kalinga,Cordillera Administrative Region (CAR)
30170,89.38758087,121.06250205266224,17.462500592207956,Balbalan,Kalinga,Cordillera Administrative Region (CAR)
30171,83.49838257,121.08750205308613,17.462500592207956,Balbalan,Kalinga,Cordillera Administrative Region (CAR)
30172,80.89543915,121.11250205351,17.462500592207956,Balbalan,Kalinga,Cordillera Administrative Region (CAR)
30173,76.23573303,121.1375020539339,17.462500592207956,Balbalan,Kalinga,Cordillera Administrative Region (CAR)
30174,78.97122192,121.16250205435777,17.462500592207956,Balbalan,Kalinga,Cordillera Administrative Region (CAR)
30175,76.68261719,121.18750205478167,17.462500592207956,Balbalan,Kalinga,Cordillera Administrative Region (CAR)
30176,75.29844666,121.21250205520556,17.462500592207956,Balbalan,Kalinga,Cordillera Administrative Region (CAR)
30177,73.1934967,121.23750205562946,17.462500592207956,Balbalan,Kalinga,Cordillera Administrative Region (CAR)
30178,95.90497589,121.01250205181447,17.437500591360127,Balbalan,Kalinga,Cordillera Administrative Region (CAR)
30179,89.90691376,121.03750205223837,17.437500591360127,Balbalan,Kalinga,Cordillera Administrative Region (CAR)
30180,89.04393768,121.06250205266224,17.437500591360127,Balbalan,Kalinga,Cordillera Administrative Region (CAR)
30181,75.57214355,121.21250205520556,17.437500591360127,Balbalan,Kalinga,Cordillera Administrative Region (CAR)
30182,95.66801453,121.01250205181447,17.4125005905123,Balbalan,Kalinga,Cordillera Administrative Region (CAR)
30183,93.71211243,121.03750205223837,17.4125005905123,Balbalan,Kalinga,Cordillera Administrative Region (CAR)
30184,83.86947632,121.06250205266224,17.4125005905123,Balbalan,Kalinga,Cordillera Administrative Region (CAR)
30185,75.98526001,121.21250205520556,17.38750058966447,Lubuagan,Kalinga,Cordillera Administrative Region (CAR)
30186,74.91458893,121.1375020539339,17.36250058881664,Lubuagan,Kalinga,Cordillera Administrative Region (CAR)
30187,78.79788971,121.16250205435777,17.36250058881664,Lubuagan,Kalinga,Cordillera Administrative Region (CAR)
30188,77.53191376,121.18750205478167,17.36250058881664,Lubuagan,Kalinga,Cordillera Administrative Region (CAR)
30189,76.51812744,121.21250205520556,17.36250058881664,Lubuagan,Kalinga,Cordillera Administrative Region (CAR)
30190,78.62631226,121.16250205435777,17.33750058796881,Lubuagan,Kalinga,Cordillera Administrative Region (CAR)
30191,77.79362488,121.18750205478167,17.33750058796881,Lubuagan,Kalinga,Cordillera Administrative Region (CAR)
30192,76.89087677,121.21250205520556,17.33750058796881,Lubuagan,Kalinga,Cordillera Administrative Region (CAR)
30193,83.1712265,121.08750205308613,17.437500591360127,Pasil,Kalinga,Cordillera Administrative Region (CAR)
30194,80.5734024,121.11250205351,17.437500591360127,Pasil,Kalinga,Cordillera Administrative Region (CAR)
30195,75.90988922,121.1375020539339,17.437500591360127,Pasil,Kalinga,Cordillera Administrative Region (CAR)
30196,78.87010193,121.16250205435777,17.437500591360127,Pasil,Kalinga,Cordillera Administrative Region (CAR)
30197,76.92517853,121.18750205478167,17.437500591360127,Pasil,Kalinga,Cordillera Administrative Region (CAR)
30198,82.33140564,121.08750205308613,17.4125005905123,Pasil,Kalinga,Cordillera Administrative Region (CAR)
30199,80.50787354,121.11250205351,17.4125005905123,Pasil,Kalinga,Cordillera Administrative Region (CAR)
30200,79.01408386,121.1375020539339,17.4125005905123,Pasil,Kalinga,Cordillera Administrative Region (CAR)
30201,75.79811096,121.16250205435777,17.4125005905123,Pasil,Kalinga,Cordillera Administrative Region (CAR)
30202,76.76271057,121.18750205478167,17.4125005905123,Pasil,Kalinga,Cordillera Administrative Region (CAR)
30203,75.8659668,121.21250205520556,17.4125005905123,Pasil,Kalinga,Cordillera Administrative Region (CAR)
30204,98.26490021,120.98750205139056,17.38750058966447,Pasil,Kalinga,Cordillera Administrative Region (CAR)
30205,95.48019409,121.01250205181447,17.38750058966447,Pasil,Kalinga,Cordillera Administrative Region (CAR)
30206,93.47320557,121.03750205223837,17.38750058966447,Pasil,Kalinga,Cordillera Administrative Region (CAR)
30207,83.64750671,121.06250205266224,17.38750058966447,Pasil,Kalinga,Cordillera Administrative Region (CAR)
30208,82.1786499,121.08750205308613,17.38750058966447,Pasil,Kalinga,Cordillera Administrative Region (CAR)
30209,80.38243866,121.11250205351,17.38750058966447,Pasil,Kalinga,Cordillera Administrative Region (CAR)
30210,78.87033844,121.1375020539339,17.38750058966447,Pasil,Kalinga,Cordillera Administrative Region (CAR)
30211,75.71292114,121.16250205435777,17.38750058966447,Pasil,Kalinga,Cordillera Administrative Region (CAR)
30212,76.76525879,121.18750205478167,17.38750058966447,Pasil,Kalinga,Cordillera Administrative Region (CAR)
30213,102.5745087,120.96250205096668,17.36250058881664,Pasil,Kalinga,Cordillera Administrative Region (CAR)
30214,97.66262054,120.98750205139056,17.36250058881664,Pasil,Kalinga,Cordillera Administrative Region (CAR)
30215,94.42840576,121.01250205181447,17.36250058881664,Pasil,Kalinga,Cordillera Administrative Region (CAR)
30216,88.24308777,121.03750205223837,17.36250058881664,Pasil,Kalinga,Cordillera Administrative Region (CAR)
30217,87.40922546,121.06250205266224,17.36250058881664,Pasil,Kalinga,Cordillera Administrative Region (CAR)
30218,82.09611511,121.08750205308613,17.36250058881664,Pasil,Kalinga,Cordillera Administrative Region (CAR)
30219,79.60033417,121.11250205351,17.36250058881664,Pasil,Kalinga,Cordillera Administrative Region (CAR)
30220,101.0570984,120.96250205096668,17.33750058796881,Pasil,Kalinga,Cordillera Administrative Region (CAR)
30221,94.85863495,120.98750205139056,17.33750058796881,Pasil,Kalinga,Cordillera Administrative Region (CAR)
30222,91.91120911,121.01250205181447,17.33750058796881,Pasil,Kalinga,Cordillera Administrative Region (CAR)
30223,86.97827148,121.03750205223837,17.33750058796881,Pasil,Kalinga,Cordillera Administrative Region (CAR)
30224,86.14756012,121.06250205266224,17.33750058796881,Pasil,Kalinga,Cordillera Administrative Region (CAR)
30225,79.96917725,121.08750205308613,17.33750058796881,Pasil,Kalinga,Cordillera Administrative Region (CAR)
30226,110.4769745,120.9375020505428,17.312500587120983,Pasil,Kalinga,Cordillera Administrative Region (CAR)
30227,95.6938858,120.96250205096668,17.312500587120983,Pasil,Kalinga,Cordillera Administrative Region (CAR)
30228,93.9513092,120.98750205139056,17.312500587120983,Pasil,Kalinga,Cordillera Administrative Region (CAR)
30229,91.72002411,121.01250205181447,17.312500587120983,Pasil,Kalinga,Cordillera Administrative Region (CAR)
30230,90.07483673,121.03750205223837,17.312500587120983,Pasil,Kalinga,Cordillera Administrative Region (CAR)
30231,80.53638458,121.06250205266224,17.312500587120983,Pasil,Kalinga,Cordillera Administrative Region (CAR)
30232,79.0655899,121.08750205308613,17.312500587120983,Pasil,Kalinga,Cordillera Administrative Region (CAR)
30233,107.7588043,120.9375020505428,17.287500586273154,Pasil,Kalinga,Cordillera Administrative Region (CAR)
30234,93.53231049,120.96250205096668,17.287500586273154,Pasil,Kalinga,Cordillera Administrative Region (CAR)
30235,91.9174118,120.98750205139056,17.287500586273154,Pasil,Kalinga,Cordillera Administrative Region (CAR)
30236,90.23001099,121.01250205181447,17.287500586273154,Pasil,Kalinga,Cordillera Administrative Region (CAR)
30237,88.57195282,121.03750205223837,17.287500586273154,Pasil,Kalinga,Cordillera Administrative Region (CAR)
30238,100.5022888,120.9375020505428,17.262500585425325,Pasil,Kalinga,Cordillera Administrative Region (CAR)
30239,95.78793335,120.96250205096668,17.262500585425325,Pasil,Kalinga,Cordillera Administrative Region (CAR)
30240,90.41008759,120.98750205139056,17.262500585425325,Pasil,Kalinga,Cordillera Administrative Region (CAR)
30241,77.61798859,121.43750205902055,17.687500599838415,Pinukpuk,Kalinga,Cordillera Administrative Region (CAR)
30242,77.5847702,121.41250205859664,17.662500598990587,Pinukpuk,Kalinga,Cordillera Administrative Region (CAR)
30243,76.9905777,121.43750205902055,17.662500598990587,Pinukpuk,Kalinga,Cordillera Administrative Region (CAR)
30244,77.7059021,121.46250205944445,17.662500598990587,Pinukpuk,Kalinga,Cordillera Administrative Region (CAR)
30245,75.45677185,121.31250205690112,17.637500598142758,Pinukpuk,Kalinga,Cordillera Administrative Region (CAR)
30246,76.09827423,121.337502057325,17.637500598142758,Pinukpuk,Kalinga,Cordillera Administrative Region (CAR)
30247,76.01295471,121.36250205774888,17.637500598142758,Pinukpuk,Kalinga,Cordillera Administrative Region (CAR)
30248,77.025177,121.38750205817276,17.637500598142758,Pinukpuk,Kalinga,Cordillera Administrative Region (CAR)
30249,77.4682312,121.41250205859664,17.637500598142758,Pinukpuk,Kalinga,Cordillera Administrative Region (CAR)
30250,76.89787292,121.43750205902055,17.637500598142758,Pinukpuk,Kalinga,Cordillera Administrative Region (CAR)
30251,77.52644348,121.46250205944445,17.637500598142758,Pinukpuk,Kalinga,Cordillera Administrative Region (CAR)
30252,75.48097229,121.31250205690112,17.61250059729493,Pinukpuk,Kalinga,Cordillera Administrative Region (CAR)
30253,76.47853851,121.337502057325,17.61250059729493,Pinukpuk,Kalinga,Cordillera Administrative Region (CAR)
30254,75.70682526,121.36250205774888,17.61250059729493,Pinukpuk,Kalinga,Cordillera Administrative Region (CAR)
30255,77.03824615,121.38750205817276,17.61250059729493,Pinukpuk,Kalinga,Cordillera Administrative Region (CAR)
30256,77.5557785,121.41250205859664,17.61250059729493,Pinukpuk,Kalinga,Cordillera Administrative Region (CAR)
30257,77.41624451,121.43750205902055,17.61250059729493,Pinukpuk,Kalinga,Cordillera Administrative Region (CAR)
30258,77.09564972,121.46250205944445,17.61250059729493,Pinukpuk,Kalinga,Cordillera Administrative Region (CAR)
30259,72.8415451,121.28750205647722,17.5875005964471,Pinukpuk,Kalinga,Cordillera Administrative Region (CAR)
30260,75.39536285,121.31250205690112,17.5875005964471,Pinukpuk,Kalinga,Cordillera Administrative Region (CAR)
30261,76.53447723,121.337502057325,17.5875005964471,Pinukpuk,Kalinga,Cordillera Administrative Region (CAR)
30262,75.79291534,121.36250205774888,17.5875005964471,Pinukpuk,Kalinga,Cordillera Administrative Region (CAR)
30263,77.06370544,121.38750205817276,17.5875005964471,Pinukpuk,Kalinga,Cordillera Administrative Region (CAR)
30264,77.56967163,121.41250205859664,17.5875005964471,Pinukpuk,Kalinga,Cordillera Administrative Region (CAR)
30265,77.46208191,121.43750205902055,17.5875005964471,Pinukpuk,Kalinga,Cordillera Administrative Region (CAR)
30266,76.94727325,121.46250205944445,17.5875005964471,Pinukpuk,Kalinga,Cordillera Administrative Region (CAR)
30267,76.96260834,121.48750205986832,17.5875005964471,Pinukpuk,Kalinga,Cordillera Administrative Region (CAR)
30268,75.28733826,121.31250205690112,17.56250059559927,Pinukpuk,Kalinga,Cordillera Administrative Region (CAR)
30269,76.25487518,121.337502057325,17.56250059559927,Pinukpuk,Kalinga,Cordillera Administrative Region (CAR)
30270,76.20964813,121.36250205774888,17.56250059559927,Pinukpuk,Kalinga,Cordillera Administrative Region (CAR)
30271,77.10913849,121.38750205817276,17.56250059559927,Pinukpuk,Kalinga,Cordillera Administrative Region (CAR)
30272,77.54286957,121.41250205859664,17.56250059559927,Pinukpuk,Kalinga,Cordillera Administrative Region (CAR)
30273,77.05773163,121.43750205902055,17.56250059559927,Pinukpuk,Kalinga,Cordillera Administrative Region (CAR)
30274,77.31009674,121.46250205944445,17.56250059559927,Pinukpuk,Kalinga,Cordillera Administrative Region (CAR)
30275,76.72904205,121.48750205986832,17.56250059559927,Pinukpuk,Kalinga,Cordillera Administrative Region (CAR)
30276,76.37081909,121.337502057325,17.537500594751442,Pinukpuk,Kalinga,Cordillera Administrative Region (CAR)
30277,76.32561493,121.36250205774888,17.537500594751442,Pinukpuk,Kalinga,Cordillera Administrative Region (CAR)
30278,77.6074295,121.38750205817276,17.537500594751442,Pinukpuk,Kalinga,Cordillera Administrative Region (CAR)
30279,75.36367798,121.31250205690112,17.512500593903614,Pinukpuk,Kalinga,Cordillera Administrative Region (CAR)
30280,76.7664032,121.337502057325,17.512500593903614,Pinukpuk,Kalinga,Cordillera Administrative Region (CAR)
30281,76.50543213,121.36250205774888,17.512500593903614,Pinukpuk,Kalinga,Cordillera Administrative Region (CAR)
30282,77.89528656,121.38750205817276,17.512500593903614,Pinukpuk,Kalinga,Cordillera Administrative Region (CAR)
30283,72.0819397,121.28750205647722,17.487500593055785,Pinukpuk,Kalinga,Cordillera Administrative Region (CAR)
30284,75.41678619,121.31250205690112,17.487500593055785,Pinukpuk,Kalinga,Cordillera Administrative Region (CAR)
30285,76.96893311,121.337502057325,17.487500593055785,Pinukpuk,Kalinga,Cordillera Administrative Region (CAR)
30286,76.74449921,121.36250205774888,17.487500593055785,Pinukpuk,Kalinga,Cordillera Administrative Region (CAR)
30287,72.96989441,121.26250205605332,17.462500592207956,Pinukpuk,Kalinga,Cordillera Administrative Region (CAR)
30288,72.10359955,121.28750205647722,17.462500592207956,Pinukpuk,Kalinga,Cordillera Administrative Region (CAR)
30289,75.45966339,121.31250205690112,17.462500592207956,Pinukpuk,Kalinga,Cordillera Administrative Region (CAR)
30290,76.68859863,121.5125020602922,17.5875005964471,Rizal (Liwan),Kalinga,Cordillera Administrative Region (CAR)
30291,76.29468536,121.5125020602922,17.56250059559927,Rizal (Liwan),Kalinga,Cordillera Administrative Region (CAR)
30292,75.60355377,121.53750206071608,17.56250059559927,Rizal (Liwan),Kalinga,Cordillera Administrative Region (CAR)
30293,75.54151154,121.56250206113998,17.56250059559927,Rizal (Liwan),Kalinga,Cordillera Administrative Region (CAR)
30294,76.87635803,121.5125020602922,17.537500594751442,Rizal (Liwan),Kalinga,Cordillera Administrative Region (CAR)
30295,75.780159,121.53750206071608,17.537500594751442,Rizal (Liwan),Kalinga,Cordillera Administrative Region (CAR)
30296,75.71826172,121.56250206113998,17.537500594751442,Rizal (Liwan),Kalinga,Cordillera Administrative Region (CAR)
30297,75.33686829,121.58750206156385,17.537500594751442,Rizal (Liwan),Kalinga,Cordillera Administrative Region (CAR)
30298,75.10608673,121.61250206198775,17.537500594751442,Rizal (Liwan),Kalinga,Cordillera Administrative Region (CAR)
30299,76.89299774,121.53750206071608,17.512500593903614,Rizal (Liwan),Kalinga,Cordillera Administrative Region (CAR)
30300,75.48913574,121.56250206113998,17.512500593903614,Rizal (Liwan),Kalinga,Cordillera Administrative Region (CAR)
30301,75.35792542,121.58750206156385,17.512500593903614,Rizal (Liwan),Kalinga,Cordillera Administrative Region (CAR)
30302,75.15795898,121.61250206198775,17.512500593903614,Rizal (Liwan),Kalinga,Cordillera Administrative Region (CAR)
30303,75.71478271,121.56250206113998,17.487500593055785,Rizal (Liwan),Kalinga,Cordillera Administrative Region (CAR)
30304,75.46000671,121.58750206156385,17.487500593055785,Rizal (Liwan),Kalinga,Cordillera Administrative Region (CAR)
30305,75.19530487,121.61250206198775,17.487500593055785,Rizal (Liwan),Kalinga,Cordillera Administrative Region (CAR)
30306,75.00367737,121.63750206241164,17.487500593055785,Rizal (Liwan),Kalinga,Cordillera Administrative Region (CAR)
30307,76.84650421,121.56250206113998,17.462500592207956,Rizal (Liwan),Kalinga,Cordillera Administrative Region (CAR)
30308,75.70617676,121.58750206156385,17.462500592207956,Rizal (Liwan),Kalinga,Cordillera Administrative Region (CAR)
30309,75.28266144,121.61250206198775,17.462500592207956,Rizal (Liwan),Kalinga,Cordillera Administrative Region (CAR)
30310,75.14751434,121.63750206241164,17.462500592207956,Rizal (Liwan),Kalinga,Cordillera Administrative Region (CAR)
30311,77.71829987,121.56250206113998,17.437500591360127,Rizal (Liwan),Kalinga,Cordillera Administrative Region (CAR)
30312,77.49827576,121.58750206156385,17.437500591360127,Rizal (Liwan),Kalinga,Cordillera Administrative Region (CAR)
30313,77.04527283,121.61250206198775,17.437500591360127,Rizal (Liwan),Kalinga,Cordillera Administrative Region (CAR)
30314,77.97840881,121.58750206156385,17.4125005905123,Rizal (Liwan),Kalinga,Cordillera Administrative Region (CAR)
30315,78.0690918,121.41250205859664,17.537500594751442,City of Tabuk (Capital),Kalinga,Cordillera Administrative Region (CAR)
30316,77.34339142,121.43750205902055,17.537500594751442,City of Tabuk (Capital),Kalinga,Cordillera Administrative Region (CAR)
30317,77.59714508,121.46250205944445,17.537500594751442,City of Tabuk (Capital),Kalinga,Cordillera Administrative Region (CAR)
30318,77.32678986,121.48750205986832,17.537500594751442,City of Tabuk (Capital),Kalinga,Cordillera Administrative Region (CAR)
30319,78.47452545,121.41250205859664,17.512500593903614,City of Tabuk (Capital),Kalinga,Cordillera Administrative Region (CAR)
30320,78.37217712,121.43750205902055,17.512500593903614,City of Tabuk (Capital),Kalinga,Cordillera Administrative Region (CAR)
30321,77.63037109,121.46250205944445,17.512500593903614,City of Tabuk (Capital),Kalinga,Cordillera Administrative Region (CAR)
30322,77.52223206,121.48750205986832,17.512500593903614,City of Tabuk (Capital),Kalinga,Cordillera Administrative Region (CAR)
30323,77.21427917,121.5125020602922,17.512500593903614,City of Tabuk (Capital),Kalinga,Cordillera Administrative Region (CAR)
30324,78.2233963,121.38750205817276,17.487500593055785,City of Tabuk (Capital),Kalinga,Cordillera Administrative Region (CAR)
30325,78.89501953,121.41250205859664,17.487500593055785,City of Tabuk (Capital),Kalinga,Cordillera Administrative Region (CAR)
30326,78.88883209,121.43750205902055,17.487500593055785,City of Tabuk (Capital),Kalinga,Cordillera Administrative Region (CAR)
30327,78.05156708,121.46250205944445,17.487500593055785,City of Tabuk (Capital),Kalinga,Cordillera Administrative Region (CAR)
30328,77.82277679,121.48750205986832,17.487500593055785,City of Tabuk (Capital),Kalinga,Cordillera Administrative Region (CAR)
30329,77.53659821,121.5125020602922,17.487500593055785,City of Tabuk (Capital),Kalinga,Cordillera Administrative Region (CAR)
30330,77.19386292,121.53750206071608,17.487500593055785,City of Tabuk (Capital),Kalinga,Cordillera Administrative Region (CAR)
30331,77.06817627,121.337502057325,17.462500592207956,City of Tabuk (Capital),Kalinga,Cordillera Administrative Region (CAR)
30332,77.07159424,121.36250205774888,17.462500592207956,City of Tabuk (Capital),Kalinga,Cordillera Administrative Region (CAR)
30333,78.34461212,121.38750205817276,17.462500592207956,City of Tabuk (Capital),Kalinga,Cordillera Administrative Region (CAR)
30334,79.03935242,121.41250205859664,17.462500592207956,City of Tabuk (Capital),Kalinga,Cordillera Administrative Region (CAR)
30335,78.9927597,121.43750205902055,17.462500592207956,City of Tabuk (Capital),Kalinga,Cordillera Administrative Region (CAR)
30336,79.03910828,121.46250205944445,17.462500592207956,City of Tabuk (Capital),Kalinga,Cordillera Administrative Region (CAR)
30337,78.09153748,121.48750205986832,17.462500592207956,City of Tabuk (Capital),Kalinga,Cordillera Administrative Region (CAR)
30338,77.70596313,121.5125020602922,17.462500592207956,City of Tabuk (Capital),Kalinga,Cordillera Administrative Region (CAR)
30339,77.04884338,121.53750206071608,17.462500592207956,City of Tabuk (Capital),Kalinga,Cordillera Administrative Region (CAR)
30340,73.41316223,121.23750205562946,17.437500591360127,City of Tabuk (Capital),Kalinga,Cordillera Administrative Region (CAR)
30341,73.18953705,121.26250205605332,17.437500591360127,City of Tabuk (Capital),Kalinga,Cordillera Administrative Region (CAR)
30342,72.98274231,121.28750205647722,17.437500591360127,City of Tabuk (Capital),Kalinga,Cordillera Administrative Region (CAR)
30343,76.50922394,121.31250205690112,17.437500591360127,City of Tabuk (Capital),Kalinga,Cordillera Administrative Region (CAR)
30344,77.73405457,121.337502057325,17.437500591360127,City of Tabuk (Capital),Kalinga,Cordillera Administrative Region (CAR)
30345,77.73756409,121.36250205774888,17.437500591360127,City of Tabuk (Capital),Kalinga,Cordillera Administrative Region (CAR)
30346,80.11729431,121.38750205817276,17.437500591360127,City of Tabuk (Capital),Kalinga,Cordillera Administrative Region (CAR)
30347,80.88683319,121.41250205859664,17.437500591360127,City of Tabuk (Capital),Kalinga,Cordillera Administrative Region (CAR)
30348,79.95019531,121.43750205902055,17.437500591360127,City of Tabuk (Capital),Kalinga,Cordillera Administrative Region (CAR)
30349,79.96255493,121.46250205944445,17.437500591360127,City of Tabuk (Capital),Kalinga,Cordillera Administrative Region (CAR)
30350,80.14341736,121.48750205986832,17.437500591360127,City of Tabuk (Capital),Kalinga,Cordillera Administrative Region (CAR)
30351,79.76452637,121.5125020602922,17.437500591360127,City of Tabuk (Capital),Kalinga,Cordillera Administrative Region (CAR)
30352,77.94770813,121.53750206071608,17.437500591360127,City of Tabuk (Capital),Kalinga,Cordillera Administrative Region (CAR)
30353,75.10555267,121.23750205562946,17.4125005905123,City of Tabuk (Capital),Kalinga,Cordillera Administrative Region (CAR)
30354,73.15127563,121.26250205605332,17.4125005905123,City of Tabuk (Capital),Kalinga,Cordillera Administrative Region (CAR)
30355,73.26596069,121.28750205647722,17.4125005905123,City of Tabuk (Capital),Kalinga,Cordillera Administrative Region (CAR)
30356,76.92311859,121.31250205690112,17.4125005905123,City of Tabuk (Capital),Kalinga,Cordillera Administrative Region (CAR)
30357,78.59281158,121.337502057325,17.4125005905123,City of Tabuk (Capital),Kalinga,Cordillera Administrative Region (CAR)
30358,78.9393158,121.36250205774888,17.4125005905123,City of Tabuk (Capital),Kalinga,Cordillera Administrative Region (CAR)
30359,80.76357269,121.38750205817276,17.4125005905123,City of Tabuk (Capital),Kalinga,Cordillera Administrative Region (CAR)
30360,81.57984161,121.41250205859664,17.4125005905123,City of Tabuk (Capital),Kalinga,Cordillera Administrative Region (CAR)
30361,81.5054245,121.43750205902055,17.4125005905123,City of Tabuk (Capital),Kalinga,Cordillera Administrative Region (CAR)
30362,80.86022949,121.46250205944445,17.4125005905123,City of Tabuk (Capital),Kalinga,Cordillera Administrative Region (CAR)
30363,80.73654938,121.48750205986832,17.4125005905123,City of Tabuk (Capital),Kalinga,Cordillera Administrative Region (CAR)
30364,80.46575165,121.5125020602922,17.4125005905123,City of Tabuk (Capital),Kalinga,Cordillera Administrative Region (CAR)
30365,79.88964081,121.53750206071608,17.4125005905123,City of Tabuk (Capital),Kalinga,Cordillera Administrative Region (CAR)
30366,78.17027283,121.56250206113998,17.4125005905123,City of Tabuk (Capital),Kalinga,Cordillera Administrative Region (CAR)
30367,75.35294342,121.23750205562946,17.38750058966447,City of Tabuk (Capital),Kalinga,Cordillera Administrative Region (CAR)
30368,73.48789215,121.26250205605332,17.38750058966447,City of Tabuk (Capital),Kalinga,Cordillera Administrative Region (CAR)
30369,73.56790161,121.28750205647722,17.38750058966447,City of Tabuk (Capital),Kalinga,Cordillera Administrative Region (CAR)
30370,77.32141876,121.31250205690112,17.38750058966447,City of Tabuk (Capital),Kalinga,Cordillera Administrative Region (CAR)
30371,79.1921463,121.337502057325,17.38750058966447,City of Tabuk (Capital),Kalinga,Cordillera Administrative Region (CAR)
30372,79.58137512,121.36250205774888,17.38750058966447,City of Tabuk (Capital),Kalinga,Cordillera Administrative Region (CAR)
30373,81.26887512,121.38750205817276,17.38750058966447,City of Tabuk (Capital),Kalinga,Cordillera Administrative Region (CAR)
30374,82.10045624,121.41250205859664,17.38750058966447,City of Tabuk (Capital),Kalinga,Cordillera Administrative Region (CAR)
30375,82.19782257,121.43750205902055,17.38750058966447,City of Tabuk (Capital),Kalinga,Cordillera Administrative Region (CAR)
30376,81.55697632,121.46250205944445,17.38750058966447,City of Tabuk (Capital),Kalinga,Cordillera Administrative Region (CAR)
30377,81.26580048,121.48750205986832,17.38750058966447,City of Tabuk (Capital),Kalinga,Cordillera Administrative Region (CAR)
30378,80.99352264,121.5125020602922,17.38750058966447,City of Tabuk (Capital),Kalinga,Cordillera Administrative Region (CAR)
30379,80.57991791,121.53750206071608,17.38750058966447,City of Tabuk (Capital),Kalinga,Cordillera Administrative Region (CAR)
30380,78.85419464,121.56250206113998,17.38750058966447,City of Tabuk (Capital),Kalinga,Cordillera Administrative Region (CAR)
30381,78.49274445,121.58750206156385,17.38750058966447,City of Tabuk (Capital),Kalinga,Cordillera Administrative Region (CAR)
30382,74.36743927,121.28750205647722,17.36250058881664,City of Tabuk (Capital),Kalinga,Cordillera Administrative Region (CAR)
30383,78.28874207,121.31250205690112,17.36250058881664,City of Tabuk (Capital),Kalinga,Cordillera Administrative Region (CAR)
30384,80.95822906,121.337502057325,17.36250058881664,City of Tabuk (Capital),Kalinga,Cordillera Administrative Region (CAR)
30385,81.01860809,121.36250205774888,17.36250058881664,City of Tabuk (Capital),Kalinga,Cordillera Administrative Region (CAR)
30386,82.2674942,121.38750205817276,17.36250058881664,City of Tabuk (Capital),Kalinga,Cordillera Administrative Region (CAR)
30387,83.10141754,121.41250205859664,17.36250058881664,City of Tabuk (Capital),Kalinga,Cordillera Administrative Region (CAR)
30388,83.66400146,121.43750205902055,17.36250058881664,City of Tabuk (Capital),Kalinga,Cordillera Administrative Region (CAR)
30389,83.60472107,121.46250205944445,17.36250058881664,City of Tabuk (Capital),Kalinga,Cordillera Administrative Region (CAR)
30390,82.25830078,121.48750205986832,17.36250058881664,City of Tabuk (Capital),Kalinga,Cordillera Administrative Region (CAR)
30391,81.87174225,121.5125020602922,17.36250058881664,City of Tabuk (Capital),Kalinga,Cordillera Administrative Region (CAR)
30392,81.42875671,121.53750206071608,17.36250058881664,City of Tabuk (Capital),Kalinga,Cordillera Administrative Region (CAR)
30393,81.14723969,121.56250206113998,17.36250058881664,City of Tabuk (Capital),Kalinga,Cordillera Administrative Region (CAR)
30394,86.21644592,121.41250205859664,17.33750058796881,City of Tabuk (Capital),Kalinga,Cordillera Administrative Region (CAR)
30395,85.2782135,121.43750205902055,17.33750058796881,City of Tabuk (Capital),Kalinga,Cordillera Administrative Region (CAR)
30396,85.175354,121.46250205944445,17.33750058796881,City of Tabuk (Capital),Kalinga,Cordillera Administrative Region (CAR)
30397,85.30827332,121.48750205986832,17.33750058796881,City of Tabuk (Capital),Kalinga,Cordillera Administrative Region (CAR)
30398,84.90675354,121.5125020602922,17.33750058796881,City of Tabuk (Capital),Kalinga,Cordillera Administrative Region (CAR)
30399,82.84914398,121.53750206071608,17.33750058796881,City of Tabuk (Capital),Kalinga,Cordillera Administrative Region (CAR)
30400,86.68473816,121.41250205859664,17.312500587120983,City of Tabuk (Capital),Kalinga,Cordillera Administrative Region (CAR)
30401,86.63405609,121.43750205902055,17.312500587120983,City of Tabuk (Capital),Kalinga,Cordillera Administrative Region (CAR)
30402,85.90261078,121.46250205944445,17.312500587120983,City of Tabuk (Capital),Kalinga,Cordillera Administrative Region (CAR)
30403,85.71811676,121.48750205986832,17.312500587120983,City of Tabuk (Capital),Kalinga,Cordillera Administrative Region (CAR)
30404,85.41537476,121.5125020602922,17.312500587120983,City of Tabuk (Capital),Kalinga,Cordillera Administrative Region (CAR)
30405,87.07733154,121.5125020602922,17.287500586273154,City of Tabuk (Capital),Kalinga,Cordillera Administrative Region (CAR)
30406,75.11621857,121.23750205562946,17.36250058881664,Tanudan,Kalinga,Cordillera Administrative Region (CAR)
30407,75.00971985,121.26250205605332,17.36250058881664,Tanudan,Kalinga,Cordillera Administrative Region (CAR)
30408,76.00254059,121.23750205562946,17.33750058796881,Tanudan,Kalinga,Cordillera Administrative Region (CAR)
30409,75.89522552,121.26250205605332,17.33750058796881,Tanudan,Kalinga,Cordillera Administrative Region (CAR)
30410,76.38983917,121.28750205647722,17.33750058796881,Tanudan,Kalinga,Cordillera Administrative Region (CAR)
30411,80.49326324,121.31250205690112,17.33750058796881,Tanudan,Kalinga,Cordillera Administrative Region (CAR)
30412,82.50960541,121.337502057325,17.33750058796881,Tanudan,Kalinga,Cordillera Administrative Region (CAR)
30413,82.57061005,121.36250205774888,17.33750058796881,Tanudan,Kalinga,Cordillera Administrative Region (CAR)
30414,85.36347198,121.38750205817276,17.33750058796881,Tanudan,Kalinga,Cordillera Administrative Region (CAR)
30415,76.92364502,121.21250205520556,17.312500587120983,Tanudan,Kalinga,Cordillera Administrative Region (CAR)
30416,76.49858856,121.23750205562946,17.312500587120983,Tanudan,Kalinga,Cordillera Administrative Region (CAR)
30417,76.32818604,121.26250205605332,17.312500587120983,Tanudan,Kalinga,Cordillera Administrative Region (CAR)
30418,76.64477539,121.28750205647722,17.312500587120983,Tanudan,Kalinga,Cordillera Administrative Region (CAR)
30419,80.72792816,121.31250205690112,17.312500587120983,Tanudan,Kalinga,Cordillera Administrative Region (CAR)
30420,82.70954132,121.337502057325,17.312500587120983,Tanudan,Kalinga,Cordillera Administrative Region (CAR)
30421,83.96190643,121.36250205774888,17.312500587120983,Tanudan,Kalinga,Cordillera Administrative Region (CAR)
30422,85.82830048,121.38750205817276,17.312500587120983,Tanudan,Kalinga,Cordillera Administrative Region (CAR)
30423,78.29117584,121.21250205520556,17.287500586273154,Tanudan,Kalinga,Cordillera Administrative Region (CAR)
30424,77.98316193,121.23750205562946,17.287500586273154,Tanudan,Kalinga,Cordillera Administrative Region (CAR)
30425,77.96205139,121.26250205605332,17.287500586273154,Tanudan,Kalinga,Cordillera Administrative Region (CAR)
30426,78.31949615,121.28750205647722,17.287500586273154,Tanudan,Kalinga,Cordillera Administrative Region (CAR)
30427,82.59075165,121.31250205690112,17.287500586273154,Tanudan,Kalinga,Cordillera Administrative Region (CAR)
30428,84.83283234,121.337502057325,17.287500586273154,Tanudan,Kalinga,Cordillera Administrative Region (CAR)
30429,86.18528748,121.36250205774888,17.287500586273154,Tanudan,Kalinga,Cordillera Administrative Region (CAR)
30430,87.77144623,121.38750205817276,17.287500586273154,Tanudan,Kalinga,Cordillera Administrative Region (CAR)
30431,79.93510437,121.18750205478167,17.262500585425325,Tanudan,Kalinga,Cordillera Administrative Region (CAR)
30432,79.59384155,121.21250205520556,17.262500585425325,Tanudan,Kalinga,Cordillera Administrative Region (CAR)
30433,79.16797638,121.23750205562946,17.262500585425325,Tanudan,Kalinga,Cordillera Administrative Region (CAR)
30434,79.26225281,121.26250205605332,17.262500585425325,Tanudan,Kalinga,Cordillera Administrative Region (CAR)
30435,79.86843872,121.28750205647722,17.262500585425325,Tanudan,Kalinga,Cordillera Administrative Region (CAR)
30436,84.50225067,121.31250205690112,17.262500585425325,Tanudan,Kalinga,Cordillera Administrative Region (CAR)
30437,88.07914734,121.337502057325,17.262500585425325,Tanudan,Kalinga,Cordillera Administrative Region (CAR)
30438,88.24650574,121.36250205774888,17.262500585425325,Tanudan,Kalinga,Cordillera Administrative Region (CAR)
30439,77.7852478,121.16250205435777,17.237500584577496,Tanudan,Kalinga,Cordillera Administrative Region (CAR)
30440,79.72650909,121.18750205478167,17.237500584577496,Tanudan,Kalinga,Cordillera Administrative Region (CAR)
30441,79.47801971,121.21250205520556,17.237500584577496,Tanudan,Kalinga,Cordillera Administrative Region (CAR)
30442,79.42598724,121.23750205562946,17.237500584577496,Tanudan,Kalinga,Cordillera Administrative Region (CAR)
30443,79.5202713,121.26250205605332,17.237500584577496,Tanudan,Kalinga,Cordillera Administrative Region (CAR)
30444,81.01660919,121.28750205647722,17.237500584577496,Tanudan,Kalinga,Cordillera Administrative Region (CAR)
30445,85.76737213,121.31250205690112,17.237500584577496,Tanudan,Kalinga,Cordillera Administrative Region (CAR)
30446,77.44301605,121.16250205435777,17.212500583729668,Tanudan,Kalinga,Cordillera Administrative Region (CAR)
30447,81.11569977,121.18750205478167,17.212500583729668,Tanudan,Kalinga,Cordillera Administrative Region (CAR)
30448,80.96004486,121.21250205520556,17.212500583729668,Tanudan,Kalinga,Cordillera Administrative Region (CAR)
30449,80.80931854,121.23750205562946,17.212500583729668,Tanudan,Kalinga,Cordillera Administrative Region (CAR)
30450,78.46985626,121.16250205435777,17.18750058288184,Tanudan,Kalinga,Cordillera Administrative Region (CAR)
30451,82.55485535,121.18750205478167,17.18750058288184,Tanudan,Kalinga,Cordillera Administrative Region (CAR)
30452,82.44046783,121.21250205520556,17.18750058288184,Tanudan,Kalinga,Cordillera Administrative Region (CAR)
30453,82.36727142,121.23750205562946,17.18750058288184,Tanudan,Kalinga,Cordillera Administrative Region (CAR)
30454,77.54676056,121.11250205351,17.33750058796881,Tinglayan,Kalinga,Cordillera Administrative Region (CAR)
30455,74.14476776,121.1375020539339,17.33750058796881,Tinglayan,Kalinga,Cordillera Administrative Region (CAR)
30456,77.42107391,121.11250205351,17.312500587120983,Tinglayan,Kalinga,Cordillera Administrative Region (CAR)
30457,76.14575958,121.1375020539339,17.312500587120983,Tinglayan,Kalinga,Cordillera Administrative Region (CAR)
30458,75.69390869,121.16250205435777,17.312500587120983,Tinglayan,Kalinga,Cordillera Administrative Region (CAR)
30459,77.45796204,121.18750205478167,17.312500587120983,Tinglayan,Kalinga,Cordillera Administrative Region (CAR)
30460,79.09726715,121.06250205266224,17.287500586273154,Tinglayan,Kalinga,Cordillera Administrative Region (CAR)
30461,77.95821381,121.08750205308613,17.287500586273154,Tinglayan,Kalinga,Cordillera Administrative Region (CAR)
30462,76.46153259,121.11250205351,17.287500586273154,Tinglayan,Kalinga,Cordillera Administrative Region (CAR)
30463,75.12876129,121.1375020539339,17.287500586273154,Tinglayan,Kalinga,Cordillera Administrative Region (CAR)
30464,76.07385254,121.16250205435777,17.287500586273154,Tinglayan,Kalinga,Cordillera Administrative Region (CAR)
30465,78.63896942,121.18750205478167,17.287500586273154,Tinglayan,Kalinga,Cordillera Administrative Region (CAR)
30466,88.45696259,121.01250205181447,17.262500585425325,Tinglayan,Kalinga,Cordillera Administrative Region (CAR)
30467,82.19001007,121.03750205223837,17.262500585425325,Tinglayan,Kalinga,Cordillera Administrative Region (CAR)
30468,81.38505554,121.06250205266224,17.262500585425325,Tinglayan,Kalinga,Cordillera Administrative Region (CAR)
30469,77.27883911,121.08750205308613,17.262500585425325,Tinglayan,Kalinga,Cordillera Administrative Region (CAR)
30470,75.29386902,121.11250205351,17.262500585425325,Tinglayan,Kalinga,Cordillera Administrative Region (CAR)
30471,71.06918335,121.1375020539339,17.262500585425325,Tinglayan,Kalinga,Cordillera Administrative Region (CAR)
30472,78.15437317,121.16250205435777,17.262500585425325,Tinglayan,Kalinga,Cordillera Administrative Region (CAR)
30473,81.28072357,121.03750205223837,17.237500584577496,Tinglayan,Kalinga,Cordillera Administrative Region (CAR)
30474,80.47562408,121.06250205266224,17.237500584577496,Tinglayan,Kalinga,Cordillera Administrative Region (CAR)
30475,75.65709686,121.08750205308613,17.237500584577496,Tinglayan,Kalinga,Cordillera Administrative Region (CAR)
30476,73.7549057,121.11250205351,17.237500584577496,Tinglayan,Kalinga,Cordillera Administrative Region (CAR)
30477,70.73487854,121.1375020539339,17.237500584577496,Tinglayan,Kalinga,Cordillera Administrative Region (CAR)
30478,75.36734772,121.08750205308613,17.212500583729668,Tinglayan,Kalinga,Cordillera Administrative Region (CAR)
30479,74.05695343,121.11250205351,17.212500583729668,Tinglayan,Kalinga,Cordillera Administrative Region (CAR)
30480,72.97451019,121.1375020539339,17.212500583729668,Tinglayan,Kalinga,Cordillera Administrative Region (CAR)
30481,74.09120178,121.11250205351,17.18750058288184,Tinglayan,Kalinga,Cordillera Administrative Region (CAR)
30482,73.06159973,121.1375020539339,17.18750058288184,Tinglayan,Kalinga,Cordillera Administrative Region (CAR)
