unique id,value,lon,lat,municipality name,province name,region
30483,73.82037354,121.11250205351,17.16250058203401,Barlig,Mountain Province,Cordillera Administrative Region (CAR)
30484,70.98641205,121.1375020539339,17.16250058203401,Barlig,Mountain Province,Cordillera Administrative Region (CAR)
30485,79.92094421,121.16250205435777,17.16250058203401,Barlig,Mountain Province,Cordillera Administrative Region (CAR)
30486,74.18990326,121.11250205351,17.13750058118618,Barlig,Mountain Province,Cordillera Administrative Region (CAR)
30487,71.45087433,121.1375020539339,17.13750058118618,Barlig,Mountain Province,Cordillera Administrative Region (CAR)
30488,80.63661957,121.16250205435777,17.13750058118618,Barlig,Mountain Province,Cordillera Administrative Region (CAR)
30489,74.73842621,121.11250205351,17.112500580338352,Barlig,Mountain Province,Cordillera Administrative Region (CAR)
30490,73.802948,121.1375020539339,17.112500580338352,Barlig,Mountain Province,Cordillera Administrative Region (CAR)
30491,80.64614105,121.16250205435777,17.112500580338352,Barlig,Mountain Province,Cordillera Administrative Region (CAR)
30492,75.91607666,121.08750205308613,17.087500579490523,Barlig,Mountain Province,Cordillera Administrative Region (CAR)
30493,74.91317749,121.11250205351,17.087500579490523,Barlig,Mountain Province,Cordillera Administrative Region (CAR)
30494,74.1054306,121.1375020539339,17.087500579490523,Barlig,Mountain Province,Cordillera Administrative Region (CAR)
30495,81.06645203,121.16250205435777,17.087500579490523,Barlig,Mountain Province,Cordillera Administrative Region (CAR)
30496,85.52896118,121.18750205478167,17.087500579490523,Barlig,Mountain Province,Cordillera Administrative Region (CAR)
30497,75.922966,121.08750205308613,17.062500578642695,Barlig,Mountain Province,Cordillera Administrative Region (CAR)
30498,74.59178925,121.11250205351,17.062500578642695,Barlig,Mountain Province,Cordillera Administrative Region (CAR)
30499,72.67447662,121.1375020539339,17.062500578642695,Barlig,Mountain Province,Cordillera Administrative Region (CAR)
30500,82.64546967,121.16250205435777,17.062500578642695,Barlig,Mountain Province,Cordillera Administrative Region (CAR)
30501,86.00513458,121.18750205478167,17.062500578642695,Barlig,Mountain Province,Cordillera Administrative Region (CAR)
30502,79.16305542,121.06250205266224,17.037500577794866,Barlig,Mountain Province,Cordillera Administrative Region (CAR)
30503,75.69051361,121.08750205308613,17.037500577794866,Barlig,Mountain Province,Cordillera Administrative Region (CAR)
30504,74.47866821,121.11250205351,17.037500577794866,Barlig,Mountain Province,Cordillera Administrative Region (CAR)
30505,72.85310364,121.1375020539339,17.037500577794866,Barlig,Mountain Province,Cordillera Administrative Region (CAR)
30506,83.17990875,121.16250205435777,17.037500577794866,Barlig,Mountain Province,Cordillera Administrative Region (CAR)
30507,88.03060913,121.18750205478167,17.037500577794866,Barlig,Mountain Province,Cordillera Administrative Region (CAR)
30508,88.19739532,121.21250205520556,17.037500577794866,Barlig,Mountain Province,Cordillera Administrative Region (CAR)
30509,76.03054047,121.06250205266224,17.012500576947037,Barlig,Mountain Province,Cordillera Administrative Region (CAR)
30510,75.38492584,121.08750205308613,17.012500576947037,Barlig,Mountain Province,Cordillera Administrative Region (CAR)
30511,74.63747406,121.11250205351,17.012500576947037,Barlig,Mountain Province,Cordillera Administrative Region (CAR)
30512,74.02004242,121.1375020539339,17.012500576947037,Barlig,Mountain Province,Cordillera Administrative Region (CAR)
30513,83.27209473,121.16250205435777,17.012500576947037,Barlig,Mountain Province,Cordillera Administrative Region (CAR)
30514,88.35565186,121.18750205478167,17.012500576947037,Barlig,Mountain Province,Cordillera Administrative Region (CAR)
30515,88.5298233,121.21250205520556,17.012500576947037,Barlig,Mountain Province,Cordillera Administrative Region (CAR)
30516,118.2974625,120.86250204927114,17.037500577794866,Bauko,Mountain Province,Cordillera Administrative Region (CAR)
30517,107.8663406,120.88750204969504,17.037500577794866,Bauko,Mountain Province,Cordillera Administrative Region (CAR)
30518,112.2654648,120.86250204927114,17.012500576947037,Bauko,Mountain Province,Cordillera Administrative Region (CAR)
30519,106.6967163,120.88750204969504,17.012500576947037,Bauko,Mountain Province,Cordillera Administrative Region (CAR)
30520,109.7986298,120.86250204927114,16.987500576099208,Bauko,Mountain Province,Cordillera Administrative Region (CAR)
30521,104.6173096,120.88750204969504,16.987500576099208,Bauko,Mountain Province,Cordillera Administrative Region (CAR)
30522,119.3507843,120.83750204884724,16.96250057525138,Bauko,Mountain Province,Cordillera Administrative Region (CAR)
30523,111.3360596,120.86250204927114,16.96250057525138,Bauko,Mountain Province,Cordillera Administrative Region (CAR)
30524,103.1703949,120.88750204969504,16.96250057525138,Bauko,Mountain Province,Cordillera Administrative Region (CAR)
30525,109.5597076,120.86250204927114,16.93750057440355,Bauko,Mountain Province,Cordillera Administrative Region (CAR)
30526,98.47084045,120.88750204969504,16.93750057440355,Bauko,Mountain Province,Cordillera Administrative Region (CAR)
30527,99.36235046,120.86250204927114,16.91250057355572,Bauko,Mountain Province,Cordillera Administrative Region (CAR)
30528,94.26230621,120.88750204969504,16.91250057355572,Bauko,Mountain Province,Cordillera Administrative Region (CAR)
30529,95.02140045,120.86250204927114,16.887500572707893,Bauko,Mountain Province,Cordillera Administrative Region (CAR)
30530,90.42086029,120.88750204969504,16.887500572707893,Bauko,Mountain Province,Cordillera Administrative Region (CAR)
30531,88.00481415,120.91250205011892,16.887500572707893,Bauko,Mountain Province,Cordillera Administrative Region (CAR)
30532,98.19267273,120.86250204927114,16.862500571860064,Bauko,Mountain Province,Cordillera Administrative Region (CAR)
30533,89.99420929,120.88750204969504,16.862500571860064,Bauko,Mountain Province,Cordillera Administrative Region (CAR)
30534,86.51980591,120.91250205011892,16.862500571860064,Bauko,Mountain Province,Cordillera Administrative Region (CAR)
30535,94.318367,120.86250204927114,16.837500571012235,Bauko,Mountain Province,Cordillera Administrative Region (CAR)
30536,83.66971588,120.88750204969504,16.837500571012235,Bauko,Mountain Province,Cordillera Administrative Region (CAR)
30537,119.0706406,120.86250204927114,17.18750058288184,Besao,Mountain Province,Cordillera Administrative Region (CAR)
30538,113.0422134,120.88750204969504,17.18750058288184,Besao,Mountain Province,Cordillera Administrative Region (CAR)
30539,134.5996704,120.81250204842338,17.16250058203401,Besao,Mountain Province,Cordillera Administrative Region (CAR)
30540,132.6889801,120.83750204884724,17.16250058203401,Besao,Mountain Province,Cordillera Administrative Region (CAR)
30541,123.1625748,120.86250204927114,17.16250058203401,Besao,Mountain Province,Cordillera Administrative Region (CAR)
30542,133.7303314,120.81250204842338,17.13750058118618,Besao,Mountain Province,Cordillera Administrative Region (CAR)
30543,131.4863739,120.83750204884724,17.13750058118618,Besao,Mountain Province,Cordillera Administrative Region (CAR)
30544,122.331192,120.86250204927114,17.13750058118618,Besao,Mountain Province,Cordillera Administrative Region (CAR)
30545,134.6506958,120.78750204799948,17.112500580338352,Besao,Mountain Province,Cordillera Administrative Region (CAR)
30546,132.5624237,120.81250204842338,17.112500580338352,Besao,Mountain Province,Cordillera Administrative Region (CAR)
30547,132.4905243,120.83750204884724,17.112500580338352,Besao,Mountain Province,Cordillera Administrative Region (CAR)
30548,116.8559036,120.86250204927114,17.112500580338352,Besao,Mountain Province,Cordillera Administrative Region (CAR)
30549,134.4865723,120.78750204799948,17.087500579490523,Besao,Mountain Province,Cordillera Administrative Region (CAR)
30550,132.289978,120.81250204842338,17.087500579490523,Besao,Mountain Province,Cordillera Administrative Region (CAR)
30551,132.045929,120.83750204884724,17.087500579490523,Besao,Mountain Province,Cordillera Administrative Region (CAR)
30552,116.4150238,120.86250204927114,17.087500579490523,Besao,Mountain Province,Cordillera Administrative Region (CAR)
30553,128.4132385,120.83750204884724,17.062500578642695,Besao,Mountain Province,Cordillera Administrative Region (CAR)
30554,119.78022,120.86250204927114,17.062500578642695,Besao,Mountain Province,Cordillera Administrative Region (CAR)
30555,110.5553589,120.91250205011892,17.18750058288184,Bontoc (Capital),Mountain Province,Cordillera Administrative Region (CAR)
30556,102.256424,120.9375020505428,17.18750058288184,Bontoc (Capital),Mountain Province,Cordillera Administrative Region (CAR)
30557,88.09123993,120.96250205096668,17.18750058288184,Bontoc (Capital),Mountain Province,Cordillera Administrative Region (CAR)
30558,109.9140396,120.91250205011892,17.16250058203401,Bontoc (Capital),Mountain Province,Cordillera Administrative Region (CAR)
30559,96.49369812,120.9375020505428,17.16250058203401,Bontoc (Capital),Mountain Province,Cordillera Administrative Region (CAR)
30560,92.77626038,120.96250205096668,17.16250058203401,Bontoc (Capital),Mountain Province,Cordillera Administrative Region (CAR)
30561,86.65613556,120.98750205139056,17.16250058203401,Bontoc (Capital),Mountain Province,Cordillera Administrative Region (CAR)
30562,108.6227799,120.91250205011892,17.13750058118618,Bontoc (Capital),Mountain Province,Cordillera Administrative Region (CAR)
30563,96.02557373,120.9375020505428,17.13750058118618,Bontoc (Capital),Mountain Province,Cordillera Administrative Region (CAR)
30564,92.47864532,120.96250205096668,17.13750058118618,Bontoc (Capital),Mountain Province,Cordillera Administrative Region (CAR)
30565,86.01002502,120.98750205139056,17.13750058118618,Bontoc (Capital),Mountain Province,Cordillera Administrative Region (CAR)
30566,85.03875732,121.01250205181447,17.13750058118618,Bontoc (Capital),Mountain Province,Cordillera Administrative Region (CAR)
30567,101.0403366,120.9375020505428,17.112500580338352,Bontoc (Capital),Mountain Province,Cordillera Administrative Region (CAR)
30568,87.26781464,120.96250205096668,17.112500580338352,Bontoc (Capital),Mountain Province,Cordillera Administrative Region (CAR)
30569,85.62826538,120.98750205139056,17.112500580338352,Bontoc (Capital),Mountain Province,Cordillera Administrative Region (CAR)
30570,85.56768036,121.01250205181447,17.112500580338352,Bontoc (Capital),Mountain Province,Cordillera Administrative Region (CAR)
30571,84.7820816,121.03750205223837,17.112500580338352,Bontoc (Capital),Mountain Province,Cordillera Administrative Region (CAR)
30572,87.05245209,120.96250205096668,17.087500579490523,Bontoc (Capital),Mountain Province,Cordillera Administrative Region (CAR)
30573,85.50128174,120.98750205139056,17.087500579490523,Bontoc (Capital),Mountain Province,Cordillera Administrative Region (CAR)
30574,85.50149536,121.01250205181447,17.087500579490523,Bontoc (Capital),Mountain Province,Cordillera Administrative Region (CAR)
30575,84.74384308,121.03750205223837,17.087500579490523,Bontoc (Capital),Mountain Province,Cordillera Administrative Region (CAR)
30576,76.76457977,121.06250205266224,17.087500579490523,Bontoc (Capital),Mountain Province,Cordillera Administrative Region (CAR)
30577,94.64685822,120.9375020505428,17.062500578642695,Bontoc (Capital),Mountain Province,Cordillera Administrative Region (CAR)
30578,91.34185791,120.96250205096668,17.062500578642695,Bontoc (Capital),Mountain Province,Cordillera Administrative Region (CAR)
30579,85.4841156,120.98750205139056,17.062500578642695,Bontoc (Capital),Mountain Province,Cordillera Administrative Region (CAR)
30580,84.75801849,121.01250205181447,17.062500578642695,Bontoc (Capital),Mountain Province,Cordillera Administrative Region (CAR)
30581,80.44547272,121.03750205223837,17.062500578642695,Bontoc (Capital),Mountain Province,Cordillera Administrative Region (CAR)
30582,79.80437469,121.06250205266224,17.062500578642695,Bontoc (Capital),Mountain Province,Cordillera Administrative Region (CAR)
30583,93.46824646,120.9375020505428,17.037500577794866,Bontoc (Capital),Mountain Province,Cordillera Administrative Region (CAR)
30584,90.17723846,120.96250205096668,17.037500577794866,Bontoc (Capital),Mountain Province,Cordillera Administrative Region (CAR)
30585,83.62915039,120.98750205139056,17.037500577794866,Bontoc (Capital),Mountain Province,Cordillera Administrative Region (CAR)
30586,82.94119263,121.01250205181447,17.037500577794866,Bontoc (Capital),Mountain Province,Cordillera Administrative Region (CAR)
30587,79.80193329,121.03750205223837,17.037500577794866,Bontoc (Capital),Mountain Province,Cordillera Administrative Region (CAR)
30588,84.29519653,120.96250205096668,17.012500576947037,Bontoc (Capital),Mountain Province,Cordillera Administrative Region (CAR)
30589,82.77135468,120.98750205139056,17.012500576947037,Bontoc (Capital),Mountain Province,Cordillera Administrative Region (CAR)
30590,82.87701416,121.01250205181447,17.012500576947037,Bontoc (Capital),Mountain Province,Cordillera Administrative Region (CAR)
30591,82.3306427,121.03750205223837,17.012500576947037,Bontoc (Capital),Mountain Province,Cordillera Administrative Region (CAR)
30592,82.03098297,121.01250205181447,16.987500576099208,Bontoc (Capital),Mountain Province,Cordillera Administrative Region (CAR)
30593,82.11627197,121.26250205605332,17.212500583729668,Natonin,Mountain Province,Cordillera Administrative Region (CAR)
30594,82.66752625,121.28750205647722,17.212500583729668,Natonin,Mountain Province,Cordillera Administrative Region (CAR)
30595,87.29814148,121.31250205690112,17.212500583729668,Natonin,Mountain Province,Cordillera Administrative Region (CAR)
30596,83.72335815,121.26250205605332,17.18750058288184,Natonin,Mountain Province,Cordillera Administrative Region (CAR)
30597,84.23278046,121.28750205647722,17.18750058288184,Natonin,Mountain Province,Cordillera Administrative Region (CAR)
30598,89.00514221,121.31250205690112,17.18750058288184,Natonin,Mountain Province,Cordillera Administrative Region (CAR)
30599,91.53309631,121.337502057325,17.18750058288184,Natonin,Mountain Province,Cordillera Administrative Region (CAR)
30600,82.66378021,121.18750205478167,17.16250058203401,Natonin,Mountain Province,Cordillera Administrative Region (CAR)
30601,82.53733826,121.21250205520556,17.16250058203401,Natonin,Mountain Province,Cordillera Administrative Region (CAR)
30602,83.03190613,121.23750205562946,17.16250058203401,Natonin,Mountain Province,Cordillera Administrative Region (CAR)
30603,83.16597748,121.26250205605332,17.16250058203401,Natonin,Mountain Province,Cordillera Administrative Region (CAR)
30604,84.26908112,121.28750205647722,17.16250058203401,Natonin,Mountain Province,Cordillera Administrative Region (CAR)
30605,89.33448792,121.31250205690112,17.16250058203401,Natonin,Mountain Province,Cordillera Administrative Region (CAR)
30606,93.41739655,121.337502057325,17.16250058203401,Natonin,Mountain Province,Cordillera Administrative Region (CAR)
30607,84.36141968,121.18750205478167,17.13750058118618,Natonin,Mountain Province,Cordillera Administrative Region (CAR)
30608,84.27545929,121.21250205520556,17.13750058118618,Natonin,Mountain Province,Cordillera Administrative Region (CAR)
30609,84.14292908,121.23750205562946,17.13750058118618,Natonin,Mountain Province,Cordillera Administrative Region (CAR)
30610,84.277771,121.26250205605332,17.13750058118618,Natonin,Mountain Province,Cordillera Administrative Region (CAR)
30611,86.32034302,121.28750205647722,17.13750058118618,Natonin,Mountain Province,Cordillera Administrative Region (CAR)
30612,91.5750351,121.31250205690112,17.13750058118618,Natonin,Mountain Province,Cordillera Administrative Region (CAR)
30613,94.7298584,121.337502057325,17.13750058118618,Natonin,Mountain Province,Cordillera Administrative Region (CAR)
30614,94.9708786,121.36250205774888,17.13750058118618,Natonin,Mountain Province,Cordillera Administrative Region (CAR)
30615,85.15441895,121.18750205478167,17.112500580338352,Natonin,Mountain Province,Cordillera Administrative Region (CAR)
30616,85.12856293,121.21250205520556,17.112500580338352,Natonin,Mountain Province,Cordillera Administrative Region (CAR)
30617,85.03959656,121.23750205562946,17.112500580338352,Natonin,Mountain Province,Cordillera Administrative Region (CAR)
30618,86.72626495,121.26250205605332,17.112500580338352,Natonin,Mountain Province,Cordillera Administrative Region (CAR)
30619,87.33957672,121.28750205647722,17.112500580338352,Natonin,Mountain Province,Cordillera Administrative Region (CAR)
30620,92.43856812,121.31250205690112,17.112500580338352,Natonin,Mountain Province,Cordillera Administrative Region (CAR)
30621,95.0055542,121.337502057325,17.112500580338352,Natonin,Mountain Province,Cordillera Administrative Region (CAR)
30622,97.75926208,121.36250205774888,17.112500580338352,Natonin,Mountain Province,Cordillera Administrative Region (CAR)
30623,85.56707001,121.21250205520556,17.087500579490523,Natonin,Mountain Province,Cordillera Administrative Region (CAR)
30624,85.66631317,121.23750205562946,17.087500579490523,Natonin,Mountain Province,Cordillera Administrative Region (CAR)
30625,87.36877441,121.26250205605332,17.087500579490523,Natonin,Mountain Province,Cordillera Administrative Region (CAR)
30626,87.81062317,121.28750205647722,17.087500579490523,Natonin,Mountain Province,Cordillera Administrative Region (CAR)
30627,92.9029541,121.31250205690112,17.087500579490523,Natonin,Mountain Province,Cordillera Administrative Region (CAR)
30628,95.60582733,121.337502057325,17.087500579490523,Natonin,Mountain Province,Cordillera Administrative Region (CAR)
30629,98.35102081,121.36250205774888,17.087500579490523,Natonin,Mountain Province,Cordillera Administrative Region (CAR)
30630,100.0557556,121.38750205817276,17.087500579490523,Natonin,Mountain Province,Cordillera Administrative Region (CAR)
30631,86.1089859,121.21250205520556,17.062500578642695,Natonin,Mountain Province,Cordillera Administrative Region (CAR)
30632,87.30571747,121.23750205562946,17.062500578642695,Natonin,Mountain Province,Cordillera Administrative Region (CAR)
30633,87.462677,121.26250205605332,17.062500578642695,Natonin,Mountain Province,Cordillera Administrative Region (CAR)
30634,88.25125885,121.28750205647722,17.062500578642695,Natonin,Mountain Province,Cordillera Administrative Region (CAR)
30635,93.83586121,121.31250205690112,17.062500578642695,Natonin,Mountain Province,Cordillera Administrative Region (CAR)
30636,98.51055908,121.337502057325,17.062500578642695,Natonin,Mountain Province,Cordillera Administrative Region (CAR)
30637,88.4383316,121.23750205562946,17.037500577794866,Natonin,Mountain Province,Cordillera Administrative Region (CAR)
30638,88.59561157,121.26250205605332,17.037500577794866,Natonin,Mountain Province,Cordillera Administrative Region (CAR)
30639,90.66680908,121.28750205647722,17.037500577794866,Natonin,Mountain Province,Cordillera Administrative Region (CAR)
30640,88.60678864,121.23750205562946,17.012500576947037,Natonin,Mountain Province,Cordillera Administrative Region (CAR)
30641,88.59264374,121.41250205859664,17.287500586273154,Paracelis,Mountain Province,Cordillera Administrative Region (CAR)
30642,88.74375153,121.43750205902055,17.287500586273154,Paracelis,Mountain Province,Cordillera Administrative Region (CAR)
30643,87.86814117,121.46250205944445,17.287500586273154,Paracelis,Mountain Province,Cordillera Administrative Region (CAR)
30644,87.41545105,121.48750205986832,17.287500586273154,Paracelis,Mountain Province,Cordillera Administrative Region (CAR)
30645,89.6228714,121.38750205817276,17.262500585425325,Paracelis,Mountain Province,Cordillera Administrative Region (CAR)
30646,90.43226624,121.41250205859664,17.262500585425325,Paracelis,Mountain Province,Cordillera Administrative Region (CAR)
30647,91.13579559,121.43750205902055,17.262500585425325,Paracelis,Mountain Province,Cordillera Administrative Region (CAR)
30648,90.76014709,121.46250205944445,17.262500585425325,Paracelis,Mountain Province,Cordillera Administrative Region (CAR)
30649,89.09806824,121.48750205986832,17.262500585425325,Paracelis,Mountain Province,Cordillera Administrative Region (CAR)
30650,88.59152985,121.5125020602922,17.262500585425325,Paracelis,Mountain Province,Cordillera Administrative Region (CAR)
30651,87.78217316,121.53750206071608,17.262500585425325,Paracelis,Mountain Province,Cordillera Administrative Region (CAR)
30652,88.79455566,121.337502057325,17.237500584577496,Paracelis,Mountain Province,Cordillera Administrative Region (CAR)
30653,88.9620285,121.36250205774888,17.237500584577496,Paracelis,Mountain Province,Cordillera Administrative Region (CAR)
30654,91.83230591,121.38750205817276,17.237500584577496,Paracelis,Mountain Province,Cordillera Administrative Region (CAR)
30655,92.70232391,121.41250205859664,17.237500584577496,Paracelis,Mountain Province,Cordillera Administrative Region (CAR)
30656,92.17182922,121.43750205902055,17.237500584577496,Paracelis,Mountain Province,Cordillera Administrative Region (CAR)
30657,91.7928009,121.46250205944445,17.237500584577496,Paracelis,Mountain Province,Cordillera Administrative Region (CAR)
30658,91.66999054,121.48750205986832,17.237500584577496,Paracelis,Mountain Province,Cordillera Administrative Region (CAR)
30659,91.1574707,121.5125020602922,17.237500584577496,Paracelis,Mountain Province,Cordillera Administrative Region (CAR)
30660,88.7671051,121.53750206071608,17.237500584577496,Paracelis,Mountain Province,Cordillera Administrative Region (CAR)
30661,89.6762619,121.337502057325,17.212500583729668,Paracelis,Mountain Province,Cordillera Administrative Region (CAR)
30662,92.00351715,121.36250205774888,17.212500583729668,Paracelis,Mountain Province,Cordillera Administrative Region (CAR)
30663,93.6414032,121.38750205817276,17.212500583729668,Paracelis,Mountain Province,Cordillera Administrative Region (CAR)
30664,94.48215485,121.41250205859664,17.212500583729668,Paracelis,Mountain Province,Cordillera Administrative Region (CAR)
30665,94.55833435,121.43750205902055,17.212500583729668,Paracelis,Mountain Province,Cordillera Administrative Region (CAR)
30666,93.74810028,121.46250205944445,17.212500583729668,Paracelis,Mountain Province,Cordillera Administrative Region (CAR)
30667,93.3376236,121.48750205986832,17.212500583729668,Paracelis,Mountain Province,Cordillera Administrative Region (CAR)
30668,92.97732544,121.5125020602922,17.212500583729668,Paracelis,Mountain Province,Cordillera Administrative Region (CAR)
30669,92.02511597,121.53750206071608,17.212500583729668,Paracelis,Mountain Province,Cordillera Administrative Region (CAR)
30670,93.94983673,121.36250205774888,17.18750058288184,Paracelis,Mountain Province,Cordillera Administrative Region (CAR)
30671,95.48110962,121.38750205817276,17.18750058288184,Paracelis,Mountain Province,Cordillera Administrative Region (CAR)
30672,96.38288879,121.41250205859664,17.18750058288184,Paracelis,Mountain Province,Cordillera Administrative Region (CAR)
30673,96.67021942,121.43750205902055,17.18750058288184,Paracelis,Mountain Province,Cordillera Administrative Region (CAR)
30674,95.7980957,121.46250205944445,17.18750058288184,Paracelis,Mountain Province,Cordillera Administrative Region (CAR)
30675,95.17958069,121.48750205986832,17.18750058288184,Paracelis,Mountain Province,Cordillera Administrative Region (CAR)
30676,94.83138275,121.5125020602922,17.18750058288184,Paracelis,Mountain Province,Cordillera Administrative Region (CAR)
30677,94.00485229,121.53750206071608,17.18750058288184,Paracelis,Mountain Province,Cordillera Administrative Region (CAR)
30678,93.65660858,121.36250205774888,17.16250058203401,Paracelis,Mountain Province,Cordillera Administrative Region (CAR)
30679,95.7135849,121.38750205817276,17.16250058203401,Paracelis,Mountain Province,Cordillera Administrative Region (CAR)
30680,96.79758453,121.41250205859664,17.16250058203401,Paracelis,Mountain Province,Cordillera Administrative Region (CAR)
30681,97.73789215,121.43750205902055,17.16250058203401,Paracelis,Mountain Province,Cordillera Administrative Region (CAR)
30682,97.20505524,121.46250205944445,17.16250058203401,Paracelis,Mountain Province,Cordillera Administrative Region (CAR)
30683,95.69584656,121.48750205986832,17.16250058203401,Paracelis,Mountain Province,Cordillera Administrative Region (CAR)
30684,95.219841,121.5125020602922,17.16250058203401,Paracelis,Mountain Province,Cordillera Administrative Region (CAR)
30685,94.15235901,121.53750206071608,17.16250058203401,Paracelis,Mountain Province,Cordillera Administrative Region (CAR)
30686,93.66139221,121.56250206113998,17.16250058203401,Paracelis,Mountain Province,Cordillera Administrative Region (CAR)
30687,98.41175079,121.38750205817276,17.13750058118618,Paracelis,Mountain Province,Cordillera Administrative Region (CAR)
30688,99.56672668,121.41250205859664,17.13750058118618,Paracelis,Mountain Province,Cordillera Administrative Region (CAR)
30689,99.40664673,121.43750205902055,17.13750058118618,Paracelis,Mountain Province,Cordillera Administrative Region (CAR)
30690,98.85702515,121.46250205944445,17.13750058118618,Paracelis,Mountain Province,Cordillera Administrative Region (CAR)
30691,98.79234314,121.48750205986832,17.13750058118618,Paracelis,Mountain Province,Cordillera Administrative Region (CAR)
30692,98.31577301,121.5125020602922,17.13750058118618,Paracelis,Mountain Province,Cordillera Administrative Region (CAR)
30693,95.79478455,121.53750206071608,17.13750058118618,Paracelis,Mountain Province,Cordillera Administrative Region (CAR)
30694,95.29921722,121.56250206113998,17.13750058118618,Paracelis,Mountain Province,Cordillera Administrative Region (CAR)
30695,99.59142303,121.38750205817276,17.112500580338352,Paracelis,Mountain Province,Cordillera Administrative Region (CAR)
30696,100.6314087,121.41250205859664,17.112500580338352,Paracelis,Mountain Province,Cordillera Administrative Region (CAR)
30697,100.8544083,121.43750205902055,17.112500580338352,Paracelis,Mountain Province,Cordillera Administrative Region (CAR)
30698,100.317833,121.46250205944445,17.112500580338352,Paracelis,Mountain Province,Cordillera Administrative Region (CAR)
30699,99.84252167,121.48750205986832,17.112500580338352,Paracelis,Mountain Province,Cordillera Administrative Region (CAR)
30700,99.49584198,121.5125020602922,17.112500580338352,Paracelis,Mountain Province,Cordillera Administrative Region (CAR)
30701,98.48695374,121.53750206071608,17.112500580338352,Paracelis,Mountain Province,Cordillera Administrative Region (CAR)
30702,95.6984024,121.56250206113998,17.112500580338352,Paracelis,Mountain Province,Cordillera Administrative Region (CAR)
30703,101.1122971,121.41250205859664,17.087500579490523,Paracelis,Mountain Province,Cordillera Administrative Region (CAR)
30704,101.4976883,121.43750205902055,17.087500579490523,Paracelis,Mountain Province,Cordillera Administrative Region (CAR)
30705,100.9593277,121.46250205944445,17.087500579490523,Paracelis,Mountain Province,Cordillera Administrative Region (CAR)
30706,100.3232803,121.48750205986832,17.087500579490523,Paracelis,Mountain Province,Cordillera Administrative Region (CAR)
30707,99.96746826,121.5125020602922,17.087500579490523,Paracelis,Mountain Province,Cordillera Administrative Region (CAR)
30708,99.09645844,121.53750206071608,17.087500579490523,Paracelis,Mountain Province,Cordillera Administrative Region (CAR)
30709,96.28871918,121.56250206113998,17.087500579490523,Paracelis,Mountain Province,Cordillera Administrative Region (CAR)
30710,104.2641525,120.91250205011892,17.012500576947037,Sabangan,Mountain Province,Cordillera Administrative Region (CAR)
30711,97.08096313,120.9375020505428,17.012500576947037,Sabangan,Mountain Province,Cordillera Administrative Region (CAR)
30712,102.2239304,120.91250205011892,16.987500576099208,Sabangan,Mountain Province,Cordillera Administrative Region (CAR)
30713,95.25772858,120.9375020505428,16.987500576099208,Sabangan,Mountain Province,Cordillera Administrative Region (CAR)
30714,82.80872345,120.96250205096668,16.987500576099208,Sabangan,Mountain Province,Cordillera Administrative Region (CAR)
30715,81.5863266,120.98750205139056,16.987500576099208,Sabangan,Mountain Province,Cordillera Administrative Region (CAR)
30716,99.85729218,120.91250205011892,16.96250057525138,Sabangan,Mountain Province,Cordillera Administrative Region (CAR)
30717,88.02638245,120.9375020505428,16.96250057525138,Sabangan,Mountain Province,Cordillera Administrative Region (CAR)
30718,85.26058197,120.96250205096668,16.96250057525138,Sabangan,Mountain Province,Cordillera Administrative Region (CAR)
30719,95.11846161,120.91250205011892,16.93750057440355,Sabangan,Mountain Province,Cordillera Administrative Region (CAR)
30720,86.12513733,120.9375020505428,16.93750057440355,Sabangan,Mountain Province,Cordillera Administrative Region (CAR)
30721,91.88204193,120.91250205011892,16.91250057355572,Sabangan,Mountain Province,Cordillera Administrative Region (CAR)
30722,87.31440735,120.9375020505428,16.91250057355572,Sabangan,Mountain Province,Cordillera Administrative Region (CAR)
30723,114.9517136,120.91250205011892,17.237500584577496,Sadanga,Mountain Province,Cordillera Administrative Region (CAR)
30724,99.77288818,120.9375020505428,17.237500584577496,Sadanga,Mountain Province,Cordillera Administrative Region (CAR)
30725,95.08596802,120.96250205096668,17.237500584577496,Sadanga,Mountain Province,Cordillera Administrative Region (CAR)
30726,88.39526367,120.98750205139056,17.237500584577496,Sadanga,Mountain Province,Cordillera Administrative Region (CAR)
30727,86.39116669,121.01250205181447,17.237500584577496,Sadanga,Mountain Province,Cordillera Administrative Region (CAR)
30728,113.0146179,120.91250205011892,17.212500583729668,Sadanga,Mountain Province,Cordillera Administrative Region (CAR)
30729,103.7080231,120.9375020505428,17.212500583729668,Sadanga,Mountain Province,Cordillera Administrative Region (CAR)
30730,88.98934937,120.96250205096668,17.212500583729668,Sadanga,Mountain Province,Cordillera Administrative Region (CAR)
30731,87.22716522,120.98750205139056,17.212500583729668,Sadanga,Mountain Province,Cordillera Administrative Region (CAR)
30732,86.52342987,121.01250205181447,17.212500583729668,Sadanga,Mountain Province,Cordillera Administrative Region (CAR)
30733,85.42867279,121.03750205223837,17.212500583729668,Sadanga,Mountain Province,Cordillera Administrative Region (CAR)
30734,76.46968079,121.06250205266224,17.212500583729668,Sadanga,Mountain Province,Cordillera Administrative Region (CAR)
30735,86.44400024,120.98750205139056,17.18750058288184,Sadanga,Mountain Province,Cordillera Administrative Region (CAR)
30736,86.19307709,121.01250205181447,17.18750058288184,Sadanga,Mountain Province,Cordillera Administrative Region (CAR)
30737,85.24684906,121.03750205223837,17.18750058288184,Sadanga,Mountain Province,Cordillera Administrative Region (CAR)
30738,76.33457947,121.06250205266224,17.18750058288184,Sadanga,Mountain Province,Cordillera Administrative Region (CAR)
30739,75.32415771,121.08750205308613,17.18750058288184,Sadanga,Mountain Province,Cordillera Administrative Region (CAR)
30740,85.59937286,121.01250205181447,17.16250058203401,Sadanga,Mountain Province,Cordillera Administrative Region (CAR)
30741,80.50863647,121.03750205223837,17.16250058203401,Sadanga,Mountain Province,Cordillera Administrative Region (CAR)
30742,79.772995,121.06250205266224,17.16250058203401,Sadanga,Mountain Province,Cordillera Administrative Region (CAR)
30743,75.49196625,121.08750205308613,17.16250058203401,Sadanga,Mountain Province,Cordillera Administrative Region (CAR)
30744,80.54019928,121.03750205223837,17.13750058118618,Sadanga,Mountain Province,Cordillera Administrative Region (CAR)
30745,79.80275726,121.06250205266224,17.13750058118618,Sadanga,Mountain Province,Cordillera Administrative Region (CAR)
30746,75.79999542,121.08750205308613,17.13750058118618,Sadanga,Mountain Province,Cordillera Administrative Region (CAR)
30747,76.73020935,121.06250205266224,17.112500580338352,Sadanga,Mountain Province,Cordillera Administrative Region (CAR)
30748,75.83482361,121.08750205308613,17.112500580338352,Sadanga,Mountain Province,Cordillera Administrative Region (CAR)
30749,113.5193481,120.88750204969504,17.16250058203401,Sagada,Mountain Province,Cordillera Administrative Region (CAR)
30750,112.2497101,120.88750204969504,17.13750058118618,Sagada,Mountain Province,Cordillera Administrative Region (CAR)
30751,111.0744705,120.88750204969504,17.112500580338352,Sagada,Mountain Province,Cordillera Administrative Region (CAR)
30752,108.5306168,120.91250205011892,17.112500580338352,Sagada,Mountain Province,Cordillera Administrative Region (CAR)
30753,110.778862,120.88750204969504,17.087500579490523,Sagada,Mountain Province,Cordillera Administrative Region (CAR)
30754,108.2840042,120.91250205011892,17.087500579490523,Sagada,Mountain Province,Cordillera Administrative Region (CAR)
30755,100.768158,120.9375020505428,17.087500579490523,Sagada,Mountain Province,Cordillera Administrative Region (CAR)
30756,110.7252808,120.88750204969504,17.062500578642695,Sagada,Mountain Province,Cordillera Administrative Region (CAR)
30757,107.2679672,120.91250205011892,17.062500578642695,Sagada,Mountain Province,Cordillera Administrative Region (CAR)
30758,104.4410858,120.91250205011892,17.037500577794866,Sagada,Mountain Province,Cordillera Administrative Region (CAR)
30759,133.8734436,120.78750204799948,17.062500578642695,Tadian,Mountain Province,Cordillera Administrative Region (CAR)
30760,131.5351563,120.81250204842338,17.062500578642695,Tadian,Mountain Province,Cordillera Administrative Region (CAR)
30761,131.5396271,120.78750204799948,17.037500577794866,Tadian,Mountain Province,Cordillera Administrative Region (CAR)
30762,129.1386414,120.81250204842338,17.037500577794866,Tadian,Mountain Province,Cordillera Administrative Region (CAR)
30763,126.7613907,120.83750204884724,17.037500577794866,Tadian,Mountain Province,Cordillera Administrative Region (CAR)
30764,131.0406494,120.78750204799948,17.012500576947037,Tadian,Mountain Province,Cordillera Administrative Region (CAR)
30765,128.6784363,120.81250204842338,17.012500576947037,Tadian,Mountain Province,Cordillera Administrative Region (CAR)
30766,128.3421631,120.83750204884724,17.012500576947037,Tadian,Mountain Province,Cordillera Administrative Region (CAR)
30767,128.9255981,120.78750204799948,16.987500576099208,Tadian,Mountain Province,Cordillera Administrative Region (CAR)
30768,126.3775864,120.81250204842338,16.987500576099208,Tadian,Mountain Province,Cordillera Administrative Region (CAR)
30769,125.6519699,120.83750204884724,16.987500576099208,Tadian,Mountain Province,Cordillera Administrative Region (CAR)
30770,127.045311,120.78750204799948,16.96250057525138,Tadian,Mountain Province,Cordillera Administrative Region (CAR)
30771,124.063057,120.81250204842338,16.96250057525138,Tadian,Mountain Province,Cordillera Administrative Region (CAR)
30772,124.6801605,120.78750204799948,16.93750057440355,Tadian,Mountain Province,Cordillera Administrative Region (CAR)
30773,121.4643326,120.81250204842338,16.93750057440355,Tadian,Mountain Province,Cordillera Administrative Region (CAR)
30774,117.4598541,120.83750204884724,16.93750057440355,Tadian,Mountain Province,Cordillera Administrative Region (CAR)
30775,117.5635452,120.81250204842338,16.91250057355572,Tadian,Mountain Province,Cordillera Administrative Region (CAR)
30776,116.5994186,120.83750204884724,16.91250057355572,Tadian,Mountain Province,Cordillera Administrative Region (CAR)
