unique id,value,lon,lat,municipality name,province name,region
12517,90.77961731,122.41250207555214,11.537500391272523,Altavas,Aklan,Region VI (Western Visayas)
12518,96.00375366,122.43750207597601,11.537500391272523,Altavas,Aklan,Region VI (Western Visayas)
12519,97.55612183,122.46250207639991,11.537500391272523,Altavas,Aklan,Region VI (Western Visayas)
12520,98.80487061,122.4875020768238,11.537500391272523,Altavas,Aklan,Region VI (Western Visayas)
12521,88.52094269,122.41250207555214,11.512500390424696,Altavas,Aklan,Region VI (Western Visayas)
12522,92.37471771,122.43750207597601,11.512500390424696,Altavas,Aklan,Region VI (Western Visayas)
12523,97.07920837,122.46250207639991,11.512500390424696,Altavas,Aklan,Region VI (Western Visayas)
12524,97.51511383,122.4875020768238,11.512500390424696,Altavas,Aklan,Region VI (Western Visayas)
12525,99.15100098,122.5125020772477,11.512500390424696,Altavas,Aklan,Region VI (Western Visayas)
12526,86.32032776,122.41250207555214,11.487500389576866,Altavas,Aklan,Region VI (Western Visayas)
12527,90.53528595,122.43750207597601,11.487500389576866,Altavas,Aklan,Region VI (Western Visayas)
12528,95.4654541,122.46250207639991,11.487500389576866,Altavas,Aklan,Region VI (Western Visayas)
12529,96.05743408,122.4875020768238,11.487500389576866,Altavas,Aklan,Region VI (Western Visayas)
12530,96.23699951,122.36250207470437,11.61250039381601,Balete,Aklan,Region VI (Western Visayas)
12531,93.88450623,122.36250207470437,11.587500392968185,Balete,Aklan,Region VI (Western Visayas)
12532,94.40198517,122.38750207512824,11.587500392968185,Balete,Aklan,Region VI (Western Visayas)
12533,90.24567413,122.36250207470437,11.562500392120352,Balete,Aklan,Region VI (Western Visayas)
12534,92.25775146,122.38750207512824,11.562500392120352,Balete,Aklan,Region VI (Western Visayas)
12535,93.00424957,122.41250207555214,11.562500392120352,Balete,Aklan,Region VI (Western Visayas)
12536,89.06268311,122.33750207428048,11.537500391272523,Balete,Aklan,Region VI (Western Visayas)
12537,89.23144531,122.36250207470437,11.537500391272523,Balete,Aklan,Region VI (Western Visayas)
12538,89.99414063,122.38750207512824,11.537500391272523,Balete,Aklan,Region VI (Western Visayas)
12539,87.52940369,122.36250207470437,11.512500390424696,Balete,Aklan,Region VI (Western Visayas)
12540,87.93621063,122.38750207512824,11.512500390424696,Balete,Aklan,Region VI (Western Visayas)
12541,85.11057281,122.36250207470437,11.487500389576866,Balete,Aklan,Region VI (Western Visayas)
12542,85.70163727,122.38750207512824,11.487500389576866,Balete,Aklan,Region VI (Western Visayas)
12543,83.08338165,122.36250207470437,11.462500388729037,Balete,Aklan,Region VI (Western Visayas)
12544,85.20102692,122.38750207512824,11.462500388729037,Balete,Aklan,Region VI (Western Visayas)
12545,81.44280243,122.36250207470437,11.437500387881208,Balete,Aklan,Region VI (Western Visayas)
12546,98.12472534,122.33750207428048,11.662500395511668,Banga,Aklan,Region VI (Western Visayas)
12547,96.2735672,122.33750207428048,11.63750039466384,Banga,Aklan,Region VI (Western Visayas)
12548,96.41593933,122.36250207470437,11.63750039466384,Banga,Aklan,Region VI (Western Visayas)
12549,94.14255524,122.3125020738566,11.61250039381601,Banga,Aklan,Region VI (Western Visayas)
12550,94.41236115,122.33750207428048,11.61250039381601,Banga,Aklan,Region VI (Western Visayas)
12551,91.98661804,122.3125020738566,11.587500392968185,Banga,Aklan,Region VI (Western Visayas)
12552,92.06789398,122.33750207428048,11.587500392968185,Banga,Aklan,Region VI (Western Visayas)
12553,89.98030853,122.3125020738566,11.562500392120352,Banga,Aklan,Region VI (Western Visayas)
12554,90.07672882,122.33750207428048,11.562500392120352,Banga,Aklan,Region VI (Western Visayas)
12555,87.51305389,122.3125020738566,11.537500391272523,Banga,Aklan,Region VI (Western Visayas)
12556,96.55096436,122.38750207512824,11.61250039381601,Batan,Aklan,Region VI (Western Visayas)
12557,94.92436218,122.41250207555214,11.587500392968185,Batan,Aklan,Region VI (Western Visayas)
12558,97.71446991,122.43750207597601,11.587500392968185,Batan,Aklan,Region VI (Western Visayas)
12559,101.3502121,122.46250207639991,11.587500392968185,Batan,Aklan,Region VI (Western Visayas)
12560,103.0703812,122.5125020772477,11.587500392968185,Batan,Aklan,Region VI (Western Visayas)
12561,96.78105164,122.43750207597601,11.562500392120352,Batan,Aklan,Region VI (Western Visayas)
12562,102.0330124,122.5125020772477,11.562500392120352,Batan,Aklan,Region VI (Western Visayas)
12563,103.2976227,122.53750207767156,11.562500392120352,Batan,Aklan,Region VI (Western Visayas)
12564,103.4723587,122.56250207809546,11.562500392120352,Batan,Aklan,Region VI (Western Visayas)
12565,100.4753723,122.5125020772477,11.537500391272523,Batan,Aklan,Region VI (Western Visayas)
12566,102.8431854,122.53750207767156,11.537500391272523,Batan,Aklan,Region VI (Western Visayas)
12567,111.460907,121.88750206665053,11.887500403142123,Buruanga,Aklan,Region VI (Western Visayas)
12568,110.7916794,121.88750206665053,11.862500402294298,Buruanga,Aklan,Region VI (Western Visayas)
12569,110.4836807,121.9125020670744,11.862500402294298,Buruanga,Aklan,Region VI (Western Visayas)
12570,111.8062134,121.88750206665053,11.837500401446468,Buruanga,Aklan,Region VI (Western Visayas)
12571,111.4994965,121.9125020670744,11.837500401446468,Buruanga,Aklan,Region VI (Western Visayas)
12572,110.4018555,121.93750206749829,11.837500401446468,Buruanga,Aklan,Region VI (Western Visayas)
12573,110.3158646,121.96250206792216,11.837500401446468,Buruanga,Aklan,Region VI (Western Visayas)
12574,109.8951569,121.98750206834606,11.837500401446468,Buruanga,Aklan,Region VI (Western Visayas)
12575,111.2061462,121.88750206665053,11.81250040059864,Buruanga,Aklan,Region VI (Western Visayas)
12576,110.9132767,121.9125020670744,11.81250040059864,Buruanga,Aklan,Region VI (Western Visayas)
12577,106.367569,122.11250207046548,11.81250040059864,Ibajay,Aklan,Region VI (Western Visayas)
12578,106.320816,122.13750207088938,11.81250040059864,Ibajay,Aklan,Region VI (Western Visayas)
12579,105.3149719,122.16250207131328,11.81250040059864,Ibajay,Aklan,Region VI (Western Visayas)
12580,105.0572891,122.11250207046548,11.787500399750812,Ibajay,Aklan,Region VI (Western Visayas)
12581,104.7890625,122.13750207088938,11.787500399750812,Ibajay,Aklan,Region VI (Western Visayas)
12582,103.6941986,122.16250207131328,11.787500399750812,Ibajay,Aklan,Region VI (Western Visayas)
12583,103.7132568,122.18750207173716,11.787500399750812,Ibajay,Aklan,Region VI (Western Visayas)
12584,103.726326,122.21250207216104,11.787500399750812,Ibajay,Aklan,Region VI (Western Visayas)
12585,103.1500855,122.16250207131328,11.762500398902985,Ibajay,Aklan,Region VI (Western Visayas)
12586,103.2639465,122.18750207173716,11.762500398902985,Ibajay,Aklan,Region VI (Western Visayas)
12587,100.3459625,122.18750207173716,11.737500398055154,Ibajay,Aklan,Region VI (Western Visayas)
12588,99.42667389,122.18750207173716,11.712500397207323,Ibajay,Aklan,Region VI (Western Visayas)
12589,99.12418365,122.18750207173716,11.687500396359496,Ibajay,Aklan,Region VI (Western Visayas)
12590,98.88692474,122.16250207131328,11.662500395511668,Ibajay,Aklan,Region VI (Western Visayas)
12591,97.68458557,122.18750207173716,11.662500395511668,Ibajay,Aklan,Region VI (Western Visayas)
12592,97.23480988,122.21250207216104,11.662500395511668,Ibajay,Aklan,Region VI (Western Visayas)
12593,97.36145782,122.16250207131328,11.63750039466384,Ibajay,Aklan,Region VI (Western Visayas)
12594,94.83706665,122.18750207173716,11.63750039466384,Ibajay,Aklan,Region VI (Western Visayas)
12595,101.6194763,122.36250207470437,11.712500397207323,Kalibo (Capital),Aklan,Region VI (Western Visayas)
12596,101.8141403,122.38750207512824,11.712500397207323,Kalibo (Capital),Aklan,Region VI (Western Visayas)
12597,100.9075394,122.36250207470437,11.687500396359496,Kalibo (Capital),Aklan,Region VI (Western Visayas)
12598,101.316597,122.38750207512824,11.687500396359496,Kalibo (Capital),Aklan,Region VI (Western Visayas)
12599,100.0117493,122.38750207512824,11.662500395511668,Kalibo (Capital),Aklan,Region VI (Western Visayas)
12600,99.36016083,122.3125020738566,11.687500396359496,Lezo,Aklan,Region VI (Western Visayas)
12601,99.43850708,122.33750207428048,11.687500396359496,Lezo,Aklan,Region VI (Western Visayas)
12602,98.1350708,122.3125020738566,11.662500395511668,Lezo,Aklan,Region VI (Western Visayas)
12603,85.57719421,122.33750207428048,11.512500390424696,Libacao,Aklan,Region VI (Western Visayas)
12604,82.08821869,122.2875020734327,11.487500389576866,Libacao,Aklan,Region VI (Western Visayas)
12605,83.15904236,122.3125020738566,11.487500389576866,Libacao,Aklan,Region VI (Western Visayas)
12606,83.19291687,122.33750207428048,11.487500389576866,Libacao,Aklan,Region VI (Western Visayas)
12607,81.70205688,122.2875020734327,11.462500388729037,Libacao,Aklan,Region VI (Western Visayas)
12608,82.79293823,122.3125020738566,11.462500388729037,Libacao,Aklan,Region VI (Western Visayas)
12609,82.91449738,122.33750207428048,11.462500388729037,Libacao,Aklan,Region VI (Western Visayas)
12610,77.7767334,122.2625020730088,11.437500387881208,Libacao,Aklan,Region VI (Western Visayas)
12611,78.71408081,122.2875020734327,11.437500387881208,Libacao,Aklan,Region VI (Western Visayas)
12612,79.87349701,122.3125020738566,11.437500387881208,Libacao,Aklan,Region VI (Western Visayas)
12613,81.2759552,122.33750207428048,11.437500387881208,Libacao,Aklan,Region VI (Western Visayas)
12614,75.06227112,122.2625020730088,11.41250038703338,Libacao,Aklan,Region VI (Western Visayas)
12615,77.4318161,122.2875020734327,11.41250038703338,Libacao,Aklan,Region VI (Western Visayas)
12616,78.65736389,122.3125020738566,11.41250038703338,Libacao,Aklan,Region VI (Western Visayas)
12617,78.86904144,122.33750207428048,11.41250038703338,Libacao,Aklan,Region VI (Western Visayas)
12618,74.45508575,122.2625020730088,11.38750038618555,Libacao,Aklan,Region VI (Western Visayas)
12619,77.01942444,122.2875020734327,11.38750038618555,Libacao,Aklan,Region VI (Western Visayas)
12620,78.33481598,122.3125020738566,11.38750038618555,Libacao,Aklan,Region VI (Western Visayas)
12621,73.77432251,122.2625020730088,11.362500385337722,Libacao,Aklan,Region VI (Western Visayas)
12622,75.90109253,122.2875020734327,11.362500385337722,Libacao,Aklan,Region VI (Western Visayas)
12623,77.46536255,122.3125020738566,11.362500385337722,Libacao,Aklan,Region VI (Western Visayas)
12624,73.43389893,122.23750207258492,11.337500384489893,Libacao,Aklan,Region VI (Western Visayas)
12625,73.10171509,122.2625020730088,11.337500384489893,Libacao,Aklan,Region VI (Western Visayas)
12626,79.45085144,122.21250207216104,11.312500383642064,Libacao,Aklan,Region VI (Western Visayas)
12627,88.98360443,122.2875020734327,11.562500392120352,Madalag,Aklan,Region VI (Western Visayas)
12628,88.31582642,122.18750207173716,11.537500391272523,Madalag,Aklan,Region VI (Western Visayas)
12629,87.65729523,122.21250207216104,11.537500391272523,Madalag,Aklan,Region VI (Western Visayas)
12630,86.18382263,122.23750207258492,11.537500391272523,Madalag,Aklan,Region VI (Western Visayas)
12631,86.02626801,122.2625020730088,11.537500391272523,Madalag,Aklan,Region VI (Western Visayas)
12632,86.54914093,122.2875020734327,11.537500391272523,Madalag,Aklan,Region VI (Western Visayas)
12633,86.49594116,122.16250207131328,11.512500390424696,Madalag,Aklan,Region VI (Western Visayas)
12634,85.62906647,122.18750207173716,11.512500390424696,Madalag,Aklan,Region VI (Western Visayas)
12635,85.38860321,122.21250207216104,11.512500390424696,Madalag,Aklan,Region VI (Western Visayas)
12636,84.92376709,122.23750207258492,11.512500390424696,Madalag,Aklan,Region VI (Western Visayas)
12637,82.50812531,122.2625020730088,11.512500390424696,Madalag,Aklan,Region VI (Western Visayas)
12638,84.3635025,122.2875020734327,11.512500390424696,Madalag,Aklan,Region VI (Western Visayas)
12639,85.35148621,122.3125020738566,11.512500390424696,Madalag,Aklan,Region VI (Western Visayas)
12640,90.2432785,122.13750207088938,11.487500389576866,Madalag,Aklan,Region VI (Western Visayas)
12641,84.066185,122.16250207131328,11.487500389576866,Madalag,Aklan,Region VI (Western Visayas)
12642,83.1341095,122.18750207173716,11.487500389576866,Madalag,Aklan,Region VI (Western Visayas)
12643,82.88486481,122.21250207216104,11.487500389576866,Madalag,Aklan,Region VI (Western Visayas)
12644,82.28746033,122.23750207258492,11.487500389576866,Madalag,Aklan,Region VI (Western Visayas)
12645,79.85092926,122.2625020730088,11.487500389576866,Madalag,Aklan,Region VI (Western Visayas)
12646,86.70501709,122.16250207131328,11.462500388729037,Madalag,Aklan,Region VI (Western Visayas)
12647,83.27177429,122.18750207173716,11.462500388729037,Madalag,Aklan,Region VI (Western Visayas)
12648,82.46296692,122.21250207216104,11.462500388729037,Madalag,Aklan,Region VI (Western Visayas)
12649,80.03437805,122.23750207258492,11.462500388729037,Madalag,Aklan,Region VI (Western Visayas)
12650,79.77051544,122.2625020730088,11.462500388729037,Madalag,Aklan,Region VI (Western Visayas)
12651,81.29538727,122.18750207173716,11.437500387881208,Madalag,Aklan,Region VI (Western Visayas)
12652,80.37862396,122.21250207216104,11.437500387881208,Madalag,Aklan,Region VI (Western Visayas)
12653,78.03678131,122.23750207258492,11.437500387881208,Madalag,Aklan,Region VI (Western Visayas)
12654,79.72320557,122.18750207173716,11.41250038703338,Madalag,Aklan,Region VI (Western Visayas)
12655,79.23112488,122.21250207216104,11.41250038703338,Madalag,Aklan,Region VI (Western Visayas)
12656,78.48694611,122.23750207258492,11.41250038703338,Madalag,Aklan,Region VI (Western Visayas)
12657,78.95957947,122.21250207216104,11.38750038618555,Madalag,Aklan,Region VI (Western Visayas)
12658,77.94078064,122.23750207258492,11.38750038618555,Madalag,Aklan,Region VI (Western Visayas)
12659,77.4407196,122.21250207216104,11.362500385337722,Madalag,Aklan,Region VI (Western Visayas)
12660,74.11061096,122.23750207258492,11.362500385337722,Madalag,Aklan,Region VI (Western Visayas)
12661,79.81361389,122.18750207173716,11.337500384489893,Madalag,Aklan,Region VI (Western Visayas)
12662,78.34522247,122.21250207216104,11.337500384489893,Madalag,Aklan,Region VI (Western Visayas)
12663,100.4553986,122.2625020730088,11.737500398055154,Makato,Aklan,Region VI (Western Visayas)
12664,100.4430084,122.2875020734327,11.737500398055154,Makato,Aklan,Region VI (Western Visayas)
12665,100.9411011,122.3125020738566,11.737500398055154,Makato,Aklan,Region VI (Western Visayas)
12666,98.8500061,122.2625020730088,11.712500397207323,Makato,Aklan,Region VI (Western Visayas)
12667,99.46577454,122.2875020734327,11.712500397207323,Makato,Aklan,Region VI (Western Visayas)
12668,99.91553497,122.3125020738566,11.712500397207323,Makato,Aklan,Region VI (Western Visayas)
12669,98.10299683,122.2625020730088,11.687500396359496,Makato,Aklan,Region VI (Western Visayas)
12670,98.90723419,122.2875020734327,11.687500396359496,Makato,Aklan,Region VI (Western Visayas)
12671,112.6434708,121.9125020670744,11.987500406533442,Malay,Aklan,Region VI (Western Visayas)
12672,111.784996,121.93750206749829,11.912500403989956,Malay,Aklan,Region VI (Western Visayas)
12673,111.0116196,121.96250206792216,11.912500403989956,Malay,Aklan,Region VI (Western Visayas)
12674,111.240448,121.9125020670744,11.887500403142123,Malay,Aklan,Region VI (Western Visayas)
12675,111.0829773,121.93750206749829,11.887500403142123,Malay,Aklan,Region VI (Western Visayas)
12676,110.2871704,121.96250206792216,11.887500403142123,Malay,Aklan,Region VI (Western Visayas)
12677,109.9960785,121.93750206749829,11.862500402294298,Malay,Aklan,Region VI (Western Visayas)
12678,109.9100266,121.96250206792216,11.862500402294298,Malay,Aklan,Region VI (Western Visayas)
12679,109.4163895,121.98750206834606,11.862500402294298,Malay,Aklan,Region VI (Western Visayas)
12680,95.98475647,122.23750207258492,11.662500395511668,Malinao,Aklan,Region VI (Western Visayas)
12681,95.9177475,122.2625020730088,11.662500395511668,Malinao,Aklan,Region VI (Western Visayas)
12682,97.50968933,122.2875020734327,11.662500395511668,Malinao,Aklan,Region VI (Western Visayas)
12683,94.37103271,122.21250207216104,11.63750039466384,Malinao,Aklan,Region VI (Western Visayas)
12684,93.84025574,122.23750207258492,11.63750039466384,Malinao,Aklan,Region VI (Western Visayas)
12685,93.7740097,122.2625020730088,11.63750039466384,Malinao,Aklan,Region VI (Western Visayas)
12686,93.93961334,122.2875020734327,11.63750039466384,Malinao,Aklan,Region VI (Western Visayas)
12687,94.64738464,122.3125020738566,11.63750039466384,Malinao,Aklan,Region VI (Western Visayas)
12688,95.0951767,122.16250207131328,11.61250039381601,Malinao,Aklan,Region VI (Western Visayas)
12689,94.51406097,122.18750207173716,11.61250039381601,Malinao,Aklan,Region VI (Western Visayas)
12690,94.16213989,122.21250207216104,11.61250039381601,Malinao,Aklan,Region VI (Western Visayas)
12691,93.82091522,122.23750207258492,11.61250039381601,Malinao,Aklan,Region VI (Western Visayas)
12692,92.51758575,122.2625020730088,11.61250039381601,Malinao,Aklan,Region VI (Western Visayas)
12693,93.51432037,122.2875020734327,11.61250039381601,Malinao,Aklan,Region VI (Western Visayas)
12694,92.48421478,122.16250207131328,11.587500392968185,Malinao,Aklan,Region VI (Western Visayas)
12695,91.86930847,122.18750207173716,11.587500392968185,Malinao,Aklan,Region VI (Western Visayas)
12696,91.55935669,122.21250207216104,11.587500392968185,Malinao,Aklan,Region VI (Western Visayas)
12697,91.05272675,122.23750207258492,11.587500392968185,Malinao,Aklan,Region VI (Western Visayas)
12698,89.70861053,122.2625020730088,11.587500392968185,Malinao,Aklan,Region VI (Western Visayas)
12699,91.21224213,122.2875020734327,11.587500392968185,Malinao,Aklan,Region VI (Western Visayas)
12700,91.71881866,122.16250207131328,11.562500392120352,Malinao,Aklan,Region VI (Western Visayas)
12701,89.41702271,122.18750207173716,11.562500392120352,Malinao,Aklan,Region VI (Western Visayas)
12702,88.89735413,122.21250207216104,11.562500392120352,Malinao,Aklan,Region VI (Western Visayas)
12703,87.08522797,122.23750207258492,11.562500392120352,Malinao,Aklan,Region VI (Western Visayas)
12704,86.92766571,122.2625020730088,11.562500392120352,Malinao,Aklan,Region VI (Western Visayas)
12705,91.6916275,122.16250207131328,11.537500391272523,Malinao,Aklan,Region VI (Western Visayas)
12706,110.926857,121.98750206834606,11.912500403989956,Nabas,Aklan,Region VI (Western Visayas)
12707,110.1579285,121.98750206834606,11.887500403142123,Nabas,Aklan,Region VI (Western Visayas)
12708,110.0014877,122.01250206876993,11.887500403142123,Nabas,Aklan,Region VI (Western Visayas)
12709,109.1584625,122.01250206876993,11.862500402294298,Nabas,Aklan,Region VI (Western Visayas)
12710,108.6482468,122.03750206919383,11.862500402294298,Nabas,Aklan,Region VI (Western Visayas)
12711,109.5682068,122.01250206876993,11.837500401446468,Nabas,Aklan,Region VI (Western Visayas)
12712,108.5924988,122.03750206919383,11.837500401446468,Nabas,Aklan,Region VI (Western Visayas)
12713,108.7100449,122.06250206961772,11.837500401446468,Nabas,Aklan,Region VI (Western Visayas)
12714,108.5450134,122.03750206919383,11.81250040059864,Nabas,Aklan,Region VI (Western Visayas)
12715,106.8552017,122.06250206961772,11.81250040059864,Nabas,Aklan,Region VI (Western Visayas)
12716,106.6516571,122.08750207004162,11.81250040059864,Nabas,Aklan,Region VI (Western Visayas)
12717,105.5300446,122.08750207004162,11.787500399750812,Nabas,Aklan,Region VI (Western Visayas)
12718,98.26847076,122.36250207470437,11.662500395511668,New Washington,Aklan,Region VI (Western Visayas)
12719,100.5956116,122.41250207555214,11.662500395511668,New Washington,Aklan,Region VI (Western Visayas)
12720,96.88269043,122.38750207512824,11.63750039466384,New Washington,Aklan,Region VI (Western Visayas)
12721,101.5569916,122.43750207597601,11.63750039466384,New Washington,Aklan,Region VI (Western Visayas)
12722,97.03144836,122.41250207555214,11.61250039381601,New Washington,Aklan,Region VI (Western Visayas)
12723,99.51127625,122.43750207597601,11.61250039381601,New Washington,Aklan,Region VI (Western Visayas)
12724,103.2211456,122.4875020768238,11.61250039381601,New Washington,Aklan,Region VI (Western Visayas)
12725,102.5383072,122.36250207470437,11.737500398055154,Numancia,Aklan,Region VI (Western Visayas)
12726,100.1782608,122.33750207428048,11.712500397207323,Numancia,Aklan,Region VI (Western Visayas)
12727,103.5923309,122.23750207258492,11.787500399750812,Tangalan,Aklan,Region VI (Western Visayas)
12728,103.186554,122.21250207216104,11.762500398902985,Tangalan,Aklan,Region VI (Western Visayas)
12729,102.2625351,122.23750207258492,11.762500398902985,Tangalan,Aklan,Region VI (Western Visayas)
12730,102.2728729,122.2625020730088,11.762500398902985,Tangalan,Aklan,Region VI (Western Visayas)
12731,100.1837769,122.21250207216104,11.737500398055154,Tangalan,Aklan,Region VI (Western Visayas)
12732,100.4451294,122.23750207258492,11.737500398055154,Tangalan,Aklan,Region VI (Western Visayas)
12733,99.26059723,122.21250207216104,11.712500397207323,Tangalan,Aklan,Region VI (Western Visayas)
12734,99.15507507,122.23750207258492,11.712500397207323,Tangalan,Aklan,Region VI (Western Visayas)
12735,98.82323456,122.21250207216104,11.687500396359496,Tangalan,Aklan,Region VI (Western Visayas)
12736,98.46474457,122.23750207258492,11.687500396359496,Tangalan,Aklan,Region VI (Western Visayas)
