unique id,value,lon,lat,municipality name,province name,region
12737,123.41008,121.93750206749829,10.462500354815884,Anini-y,Antique,Region VI (Western Visayas)
12738,123.3596497,121.96250206792216,10.462500354815884,Anini-y,Antique,Region VI (Western Visayas)
12739,123.7419815,121.98750206834606,10.462500354815884,Anini-y,Antique,Region VI (Western Visayas)
12740,123.4590759,122.01250206876993,10.462500354815884,Anini-y,Antique,Region VI (Western Visayas)
12741,123.2497101,121.93750206749829,10.437500353968057,Anini-y,Antique,Region VI (Western Visayas)
12742,123.1989822,121.96250206792216,10.437500353968057,Anini-y,Antique,Region VI (Western Visayas)
12743,122.3711014,121.98750206834606,10.437500353968057,Anini-y,Antique,Region VI (Western Visayas)
12744,83.80197906,122.16250207131328,11.337500384489893,Barbaza,Antique,Region VI (Western Visayas)
12745,90.60034943,122.13750207088938,11.312500383642064,Barbaza,Antique,Region VI (Western Visayas)
12746,81.76331329,122.16250207131328,11.312500383642064,Barbaza,Antique,Region VI (Western Visayas)
12747,80.30252075,122.18750207173716,11.312500383642064,Barbaza,Antique,Region VI (Western Visayas)
12748,93.36460876,122.11250207046548,11.287500382794237,Barbaza,Antique,Region VI (Western Visayas)
12749,91.09899902,122.13750207088938,11.287500382794237,Barbaza,Antique,Region VI (Western Visayas)
12750,82.23677826,122.16250207131328,11.287500382794237,Barbaza,Antique,Region VI (Western Visayas)
12751,80.30508423,122.18750207173716,11.287500382794237,Barbaza,Antique,Region VI (Western Visayas)
12752,94.54917145,122.08750207004162,11.262500381946406,Barbaza,Antique,Region VI (Western Visayas)
12753,93.29574585,122.11250207046548,11.262500381946406,Barbaza,Antique,Region VI (Western Visayas)
12754,88.72462463,122.13750207088938,11.262500381946406,Barbaza,Antique,Region VI (Western Visayas)
12755,87.20791626,122.16250207131328,11.262500381946406,Barbaza,Antique,Region VI (Western Visayas)
12756,80.50083923,122.18750207173716,11.262500381946406,Barbaza,Antique,Region VI (Western Visayas)
12757,101.6539917,122.06250206961772,11.237500381098576,Barbaza,Antique,Region VI (Western Visayas)
12758,98.2134552,122.08750207004162,11.237500381098576,Barbaza,Antique,Region VI (Western Visayas)
12759,97.16494751,122.11250207046548,11.237500381098576,Barbaza,Antique,Region VI (Western Visayas)
12760,90.84860229,122.13750207088938,11.237500381098576,Barbaza,Antique,Region VI (Western Visayas)
12761,103.0425415,122.06250206961772,11.212500380250749,Barbaza,Antique,Region VI (Western Visayas)
12762,99.87608337,122.08750207004162,11.212500380250749,Barbaza,Antique,Region VI (Western Visayas)
12763,99.24480438,122.11250207046548,11.212500380250749,Barbaza,Antique,Region VI (Western Visayas)
12764,110.9414749,122.03750206919383,11.18750037940292,Barbaza,Antique,Region VI (Western Visayas)
12765,104.6717835,122.06250206961772,11.18750037940292,Barbaza,Antique,Region VI (Western Visayas)
12766,101.7661591,122.08750207004162,11.18750037940292,Barbaza,Antique,Region VI (Western Visayas)
12767,118.7242737,121.98750206834606,10.862500368381143,Belison,Antique,Region VI (Western Visayas)
12768,119.2690735,122.01250206876993,10.862500368381143,Belison,Antique,Region VI (Western Visayas)
12769,118.6062851,121.96250206792216,10.837500367533316,Belison,Antique,Region VI (Western Visayas)
12770,91.02750397,122.16250207131328,11.18750037940292,Bugasong,Antique,Region VI (Western Visayas)
12771,89.10587311,122.18750207173716,11.18750037940292,Bugasong,Antique,Region VI (Western Visayas)
12772,96.82346344,122.16250207131328,11.162500378555087,Bugasong,Antique,Region VI (Western Visayas)
12773,90.4587326,122.18750207173716,11.162500378555087,Bugasong,Antique,Region VI (Western Visayas)
12774,88.66473389,122.21250207216104,11.162500378555087,Bugasong,Antique,Region VI (Western Visayas)
12775,99.33457947,122.16250207131328,11.137500377707262,Bugasong,Antique,Region VI (Western Visayas)
12776,96.20624542,122.18750207173716,11.137500377707262,Bugasong,Antique,Region VI (Western Visayas)
12777,94.41437531,122.21250207216104,11.137500377707262,Bugasong,Antique,Region VI (Western Visayas)
12778,104.5699692,122.13750207088938,11.112500376859431,Bugasong,Antique,Region VI (Western Visayas)
12779,98.86846924,122.16250207131328,11.112500376859431,Bugasong,Antique,Region VI (Western Visayas)
12780,107.5765457,122.11250207046548,11.087500376011604,Bugasong,Antique,Region VI (Western Visayas)
12781,105.1207733,122.13750207088938,11.087500376011604,Bugasong,Antique,Region VI (Western Visayas)
12782,99.54883575,122.16250207131328,11.087500376011604,Bugasong,Antique,Region VI (Western Visayas)
12783,111.1372833,122.06250206961772,11.062500375163776,Bugasong,Antique,Region VI (Western Visayas)
12784,109.1753998,122.08750207004162,11.062500375163776,Bugasong,Antique,Region VI (Western Visayas)
12785,109.1982498,122.11250207046548,11.062500375163776,Bugasong,Antique,Region VI (Western Visayas)
12786,106.2518539,122.13750207088938,11.062500375163776,Bugasong,Antique,Region VI (Western Visayas)
12787,112.5695801,122.06250206961772,11.037500374315949,Bugasong,Antique,Region VI (Western Visayas)
12788,111.8112869,122.08750207004162,11.037500374315949,Bugasong,Antique,Region VI (Western Visayas)
12789,113.4126205,122.06250206961772,11.012500373468118,Bugasong,Antique,Region VI (Western Visayas)
12790,111.9877167,122.08750207004162,11.012500373468118,Bugasong,Antique,Region VI (Western Visayas)
12791,115.4940491,122.06250206961772,10.987500372620287,Bugasong,Antique,Region VI (Western Visayas)
12792,120.5024872,121.36250205774888,12.112500410772586,Caluya,Antique,Region VI (Western Visayas)
12793,119.95504,121.38750205817276,12.112500410772586,Caluya,Antique,Region VI (Western Visayas)
12794,120.5155335,121.36250205774888,12.087500409924758,Caluya,Antique,Region VI (Western Visayas)
12795,119.9827805,121.38750205817276,12.087500409924758,Caluya,Antique,Region VI (Western Visayas)
12796,120.0721817,121.38750205817276,12.062500409076929,Caluya,Antique,Region VI (Western Visayas)
12797,120.5115509,121.38750205817276,12.0375004082291,Caluya,Antique,Region VI (Western Visayas)
12798,119.9330368,121.41250205859664,12.0375004082291,Caluya,Antique,Region VI (Western Visayas)
12799,120.5665894,121.38750205817276,12.012500407381271,Caluya,Antique,Region VI (Western Visayas)
12800,120.0989227,121.41250205859664,12.012500407381271,Caluya,Antique,Region VI (Western Visayas)
12801,120.7304459,121.38750205817276,11.987500406533442,Caluya,Antique,Region VI (Western Visayas)
12802,0.0,121.56250206113998,11.987500406533442,Caluya,Antique,Region VI (Western Visayas)
12803,116.4921799,121.56250206113998,11.937500404837785,Caluya,Antique,Region VI (Western Visayas)
12804,116.2616959,121.56250206113998,11.912500403989956,Caluya,Antique,Region VI (Western Visayas)
12805,0.0,121.28750205647722,11.862500402294298,Caluya,Antique,Region VI (Western Visayas)
12806,119.9025421,121.43750205902055,11.862500402294298,Caluya,Antique,Region VI (Western Visayas)
12807,119.3404236,121.46250205944445,11.862500402294298,Caluya,Antique,Region VI (Western Visayas)
12808,118.117218,121.48750205986832,11.862500402294298,Caluya,Antique,Region VI (Western Visayas)
12809,120.0468674,121.43750205902055,11.837500401446468,Caluya,Antique,Region VI (Western Visayas)
12810,119.4842529,121.46250205944445,11.837500401446468,Caluya,Antique,Region VI (Western Visayas)
12811,118.5725632,121.48750205986832,11.837500401446468,Caluya,Antique,Region VI (Western Visayas)
12812,118.1948319,121.5125020602922,11.837500401446468,Caluya,Antique,Region VI (Western Visayas)
12813,94.01242828,122.11250207046548,11.512500390424696,Culasi,Antique,Region VI (Western Visayas)
12814,92.64855957,122.13750207088938,11.512500390424696,Culasi,Antique,Region VI (Western Visayas)
12815,93.09117126,122.08750207004162,11.487500389576866,Culasi,Antique,Region VI (Western Visayas)
12816,91.80339813,122.11250207046548,11.487500389576866,Culasi,Antique,Region VI (Western Visayas)
12817,98.54787445,122.06250206961772,11.462500388729037,Culasi,Antique,Region VI (Western Visayas)
12818,93.50074768,122.08750207004162,11.462500388729037,Culasi,Antique,Region VI (Western Visayas)
12819,91.66262817,122.11250207046548,11.462500388729037,Culasi,Antique,Region VI (Western Visayas)
12820,87.51039886,122.13750207088938,11.462500388729037,Culasi,Antique,Region VI (Western Visayas)
12821,98.24977112,122.06250206961772,11.437500387881208,Culasi,Antique,Region VI (Western Visayas)
12822,93.5067215,122.08750207004162,11.437500387881208,Culasi,Antique,Region VI (Western Visayas)
12823,91.61660767,122.11250207046548,11.437500387881208,Culasi,Antique,Region VI (Western Visayas)
12824,86.44798279,122.13750207088938,11.437500387881208,Culasi,Antique,Region VI (Western Visayas)
12825,85.58773804,122.16250207131328,11.437500387881208,Culasi,Antique,Region VI (Western Visayas)
12826,95.55348969,122.06250206961772,11.41250038703338,Culasi,Antique,Region VI (Western Visayas)
12827,92.32784271,122.08750207004162,11.41250038703338,Culasi,Antique,Region VI (Western Visayas)
12828,90.91396332,122.11250207046548,11.41250038703338,Culasi,Antique,Region VI (Western Visayas)
12829,88.88121033,122.13750207088938,11.41250038703338,Culasi,Antique,Region VI (Western Visayas)
12830,80.9282074,122.16250207131328,11.41250038703338,Culasi,Antique,Region VI (Western Visayas)
12831,96.14907837,122.06250206961772,11.38750038618555,Culasi,Antique,Region VI (Western Visayas)
12832,92.70040131,122.08750207004162,11.38750038618555,Culasi,Antique,Region VI (Western Visayas)
12833,91.17923737,122.11250207046548,11.38750038618555,Culasi,Antique,Region VI (Western Visayas)
12834,89.15058136,122.13750207088938,11.38750038618555,Culasi,Antique,Region VI (Western Visayas)
12835,81.05153656,122.16250207131328,11.38750038618555,Culasi,Antique,Region VI (Western Visayas)
12836,79.68286896,122.18750207173716,11.38750038618555,Culasi,Antique,Region VI (Western Visayas)
12837,98.65055847,122.06250206961772,11.362500385337722,Culasi,Antique,Region VI (Western Visayas)
12838,90.12337494,122.11250207046548,11.362500385337722,Culasi,Antique,Region VI (Western Visayas)
12839,84.81814575,122.13750207088938,11.362500385337722,Culasi,Antique,Region VI (Western Visayas)
12840,83.64353943,122.16250207131328,11.362500385337722,Culasi,Antique,Region VI (Western Visayas)
12841,78.87540436,122.18750207173716,11.362500385337722,Culasi,Antique,Region VI (Western Visayas)
12842,125.9311447,122.01250206876993,10.587500359055028,Tobias Fornier (Dao),Antique,Region VI (Western Visayas)
12843,124.5038834,121.96250206792216,10.5625003582072,Tobias Fornier (Dao),Antique,Region VI (Western Visayas)
12844,125.4677506,121.98750206834606,10.5625003582072,Tobias Fornier (Dao),Antique,Region VI (Western Visayas)
12845,125.5136795,122.01250206876993,10.5625003582072,Tobias Fornier (Dao),Antique,Region VI (Western Visayas)
12846,124.5559006,121.96250206792216,10.53750035735937,Tobias Fornier (Dao),Antique,Region VI (Western Visayas)
12847,123.8262787,121.98750206834606,10.53750035735937,Tobias Fornier (Dao),Antique,Region VI (Western Visayas)
12848,123.7964325,122.01250206876993,10.53750035735937,Tobias Fornier (Dao),Antique,Region VI (Western Visayas)
12849,124.3296433,121.93750206749829,10.51250035651154,Tobias Fornier (Dao),Antique,Region VI (Western Visayas)
12850,124.3044434,121.96250206792216,10.51250035651154,Tobias Fornier (Dao),Antique,Region VI (Western Visayas)
12851,124.1599045,121.98750206834606,10.51250035651154,Tobias Fornier (Dao),Antique,Region VI (Western Visayas)
12852,124.0894089,122.01250206876993,10.51250035651154,Tobias Fornier (Dao),Antique,Region VI (Western Visayas)
12853,123.8051682,121.93750206749829,10.487500355663713,Tobias Fornier (Dao),Antique,Region VI (Western Visayas)
12854,123.7146149,121.96250206792216,10.487500355663713,Tobias Fornier (Dao),Antique,Region VI (Western Visayas)
12855,123.6707687,121.98750206834606,10.487500355663713,Tobias Fornier (Dao),Antique,Region VI (Western Visayas)
12856,122.1563568,121.98750206834606,10.737500364142,Hamtic,Antique,Region VI (Western Visayas)
12857,122.1232529,121.98750206834606,10.712500363294172,Hamtic,Antique,Region VI (Western Visayas)
12858,122.43367,122.01250206876993,10.712500363294172,Hamtic,Antique,Region VI (Western Visayas)
12859,122.7135162,122.03750206919383,10.712500363294172,Hamtic,Antique,Region VI (Western Visayas)
12860,123.5447464,121.98750206834606,10.687500362446343,Hamtic,Antique,Region VI (Western Visayas)
12861,123.8363419,122.01250206876993,10.687500362446343,Hamtic,Antique,Region VI (Western Visayas)
12862,124.0564194,122.03750206919383,10.687500362446343,Hamtic,Antique,Region VI (Western Visayas)
12863,125.7019424,122.06250206961772,10.687500362446343,Hamtic,Antique,Region VI (Western Visayas)
12864,124.9264069,121.98750206834606,10.662500361598514,Hamtic,Antique,Region VI (Western Visayas)
12865,125.3147202,122.01250206876993,10.662500361598514,Hamtic,Antique,Region VI (Western Visayas)
12866,125.641098,122.03750206919383,10.662500361598514,Hamtic,Antique,Region VI (Western Visayas)
12867,123.5228882,121.98750206834606,10.637500360750686,Hamtic,Antique,Region VI (Western Visayas)
12868,123.861557,122.01250206876993,10.637500360750686,Hamtic,Antique,Region VI (Western Visayas)
12869,124.9129639,122.03750206919383,10.637500360750686,Hamtic,Antique,Region VI (Western Visayas)
12870,124.7378388,121.98750206834606,10.612500359902857,Hamtic,Antique,Region VI (Western Visayas)
12871,124.9295502,122.01250206876993,10.612500359902857,Hamtic,Antique,Region VI (Western Visayas)
12872,125.839592,121.98750206834606,10.587500359055028,Hamtic,Antique,Region VI (Western Visayas)
12873,89.31136322,122.16250207131328,11.237500381098576,Laua-an,Antique,Region VI (Western Visayas)
12874,85.64055634,122.18750207173716,11.237500381098576,Laua-an,Antique,Region VI (Western Visayas)
12875,96.38724518,122.13750207088938,11.212500380250749,Laua-an,Antique,Region VI (Western Visayas)
12876,88.66953278,122.16250207131328,11.212500380250749,Laua-an,Antique,Region VI (Western Visayas)
12877,87.06460571,122.18750207173716,11.212500380250749,Laua-an,Antique,Region VI (Western Visayas)
12878,101.3760223,122.11250207046548,11.18750037940292,Laua-an,Antique,Region VI (Western Visayas)
12879,98.763237,122.13750207088938,11.18750037940292,Laua-an,Antique,Region VI (Western Visayas)
12880,106.4052124,122.06250206961772,11.162500378555087,Laua-an,Antique,Region VI (Western Visayas)
12881,102.3523712,122.08750207004162,11.162500378555087,Laua-an,Antique,Region VI (Western Visayas)
12882,102.0094757,122.11250207046548,11.162500378555087,Laua-an,Antique,Region VI (Western Visayas)
12883,98.39400482,122.13750207088938,11.162500378555087,Laua-an,Antique,Region VI (Western Visayas)
12884,107.8497009,122.06250206961772,11.137500377707262,Laua-an,Antique,Region VI (Western Visayas)
12885,105.974205,122.08750207004162,11.137500377707262,Laua-an,Antique,Region VI (Western Visayas)
12886,105.7612381,122.11250207046548,11.137500377707262,Laua-an,Antique,Region VI (Western Visayas)
12887,100.918541,122.13750207088938,11.137500377707262,Laua-an,Antique,Region VI (Western Visayas)
12888,109.3861771,122.06250206961772,11.112500376859431,Laua-an,Antique,Region VI (Western Visayas)
12889,107.3130875,122.08750207004162,11.112500376859431,Laua-an,Antique,Region VI (Western Visayas)
12890,107.2027206,122.11250207046548,11.112500376859431,Laua-an,Antique,Region VI (Western Visayas)
12891,109.7220612,122.06250206961772,11.087500376011604,Laua-an,Antique,Region VI (Western Visayas)
12892,107.6060028,122.08750207004162,11.087500376011604,Laua-an,Antique,Region VI (Western Visayas)
12893,110.6547165,121.93750206749829,11.81250040059864,Libertad,Antique,Region VI (Western Visayas)
12894,109.3306351,121.96250206792216,11.81250040059864,Libertad,Antique,Region VI (Western Visayas)
12895,109.1226044,121.98750206834606,11.81250040059864,Libertad,Antique,Region VI (Western Visayas)
12896,108.8224335,122.01250206876993,11.81250040059864,Libertad,Antique,Region VI (Western Visayas)
12897,110.6926956,121.88750206665053,11.787500399750812,Libertad,Antique,Region VI (Western Visayas)
12898,110.3488693,121.9125020670744,11.787500399750812,Libertad,Antique,Region VI (Western Visayas)
12899,110.1917191,121.93750206749829,11.787500399750812,Libertad,Antique,Region VI (Western Visayas)
12900,108.8342667,121.96250206792216,11.787500399750812,Libertad,Antique,Region VI (Western Visayas)
12901,108.4508209,121.98750206834606,11.787500399750812,Libertad,Antique,Region VI (Western Visayas)
12902,111.8661041,121.86250206622663,11.762500398902985,Libertad,Antique,Region VI (Western Visayas)
12903,111.0083847,121.88750206665053,11.762500398902985,Libertad,Antique,Region VI (Western Visayas)
12904,110.2936173,121.93750206749829,11.762500398902985,Libertad,Antique,Region VI (Western Visayas)
12905,110.1474762,121.96250206792216,11.762500398902985,Libertad,Antique,Region VI (Western Visayas)
12906,108.742981,121.98750206834606,11.762500398902985,Libertad,Antique,Region VI (Western Visayas)
12907,108.0388336,122.01250206876993,11.787500399750812,Pandan,Antique,Region VI (Western Visayas)
12908,107.7243042,122.03750206919383,11.787500399750812,Pandan,Antique,Region VI (Western Visayas)
12909,105.8611145,122.06250206961772,11.787500399750812,Pandan,Antique,Region VI (Western Visayas)
12910,108.0850678,122.01250206876993,11.762500398902985,Pandan,Antique,Region VI (Western Visayas)
12911,106.8955689,122.03750206919383,11.762500398902985,Pandan,Antique,Region VI (Western Visayas)
12912,106.7186279,122.06250206961772,11.762500398902985,Pandan,Antique,Region VI (Western Visayas)
12913,105.506424,122.08750207004162,11.762500398902985,Pandan,Antique,Region VI (Western Visayas)
12914,104.7045822,122.11250207046548,11.762500398902985,Pandan,Antique,Region VI (Western Visayas)
12915,103.2472076,122.13750207088938,11.762500398902985,Pandan,Antique,Region VI (Western Visayas)
12916,108.5935364,122.01250206876993,11.737500398055154,Pandan,Antique,Region VI (Western Visayas)
12917,106.5877533,122.03750206919383,11.737500398055154,Pandan,Antique,Region VI (Western Visayas)
12918,104.3924637,122.08750207004162,11.737500398055154,Pandan,Antique,Region VI (Western Visayas)
12919,103.4652481,122.11250207046548,11.737500398055154,Pandan,Antique,Region VI (Western Visayas)
12920,101.9719086,122.13750207088938,11.737500398055154,Pandan,Antique,Region VI (Western Visayas)
12921,101.87883,122.16250207131328,11.737500398055154,Pandan,Antique,Region VI (Western Visayas)
12922,102.9153366,122.11250207046548,11.712500397207323,Pandan,Antique,Region VI (Western Visayas)
12923,102.4912491,122.13750207088938,11.712500397207323,Pandan,Antique,Region VI (Western Visayas)
12924,99.70264435,122.16250207131328,11.712500397207323,Pandan,Antique,Region VI (Western Visayas)
12925,102.8564453,122.11250207046548,11.687500396359496,Pandan,Antique,Region VI (Western Visayas)
12926,102.3080444,122.13750207088938,11.687500396359496,Pandan,Antique,Region VI (Western Visayas)
12927,99.40235138,122.16250207131328,11.687500396359496,Pandan,Antique,Region VI (Western Visayas)
12928,116.3123474,122.03750206919383,10.987500372620287,Patnongon,Antique,Region VI (Western Visayas)
12929,116.8300095,122.01250206876993,10.96250037177246,Patnongon,Antique,Region VI (Western Visayas)
12930,118.235878,122.03750206919383,10.96250037177246,Patnongon,Antique,Region VI (Western Visayas)
12931,117.2034454,122.06250206961772,10.96250037177246,Patnongon,Antique,Region VI (Western Visayas)
12932,117.4398193,122.01250206876993,10.937500370924631,Patnongon,Antique,Region VI (Western Visayas)
12933,118.4528198,122.03750206919383,10.937500370924631,Patnongon,Antique,Region VI (Western Visayas)
12934,117.4182434,122.06250206961772,10.937500370924631,Patnongon,Antique,Region VI (Western Visayas)
12935,117.5343933,122.08750207004162,10.937500370924631,Patnongon,Antique,Region VI (Western Visayas)
12936,117.7261429,121.98750206834606,10.912500370076804,Patnongon,Antique,Region VI (Western Visayas)
12937,118.2171097,122.01250206876993,10.912500370076804,Patnongon,Antique,Region VI (Western Visayas)
12938,118.6064224,122.03750206919383,10.912500370076804,Patnongon,Antique,Region VI (Western Visayas)
12939,119.4961472,122.06250206961772,10.912500370076804,Patnongon,Antique,Region VI (Western Visayas)
12940,118.6715622,121.98750206834606,10.887500369228974,Patnongon,Antique,Region VI (Western Visayas)
12941,119.1029053,122.01250206876993,10.887500369228974,Patnongon,Antique,Region VI (Western Visayas)
12942,119.480072,122.03750206919383,10.887500369228974,Patnongon,Antique,Region VI (Western Visayas)
12943,121.0141754,122.06250206961772,10.887500369228974,Patnongon,Antique,Region VI (Western Visayas)
12944,120.164238,121.96250206792216,10.812500366685487,San Jose (Capital),Antique,Region VI (Western Visayas)
12945,118.6137314,121.93750206749829,10.787500365837658,San Jose (Capital),Antique,Region VI (Western Visayas)
12946,120.3379669,121.96250206792216,10.787500365837658,San Jose (Capital),Antique,Region VI (Western Visayas)
12947,120.4210358,121.93750206749829,10.76250036498983,San Jose (Capital),Antique,Region VI (Western Visayas)
12948,120.5660858,121.96250206792216,10.76250036498983,San Jose (Capital),Antique,Region VI (Western Visayas)
12949,121.3771896,121.96250206792216,10.737500364142,San Jose (Capital),Antique,Region VI (Western Visayas)
12950,108.1215134,122.18750207173716,10.987500372620287,San Remigio,Antique,Region VI (Western Visayas)
12951,107.1956787,122.21250207216104,10.987500372620287,San Remigio,Antique,Region VI (Western Visayas)
12952,106.4183044,122.23750207258492,10.987500372620287,San Remigio,Antique,Region VI (Western Visayas)
12953,114.5919876,122.16250207131328,10.96250037177246,San Remigio,Antique,Region VI (Western Visayas)
12954,111.4668503,122.18750207173716,10.96250037177246,San Remigio,Antique,Region VI (Western Visayas)
12955,110.0343247,122.21250207216104,10.96250037177246,San Remigio,Antique,Region VI (Western Visayas)
12956,107.4310761,122.23750207258492,10.96250037177246,San Remigio,Antique,Region VI (Western Visayas)
12957,106.9628067,122.2625020730088,10.96250037177246,San Remigio,Antique,Region VI (Western Visayas)
12958,103.7939682,122.2875020734327,10.96250037177246,San Remigio,Antique,Region VI (Western Visayas)
12959,115.6487503,122.13750207088938,10.937500370924631,San Remigio,Antique,Region VI (Western Visayas)
12960,114.8052521,122.16250207131328,10.937500370924631,San Remigio,Antique,Region VI (Western Visayas)
12961,112.8890839,122.18750207173716,10.937500370924631,San Remigio,Antique,Region VI (Western Visayas)
12962,111.5686874,122.21250207216104,10.937500370924631,San Remigio,Antique,Region VI (Western Visayas)
12963,108.3834839,122.23750207258492,10.937500370924631,San Remigio,Antique,Region VI (Western Visayas)
12964,107.9152145,122.2625020730088,10.937500370924631,San Remigio,Antique,Region VI (Western Visayas)
12965,106.5788269,122.2875020734327,10.937500370924631,San Remigio,Antique,Region VI (Western Visayas)
12966,105.6601715,122.3125020738566,10.937500370924631,San Remigio,Antique,Region VI (Western Visayas)
12967,119.440361,122.11250207046548,10.912500370076804,San Remigio,Antique,Region VI (Western Visayas)
12968,118.4905853,122.13750207088938,10.912500370076804,San Remigio,Antique,Region VI (Western Visayas)
12969,115.8433685,122.16250207131328,10.912500370076804,San Remigio,Antique,Region VI (Western Visayas)
12970,115.0393372,122.18750207173716,10.912500370076804,San Remigio,Antique,Region VI (Western Visayas)
12971,114.3053284,122.21250207216104,10.912500370076804,San Remigio,Antique,Region VI (Western Visayas)
12972,113.5672913,122.23750207258492,10.912500370076804,San Remigio,Antique,Region VI (Western Visayas)
12973,108.6126099,122.2625020730088,10.912500370076804,San Remigio,Antique,Region VI (Western Visayas)
12974,121.1431809,122.08750207004162,10.887500369228974,San Remigio,Antique,Region VI (Western Visayas)
12975,121.2132416,122.11250207046548,10.887500369228974,San Remigio,Antique,Region VI (Western Visayas)
12976,120.6170807,122.13750207088938,10.887500369228974,San Remigio,Antique,Region VI (Western Visayas)
12977,118.1381226,122.16250207131328,10.887500369228974,San Remigio,Antique,Region VI (Western Visayas)
12978,117.3850784,122.18750207173716,10.887500369228974,San Remigio,Antique,Region VI (Western Visayas)
12979,116.902916,122.21250207216104,10.887500369228974,San Remigio,Antique,Region VI (Western Visayas)
12980,116.3771668,122.23750207258492,10.887500369228974,San Remigio,Antique,Region VI (Western Visayas)
12981,120.3967819,122.03750206919383,10.862500368381143,San Remigio,Antique,Region VI (Western Visayas)
12982,120.6515503,122.06250206961772,10.862500368381143,San Remigio,Antique,Region VI (Western Visayas)
12983,121.145668,122.08750207004162,10.862500368381143,San Remigio,Antique,Region VI (Western Visayas)
12984,121.2215424,122.11250207046548,10.862500368381143,San Remigio,Antique,Region VI (Western Visayas)
12985,120.0941238,122.13750207088938,10.862500368381143,San Remigio,Antique,Region VI (Western Visayas)
12986,119.6367035,122.16250207131328,10.862500368381143,San Remigio,Antique,Region VI (Western Visayas)
12987,117.6203156,122.18750207173716,10.862500368381143,San Remigio,Antique,Region VI (Western Visayas)
12988,116.8979569,122.21250207216104,10.862500368381143,San Remigio,Antique,Region VI (Western Visayas)
12989,114.6967697,122.23750207258492,10.862500368381143,San Remigio,Antique,Region VI (Western Visayas)
12990,121.0183106,122.03750206919383,10.837500367533316,San Remigio,Antique,Region VI (Western Visayas)
12991,121.4449005,122.06250206961772,10.837500367533316,San Remigio,Antique,Region VI (Western Visayas)
12992,122.002739,122.08750207004162,10.837500367533316,San Remigio,Antique,Region VI (Western Visayas)
12993,122.0541687,122.11250207046548,10.837500367533316,San Remigio,Antique,Region VI (Western Visayas)
12994,120.9789505,122.13750207088938,10.837500367533316,San Remigio,Antique,Region VI (Western Visayas)
12995,120.6016312,122.16250207131328,10.837500367533316,San Remigio,Antique,Region VI (Western Visayas)
12996,119.1809998,122.18750207173716,10.837500367533316,San Remigio,Antique,Region VI (Western Visayas)
12997,122.5500488,122.06250206961772,10.812500366685487,San Remigio,Antique,Region VI (Western Visayas)
12998,122.801384,122.08750207004162,10.812500366685487,San Remigio,Antique,Region VI (Western Visayas)
12999,122.8188934,122.11250207046548,10.812500366685487,San Remigio,Antique,Region VI (Western Visayas)
13000,120.6839752,122.16250207131328,10.812500366685487,San Remigio,Antique,Region VI (Western Visayas)
13001,120.1025314,122.18750207173716,10.812500366685487,San Remigio,Antique,Region VI (Western Visayas)
13002,101.3913269,122.11250207046548,11.662500395511668,Sebaste,Antique,Region VI (Western Visayas)
13003,99.15109253,122.13750207088938,11.662500395511668,Sebaste,Antique,Region VI (Western Visayas)
13004,100.2671204,122.11250207046548,11.63750039466384,Sebaste,Antique,Region VI (Western Visayas)
13005,97.63935852,122.13750207088938,11.63750039466384,Sebaste,Antique,Region VI (Western Visayas)
13006,100.4805908,122.11250207046548,11.61250039381601,Sebaste,Antique,Region VI (Western Visayas)
13007,99.70236206,122.13750207088938,11.61250039381601,Sebaste,Antique,Region VI (Western Visayas)
13008,98.0802002,122.11250207046548,11.587500392968185,Sebaste,Antique,Region VI (Western Visayas)
13009,97.13776398,122.13750207088938,11.587500392968185,Sebaste,Antique,Region VI (Western Visayas)
13010,97.07952118,122.08750207004162,11.562500392120352,Sebaste,Antique,Region VI (Western Visayas)
13011,95.46940613,122.11250207046548,11.562500392120352,Sebaste,Antique,Region VI (Western Visayas)
13012,92.23204803,122.13750207088938,11.562500392120352,Sebaste,Antique,Region VI (Western Visayas)
13013,97.67900085,122.08750207004162,11.537500391272523,Sebaste,Antique,Region VI (Western Visayas)
13014,95.99420166,122.11250207046548,11.537500391272523,Sebaste,Antique,Region VI (Western Visayas)
13015,92.2048111,122.13750207088938,11.537500391272523,Sebaste,Antique,Region VI (Western Visayas)
13016,95.25099182,122.08750207004162,11.512500390424696,Sebaste,Antique,Region VI (Western Visayas)
13017,119.820221,121.98750206834606,10.837500367533316,Sibalom,Antique,Region VI (Western Visayas)
13018,120.3337021,122.01250206876993,10.837500367533316,Sibalom,Antique,Region VI (Western Visayas)
13019,120.4855347,121.98750206834606,10.812500366685487,Sibalom,Antique,Region VI (Western Visayas)
13020,120.8486252,122.01250206876993,10.812500366685487,Sibalom,Antique,Region VI (Western Visayas)
13021,121.1331329,122.03750206919383,10.812500366685487,Sibalom,Antique,Region VI (Western Visayas)
13022,122.5363388,122.13750207088938,10.812500366685487,Sibalom,Antique,Region VI (Western Visayas)
13023,120.6033249,121.98750206834606,10.787500365837658,Sibalom,Antique,Region VI (Western Visayas)
13024,120.9462204,122.01250206876993,10.787500365837658,Sibalom,Antique,Region VI (Western Visayas)
13025,121.2483215,122.03750206919383,10.787500365837658,Sibalom,Antique,Region VI (Western Visayas)
13026,122.6416092,122.06250206961772,10.787500365837658,Sibalom,Antique,Region VI (Western Visayas)
13027,122.8492355,122.08750207004162,10.787500365837658,Sibalom,Antique,Region VI (Western Visayas)
13028,122.8313599,122.11250207046548,10.787500365837658,Sibalom,Antique,Region VI (Western Visayas)
13029,122.5255508,122.13750207088938,10.787500365837658,Sibalom,Antique,Region VI (Western Visayas)
13030,120.6983795,122.16250207131328,10.787500365837658,Sibalom,Antique,Region VI (Western Visayas)
13031,120.1673813,122.18750207173716,10.787500365837658,Sibalom,Antique,Region VI (Western Visayas)
13032,121.4060364,121.98750206834606,10.76250036498983,Sibalom,Antique,Region VI (Western Visayas)
13033,121.8651657,122.01250206876993,10.76250036498983,Sibalom,Antique,Region VI (Western Visayas)
13034,122.7262268,122.03750206919383,10.76250036498983,Sibalom,Antique,Region VI (Western Visayas)
13035,123.4725037,122.06250206961772,10.76250036498983,Sibalom,Antique,Region VI (Western Visayas)
13036,123.9318543,122.08750207004162,10.76250036498983,Sibalom,Antique,Region VI (Western Visayas)
13037,123.8791962,122.11250207046548,10.76250036498983,Sibalom,Antique,Region VI (Western Visayas)
13038,123.2596893,122.13750207088938,10.76250036498983,Sibalom,Antique,Region VI (Western Visayas)
13039,123.0523758,122.16250207131328,10.76250036498983,Sibalom,Antique,Region VI (Western Visayas)
13040,122.6011124,122.01250206876993,10.737500364142,Sibalom,Antique,Region VI (Western Visayas)
13041,123.4356918,122.03750206919383,10.737500364142,Sibalom,Antique,Region VI (Western Visayas)
13042,124.3610764,122.06250206961772,10.737500364142,Sibalom,Antique,Region VI (Western Visayas)
13043,124.561264,122.08750207004162,10.737500364142,Sibalom,Antique,Region VI (Western Visayas)
13044,124.4786301,122.11250207046548,10.737500364142,Sibalom,Antique,Region VI (Western Visayas)
13045,124.155159,122.13750207088938,10.737500364142,Sibalom,Antique,Region VI (Western Visayas)
13046,124.0989227,122.06250206961772,10.712500363294172,Sibalom,Antique,Region VI (Western Visayas)
13047,124.3895493,122.08750207004162,10.712500363294172,Sibalom,Antique,Region VI (Western Visayas)
13048,92.28039551,122.08750207004162,11.362500385337722,Tibiao,Antique,Region VI (Western Visayas)
13049,98.71851349,122.06250206961772,11.337500384489893,Tibiao,Antique,Region VI (Western Visayas)
13050,94.04877472,122.08750207004162,11.337500384489893,Tibiao,Antique,Region VI (Western Visayas)
13051,91.98180389,122.11250207046548,11.337500384489893,Tibiao,Antique,Region VI (Western Visayas)
13052,85.04168701,122.13750207088938,11.337500384489893,Tibiao,Antique,Region VI (Western Visayas)
13053,107.3262177,122.03750206919383,11.312500383642064,Tibiao,Antique,Region VI (Western Visayas)
13054,98.01660156,122.06250206961772,11.312500383642064,Tibiao,Antique,Region VI (Western Visayas)
13055,94.39434052,122.08750207004162,11.312500383642064,Tibiao,Antique,Region VI (Western Visayas)
13056,93.04799652,122.11250207046548,11.312500383642064,Tibiao,Antique,Region VI (Western Visayas)
13057,107.6938324,122.03750206919383,11.287500382794237,Tibiao,Antique,Region VI (Western Visayas)
13058,98.2318573,122.06250206961772,11.287500382794237,Tibiao,Antique,Region VI (Western Visayas)
13059,94.43282318,122.08750207004162,11.287500382794237,Tibiao,Antique,Region VI (Western Visayas)
13060,100.8294449,122.06250206961772,11.262500381946406,Tibiao,Antique,Region VI (Western Visayas)
13061,97.4754715,122.18750207173716,11.112500376859431,Valderrama,Antique,Region VI (Western Visayas)
13062,96.36925507,122.21250207216104,11.112500376859431,Valderrama,Antique,Region VI (Western Visayas)
13063,95.02229309,122.23750207258492,11.112500376859431,Valderrama,Antique,Region VI (Western Visayas)
13064,98.11857605,122.18750207173716,11.087500376011604,Valderrama,Antique,Region VI (Western Visayas)
13065,97.25246429,122.21250207216104,11.087500376011604,Valderrama,Antique,Region VI (Western Visayas)
13066,96.39366913,122.23750207258492,11.087500376011604,Valderrama,Antique,Region VI (Western Visayas)
13067,89.62270355,122.2625020730088,11.087500376011604,Valderrama,Antique,Region VI (Western Visayas)
13068,104.906929,122.16250207131328,11.062500375163776,Valderrama,Antique,Region VI (Western Visayas)
13069,100.4641266,122.18750207173716,11.062500375163776,Valderrama,Antique,Region VI (Western Visayas)
13070,98.98490906,122.21250207216104,11.062500375163776,Valderrama,Antique,Region VI (Western Visayas)
13071,96.14118958,122.23750207258492,11.062500375163776,Valderrama,Antique,Region VI (Western Visayas)
13072,95.58547974,122.2625020730088,11.062500375163776,Valderrama,Antique,Region VI (Western Visayas)
13073,92.75274658,122.2875020734327,11.062500375163776,Valderrama,Antique,Region VI (Western Visayas)
13074,111.8781357,122.11250207046548,11.037500374315949,Valderrama,Antique,Region VI (Western Visayas)
13075,108.4069672,122.13750207088938,11.037500374315949,Valderrama,Antique,Region VI (Western Visayas)
13076,107.1349335,122.16250207131328,11.037500374315949,Valderrama,Antique,Region VI (Western Visayas)
13077,104.8884888,122.18750207173716,11.037500374315949,Valderrama,Antique,Region VI (Western Visayas)
13078,103.3775559,122.21250207216104,11.037500374315949,Valderrama,Antique,Region VI (Western Visayas)
13079,99.04705048,122.23750207258492,11.037500374315949,Valderrama,Antique,Region VI (Western Visayas)
13080,98.48448944,122.2625020730088,11.037500374315949,Valderrama,Antique,Region VI (Western Visayas)
13081,97.78964996,122.2875020734327,11.037500374315949,Valderrama,Antique,Region VI (Western Visayas)
13082,97.02236176,122.3125020738566,11.037500374315949,Valderrama,Antique,Region VI (Western Visayas)
13083,112.0508423,122.11250207046548,11.012500373468118,Valderrama,Antique,Region VI (Western Visayas)
13084,109.9062653,122.13750207088938,11.012500373468118,Valderrama,Antique,Region VI (Western Visayas)
13085,105.9675446,122.16250207131328,11.012500373468118,Valderrama,Antique,Region VI (Western Visayas)
13086,104.9602814,122.18750207173716,11.012500373468118,Valderrama,Antique,Region VI (Western Visayas)
13087,104.0583191,122.21250207216104,11.012500373468118,Valderrama,Antique,Region VI (Western Visayas)
13088,103.0691757,122.23750207258492,11.012500373468118,Valderrama,Antique,Region VI (Western Visayas)
13089,97.18293762,122.2625020730088,11.012500373468118,Valderrama,Antique,Region VI (Western Visayas)
13090,98.17815399,122.2875020734327,11.012500373468118,Valderrama,Antique,Region VI (Western Visayas)
13091,97.86875916,122.3125020738566,11.012500373468118,Valderrama,Antique,Region VI (Western Visayas)
13092,114.5094376,122.08750207004162,10.987500372620287,Valderrama,Antique,Region VI (Western Visayas)
13093,114.600174,122.11250207046548,10.987500372620287,Valderrama,Antique,Region VI (Western Visayas)
13094,112.9327316,122.13750207088938,10.987500372620287,Valderrama,Antique,Region VI (Western Visayas)
13095,109.1663132,122.16250207131328,10.987500372620287,Valderrama,Antique,Region VI (Western Visayas)
13096,100.4753799,122.2625020730088,10.987500372620287,Valderrama,Antique,Region VI (Western Visayas)
13097,100.9293747,122.2875020734327,10.987500372620287,Valderrama,Antique,Region VI (Western Visayas)
13098,100.5019074,122.3125020738566,10.987500372620287,Valderrama,Antique,Region VI (Western Visayas)
13099,116.987915,122.08750207004162,10.96250037177246,Valderrama,Antique,Region VI (Western Visayas)
13100,117.1363297,122.11250207046548,10.96250037177246,Valderrama,Antique,Region VI (Western Visayas)
13101,115.4343109,122.13750207088938,10.96250037177246,Valderrama,Antique,Region VI (Western Visayas)
13102,102.818367,122.3125020738566,10.96250037177246,Valderrama,Antique,Region VI (Western Visayas)
13103,117.6832733,122.11250207046548,10.937500370924631,Valderrama,Antique,Region VI (Western Visayas)
13104,119.3453369,122.08750207004162,10.912500370076804,Valderrama,Antique,Region VI (Western Visayas)
