unique id,value,lon,lat,municipality name,province name,region
13105,105.7515488,122.662502079791,11.337500384489893,Cuartero,Capiz,Region VI (Western Visayas)
13106,107.446228,122.68750208021488,11.337500384489893,Cuartero,Capiz,Region VI (Western Visayas)
13107,107.8052063,122.71250208063879,11.337500384489893,Cuartero,Capiz,Region VI (Western Visayas)
13108,108.4649582,122.76250208148656,11.337500384489893,Cuartero,Capiz,Region VI (Western Visayas)
13109,106.5801544,122.662502079791,11.312500383642064,Cuartero,Capiz,Region VI (Western Visayas)
13110,107.4874115,122.68750208021488,11.312500383642064,Cuartero,Capiz,Region VI (Western Visayas)
13111,107.7905731,122.71250208063879,11.312500383642064,Cuartero,Capiz,Region VI (Western Visayas)
13112,108.0352783,122.73750208106269,11.312500383642064,Cuartero,Capiz,Region VI (Western Visayas)
13113,109.0930481,122.76250208148656,11.312500383642064,Cuartero,Capiz,Region VI (Western Visayas)
13114,109.1726914,122.78750208191045,11.312500383642064,Cuartero,Capiz,Region VI (Western Visayas)
13115,110.4914093,122.81250208233432,11.312500383642064,Cuartero,Capiz,Region VI (Western Visayas)
13116,111.0799713,122.83750208275822,11.312500383642064,Cuartero,Capiz,Region VI (Western Visayas)
13117,110.5906448,122.81250208233432,11.287500382794237,Cuartero,Capiz,Region VI (Western Visayas)
13118,111.3674164,122.83750208275822,11.287500382794237,Cuartero,Capiz,Region VI (Western Visayas)
13119,111.3830185,122.8625020831821,11.287500382794237,Cuartero,Capiz,Region VI (Western Visayas)
13120,108.1711044,122.71250208063879,11.41250038703338,Dao,Capiz,Region VI (Western Visayas)
13121,108.3361359,122.73750208106269,11.41250038703338,Dao,Capiz,Region VI (Western Visayas)
13122,107.1628723,122.662502079791,11.38750038618555,Dao,Capiz,Region VI (Western Visayas)
13123,107.9525528,122.68750208021488,11.38750038618555,Dao,Capiz,Region VI (Western Visayas)
13124,108.1729584,122.71250208063879,11.38750038618555,Dao,Capiz,Region VI (Western Visayas)
13125,108.3557816,122.73750208106269,11.38750038618555,Dao,Capiz,Region VI (Western Visayas)
13126,106.1224899,122.662502079791,11.362500385337722,Dao,Capiz,Region VI (Western Visayas)
13127,107.6719208,122.68750208021488,11.362500385337722,Dao,Capiz,Region VI (Western Visayas)
13128,107.9923401,122.71250208063879,11.362500385337722,Dao,Capiz,Region VI (Western Visayas)
13129,108.4945145,122.73750208106269,11.362500385337722,Dao,Capiz,Region VI (Western Visayas)
13130,108.4073715,122.73750208106269,11.337500384489893,Dao,Capiz,Region VI (Western Visayas)
13131,104.5797882,122.63750207936712,11.362500385337722,Dumalag,Capiz,Region VI (Western Visayas)
13132,100.9094849,122.58750207851936,11.337500384489893,Dumalag,Capiz,Region VI (Western Visayas)
13133,102.6400986,122.61250207894324,11.337500384489893,Dumalag,Capiz,Region VI (Western Visayas)
13134,104.1520004,122.63750207936712,11.337500384489893,Dumalag,Capiz,Region VI (Western Visayas)
13135,100.9001999,122.58750207851936,11.312500383642064,Dumalag,Capiz,Region VI (Western Visayas)
13136,102.4474182,122.61250207894324,11.312500383642064,Dumalag,Capiz,Region VI (Western Visayas)
13137,102.9096222,122.63750207936712,11.312500383642064,Dumalag,Capiz,Region VI (Western Visayas)
13138,100.3097229,122.58750207851936,11.287500382794237,Dumalag,Capiz,Region VI (Western Visayas)
13139,101.8892593,122.61250207894324,11.287500382794237,Dumalag,Capiz,Region VI (Western Visayas)
13140,102.3307495,122.63750207936712,11.287500382794237,Dumalag,Capiz,Region VI (Western Visayas)
13141,99.63983154,122.58750207851936,11.262500381946406,Dumalag,Capiz,Region VI (Western Visayas)
13142,101.4543152,122.61250207894324,11.262500381946406,Dumalag,Capiz,Region VI (Western Visayas)
13143,106.1559296,122.662502079791,11.287500382794237,Dumarao,Capiz,Region VI (Western Visayas)
13144,107.1839066,122.68750208021488,11.287500382794237,Dumarao,Capiz,Region VI (Western Visayas)
13145,107.5615158,122.71250208063879,11.287500382794237,Dumarao,Capiz,Region VI (Western Visayas)
13146,107.8822861,122.73750208106269,11.287500382794237,Dumarao,Capiz,Region VI (Western Visayas)
13147,108.9893417,122.76250208148656,11.287500382794237,Dumarao,Capiz,Region VI (Western Visayas)
13148,109.0484543,122.78750208191045,11.287500382794237,Dumarao,Capiz,Region VI (Western Visayas)
13149,102.8416138,122.63750207936712,11.262500381946406,Dumarao,Capiz,Region VI (Western Visayas)
13150,104.7372437,122.662502079791,11.262500381946406,Dumarao,Capiz,Region VI (Western Visayas)
13151,106.8147965,122.68750208021488,11.262500381946406,Dumarao,Capiz,Region VI (Western Visayas)
13152,107.3924789,122.71250208063879,11.262500381946406,Dumarao,Capiz,Region VI (Western Visayas)
13153,108.4081955,122.73750208106269,11.262500381946406,Dumarao,Capiz,Region VI (Western Visayas)
13154,108.5370712,122.76250208148656,11.262500381946406,Dumarao,Capiz,Region VI (Western Visayas)
13155,108.8771896,122.78750208191045,11.262500381946406,Dumarao,Capiz,Region VI (Western Visayas)
13156,110.6731949,122.81250208233432,11.262500381946406,Dumarao,Capiz,Region VI (Western Visayas)
13157,111.8710632,122.83750208275822,11.262500381946406,Dumarao,Capiz,Region VI (Western Visayas)
13158,102.9232636,122.63750207936712,11.237500381098576,Dumarao,Capiz,Region VI (Western Visayas)
13159,104.8202438,122.662502079791,11.237500381098576,Dumarao,Capiz,Region VI (Western Visayas)
13160,107.2266159,122.68750208021488,11.237500381098576,Dumarao,Capiz,Region VI (Western Visayas)
13161,107.829422,122.71250208063879,11.237500381098576,Dumarao,Capiz,Region VI (Western Visayas)
13162,108.6590424,122.73750208106269,11.237500381098576,Dumarao,Capiz,Region VI (Western Visayas)
13163,108.7879181,122.76250208148656,11.237500381098576,Dumarao,Capiz,Region VI (Western Visayas)
13164,109.5531082,122.78750208191045,11.237500381098576,Dumarao,Capiz,Region VI (Western Visayas)
13165,111.3641739,122.81250208233432,11.237500381098576,Dumarao,Capiz,Region VI (Western Visayas)
13166,112.1608887,122.83750208275822,11.237500381098576,Dumarao,Capiz,Region VI (Western Visayas)
13167,112.1703339,122.8625020831821,11.237500381098576,Dumarao,Capiz,Region VI (Western Visayas)
13168,106.1514359,122.662502079791,11.212500380250749,Dumarao,Capiz,Region VI (Western Visayas)
13169,109.5798492,122.78750208191045,11.212500380250749,Dumarao,Capiz,Region VI (Western Visayas)
13170,111.3375015,122.81250208233432,11.212500380250749,Dumarao,Capiz,Region VI (Western Visayas)
13171,112.1669617,122.83750208275822,11.212500380250749,Dumarao,Capiz,Region VI (Western Visayas)
13172,109.6042099,122.78750208191045,11.18750037940292,Dumarao,Capiz,Region VI (Western Visayas)
13173,108.1852493,122.662502079791,11.537500391272523,Ivisan,Capiz,Region VI (Western Visayas)
13174,109.0805435,122.68750208021488,11.537500391272523,Ivisan,Capiz,Region VI (Western Visayas)
13175,109.2784042,122.71250208063879,11.537500391272523,Ivisan,Capiz,Region VI (Western Visayas)
13176,108.1641159,122.662502079791,11.512500390424696,Ivisan,Capiz,Region VI (Western Visayas)
13177,108.7805634,122.68750208021488,11.512500390424696,Ivisan,Capiz,Region VI (Western Visayas)
13178,108.9323731,122.71250208063879,11.512500390424696,Ivisan,Capiz,Region VI (Western Visayas)
13179,108.6125565,122.71250208063879,11.487500389576866,Ivisan,Capiz,Region VI (Western Visayas)
13180,97.89740753,122.5125020772477,11.487500389576866,Jamindan,Capiz,Region VI (Western Visayas)
13181,86.08992767,122.41250207555214,11.462500388729037,Jamindan,Capiz,Region VI (Western Visayas)
13182,91.14058685,122.43750207597601,11.462500388729037,Jamindan,Capiz,Region VI (Western Visayas)
13183,93.17388916,122.46250207639991,11.462500388729037,Jamindan,Capiz,Region VI (Western Visayas)
13184,95.64615631,122.4875020768238,11.462500388729037,Jamindan,Capiz,Region VI (Western Visayas)
13185,97.77057648,122.5125020772477,11.462500388729037,Jamindan,Capiz,Region VI (Western Visayas)
13186,82.68846893,122.38750207512824,11.437500387881208,Jamindan,Capiz,Region VI (Western Visayas)
13187,83.59687042,122.41250207555214,11.437500387881208,Jamindan,Capiz,Region VI (Western Visayas)
13188,89.93364716,122.43750207597601,11.437500387881208,Jamindan,Capiz,Region VI (Western Visayas)
13189,92.09447479,122.46250207639991,11.437500387881208,Jamindan,Capiz,Region VI (Western Visayas)
13190,93.95200348,122.4875020768238,11.437500387881208,Jamindan,Capiz,Region VI (Western Visayas)
13191,96.17916107,122.5125020772477,11.437500387881208,Jamindan,Capiz,Region VI (Western Visayas)
13192,81.1785965,122.36250207470437,11.41250038703338,Jamindan,Capiz,Region VI (Western Visayas)
13193,81.69747162,122.38750207512824,11.41250038703338,Jamindan,Capiz,Region VI (Western Visayas)
13194,82.36452484,122.41250207555214,11.41250038703338,Jamindan,Capiz,Region VI (Western Visayas)
13195,87.24150848,122.43750207597601,11.41250038703338,Jamindan,Capiz,Region VI (Western Visayas)
13196,92.85865784,122.46250207639991,11.41250038703338,Jamindan,Capiz,Region VI (Western Visayas)
13197,93.41296387,122.4875020768238,11.41250038703338,Jamindan,Capiz,Region VI (Western Visayas)
13198,95.47402191,122.5125020772477,11.41250038703338,Jamindan,Capiz,Region VI (Western Visayas)
13199,96.70944214,122.53750207767156,11.41250038703338,Jamindan,Capiz,Region VI (Western Visayas)
13200,78.51124573,122.33750207428048,11.38750038618555,Jamindan,Capiz,Region VI (Western Visayas)
13201,80.87431335,122.36250207470437,11.38750038618555,Jamindan,Capiz,Region VI (Western Visayas)
13202,81.48638153,122.38750207512824,11.38750038618555,Jamindan,Capiz,Region VI (Western Visayas)
13203,82.18115997,122.41250207555214,11.38750038618555,Jamindan,Capiz,Region VI (Western Visayas)
13204,87.00600433,122.43750207597601,11.38750038618555,Jamindan,Capiz,Region VI (Western Visayas)
13205,92.63889313,122.46250207639991,11.38750038618555,Jamindan,Capiz,Region VI (Western Visayas)
13206,93.25986481,122.4875020768238,11.38750038618555,Jamindan,Capiz,Region VI (Western Visayas)
13207,95.337883,122.5125020772477,11.38750038618555,Jamindan,Capiz,Region VI (Western Visayas)
13208,96.54089355,122.53750207767156,11.38750038618555,Jamindan,Capiz,Region VI (Western Visayas)
13209,99.57258606,122.56250207809546,11.38750038618555,Jamindan,Capiz,Region VI (Western Visayas)
13210,78.1668396,122.33750207428048,11.362500385337722,Jamindan,Capiz,Region VI (Western Visayas)
13211,78.40361786,122.36250207470437,11.362500385337722,Jamindan,Capiz,Region VI (Western Visayas)
13212,80.50224304,122.38750207512824,11.362500385337722,Jamindan,Capiz,Region VI (Western Visayas)
13213,81.47355652,122.41250207555214,11.362500385337722,Jamindan,Capiz,Region VI (Western Visayas)
13214,87.8326416,122.43750207597601,11.362500385337722,Jamindan,Capiz,Region VI (Western Visayas)
13215,90.24797058,122.46250207639991,11.362500385337722,Jamindan,Capiz,Region VI (Western Visayas)
13216,92.64043427,122.4875020768238,11.362500385337722,Jamindan,Capiz,Region VI (Western Visayas)
13217,95.03387451,122.5125020772477,11.362500385337722,Jamindan,Capiz,Region VI (Western Visayas)
13218,97.45558167,122.53750207767156,11.362500385337722,Jamindan,Capiz,Region VI (Western Visayas)
13219,97.73002625,122.56250207809546,11.362500385337722,Jamindan,Capiz,Region VI (Western Visayas)
13220,101.714859,122.58750207851936,11.362500385337722,Jamindan,Capiz,Region VI (Western Visayas)
13221,75.56882477,122.2875020734327,11.337500384489893,Jamindan,Capiz,Region VI (Western Visayas)
13222,77.18670654,122.3125020738566,11.337500384489893,Jamindan,Capiz,Region VI (Western Visayas)
13223,77.57519531,122.33750207428048,11.337500384489893,Jamindan,Capiz,Region VI (Western Visayas)
13224,96.87973022,122.53750207767156,11.337500384489893,Jamindan,Capiz,Region VI (Western Visayas)
13225,97.1532135,122.56250207809546,11.337500384489893,Jamindan,Capiz,Region VI (Western Visayas)
13226,78.13671875,122.23750207258492,11.312500383642064,Jamindan,Capiz,Region VI (Western Visayas)
13227,73.19619751,122.2625020730088,11.312500383642064,Jamindan,Capiz,Region VI (Western Visayas)
13228,76.09901428,122.2875020734327,11.312500383642064,Jamindan,Capiz,Region VI (Western Visayas)
13229,77.51807404,122.3125020738566,11.312500383642064,Jamindan,Capiz,Region VI (Western Visayas)
13230,77.62275696,122.33750207428048,11.312500383642064,Jamindan,Capiz,Region VI (Western Visayas)
13231,79.3438797,122.21250207216104,11.287500382794237,Jamindan,Capiz,Region VI (Western Visayas)
13232,78.22309113,122.23750207258492,11.287500382794237,Jamindan,Capiz,Region VI (Western Visayas)
13233,73.19718933,122.2625020730088,11.287500382794237,Jamindan,Capiz,Region VI (Western Visayas)
13234,75.93659973,122.2875020734327,11.287500382794237,Jamindan,Capiz,Region VI (Western Visayas)
13235,77.26418304,122.3125020738566,11.287500382794237,Jamindan,Capiz,Region VI (Western Visayas)
13236,78.67436218,122.21250207216104,11.262500381946406,Jamindan,Capiz,Region VI (Western Visayas)
13237,75.74024963,122.23750207258492,11.262500381946406,Jamindan,Capiz,Region VI (Western Visayas)
13238,75.21945953,122.2625020730088,11.262500381946406,Jamindan,Capiz,Region VI (Western Visayas)
13239,75.64864349,122.2875020734327,11.262500381946406,Jamindan,Capiz,Region VI (Western Visayas)
13240,76.94425201,122.3125020738566,11.262500381946406,Jamindan,Capiz,Region VI (Western Visayas)
13241,83.86795044,122.21250207216104,11.237500381098576,Jamindan,Capiz,Region VI (Western Visayas)
13242,77.7204361,122.23750207258492,11.237500381098576,Jamindan,Capiz,Region VI (Western Visayas)
13243,108.8964081,122.76250208148656,11.41250038703338,Ma-ayon,Capiz,Region VI (Western Visayas)
13244,109.8936997,122.81250208233432,11.41250038703338,Ma-ayon,Capiz,Region VI (Western Visayas)
13245,108.9289703,122.76250208148656,11.38750038618555,Ma-ayon,Capiz,Region VI (Western Visayas)
13246,108.937439,122.78750208191045,11.38750038618555,Ma-ayon,Capiz,Region VI (Western Visayas)
13247,109.9305267,122.81250208233432,11.38750038618555,Ma-ayon,Capiz,Region VI (Western Visayas)
13248,110.3942795,122.83750208275822,11.38750038618555,Ma-ayon,Capiz,Region VI (Western Visayas)
13249,110.3369217,122.8625020831821,11.38750038618555,Ma-ayon,Capiz,Region VI (Western Visayas)
13250,108.5522232,122.76250208148656,11.362500385337722,Ma-ayon,Capiz,Region VI (Western Visayas)
13251,108.7335663,122.78750208191045,11.362500385337722,Ma-ayon,Capiz,Region VI (Western Visayas)
13252,109.8752518,122.81250208233432,11.362500385337722,Ma-ayon,Capiz,Region VI (Western Visayas)
13253,110.4253082,122.83750208275822,11.362500385337722,Ma-ayon,Capiz,Region VI (Western Visayas)
13254,110.4174042,122.8625020831821,11.362500385337722,Ma-ayon,Capiz,Region VI (Western Visayas)
13255,111.1467972,122.887502083606,11.362500385337722,Ma-ayon,Capiz,Region VI (Western Visayas)
13256,111.4567261,122.91250208402988,11.362500385337722,Ma-ayon,Capiz,Region VI (Western Visayas)
13257,111.3199692,122.93750208445378,11.362500385337722,Ma-ayon,Capiz,Region VI (Western Visayas)
13258,109.0250168,122.78750208191045,11.337500384489893,Ma-ayon,Capiz,Region VI (Western Visayas)
13259,110.330101,122.81250208233432,11.337500384489893,Ma-ayon,Capiz,Region VI (Western Visayas)
13260,110.6809616,122.83750208275822,11.337500384489893,Ma-ayon,Capiz,Region VI (Western Visayas)
13261,110.673111,122.8625020831821,11.337500384489893,Ma-ayon,Capiz,Region VI (Western Visayas)
13262,111.7592087,122.887502083606,11.337500384489893,Ma-ayon,Capiz,Region VI (Western Visayas)
13263,112.0701218,122.91250208402988,11.337500384489893,Ma-ayon,Capiz,Region VI (Western Visayas)
13264,111.0830231,122.8625020831821,11.312500383642064,Ma-ayon,Capiz,Region VI (Western Visayas)
13265,111.9432449,122.887502083606,11.312500383642064,Ma-ayon,Capiz,Region VI (Western Visayas)
13266,112.2697372,122.91250208402988,11.312500383642064,Ma-ayon,Capiz,Region VI (Western Visayas)
13267,112.1700211,122.93750208445378,11.312500383642064,Ma-ayon,Capiz,Region VI (Western Visayas)
13268,99.63890076,122.53750207767156,11.462500388729037,Mambusao,Capiz,Region VI (Western Visayas)
13269,99.88750458,122.56250207809546,11.462500388729037,Mambusao,Capiz,Region VI (Western Visayas)
13270,103.4498367,122.58750207851936,11.462500388729037,Mambusao,Capiz,Region VI (Western Visayas)
13271,104.9060288,122.61250207894324,11.462500388729037,Mambusao,Capiz,Region VI (Western Visayas)
13272,105.6910706,122.63750207936712,11.462500388729037,Mambusao,Capiz,Region VI (Western Visayas)
13273,98.85962677,122.53750207767156,11.437500387881208,Mambusao,Capiz,Region VI (Western Visayas)
13274,99.10710907,122.56250207809546,11.437500387881208,Mambusao,Capiz,Region VI (Western Visayas)
13275,102.5736542,122.58750207851936,11.437500387881208,Mambusao,Capiz,Region VI (Western Visayas)
13276,104.1290436,122.61250207894324,11.437500387881208,Mambusao,Capiz,Region VI (Western Visayas)
13277,99.72022247,122.56250207809546,11.41250038703338,Mambusao,Capiz,Region VI (Western Visayas)
13278,102.2890701,122.58750207851936,11.41250038703338,Mambusao,Capiz,Region VI (Western Visayas)
13279,103.7554245,122.61250207894324,11.41250038703338,Mambusao,Capiz,Region VI (Western Visayas)
13280,102.1936722,122.58750207851936,11.38750038618555,Mambusao,Capiz,Region VI (Western Visayas)
13281,111.0913925,122.81250208233432,11.587500392968185,Panay,Capiz,Region VI (Western Visayas)
13282,111.3410187,122.83750208275822,11.587500392968185,Panay,Capiz,Region VI (Western Visayas)
13283,110.2827148,122.78750208191045,11.562500392120352,Panay,Capiz,Region VI (Western Visayas)
13284,110.9693756,122.81250208233432,11.562500392120352,Panay,Capiz,Region VI (Western Visayas)
13285,111.2646484,122.83750208275822,11.562500392120352,Panay,Capiz,Region VI (Western Visayas)
13286,109.910408,122.78750208191045,11.537500391272523,Panay,Capiz,Region VI (Western Visayas)
13287,110.5848999,122.81250208233432,11.537500391272523,Panay,Capiz,Region VI (Western Visayas)
13288,111.0807343,122.83750208275822,11.537500391272523,Panay,Capiz,Region VI (Western Visayas)
13289,111.1095581,122.8625020831821,11.537500391272523,Panay,Capiz,Region VI (Western Visayas)
13290,111.351265,122.887502083606,11.537500391272523,Panay,Capiz,Region VI (Western Visayas)
13291,109.5935822,122.78750208191045,11.512500390424696,Panay,Capiz,Region VI (Western Visayas)
13292,110.3607101,122.81250208233432,11.512500390424696,Panay,Capiz,Region VI (Western Visayas)
13293,110.7353134,122.83750208275822,11.512500390424696,Panay,Capiz,Region VI (Western Visayas)
13294,110.903656,122.8625020831821,11.512500390424696,Panay,Capiz,Region VI (Western Visayas)
13295,111.3261032,122.887502083606,11.512500390424696,Panay,Capiz,Region VI (Western Visayas)
13296,111.5510025,122.91250208402988,11.512500390424696,Panay,Capiz,Region VI (Western Visayas)
13297,109.2642136,122.78750208191045,11.487500389576866,Panay,Capiz,Region VI (Western Visayas)
13298,111.2775497,122.887502083606,11.487500389576866,Panay,Capiz,Region VI (Western Visayas)
13299,109.2404327,122.76250208148656,11.487500389576866,Panitan,Capiz,Region VI (Western Visayas)
13300,108.9682312,122.73750208106269,11.462500388729037,Panitan,Capiz,Region VI (Western Visayas)
13301,109.0083847,122.76250208148656,11.462500388729037,Panitan,Capiz,Region VI (Western Visayas)
13302,109.2376404,122.78750208191045,11.462500388729037,Panitan,Capiz,Region VI (Western Visayas)
13303,110.0994644,122.81250208233432,11.462500388729037,Panitan,Capiz,Region VI (Western Visayas)
13304,108.8127289,122.73750208106269,11.437500387881208,Panitan,Capiz,Region VI (Western Visayas)
13305,108.8528137,122.76250208148656,11.437500387881208,Panitan,Capiz,Region VI (Western Visayas)
13306,109.0554352,122.78750208191045,11.437500387881208,Panitan,Capiz,Region VI (Western Visayas)
13307,109.9740524,122.81250208233432,11.437500387881208,Panitan,Capiz,Region VI (Western Visayas)
13308,108.9086609,122.78750208191045,11.41250038703338,Panitan,Capiz,Region VI (Western Visayas)
13309,111.9102173,123.08750208699708,11.537500391272523,Pilar,Capiz,Region VI (Western Visayas)
13310,111.5151749,123.03750208614932,11.512500390424696,Pilar,Capiz,Region VI (Western Visayas)
13311,111.6783447,123.0625020865732,11.512500390424696,Pilar,Capiz,Region VI (Western Visayas)
13312,111.5885239,123.01250208572544,11.487500389576866,Pilar,Capiz,Region VI (Western Visayas)
13313,111.2489853,123.03750208614932,11.487500389576866,Pilar,Capiz,Region VI (Western Visayas)
13314,111.3564758,123.0625020865732,11.487500389576866,Pilar,Capiz,Region VI (Western Visayas)
13315,111.2998352,122.93750208445378,11.462500388729037,Pilar,Capiz,Region VI (Western Visayas)
13316,111.1907044,122.96250208487764,11.462500388729037,Pilar,Capiz,Region VI (Western Visayas)
13317,111.4246826,122.98750208530154,11.462500388729037,Pilar,Capiz,Region VI (Western Visayas)
13318,111.4374313,123.01250208572544,11.462500388729037,Pilar,Capiz,Region VI (Western Visayas)
13319,110.9328995,123.03750208614932,11.462500388729037,Pilar,Capiz,Region VI (Western Visayas)
13320,111.1205292,122.96250208487764,11.437500387881208,Pilar,Capiz,Region VI (Western Visayas)
13321,110.9646072,122.98750208530154,11.437500387881208,Pilar,Capiz,Region VI (Western Visayas)
13322,110.9583588,123.01250208572544,11.437500387881208,Pilar,Capiz,Region VI (Western Visayas)
13323,110.6421433,123.03750208614932,11.437500387881208,Pilar,Capiz,Region VI (Western Visayas)
13324,110.9821854,123.01250208572544,11.41250038703338,Pilar,Capiz,Region VI (Western Visayas)
13325,110.483139,123.03750208614932,11.41250038703338,Pilar,Capiz,Region VI (Western Visayas)
13326,110.1364441,122.81250208233432,11.487500389576866,Pontevedra,Capiz,Region VI (Western Visayas)
13327,110.5337143,122.83750208275822,11.487500389576866,Pontevedra,Capiz,Region VI (Western Visayas)
13328,110.6798172,122.8625020831821,11.487500389576866,Pontevedra,Capiz,Region VI (Western Visayas)
13329,110.453682,122.83750208275822,11.462500388729037,Pontevedra,Capiz,Region VI (Western Visayas)
13330,110.4520645,122.8625020831821,11.462500388729037,Pontevedra,Capiz,Region VI (Western Visayas)
13331,110.3463059,122.83750208275822,11.437500387881208,Pontevedra,Capiz,Region VI (Western Visayas)
13332,110.3446808,122.8625020831821,11.437500387881208,Pontevedra,Capiz,Region VI (Western Visayas)
13333,111.0244751,122.887502083606,11.437500387881208,Pontevedra,Capiz,Region VI (Western Visayas)
13334,110.3387146,122.83750208275822,11.41250038703338,Pontevedra,Capiz,Region VI (Western Visayas)
13335,110.2859039,122.8625020831821,11.41250038703338,Pontevedra,Capiz,Region VI (Western Visayas)
13336,111.0865784,122.887502083606,11.41250038703338,Pontevedra,Capiz,Region VI (Western Visayas)
13337,111.1143112,122.887502083606,11.38750038618555,Pontevedra,Capiz,Region VI (Western Visayas)
13338,111.4421539,122.91250208402988,11.38750038618555,Pontevedra,Capiz,Region VI (Western Visayas)
13339,111.3188019,122.91250208402988,11.437500387881208,President Roxas,Capiz,Region VI (Western Visayas)
13340,111.2521896,122.93750208445378,11.437500387881208,President Roxas,Capiz,Region VI (Western Visayas)
13341,111.4327469,122.91250208402988,11.41250038703338,President Roxas,Capiz,Region VI (Western Visayas)
13342,111.4096069,122.93750208445378,11.41250038703338,President Roxas,Capiz,Region VI (Western Visayas)
13343,111.0937195,122.96250208487764,11.41250038703338,President Roxas,Capiz,Region VI (Western Visayas)
13344,111.0018768,122.98750208530154,11.41250038703338,President Roxas,Capiz,Region VI (Western Visayas)
13345,111.4078751,122.93750208445378,11.38750038618555,President Roxas,Capiz,Region VI (Western Visayas)
13346,111.0723572,122.96250208487764,11.38750038618555,President Roxas,Capiz,Region VI (Western Visayas)
13347,110.9703903,122.98750208530154,11.38750038618555,President Roxas,Capiz,Region VI (Western Visayas)
13348,109.9834442,122.73750208106269,11.587500392968185,Roxas City (Capital),Capiz,Region VI (Western Visayas)
13349,110.4788361,122.76250208148656,11.587500392968185,Roxas City (Capital),Capiz,Region VI (Western Visayas)
13350,110.5555267,122.78750208191045,11.587500392968185,Roxas City (Capital),Capiz,Region VI (Western Visayas)
13351,109.4682541,122.68750208021488,11.562500392120352,Roxas City (Capital),Capiz,Region VI (Western Visayas)
13352,109.6553726,122.71250208063879,11.562500392120352,Roxas City (Capital),Capiz,Region VI (Western Visayas)
13353,109.8065949,122.73750208106269,11.562500392120352,Roxas City (Capital),Capiz,Region VI (Western Visayas)
13354,109.8521195,122.76250208148656,11.562500392120352,Roxas City (Capital),Capiz,Region VI (Western Visayas)
13355,109.6917572,122.73750208106269,11.537500391272523,Roxas City (Capital),Capiz,Region VI (Western Visayas)
13356,109.7372742,122.76250208148656,11.537500391272523,Roxas City (Capital),Capiz,Region VI (Western Visayas)
13357,109.0620041,122.73750208106269,11.512500390424696,Roxas City (Capital),Capiz,Region VI (Western Visayas)
13358,109.5599594,122.76250208148656,11.512500390424696,Roxas City (Capital),Capiz,Region VI (Western Visayas)
13359,108.7475739,122.73750208106269,11.487500389576866,Roxas City (Capital),Capiz,Region VI (Western Visayas)
13360,103.0178299,122.56250207809546,11.537500391272523,Sapi-an,Capiz,Region VI (Western Visayas)
13361,105.2383804,122.58750207851936,11.537500391272523,Sapi-an,Capiz,Region VI (Western Visayas)
13362,100.1792679,122.53750207767156,11.512500390424696,Sapi-an,Capiz,Region VI (Western Visayas)
13363,102.6061935,122.56250207809546,11.512500390424696,Sapi-an,Capiz,Region VI (Western Visayas)
13364,104.5004578,122.58750207851936,11.512500390424696,Sapi-an,Capiz,Region VI (Western Visayas)
13365,105.5634766,122.61250207894324,11.512500390424696,Sapi-an,Capiz,Region VI (Western Visayas)
13366,105.83284,122.63750207936712,11.512500390424696,Sapi-an,Capiz,Region VI (Western Visayas)
13367,98.9328537,122.53750207767156,11.487500389576866,Sapi-an,Capiz,Region VI (Western Visayas)
13368,101.3941345,122.56250207809546,11.487500389576866,Sapi-an,Capiz,Region VI (Western Visayas)
13369,103.6743012,122.58750207851936,11.487500389576866,Sapi-an,Capiz,Region VI (Western Visayas)
13370,104.9328537,122.61250207894324,11.487500389576866,Sapi-an,Capiz,Region VI (Western Visayas)
13371,105.2203369,122.63750207936712,11.487500389576866,Sapi-an,Capiz,Region VI (Western Visayas)
13372,107.7370529,122.662502079791,11.487500389576866,Sapi-an,Capiz,Region VI (Western Visayas)
13373,108.4457855,122.68750208021488,11.487500389576866,Sigma,Capiz,Region VI (Western Visayas)
13374,107.0611801,122.662502079791,11.462500388729037,Sigma,Capiz,Region VI (Western Visayas)
13375,108.3864975,122.68750208021488,11.462500388729037,Sigma,Capiz,Region VI (Western Visayas)
13376,108.6285095,122.71250208063879,11.462500388729037,Sigma,Capiz,Region VI (Western Visayas)
13377,105.3752747,122.63750207936712,11.437500387881208,Sigma,Capiz,Region VI (Western Visayas)
13378,106.7879181,122.662502079791,11.437500387881208,Sigma,Capiz,Region VI (Western Visayas)
13379,108.1224365,122.68750208021488,11.437500387881208,Sigma,Capiz,Region VI (Western Visayas)
13380,108.3791275,122.71250208063879,11.437500387881208,Sigma,Capiz,Region VI (Western Visayas)
13381,104.1497498,122.63750207936712,11.41250038703338,Sigma,Capiz,Region VI (Western Visayas)
13382,107.2067795,122.662502079791,11.41250038703338,Sigma,Capiz,Region VI (Western Visayas)
13383,107.9727325,122.68750208021488,11.41250038703338,Sigma,Capiz,Region VI (Western Visayas)
13384,103.6889496,122.61250207894324,11.38750038618555,Sigma,Capiz,Region VI (Western Visayas)
13385,104.083992,122.63750207936712,11.38750038618555,Sigma,Capiz,Region VI (Western Visayas)
13386,103.4231186,122.61250207894324,11.362500385337722,Sigma,Capiz,Region VI (Western Visayas)
13387,77.8099823,122.36250207470437,11.337500384489893,Tapaz,Capiz,Region VI (Western Visayas)
13388,79.63941956,122.38750207512824,11.337500384489893,Tapaz,Capiz,Region VI (Western Visayas)
13389,80.55818939,122.41250207555214,11.337500384489893,Tapaz,Capiz,Region VI (Western Visayas)
13390,87.13215637,122.43750207597601,11.337500384489893,Tapaz,Capiz,Region VI (Western Visayas)
13391,89.65068054,122.46250207639991,11.337500384489893,Tapaz,Capiz,Region VI (Western Visayas)
13392,91.64810181,122.4875020768238,11.337500384489893,Tapaz,Capiz,Region VI (Western Visayas)
13393,94.0606842,122.5125020772477,11.337500384489893,Tapaz,Capiz,Region VI (Western Visayas)
13394,79.37947845,122.36250207470437,11.312500383642064,Tapaz,Capiz,Region VI (Western Visayas)
13395,79.89469147,122.38750207512824,11.312500383642064,Tapaz,Capiz,Region VI (Western Visayas)
13396,80.48323059,122.41250207555214,11.312500383642064,Tapaz,Capiz,Region VI (Western Visayas)
13397,85.69947815,122.43750207597601,11.312500383642064,Tapaz,Capiz,Region VI (Western Visayas)
13398,91.11943054,122.46250207639991,11.312500383642064,Tapaz,Capiz,Region VI (Western Visayas)
13399,91.69082642,122.4875020768238,11.312500383642064,Tapaz,Capiz,Region VI (Western Visayas)
13400,93.81567383,122.5125020772477,11.312500383642064,Tapaz,Capiz,Region VI (Western Visayas)
13401,95.08386993,122.53750207767156,11.312500383642064,Tapaz,Capiz,Region VI (Western Visayas)
13402,98.26139069,122.56250207809546,11.312500383642064,Tapaz,Capiz,Region VI (Western Visayas)
13403,77.39609528,122.33750207428048,11.287500382794237,Tapaz,Capiz,Region VI (Western Visayas)
13404,79.00982666,122.36250207470437,11.287500382794237,Tapaz,Capiz,Region VI (Western Visayas)
13405,79.35466003,122.38750207512824,11.287500382794237,Tapaz,Capiz,Region VI (Western Visayas)
13406,79.80149841,122.41250207555214,11.287500382794237,Tapaz,Capiz,Region VI (Western Visayas)
13407,85.09424591,122.43750207597601,11.287500382794237,Tapaz,Capiz,Region VI (Western Visayas)
13408,90.50243378,122.46250207639991,11.287500382794237,Tapaz,Capiz,Region VI (Western Visayas)
13409,91.09287262,122.4875020768238,11.287500382794237,Tapaz,Capiz,Region VI (Western Visayas)
13410,93.21126556,122.5125020772477,11.287500382794237,Tapaz,Capiz,Region VI (Western Visayas)
13411,94.42389679,122.53750207767156,11.287500382794237,Tapaz,Capiz,Region VI (Western Visayas)
13412,97.58705139,122.56250207809546,11.287500382794237,Tapaz,Capiz,Region VI (Western Visayas)
13413,77.9805603,122.33750207428048,11.262500381946406,Tapaz,Capiz,Region VI (Western Visayas)
13414,78.03723145,122.36250207470437,11.262500381946406,Tapaz,Capiz,Region VI (Western Visayas)
13415,78.69483185,122.38750207512824,11.262500381946406,Tapaz,Capiz,Region VI (Western Visayas)
13416,79.19955444,122.41250207555214,11.262500381946406,Tapaz,Capiz,Region VI (Western Visayas)
13417,85.87334442,122.43750207597601,11.262500381946406,Tapaz,Capiz,Region VI (Western Visayas)
13418,88.44734955,122.46250207639991,11.262500381946406,Tapaz,Capiz,Region VI (Western Visayas)
13419,90.38465118,122.4875020768238,11.262500381946406,Tapaz,Capiz,Region VI (Western Visayas)
13420,92.7620163,122.5125020772477,11.262500381946406,Tapaz,Capiz,Region VI (Western Visayas)
13421,95.19525146,122.53750207767156,11.262500381946406,Tapaz,Capiz,Region VI (Western Visayas)
13422,95.46794128,122.56250207809546,11.262500381946406,Tapaz,Capiz,Region VI (Western Visayas)
13423,77.199646,122.2625020730088,11.237500381098576,Tapaz,Capiz,Region VI (Western Visayas)
13424,79.51959229,122.2875020734327,11.237500381098576,Tapaz,Capiz,Region VI (Western Visayas)
13425,80.70968628,122.3125020738566,11.237500381098576,Tapaz,Capiz,Region VI (Western Visayas)
13426,78.91992188,122.33750207428048,11.237500381098576,Tapaz,Capiz,Region VI (Western Visayas)
13427,78.97675323,122.36250207470437,11.237500381098576,Tapaz,Capiz,Region VI (Western Visayas)
13428,80.13778687,122.38750207512824,11.237500381098576,Tapaz,Capiz,Region VI (Western Visayas)
13429,80.52433014,122.41250207555214,11.237500381098576,Tapaz,Capiz,Region VI (Western Visayas)
13430,86.03423309,122.43750207597601,11.237500381098576,Tapaz,Capiz,Region VI (Western Visayas)
13431,88.61255646,122.46250207639991,11.237500381098576,Tapaz,Capiz,Region VI (Western Visayas)
13432,90.62499237,122.4875020768238,11.237500381098576,Tapaz,Capiz,Region VI (Western Visayas)
13433,92.98345184,122.5125020772477,11.237500381098576,Tapaz,Capiz,Region VI (Western Visayas)
13434,95.21101379,122.53750207767156,11.237500381098576,Tapaz,Capiz,Region VI (Western Visayas)
13435,95.48370361,122.56250207809546,11.237500381098576,Tapaz,Capiz,Region VI (Western Visayas)
13436,86.01944733,122.21250207216104,11.212500380250749,Tapaz,Capiz,Region VI (Western Visayas)
13437,84.47856903,122.23750207258492,11.212500380250749,Tapaz,Capiz,Region VI (Western Visayas)
13438,77.93785095,122.2625020730088,11.212500380250749,Tapaz,Capiz,Region VI (Western Visayas)
13439,80.71923065,122.2875020734327,11.212500380250749,Tapaz,Capiz,Region VI (Western Visayas)
13440,81.69963837,122.3125020738566,11.212500380250749,Tapaz,Capiz,Region VI (Western Visayas)
13441,80.5198288,122.36250207470437,11.212500380250749,Tapaz,Capiz,Region VI (Western Visayas)
13442,80.76676941,122.38750207512824,11.212500380250749,Tapaz,Capiz,Region VI (Western Visayas)
13443,80.95783997,122.41250207555214,11.212500380250749,Tapaz,Capiz,Region VI (Western Visayas)
13444,85.9730072,122.43750207597601,11.212500380250749,Tapaz,Capiz,Region VI (Western Visayas)
13445,90.14035797,122.46250207639991,11.212500380250749,Tapaz,Capiz,Region VI (Western Visayas)
13446,90.70583344,122.4875020768238,11.212500380250749,Tapaz,Capiz,Region VI (Western Visayas)
13447,92.76024628,122.5125020772477,11.212500380250749,Tapaz,Capiz,Region VI (Western Visayas)
13448,93.90981293,122.53750207767156,11.212500380250749,Tapaz,Capiz,Region VI (Western Visayas)
13449,87.9958725,122.21250207216104,11.18750037940292,Tapaz,Capiz,Region VI (Western Visayas)
13450,86.8999939,122.23750207258492,11.18750037940292,Tapaz,Capiz,Region VI (Western Visayas)
13451,80.2505722,122.2625020730088,11.18750037940292,Tapaz,Capiz,Region VI (Western Visayas)
13452,82.19200897,122.2875020734327,11.18750037940292,Tapaz,Capiz,Region VI (Western Visayas)
13453,90.70523071,122.4875020768238,11.18750037940292,Tapaz,Capiz,Region VI (Western Visayas)
13454,85.77926636,122.23750207258492,11.162500378555087,Tapaz,Capiz,Region VI (Western Visayas)
13455,85.16467285,122.2625020730088,11.162500378555087,Tapaz,Capiz,Region VI (Western Visayas)
13456,88.90984344,122.23750207258492,11.137500377707262,Tapaz,Capiz,Region VI (Western Visayas)
