unique id,value,lon,lat,municipality name,province name,region
13457,111.4909668,122.98750208530154,11.212500380250749,Ajuy,Iloilo,Region VI (Western Visayas)
13458,111.2741242,123.01250208572544,11.212500380250749,Ajuy,Iloilo,Region VI (Western Visayas)
13459,110.5224075,123.03750208614932,11.212500380250749,Ajuy,Iloilo,Region VI (Western Visayas)
13460,111.7063141,122.96250208487764,11.18750037940292,Ajuy,Iloilo,Region VI (Western Visayas)
13461,111.3564224,122.98750208530154,11.18750037940292,Ajuy,Iloilo,Region VI (Western Visayas)
13462,111.1176529,123.01250208572544,11.18750037940292,Ajuy,Iloilo,Region VI (Western Visayas)
13463,110.3728638,123.03750208614932,11.18750037940292,Ajuy,Iloilo,Region VI (Western Visayas)
13464,108.9881744,123.0625020865732,11.18750037940292,Ajuy,Iloilo,Region VI (Western Visayas)
13465,112.1642609,122.96250208487764,11.162500378555087,Ajuy,Iloilo,Region VI (Western Visayas)
13466,111.3899612,122.98750208530154,11.162500378555087,Ajuy,Iloilo,Region VI (Western Visayas)
13467,111.043663,123.01250208572544,11.162500378555087,Ajuy,Iloilo,Region VI (Western Visayas)
13468,108.7917557,123.08750208699708,11.162500378555087,Ajuy,Iloilo,Region VI (Western Visayas)
13469,111.8833237,122.96250208487764,11.137500377707262,Ajuy,Iloilo,Region VI (Western Visayas)
13470,110.7973404,122.98750208530154,11.137500377707262,Ajuy,Iloilo,Region VI (Western Visayas)
13471,110.4378357,123.01250208572544,11.137500377707262,Ajuy,Iloilo,Region VI (Western Visayas)
13472,107.7357483,123.11250208742096,11.137500377707262,Ajuy,Iloilo,Region VI (Western Visayas)
13473,110.869072,122.96250208487764,11.112500376859431,Ajuy,Iloilo,Region VI (Western Visayas)
13474,110.4754944,122.98750208530154,11.112500376859431,Ajuy,Iloilo,Region VI (Western Visayas)
13475,110.2081986,123.01250208572544,11.112500376859431,Ajuy,Iloilo,Region VI (Western Visayas)
13476,112.2092667,122.93750208445378,11.087500376011604,Ajuy,Iloilo,Region VI (Western Visayas)
13477,110.6645966,122.96250208487764,11.087500376011604,Ajuy,Iloilo,Region VI (Western Visayas)
13478,110.3163223,122.98750208530154,11.087500376011604,Ajuy,Iloilo,Region VI (Western Visayas)
13479,110.1709976,122.93750208445378,11.037500374315949,Ajuy,Iloilo,Region VI (Western Visayas)
13480,109.0126801,122.2875020734327,10.912500370076804,Alimodian,Iloilo,Region VI (Western Visayas)
13481,108.5086212,122.3125020738566,10.912500370076804,Alimodian,Iloilo,Region VI (Western Visayas)
13482,111.2550812,122.3125020738566,10.887500369228974,Alimodian,Iloilo,Region VI (Western Visayas)
13483,110.4954376,122.33750207428048,10.887500369228974,Alimodian,Iloilo,Region VI (Western Visayas)
13484,106.3126373,122.36250207470437,10.887500369228974,Alimodian,Iloilo,Region VI (Western Visayas)
13485,109.0063705,122.36250207470437,10.862500368381143,Alimodian,Iloilo,Region VI (Western Visayas)
13486,106.2126465,122.38750207512824,10.862500368381143,Alimodian,Iloilo,Region VI (Western Visayas)
13487,105.3157883,122.41250207555214,10.862500368381143,Alimodian,Iloilo,Region VI (Western Visayas)
13488,109.1592255,122.38750207512824,10.837500367533316,Alimodian,Iloilo,Region VI (Western Visayas)
13489,108.247879,122.41250207555214,10.837500367533316,Alimodian,Iloilo,Region VI (Western Visayas)
13490,108.3662567,122.43750207597601,10.837500367533316,Alimodian,Iloilo,Region VI (Western Visayas)
13491,109.7707367,122.41250207555214,10.812500366685487,Alimodian,Iloilo,Region VI (Western Visayas)
13492,110.9656067,122.43750207597601,10.812500366685487,Alimodian,Iloilo,Region VI (Western Visayas)
13493,109.8166428,122.46250207639991,10.812500366685487,Alimodian,Iloilo,Region VI (Western Visayas)
13494,111.4280014,122.43750207597601,10.787500365837658,Alimodian,Iloilo,Region VI (Western Visayas)
13495,110.0777512,122.73750208106269,11.062500375163776,Anilao,Iloilo,Region VI (Western Visayas)
13496,110.1735687,122.73750208106269,11.037500374315949,Anilao,Iloilo,Region VI (Western Visayas)
13497,110.2097244,122.76250208148656,11.037500374315949,Anilao,Iloilo,Region VI (Western Visayas)
13498,110.1512222,122.71250208063879,11.012500373468118,Anilao,Iloilo,Region VI (Western Visayas)
13499,110.237915,122.73750208106269,11.012500373468118,Anilao,Iloilo,Region VI (Western Visayas)
13500,110.0370483,122.76250208148656,11.012500373468118,Anilao,Iloilo,Region VI (Western Visayas)
13501,110.2362137,122.71250208063879,10.987500372620287,Anilao,Iloilo,Region VI (Western Visayas)
13502,110.2582474,122.73750208106269,10.987500372620287,Anilao,Iloilo,Region VI (Western Visayas)
13503,109.9747467,122.76250208148656,10.987500372620287,Anilao,Iloilo,Region VI (Western Visayas)
13504,110.3084717,122.71250208063879,10.96250037177246,Anilao,Iloilo,Region VI (Western Visayas)
13505,110.260994,122.73750208106269,10.96250037177246,Anilao,Iloilo,Region VI (Western Visayas)
13506,110.1830292,122.76250208148656,10.96250037177246,Anilao,Iloilo,Region VI (Western Visayas)
13507,97.56920624,122.4875020768238,11.012500373468118,Badiangan,Iloilo,Region VI (Western Visayas)
13508,99.28808594,122.5125020772477,11.012500373468118,Badiangan,Iloilo,Region VI (Western Visayas)
13509,100.0998993,122.53750207767156,11.012500373468118,Badiangan,Iloilo,Region VI (Western Visayas)
13510,100.7983398,122.5125020772477,10.987500372620287,Badiangan,Iloilo,Region VI (Western Visayas)
13511,101.7186585,122.53750207767156,10.987500372620287,Badiangan,Iloilo,Region VI (Western Visayas)
13512,103.2703323,122.56250207809546,10.987500372620287,Badiangan,Iloilo,Region VI (Western Visayas)
13513,104.4969788,122.53750207767156,10.96250037177246,Badiangan,Iloilo,Region VI (Western Visayas)
13514,104.586937,122.56250207809546,10.96250037177246,Badiangan,Iloilo,Region VI (Western Visayas)
13515,111.4489365,123.08750208699708,11.487500389576866,Balasan,Iloilo,Region VI (Western Visayas)
13516,111.516983,123.11250208742096,11.487500389576866,Balasan,Iloilo,Region VI (Western Visayas)
13517,111.5368805,123.13750208784487,11.487500389576866,Balasan,Iloilo,Region VI (Western Visayas)
13518,110.7998352,123.0625020865732,11.462500388729037,Balasan,Iloilo,Region VI (Western Visayas)
13519,111.2608261,123.08750208699708,11.462500388729037,Balasan,Iloilo,Region VI (Western Visayas)
13520,111.3497162,123.11250208742096,11.462500388729037,Balasan,Iloilo,Region VI (Western Visayas)
13521,110.4710999,123.0625020865732,11.437500387881208,Balasan,Iloilo,Region VI (Western Visayas)
13522,110.3874588,123.08750208699708,11.437500387881208,Balasan,Iloilo,Region VI (Western Visayas)
13523,110.2370071,123.0625020865732,11.41250038703338,Balasan,Iloilo,Region VI (Western Visayas)
13524,110.1162872,122.76250208148656,11.087500376011604,Banate,Iloilo,Region VI (Western Visayas)
13525,110.1138992,122.76250208148656,11.062500375163776,Banate,Iloilo,Region VI (Western Visayas)
13526,110.1512909,122.78750208191045,11.062500375163776,Banate,Iloilo,Region VI (Western Visayas)
13527,110.0046845,122.78750208191045,11.037500374315949,Banate,Iloilo,Region VI (Western Visayas)
13528,111.2039337,122.81250208233432,11.037500374315949,Banate,Iloilo,Region VI (Western Visayas)
13529,109.9162445,122.78750208191045,11.012500373468118,Banate,Iloilo,Region VI (Western Visayas)
13530,111.1118393,122.81250208233432,11.012500373468118,Banate,Iloilo,Region VI (Western Visayas)
13531,110.6209183,122.68750208021488,10.937500370924631,Barotac Nuevo,Iloilo,Region VI (Western Visayas)
13532,110.4571075,122.71250208063879,10.937500370924631,Barotac Nuevo,Iloilo,Region VI (Western Visayas)
13533,110.1019363,122.73750208106269,10.937500370924631,Barotac Nuevo,Iloilo,Region VI (Western Visayas)
13534,110.0239716,122.76250208148656,10.937500370924631,Barotac Nuevo,Iloilo,Region VI (Western Visayas)
13535,110.4635696,122.68750208021488,10.912500370076804,Barotac Nuevo,Iloilo,Region VI (Western Visayas)
13536,110.3182221,122.71250208063879,10.912500370076804,Barotac Nuevo,Iloilo,Region VI (Western Visayas)
13537,110.2145462,122.73750208106269,10.912500370076804,Barotac Nuevo,Iloilo,Region VI (Western Visayas)
13538,109.1328507,122.76250208148656,10.912500370076804,Barotac Nuevo,Iloilo,Region VI (Western Visayas)
13539,110.3246307,122.68750208021488,10.887500369228974,Barotac Nuevo,Iloilo,Region VI (Western Visayas)
13540,110.1327438,122.71250208063879,10.887500369228974,Barotac Nuevo,Iloilo,Region VI (Western Visayas)
13541,109.9562836,122.73750208106269,10.887500369228974,Barotac Nuevo,Iloilo,Region VI (Western Visayas)
13542,108.8514786,122.76250208148656,10.887500369228974,Barotac Nuevo,Iloilo,Region VI (Western Visayas)
13543,112.8833237,122.887502083606,11.162500378555087,Barotac Viejo,Iloilo,Region VI (Western Visayas)
13544,112.6116486,122.887502083606,11.137500377707262,Barotac Viejo,Iloilo,Region VI (Western Visayas)
13545,112.7398605,122.91250208402988,11.137500377707262,Barotac Viejo,Iloilo,Region VI (Western Visayas)
13546,112.3033142,122.93750208445378,11.137500377707262,Barotac Viejo,Iloilo,Region VI (Western Visayas)
13547,112.3584137,122.83750208275822,11.112500376859431,Barotac Viejo,Iloilo,Region VI (Western Visayas)
13548,111.8444977,122.8625020831821,11.112500376859431,Barotac Viejo,Iloilo,Region VI (Western Visayas)
13549,112.3871918,122.887502083606,11.112500376859431,Barotac Viejo,Iloilo,Region VI (Western Visayas)
13550,112.5254059,122.91250208402988,11.112500376859431,Barotac Viejo,Iloilo,Region VI (Western Visayas)
13551,112.3919067,122.93750208445378,11.112500376859431,Barotac Viejo,Iloilo,Region VI (Western Visayas)
13552,110.082222,122.78750208191045,11.087500376011604,Barotac Viejo,Iloilo,Region VI (Western Visayas)
13553,111.6350403,122.81250208233432,11.087500376011604,Barotac Viejo,Iloilo,Region VI (Western Visayas)
13554,112.3302307,122.83750208275822,11.087500376011604,Barotac Viejo,Iloilo,Region VI (Western Visayas)
13555,111.7783051,122.8625020831821,11.087500376011604,Barotac Viejo,Iloilo,Region VI (Western Visayas)
13556,112.3143768,122.887502083606,11.087500376011604,Barotac Viejo,Iloilo,Region VI (Western Visayas)
13557,112.4123612,122.91250208402988,11.087500376011604,Barotac Viejo,Iloilo,Region VI (Western Visayas)
13558,111.5269165,122.81250208233432,11.062500375163776,Barotac Viejo,Iloilo,Region VI (Western Visayas)
13559,111.9279327,122.83750208275822,11.062500375163776,Barotac Viejo,Iloilo,Region VI (Western Visayas)
13560,111.8557434,122.8625020831821,11.062500375163776,Barotac Viejo,Iloilo,Region VI (Western Visayas)
13561,111.955574,122.887502083606,11.062500375163776,Barotac Viejo,Iloilo,Region VI (Western Visayas)
13562,111.8609161,122.91250208402988,11.062500375163776,Barotac Viejo,Iloilo,Region VI (Western Visayas)
13563,111.5320358,122.83750208275822,11.037500374315949,Barotac Viejo,Iloilo,Region VI (Western Visayas)
13564,111.4599075,122.8625020831821,11.037500374315949,Barotac Viejo,Iloilo,Region VI (Western Visayas)
13565,110.8324661,122.887502083606,11.037500374315949,Barotac Viejo,Iloilo,Region VI (Western Visayas)
13566,110.6340103,122.91250208402988,11.037500374315949,Barotac Viejo,Iloilo,Region VI (Western Visayas)
13567,111.6272583,122.83750208275822,11.012500373468118,Barotac Viejo,Iloilo,Region VI (Western Visayas)
13568,110.24646,123.08750208699708,11.41250038703338,Batad,Iloilo,Region VI (Western Visayas)
13569,110.2815399,123.11250208742096,11.41250038703338,Batad,Iloilo,Region VI (Western Visayas)
13570,110.1133347,123.0625020865732,11.38750038618555,Batad,Iloilo,Region VI (Western Visayas)
13571,110.1355057,123.08750208699708,11.38750038618555,Batad,Iloilo,Region VI (Western Visayas)
13572,110.1384964,123.11250208742096,11.38750038618555,Batad,Iloilo,Region VI (Western Visayas)
13573,110.1175613,123.13750208784487,11.38750038618555,Batad,Iloilo,Region VI (Western Visayas)
13574,110.4804688,123.16250208826877,11.38750038618555,Batad,Iloilo,Region VI (Western Visayas)
13575,99.75799561,122.58750207851936,11.237500381098576,Bingawan,Iloilo,Region VI (Western Visayas)
13576,101.5835037,122.61250207894324,11.237500381098576,Bingawan,Iloilo,Region VI (Western Visayas)
13577,96.93874359,122.56250207809546,11.212500380250749,Bingawan,Iloilo,Region VI (Western Visayas)
13578,93.8627243,122.53750207767156,11.18750037940292,Bingawan,Iloilo,Region VI (Western Visayas)
13579,96.86660767,122.56250207809546,11.18750037940292,Bingawan,Iloilo,Region VI (Western Visayas)
13580,95.91007996,122.56250207809546,11.162500378555087,Bingawan,Iloilo,Region VI (Western Visayas)
13581,99.69373322,122.58750207851936,11.162500378555087,Bingawan,Iloilo,Region VI (Western Visayas)
13582,103.0366592,122.4875020768238,10.937500370924631,Cabatuan,Iloilo,Region VI (Western Visayas)
13583,104.7707901,122.4875020768238,10.912500370076804,Cabatuan,Iloilo,Region VI (Western Visayas)
13584,105.9305344,122.5125020772477,10.912500370076804,Cabatuan,Iloilo,Region VI (Western Visayas)
13585,106.4727631,122.53750207767156,10.912500370076804,Cabatuan,Iloilo,Region VI (Western Visayas)
13586,106.5420532,122.46250207639991,10.887500369228974,Cabatuan,Iloilo,Region VI (Western Visayas)
13587,106.5405273,122.4875020768238,10.887500369228974,Cabatuan,Iloilo,Region VI (Western Visayas)
13588,107.4370956,122.5125020772477,10.887500369228974,Cabatuan,Iloilo,Region VI (Western Visayas)
13589,107.9088898,122.53750207767156,10.887500369228974,Cabatuan,Iloilo,Region VI (Western Visayas)
13590,107.6593933,122.46250207639991,10.862500368381143,Cabatuan,Iloilo,Region VI (Western Visayas)
13591,106.7891922,122.4875020768238,10.862500368381143,Cabatuan,Iloilo,Region VI (Western Visayas)
13592,107.6411896,122.5125020772477,10.862500368381143,Cabatuan,Iloilo,Region VI (Western Visayas)
13593,109.1246109,122.46250207639991,10.837500367533316,Cabatuan,Iloilo,Region VI (Western Visayas)
13594,108.8264618,122.4875020768238,10.837500367533316,Cabatuan,Iloilo,Region VI (Western Visayas)
13595,81.48983765,122.41250207555214,11.18750037940292,Calinog,Iloilo,Region VI (Western Visayas)
13596,86.28118896,122.43750207597601,11.18750037940292,Calinog,Iloilo,Region VI (Western Visayas)
13597,90.24756622,122.46250207639991,11.18750037940292,Calinog,Iloilo,Region VI (Western Visayas)
13598,92.69056702,122.5125020772477,11.18750037940292,Calinog,Iloilo,Region VI (Western Visayas)
13599,81.82073975,122.41250207555214,11.162500378555087,Calinog,Iloilo,Region VI (Western Visayas)
13600,87.63764954,122.43750207597601,11.162500378555087,Calinog,Iloilo,Region VI (Western Visayas)
13601,89.90340424,122.46250207639991,11.162500378555087,Calinog,Iloilo,Region VI (Western Visayas)
13602,90.78246307,122.4875020768238,11.162500378555087,Calinog,Iloilo,Region VI (Western Visayas)
13603,92.96907806,122.5125020772477,11.162500378555087,Calinog,Iloilo,Region VI (Western Visayas)
13604,95.66091919,122.53750207767156,11.162500378555087,Calinog,Iloilo,Region VI (Western Visayas)
13605,88.45644379,122.43750207597601,11.137500377707262,Calinog,Iloilo,Region VI (Western Visayas)
13606,90.63173676,122.46250207639991,11.137500377707262,Calinog,Iloilo,Region VI (Western Visayas)
13607,92.41513062,122.4875020768238,11.137500377707262,Calinog,Iloilo,Region VI (Western Visayas)
13608,94.56118774,122.5125020772477,11.137500377707262,Calinog,Iloilo,Region VI (Western Visayas)
13609,96.10940552,122.53750207767156,11.137500377707262,Calinog,Iloilo,Region VI (Western Visayas)
13610,96.35839844,122.56250207809546,11.137500377707262,Calinog,Iloilo,Region VI (Western Visayas)
13611,95.73764801,122.53750207767156,11.112500376859431,Calinog,Iloilo,Region VI (Western Visayas)
13612,98.25720978,122.56250207809546,11.112500376859431,Calinog,Iloilo,Region VI (Western Visayas)
13613,112.7284622,123.21250208911653,11.587500392968185,Carles,Iloilo,Region VI (Western Visayas)
13614,112.4584808,123.33750209123596,11.587500392968185,Carles,Iloilo,Region VI (Western Visayas)
13615,112.8562546,123.13750208784487,11.562500392120352,Carles,Iloilo,Region VI (Western Visayas)
13616,112.0178604,123.11250208742096,11.537500391272523,Carles,Iloilo,Region VI (Western Visayas)
13617,112.5355682,123.13750208784487,11.537500391272523,Carles,Iloilo,Region VI (Western Visayas)
13618,112.235466,123.18750208869264,11.537500391272523,Carles,Iloilo,Region VI (Western Visayas)
13619,111.704277,123.08750208699708,11.512500390424696,Carles,Iloilo,Region VI (Western Visayas)
13620,111.7787094,123.11250208742096,11.512500390424696,Carles,Iloilo,Region VI (Western Visayas)
13621,112.0479507,123.18750208869264,11.512500390424696,Carles,Iloilo,Region VI (Western Visayas)
13622,111.8131485,123.18750208869264,11.487500389576866,Carles,Iloilo,Region VI (Western Visayas)
13623,111.7985611,123.21250208911653,11.487500389576866,Carles,Iloilo,Region VI (Western Visayas)
13624,111.6918564,123.21250208911653,11.462500388729037,Carles,Iloilo,Region VI (Western Visayas)
13625,111.326004,123.2625020899643,11.437500387881208,Carles,Iloilo,Region VI (Western Visayas)
13626,108.9915466,123.16250208826877,11.287500382794237,Concepcion,Iloilo,Region VI (Western Visayas)
13627,108.7516251,123.13750208784487,11.262500381946406,Concepcion,Iloilo,Region VI (Western Visayas)
13628,108.7072907,123.16250208826877,11.262500381946406,Concepcion,Iloilo,Region VI (Western Visayas)
13629,109.8417206,123.0625020865732,11.237500381098576,Concepcion,Iloilo,Region VI (Western Visayas)
13630,109.1270905,123.08750208699708,11.237500381098576,Concepcion,Iloilo,Region VI (Western Visayas)
13631,107.7004395,123.21250208911653,11.237500381098576,Concepcion,Iloilo,Region VI (Western Visayas)
13632,109.1401825,123.0625020865732,11.212500380250749,Concepcion,Iloilo,Region VI (Western Visayas)
13633,108.9564743,123.08750208699708,11.212500380250749,Concepcion,Iloilo,Region VI (Western Visayas)
13634,108.7516174,123.11250208742096,11.212500380250749,Concepcion,Iloilo,Region VI (Western Visayas)
13635,107.8780441,123.16250208826877,11.212500380250749,Concepcion,Iloilo,Region VI (Western Visayas)
13636,107.5772858,123.18750208869264,11.212500380250749,Concepcion,Iloilo,Region VI (Western Visayas)
13637,108.8124008,123.08750208699708,11.18750037940292,Concepcion,Iloilo,Region VI (Western Visayas)
13638,108.5845337,123.11250208742096,11.18750037940292,Concepcion,Iloilo,Region VI (Western Visayas)
13639,108.4597015,123.11250208742096,11.162500378555087,Concepcion,Iloilo,Region VI (Western Visayas)
13640,107.3574295,123.13750208784487,11.137500377707262,Concepcion,Iloilo,Region VI (Western Visayas)
13641,108.92556,122.68750208021488,11.062500375163776,Dingle,Iloilo,Region VI (Western Visayas)
13642,109.2759476,122.71250208063879,11.062500375163776,Dingle,Iloilo,Region VI (Western Visayas)
13643,105.9616928,122.63750207936712,11.037500374315949,Dingle,Iloilo,Region VI (Western Visayas)
13644,108.0060577,122.662502079791,11.037500374315949,Dingle,Iloilo,Region VI (Western Visayas)
13645,109.8171845,122.68750208021488,11.037500374315949,Dingle,Iloilo,Region VI (Western Visayas)
13646,110.091835,122.71250208063879,11.037500374315949,Dingle,Iloilo,Region VI (Western Visayas)
13647,105.8850632,122.61250207894324,11.012500373468118,Dingle,Iloilo,Region VI (Western Visayas)
13648,106.1037216,122.63750207936712,11.012500373468118,Dingle,Iloilo,Region VI (Western Visayas)
13649,109.0108948,122.662502079791,11.012500373468118,Dingle,Iloilo,Region VI (Western Visayas)
13650,110.0230179,122.68750208021488,11.012500373468118,Dingle,Iloilo,Region VI (Western Visayas)
13651,109.5415573,122.662502079791,10.987500372620287,Dingle,Iloilo,Region VI (Western Visayas)
13652,110.233551,122.68750208021488,10.987500372620287,Dingle,Iloilo,Region VI (Western Visayas)
13653,109.9949951,122.662502079791,10.96250037177246,Dingle,Iloilo,Region VI (Western Visayas)
13654,110.4028015,122.68750208021488,10.96250037177246,Dingle,Iloilo,Region VI (Western Visayas)
13655,96.30548859,122.53750207767156,11.087500376011604,Dueñas,Iloilo,Region VI (Western Visayas)
13656,98.77693176,122.56250207809546,11.087500376011604,Dueñas,Iloilo,Region VI (Western Visayas)
13657,101.5433121,122.58750207851936,11.087500376011604,Dueñas,Iloilo,Region VI (Western Visayas)
13658,103.1244736,122.61250207894324,11.087500376011604,Dueñas,Iloilo,Region VI (Western Visayas)
13659,98.71905518,122.56250207809546,11.062500375163776,Dueñas,Iloilo,Region VI (Western Visayas)
13660,101.9096527,122.58750207851936,11.062500375163776,Dueñas,Iloilo,Region VI (Western Visayas)
13661,103.5996094,122.61250207894324,11.062500375163776,Dueñas,Iloilo,Region VI (Western Visayas)
13662,105.2688904,122.63750207936712,11.062500375163776,Dueñas,Iloilo,Region VI (Western Visayas)
13663,99.84387207,122.56250207809546,11.037500374315949,Dueñas,Iloilo,Region VI (Western Visayas)
13664,103.9869537,122.58750207851936,11.037500374315949,Dueñas,Iloilo,Region VI (Western Visayas)
13665,105.6128311,122.61250207894324,11.037500374315949,Dueñas,Iloilo,Region VI (Western Visayas)
13666,101.7071457,122.56250207809546,11.012500373468118,Dueñas,Iloilo,Region VI (Western Visayas)
13667,104.4525909,122.58750207851936,11.012500373468118,Dueñas,Iloilo,Region VI (Western Visayas)
13668,110.4567871,122.662502079791,10.862500368381143,Dumangas,Iloilo,Region VI (Western Visayas)
13669,110.309288,122.68750208021488,10.862500368381143,Dumangas,Iloilo,Region VI (Western Visayas)
13670,110.008667,122.71250208063879,10.862500368381143,Dumangas,Iloilo,Region VI (Western Visayas)
13671,109.2178497,122.73750208106269,10.862500368381143,Dumangas,Iloilo,Region VI (Western Visayas)
13672,109.106987,122.76250208148656,10.862500368381143,Dumangas,Iloilo,Region VI (Western Visayas)
13673,110.3972626,122.662502079791,10.837500367533316,Dumangas,Iloilo,Region VI (Western Visayas)
13674,109.8914871,122.68750208021488,10.837500367533316,Dumangas,Iloilo,Region VI (Western Visayas)
13675,109.5791855,122.71250208063879,10.837500367533316,Dumangas,Iloilo,Region VI (Western Visayas)
13676,108.9800186,122.73750208106269,10.837500367533316,Dumangas,Iloilo,Region VI (Western Visayas)
13677,0.0,122.76250208148656,10.837500367533316,Dumangas,Iloilo,Region VI (Western Visayas)
13678,109.9678879,122.662502079791,10.812500366685487,Dumangas,Iloilo,Region VI (Western Visayas)
13679,109.733902,122.68750208021488,10.812500366685487,Dumangas,Iloilo,Region VI (Western Visayas)
13680,109.5170364,122.71250208063879,10.812500366685487,Dumangas,Iloilo,Region VI (Western Visayas)
13681,109.3475876,122.73750208106269,10.812500366685487,Dumangas,Iloilo,Region VI (Western Visayas)
13682,109.4571152,122.71250208063879,10.787500365837658,Dumangas,Iloilo,Region VI (Western Visayas)
13683,111.2934113,123.13750208784487,11.462500388729037,Estancia,Iloilo,Region VI (Western Visayas)
13684,110.4609146,123.11250208742096,11.437500387881208,Estancia,Iloilo,Region VI (Western Visayas)
13685,110.8613052,123.13750208784487,11.437500387881208,Estancia,Iloilo,Region VI (Western Visayas)
13686,0.0,123.18750208869264,11.437500387881208,Estancia,Iloilo,Region VI (Western Visayas)
13687,118.9057312,122.3125020738566,10.712500363294172,Guimbal,Iloilo,Region VI (Western Visayas)
13688,121.0178757,122.2875020734327,10.687500362446343,Guimbal,Iloilo,Region VI (Western Visayas)
13689,120.6302872,122.3125020738566,10.687500362446343,Guimbal,Iloilo,Region VI (Western Visayas)
13690,122.9515228,122.2875020734327,10.662500361598514,Guimbal,Iloilo,Region VI (Western Visayas)
13691,122.1972275,122.3125020738566,10.662500361598514,Guimbal,Iloilo,Region VI (Western Visayas)
13692,120.0772781,122.21250207216104,10.812500366685487,Igbaras,Iloilo,Region VI (Western Visayas)
13693,119.7661591,122.23750207258492,10.812500366685487,Igbaras,Iloilo,Region VI (Western Visayas)
13694,120.2363586,122.21250207216104,10.787500365837658,Igbaras,Iloilo,Region VI (Western Visayas)
13695,120.0532379,122.23750207258492,10.787500365837658,Igbaras,Iloilo,Region VI (Western Visayas)
13696,115.9561386,122.2625020730088,10.787500365837658,Igbaras,Iloilo,Region VI (Western Visayas)
13697,121.5429611,122.18750207173716,10.76250036498983,Igbaras,Iloilo,Region VI (Western Visayas)
13698,121.4742889,122.21250207216104,10.76250036498983,Igbaras,Iloilo,Region VI (Western Visayas)
13699,119.9143982,122.23750207258492,10.76250036498983,Igbaras,Iloilo,Region VI (Western Visayas)
13700,119.5856476,122.2625020730088,10.76250036498983,Igbaras,Iloilo,Region VI (Western Visayas)
13701,117.9713287,122.2875020734327,10.76250036498983,Igbaras,Iloilo,Region VI (Western Visayas)
13702,122.478447,122.21250207216104,10.737500364142,Igbaras,Iloilo,Region VI (Western Visayas)
13703,121.2083969,122.23750207258492,10.737500364142,Igbaras,Iloilo,Region VI (Western Visayas)
13704,120.8763046,122.2625020730088,10.737500364142,Igbaras,Iloilo,Region VI (Western Visayas)
13705,119.5285187,122.2875020734327,10.737500364142,Igbaras,Iloilo,Region VI (Western Visayas)
13706,122.3459396,122.23750207258492,10.712500363294172,Igbaras,Iloilo,Region VI (Western Visayas)
13707,118.8155823,122.2625020730088,10.712500363294172,Igbaras,Iloilo,Region VI (Western Visayas)
13708,119.2647476,122.2875020734327,10.712500363294172,Igbaras,Iloilo,Region VI (Western Visayas)
13709,120.673523,122.2625020730088,10.687500362446343,Igbaras,Iloilo,Region VI (Western Visayas)
13710,111.312851,122.56250207809546,10.76250036498983,Iloilo City (Capital),Iloilo,Region VI (Western Visayas)
13711,111.1167221,122.58750207851936,10.76250036498983,Iloilo City (Capital),Iloilo,Region VI (Western Visayas)
13712,112.1727295,122.53750207767156,10.737500364142,Iloilo City (Capital),Iloilo,Region VI (Western Visayas)
13713,112.078186,122.56250207809546,10.737500364142,Iloilo City (Capital),Iloilo,Region VI (Western Visayas)
13714,111.6205292,122.58750207851936,10.737500364142,Iloilo City (Capital),Iloilo,Region VI (Western Visayas)
13715,112.8780747,122.53750207767156,10.712500363294172,Iloilo City (Capital),Iloilo,Region VI (Western Visayas)
13716,111.6365814,122.56250207809546,10.712500363294172,Iloilo City (Capital),Iloilo,Region VI (Western Visayas)
13717,111.6039124,122.58750207851936,10.712500363294172,Iloilo City (Capital),Iloilo,Region VI (Western Visayas)
13718,114.0170288,122.5125020772477,10.687500362446343,Iloilo City (Capital),Iloilo,Region VI (Western Visayas)
13719,113.8785172,122.53750207767156,10.687500362446343,Iloilo City (Capital),Iloilo,Region VI (Western Visayas)
13720,93.13259888,122.33750207428048,11.037500374315949,Janiuay,Iloilo,Region VI (Western Visayas)
13721,92.78878784,122.36250207470437,11.037500374315949,Janiuay,Iloilo,Region VI (Western Visayas)
13722,92.05278015,122.38750207512824,11.037500374315949,Janiuay,Iloilo,Region VI (Western Visayas)
13723,91.4741745,122.41250207555214,11.037500374315949,Janiuay,Iloilo,Region VI (Western Visayas)
13724,96.81211853,122.33750207428048,11.012500373468118,Janiuay,Iloilo,Region VI (Western Visayas)
13725,92.84564209,122.36250207470437,11.012500373468118,Janiuay,Iloilo,Region VI (Western Visayas)
13726,92.60935974,122.38750207512824,11.012500373468118,Janiuay,Iloilo,Region VI (Western Visayas)
13727,92.16793823,122.41250207555214,11.012500373468118,Janiuay,Iloilo,Region VI (Western Visayas)
13728,95.74105835,122.43750207597601,11.012500373468118,Janiuay,Iloilo,Region VI (Western Visayas)
13729,97.16396332,122.46250207639991,11.012500373468118,Janiuay,Iloilo,Region VI (Western Visayas)
13730,99.72528076,122.33750207428048,10.987500372620287,Janiuay,Iloilo,Region VI (Western Visayas)
13731,95.6860733,122.36250207470437,10.987500372620287,Janiuay,Iloilo,Region VI (Western Visayas)
13732,95.14785767,122.38750207512824,10.987500372620287,Janiuay,Iloilo,Region VI (Western Visayas)
13733,94.65973663,122.41250207555214,10.987500372620287,Janiuay,Iloilo,Region VI (Western Visayas)
13734,97.97798157,122.43750207597601,10.987500372620287,Janiuay,Iloilo,Region VI (Western Visayas)
13735,99.13290405,122.46250207639991,10.987500372620287,Janiuay,Iloilo,Region VI (Western Visayas)
13736,99.25091553,122.4875020768238,10.987500372620287,Janiuay,Iloilo,Region VI (Western Visayas)
13737,100.2699356,122.43750207597601,10.96250037177246,Janiuay,Iloilo,Region VI (Western Visayas)
13738,101.6098862,122.46250207639991,10.96250037177246,Janiuay,Iloilo,Region VI (Western Visayas)
13739,100.7742767,122.4875020768238,10.96250037177246,Janiuay,Iloilo,Region VI (Western Visayas)
13740,102.2700806,122.5125020772477,10.96250037177246,Janiuay,Iloilo,Region VI (Western Visayas)
13741,104.4926834,122.5125020772477,10.937500370924631,Janiuay,Iloilo,Region VI (Western Visayas)
13742,105.1700211,122.53750207767156,10.937500370924631,Janiuay,Iloilo,Region VI (Western Visayas)
13743,81.277565,122.33750207428048,11.212500380250749,Lambunao,Iloilo,Region VI (Western Visayas)
13744,82.78621674,122.3125020738566,11.18750037940292,Lambunao,Iloilo,Region VI (Western Visayas)
13745,82.4673233,122.33750207428048,11.18750037940292,Lambunao,Iloilo,Region VI (Western Visayas)
13746,81.51888275,122.36250207470437,11.18750037940292,Lambunao,Iloilo,Region VI (Western Visayas)
13747,81.45736694,122.38750207512824,11.18750037940292,Lambunao,Iloilo,Region VI (Western Visayas)
13748,83.29051208,122.2875020734327,11.162500378555087,Lambunao,Iloilo,Region VI (Western Visayas)
13749,83.46302795,122.3125020738566,11.162500378555087,Lambunao,Iloilo,Region VI (Western Visayas)
13750,83.48200989,122.33750207428048,11.162500378555087,Lambunao,Iloilo,Region VI (Western Visayas)
13751,83.27768707,122.36250207470437,11.162500378555087,Lambunao,Iloilo,Region VI (Western Visayas)
13752,81.90010834,122.38750207512824,11.162500378555087,Lambunao,Iloilo,Region VI (Western Visayas)
13753,88.28999329,122.2625020730088,11.137500377707262,Lambunao,Iloilo,Region VI (Western Visayas)
13754,88.72728729,122.2875020734327,11.137500377707262,Lambunao,Iloilo,Region VI (Western Visayas)
13755,88.67993927,122.3125020738566,11.137500377707262,Lambunao,Iloilo,Region VI (Western Visayas)
13756,85.22376251,122.33750207428048,11.137500377707262,Lambunao,Iloilo,Region VI (Western Visayas)
13757,85.0189743,122.36250207470437,11.137500377707262,Lambunao,Iloilo,Region VI (Western Visayas)
13758,84.99785614,122.38750207512824,11.137500377707262,Lambunao,Iloilo,Region VI (Western Visayas)
13759,84.80990601,122.41250207555214,11.137500377707262,Lambunao,Iloilo,Region VI (Western Visayas)
13760,88.19593048,122.2625020730088,11.112500376859431,Lambunao,Iloilo,Region VI (Western Visayas)
13761,89.85286713,122.2875020734327,11.112500376859431,Lambunao,Iloilo,Region VI (Western Visayas)
13762,89.94018555,122.3125020738566,11.112500376859431,Lambunao,Iloilo,Region VI (Western Visayas)
13763,89.01054382,122.33750207428048,11.112500376859431,Lambunao,Iloilo,Region VI (Western Visayas)
13764,85.90493774,122.36250207470437,11.112500376859431,Lambunao,Iloilo,Region VI (Western Visayas)
13765,85.85993195,122.38750207512824,11.112500376859431,Lambunao,Iloilo,Region VI (Western Visayas)
13766,85.66086578,122.41250207555214,11.112500376859431,Lambunao,Iloilo,Region VI (Western Visayas)
13767,89.77880096,122.43750207597601,11.112500376859431,Lambunao,Iloilo,Region VI (Western Visayas)
13768,92.36157227,122.46250207639991,11.112500376859431,Lambunao,Iloilo,Region VI (Western Visayas)
13769,92.87507629,122.4875020768238,11.112500376859431,Lambunao,Iloilo,Region VI (Western Visayas)
13770,94.7579422,122.5125020772477,11.112500376859431,Lambunao,Iloilo,Region VI (Western Visayas)
13771,90.87969971,122.2875020734327,11.087500376011604,Lambunao,Iloilo,Region VI (Western Visayas)
13772,90.86566162,122.3125020738566,11.087500376011604,Lambunao,Iloilo,Region VI (Western Visayas)
13773,90.1632309,122.33750207428048,11.087500376011604,Lambunao,Iloilo,Region VI (Western Visayas)
13774,86.96105194,122.36250207470437,11.087500376011604,Lambunao,Iloilo,Region VI (Western Visayas)
13775,86.58428192,122.38750207512824,11.087500376011604,Lambunao,Iloilo,Region VI (Western Visayas)
13776,86.27557373,122.41250207555214,11.087500376011604,Lambunao,Iloilo,Region VI (Western Visayas)
13777,90.55552673,122.43750207597601,11.087500376011604,Lambunao,Iloilo,Region VI (Western Visayas)
13778,93.07991028,122.46250207639991,11.087500376011604,Lambunao,Iloilo,Region VI (Western Visayas)
13779,93.37844849,122.4875020768238,11.087500376011604,Lambunao,Iloilo,Region VI (Western Visayas)
13780,95.21186829,122.5125020772477,11.087500376011604,Lambunao,Iloilo,Region VI (Western Visayas)
13781,92.125,122.3125020738566,11.062500375163776,Lambunao,Iloilo,Region VI (Western Visayas)
13782,90.88837433,122.33750207428048,11.062500375163776,Lambunao,Iloilo,Region VI (Western Visayas)
13783,90.54679871,122.36250207470437,11.062500375163776,Lambunao,Iloilo,Region VI (Western Visayas)
13784,87.89395905,122.38750207512824,11.062500375163776,Lambunao,Iloilo,Region VI (Western Visayas)
13785,87.3792572,122.41250207555214,11.062500375163776,Lambunao,Iloilo,Region VI (Western Visayas)
13786,92.12104034,122.43750207597601,11.062500375163776,Lambunao,Iloilo,Region VI (Western Visayas)
13787,94.02713776,122.46250207639991,11.062500375163776,Lambunao,Iloilo,Region VI (Western Visayas)
13788,93.95372772,122.4875020768238,11.062500375163776,Lambunao,Iloilo,Region VI (Western Visayas)
13789,95.89785767,122.5125020772477,11.062500375163776,Lambunao,Iloilo,Region VI (Western Visayas)
13790,98.53636169,122.53750207767156,11.062500375163776,Lambunao,Iloilo,Region VI (Western Visayas)
13791,93.7154007,122.43750207597601,11.037500374315949,Lambunao,Iloilo,Region VI (Western Visayas)
13792,95.51811981,122.46250207639991,11.037500374315949,Lambunao,Iloilo,Region VI (Western Visayas)
13793,96.94165039,122.4875020768238,11.037500374315949,Lambunao,Iloilo,Region VI (Western Visayas)
13794,98.84455109,122.5125020772477,11.037500374315949,Lambunao,Iloilo,Region VI (Western Visayas)
13795,99.66064453,122.53750207767156,11.037500374315949,Lambunao,Iloilo,Region VI (Western Visayas)
13796,110.2026062,122.56250207809546,10.787500365837658,Leganes,Iloilo,Region VI (Western Visayas)
13797,110.6719666,122.58750207851936,10.787500365837658,Leganes,Iloilo,Region VI (Western Visayas)
13798,110.8094788,122.61250207894324,10.787500365837658,Leganes,Iloilo,Region VI (Western Visayas)
13799,110.7031555,122.63750207936712,10.787500365837658,Leganes,Iloilo,Region VI (Western Visayas)
13800,112.1736603,122.887502083606,11.287500382794237,Lemery,Iloilo,Region VI (Western Visayas)
13801,112.4941635,122.91250208402988,11.287500382794237,Lemery,Iloilo,Region VI (Western Visayas)
13802,112.4571686,122.93750208445378,11.287500382794237,Lemery,Iloilo,Region VI (Western Visayas)
13803,111.8804474,122.8625020831821,11.262500381946406,Lemery,Iloilo,Region VI (Western Visayas)
13804,112.3803253,122.887502083606,11.262500381946406,Lemery,Iloilo,Region VI (Western Visayas)
13805,112.6641769,122.91250208402988,11.262500381946406,Lemery,Iloilo,Region VI (Western Visayas)
13806,112.6369476,122.93750208445378,11.262500381946406,Lemery,Iloilo,Region VI (Western Visayas)
13807,112.203743,122.96250208487764,11.262500381946406,Lemery,Iloilo,Region VI (Western Visayas)
13808,113.0171204,122.887502083606,11.237500381098576,Lemery,Iloilo,Region VI (Western Visayas)
13809,113.2900925,122.91250208402988,11.237500381098576,Lemery,Iloilo,Region VI (Western Visayas)
13810,112.8420258,122.93750208445378,11.237500381098576,Lemery,Iloilo,Region VI (Western Visayas)
13811,112.4081726,122.96250208487764,11.237500381098576,Lemery,Iloilo,Region VI (Western Visayas)
13812,112.1176834,122.8625020831821,11.212500380250749,Lemery,Iloilo,Region VI (Western Visayas)
13813,112.9076538,122.887502083606,11.212500380250749,Lemery,Iloilo,Region VI (Western Visayas)
13814,113.189415,122.91250208402988,11.212500380250749,Lemery,Iloilo,Region VI (Western Visayas)
13815,113.0866776,122.93750208445378,11.212500380250749,Lemery,Iloilo,Region VI (Western Visayas)
13816,111.8341522,122.96250208487764,11.212500380250749,Lemery,Iloilo,Region VI (Western Visayas)
13817,112.114151,122.8625020831821,11.18750037940292,Lemery,Iloilo,Region VI (Western Visayas)
13818,112.82724,122.887502083606,11.18750037940292,Lemery,Iloilo,Region VI (Western Visayas)
13819,113.0694199,122.91250208402988,11.18750037940292,Lemery,Iloilo,Region VI (Western Visayas)
13820,112.9615555,122.93750208445378,11.18750037940292,Lemery,Iloilo,Region VI (Western Visayas)
13821,113.0621491,122.91250208402988,11.162500378555087,Lemery,Iloilo,Region VI (Western Visayas)
13822,112.5952606,122.93750208445378,11.162500378555087,Lemery,Iloilo,Region VI (Western Visayas)
13823,111.3958969,122.2625020730088,10.887500369228974,Leon,Iloilo,Region VI (Western Visayas)
13824,111.7124786,122.2875020734327,10.887500369228974,Leon,Iloilo,Region VI (Western Visayas)
13825,114.3185654,122.2625020730088,10.862500368381143,Leon,Iloilo,Region VI (Western Visayas)
13826,112.2100525,122.2875020734327,10.862500368381143,Leon,Iloilo,Region VI (Western Visayas)
13827,111.4279556,122.3125020738566,10.862500368381143,Leon,Iloilo,Region VI (Western Visayas)
13828,109.3607178,122.33750207428048,10.862500368381143,Leon,Iloilo,Region VI (Western Visayas)
13829,114.2363358,122.3125020738566,10.837500367533316,Leon,Iloilo,Region VI (Western Visayas)
13830,111.2510376,122.33750207428048,10.837500367533316,Leon,Iloilo,Region VI (Western Visayas)
13831,110.893074,122.36250207470437,10.837500367533316,Leon,Iloilo,Region VI (Western Visayas)
13832,114.9874268,122.33750207428048,10.812500366685487,Leon,Iloilo,Region VI (Western Visayas)
13833,110.9145813,122.36250207470437,10.812500366685487,Leon,Iloilo,Region VI (Western Visayas)
13834,110.423439,122.38750207512824,10.812500366685487,Leon,Iloilo,Region VI (Western Visayas)
13835,115.3439713,122.33750207428048,10.787500365837658,Leon,Iloilo,Region VI (Western Visayas)
13836,111.286644,122.36250207470437,10.787500365837658,Leon,Iloilo,Region VI (Western Visayas)
13837,110.7174072,122.38750207512824,10.787500365837658,Leon,Iloilo,Region VI (Western Visayas)
13838,110.0932999,122.41250207555214,10.787500365837658,Leon,Iloilo,Region VI (Western Visayas)
13839,114.6919251,122.36250207470437,10.76250036498983,Leon,Iloilo,Region VI (Western Visayas)
13840,112.1277313,122.38750207512824,10.76250036498983,Leon,Iloilo,Region VI (Western Visayas)
13841,111.2830505,122.41250207555214,10.76250036498983,Leon,Iloilo,Region VI (Western Visayas)
13842,101.1364365,122.33750207428048,10.96250037177246,Maasin,Iloilo,Region VI (Western Visayas)
13843,100.7826004,122.36250207470437,10.96250037177246,Maasin,Iloilo,Region VI (Western Visayas)
13844,97.67301941,122.38750207512824,10.96250037177246,Maasin,Iloilo,Region VI (Western Visayas)
13845,96.95778656,122.41250207555214,10.96250037177246,Maasin,Iloilo,Region VI (Western Visayas)
13846,102.3909531,122.33750207428048,10.937500370924631,Maasin,Iloilo,Region VI (Western Visayas)
13847,102.0373459,122.36250207470437,10.937500370924631,Maasin,Iloilo,Region VI (Western Visayas)
13848,100.6085205,122.38750207512824,10.937500370924631,Maasin,Iloilo,Region VI (Western Visayas)
13849,99.86197662,122.41250207555214,10.937500370924631,Maasin,Iloilo,Region VI (Western Visayas)
13850,101.3499222,122.43750207597601,10.937500370924631,Maasin,Iloilo,Region VI (Western Visayas)
13851,102.7052383,122.46250207639991,10.937500370924631,Maasin,Iloilo,Region VI (Western Visayas)
13852,107.569397,122.33750207428048,10.912500370076804,Maasin,Iloilo,Region VI (Western Visayas)
13853,103.4632187,122.36250207470437,10.912500370076804,Maasin,Iloilo,Region VI (Western Visayas)
13854,103.0603714,122.38750207512824,10.912500370076804,Maasin,Iloilo,Region VI (Western Visayas)
13855,102.4841461,122.41250207555214,10.912500370076804,Maasin,Iloilo,Region VI (Western Visayas)
13856,104.6524277,122.43750207597601,10.912500370076804,Maasin,Iloilo,Region VI (Western Visayas)
13857,104.5984497,122.46250207639991,10.912500370076804,Maasin,Iloilo,Region VI (Western Visayas)
13858,105.7132645,122.38750207512824,10.887500369228974,Maasin,Iloilo,Region VI (Western Visayas)
13859,105.0846481,122.41250207555214,10.887500369228974,Maasin,Iloilo,Region VI (Western Visayas)
13860,106.8833542,122.43750207597601,10.887500369228974,Maasin,Iloilo,Region VI (Western Visayas)
13861,106.7938004,122.43750207597601,10.862500368381143,Maasin,Iloilo,Region VI (Western Visayas)
13862,124.0034866,122.16250207131328,10.737500364142,Miagao,Iloilo,Region VI (Western Visayas)
13863,122.473732,122.18750207173716,10.737500364142,Miagao,Iloilo,Region VI (Western Visayas)
13864,124.3084106,122.11250207046548,10.712500363294172,Miagao,Iloilo,Region VI (Western Visayas)
13865,124.2359924,122.13750207088938,10.712500363294172,Miagao,Iloilo,Region VI (Western Visayas)
13866,122.6605377,122.16250207131328,10.712500363294172,Miagao,Iloilo,Region VI (Western Visayas)
13867,122.1840439,122.18750207173716,10.712500363294172,Miagao,Iloilo,Region VI (Western Visayas)
13868,122.4106674,122.21250207216104,10.712500363294172,Miagao,Iloilo,Region VI (Western Visayas)
13869,126.0331955,122.11250207046548,10.687500362446343,Miagao,Iloilo,Region VI (Western Visayas)
13870,126.0695496,122.13750207088938,10.687500362446343,Miagao,Iloilo,Region VI (Western Visayas)
13871,124.5610123,122.16250207131328,10.687500362446343,Miagao,Iloilo,Region VI (Western Visayas)
13872,124.1800766,122.18750207173716,10.687500362446343,Miagao,Iloilo,Region VI (Western Visayas)
13873,124.3673782,122.21250207216104,10.687500362446343,Miagao,Iloilo,Region VI (Western Visayas)
13874,124.2223816,122.23750207258492,10.687500362446343,Miagao,Iloilo,Region VI (Western Visayas)
13875,127.2011795,122.16250207131328,10.662500361598514,Miagao,Iloilo,Region VI (Western Visayas)
13876,126.3057327,122.18750207173716,10.662500361598514,Miagao,Iloilo,Region VI (Western Visayas)
13877,126.2540665,122.21250207216104,10.662500361598514,Miagao,Iloilo,Region VI (Western Visayas)
13878,124.4748764,122.23750207258492,10.662500361598514,Miagao,Iloilo,Region VI (Western Visayas)
13879,124.1914368,122.2625020730088,10.662500361598514,Miagao,Iloilo,Region VI (Western Visayas)
13880,126.2817612,122.16250207131328,10.637500360750686,Miagao,Iloilo,Region VI (Western Visayas)
13881,124.1473312,122.18750207173716,10.637500360750686,Miagao,Iloilo,Region VI (Western Visayas)
13882,123.6962967,122.23750207258492,10.637500360750686,Miagao,Iloilo,Region VI (Western Visayas)
13883,105.2600937,122.56250207809546,10.937500370924631,Mina,Iloilo,Region VI (Western Visayas)
13884,107.7421265,122.58750207851936,10.937500370924631,Mina,Iloilo,Region VI (Western Visayas)
13885,107.0486069,122.56250207809546,10.912500370076804,Mina,Iloilo,Region VI (Western Visayas)
13886,108.6271057,122.58750207851936,10.912500370076804,Mina,Iloilo,Region VI (Western Visayas)
13887,108.4266434,122.56250207809546,10.887500369228974,New Lucena,Iloilo,Region VI (Western Visayas)
13888,109.5047836,122.58750207851936,10.887500369228974,New Lucena,Iloilo,Region VI (Western Visayas)
13889,108.5187607,122.56250207809546,10.862500368381143,New Lucena,Iloilo,Region VI (Western Visayas)
13890,109.5680618,122.58750207851936,10.862500368381143,New Lucena,Iloilo,Region VI (Western Visayas)
13891,110.1889496,122.58750207851936,10.837500367533316,New Lucena,Iloilo,Region VI (Western Visayas)
13892,111.8220825,122.43750207597601,10.76250036498983,Oton,Iloilo,Region VI (Western Visayas)
13893,112.3668594,122.46250207639991,10.76250036498983,Oton,Iloilo,Region VI (Western Visayas)
13894,113.1466217,122.43750207597601,10.737500364142,Oton,Iloilo,Region VI (Western Visayas)
13895,113.6106491,122.46250207639991,10.737500364142,Oton,Iloilo,Region VI (Western Visayas)
13896,112.7084351,122.4875020768238,10.737500364142,Oton,Iloilo,Region VI (Western Visayas)
13897,112.8072281,122.5125020772477,10.737500364142,Oton,Iloilo,Region VI (Western Visayas)
13898,114.427681,122.43750207597601,10.712500363294172,Oton,Iloilo,Region VI (Western Visayas)
13899,112.9447022,122.46250207639991,10.712500363294172,Oton,Iloilo,Region VI (Western Visayas)
13900,112.7455292,122.4875020768238,10.712500363294172,Oton,Iloilo,Region VI (Western Visayas)
13901,112.9136429,122.5125020772477,10.712500363294172,Oton,Iloilo,Region VI (Western Visayas)
13902,115.9966583,122.43750207597601,10.687500362446343,Oton,Iloilo,Region VI (Western Visayas)
13903,114.0990372,122.4875020768238,10.687500362446343,Oton,Iloilo,Region VI (Western Visayas)
13904,99.74887085,122.58750207851936,11.212500380250749,City of Passi,Iloilo,Region VI (Western Visayas)
13905,101.3759995,122.61250207894324,11.212500380250749,City of Passi,Iloilo,Region VI (Western Visayas)
13906,101.8218231,122.63750207936712,11.212500380250749,City of Passi,Iloilo,Region VI (Western Visayas)
13907,107.3593979,122.68750208021488,11.212500380250749,City of Passi,Iloilo,Region VI (Western Visayas)
13908,107.7892838,122.71250208063879,11.212500380250749,City of Passi,Iloilo,Region VI (Western Visayas)
13909,108.1200867,122.73750208106269,11.212500380250749,City of Passi,Iloilo,Region VI (Western Visayas)
13910,109.465416,122.76250208148656,11.212500380250749,City of Passi,Iloilo,Region VI (Western Visayas)
13911,99.66030121,122.58750207851936,11.18750037940292,City of Passi,Iloilo,Region VI (Western Visayas)
13912,101.3051758,122.61250207894324,11.18750037940292,City of Passi,Iloilo,Region VI (Western Visayas)
13913,101.8088303,122.63750207936712,11.18750037940292,City of Passi,Iloilo,Region VI (Western Visayas)
13914,106.2441788,122.662502079791,11.18750037940292,City of Passi,Iloilo,Region VI (Western Visayas)
13915,107.4388657,122.68750208021488,11.18750037940292,City of Passi,Iloilo,Region VI (Western Visayas)
13916,107.8557129,122.71250208063879,11.18750037940292,City of Passi,Iloilo,Region VI (Western Visayas)
13917,108.2282333,122.73750208106269,11.18750037940292,City of Passi,Iloilo,Region VI (Western Visayas)
13918,109.5529404,122.76250208148656,11.18750037940292,City of Passi,Iloilo,Region VI (Western Visayas)
13919,101.5554657,122.61250207894324,11.162500378555087,City of Passi,Iloilo,Region VI (Western Visayas)
13920,103.3678284,122.63750207936712,11.162500378555087,City of Passi,Iloilo,Region VI (Western Visayas)
13921,105.4963455,122.662502079791,11.162500378555087,City of Passi,Iloilo,Region VI (Western Visayas)
13922,107.4969864,122.68750208021488,11.162500378555087,City of Passi,Iloilo,Region VI (Western Visayas)
13923,108.0614471,122.71250208063879,11.162500378555087,City of Passi,Iloilo,Region VI (Western Visayas)
13924,109.2413635,122.73750208106269,11.162500378555087,City of Passi,Iloilo,Region VI (Western Visayas)
13925,100.8573456,122.58750207851936,11.137500377707262,City of Passi,Iloilo,Region VI (Western Visayas)
13926,102.7184448,122.61250207894324,11.137500377707262,City of Passi,Iloilo,Region VI (Western Visayas)
13927,103.712883,122.63750207936712,11.137500377707262,City of Passi,Iloilo,Region VI (Western Visayas)
13928,105.892334,122.662502079791,11.137500377707262,City of Passi,Iloilo,Region VI (Western Visayas)
13929,108.3342514,122.68750208021488,11.137500377707262,City of Passi,Iloilo,Region VI (Western Visayas)
13930,101.177681,122.58750207851936,11.112500376859431,City of Passi,Iloilo,Region VI (Western Visayas)
13931,102.8101578,122.61250207894324,11.112500376859431,City of Passi,Iloilo,Region VI (Western Visayas)
13932,103.1903153,122.63750207936712,11.112500376859431,City of Passi,Iloilo,Region VI (Western Visayas)
13933,107.3153992,122.662502079791,11.112500376859431,City of Passi,Iloilo,Region VI (Western Visayas)
13934,108.568306,122.68750208021488,11.112500376859431,City of Passi,Iloilo,Region VI (Western Visayas)
13935,103.5685959,122.63750207936712,11.087500376011604,City of Passi,Iloilo,Region VI (Western Visayas)
13936,110.7620621,122.53750207767156,10.787500365837658,Pavia,Iloilo,Region VI (Western Visayas)
13937,111.3590698,122.5125020772477,10.76250036498983,Pavia,Iloilo,Region VI (Western Visayas)
13938,111.406929,122.53750207767156,10.76250036498983,Pavia,Iloilo,Region VI (Western Visayas)
13939,105.5248642,122.58750207851936,10.987500372620287,Pototan,Iloilo,Region VI (Western Visayas)
13940,106.7521668,122.61250207894324,10.987500372620287,Pototan,Iloilo,Region VI (Western Visayas)
13941,107.043541,122.63750207936712,10.987500372620287,Pototan,Iloilo,Region VI (Western Visayas)
13942,106.4678116,122.58750207851936,10.96250037177246,Pototan,Iloilo,Region VI (Western Visayas)
13943,107.6061707,122.61250207894324,10.96250037177246,Pototan,Iloilo,Region VI (Western Visayas)
13944,108.7063294,122.63750207936712,10.96250037177246,Pototan,Iloilo,Region VI (Western Visayas)
13945,108.8315888,122.61250207894324,10.937500370924631,Pototan,Iloilo,Region VI (Western Visayas)
13946,109.0048904,122.63750207936712,10.937500370924631,Pototan,Iloilo,Region VI (Western Visayas)
13947,110.2970047,122.662502079791,10.937500370924631,Pototan,Iloilo,Region VI (Western Visayas)
13948,109.4260635,122.61250207894324,10.912500370076804,Pototan,Iloilo,Region VI (Western Visayas)
13949,109.5357132,122.63750207936712,10.912500370076804,Pototan,Iloilo,Region VI (Western Visayas)
13950,110.2278061,122.662502079791,10.912500370076804,Pototan,Iloilo,Region VI (Western Visayas)
13951,110.0520248,122.61250207894324,10.887500369228974,Pototan,Iloilo,Region VI (Western Visayas)
13952,110.1275711,122.63750207936712,10.887500369228974,Pototan,Iloilo,Region VI (Western Visayas)
13953,110.3130646,122.662502079791,10.887500369228974,Pototan,Iloilo,Region VI (Western Visayas)
13954,110.149437,122.63750207936712,10.862500368381143,Pototan,Iloilo,Region VI (Western Visayas)
13955,110.384758,123.03750208614932,11.38750038618555,San Dionisio,Iloilo,Region VI (Western Visayas)
13956,109.8126907,123.0625020865732,11.362500385337722,San Dionisio,Iloilo,Region VI (Western Visayas)
13957,109.9278183,123.08750208699708,11.362500385337722,San Dionisio,Iloilo,Region VI (Western Visayas)
13958,109.9069061,123.11250208742096,11.362500385337722,San Dionisio,Iloilo,Region VI (Western Visayas)
13959,109.9642563,123.03750208614932,11.337500384489893,San Dionisio,Iloilo,Region VI (Western Visayas)
13960,109.6905136,123.0625020865732,11.337500384489893,San Dionisio,Iloilo,Region VI (Western Visayas)
13961,109.5005341,123.08750208699708,11.337500384489893,San Dionisio,Iloilo,Region VI (Western Visayas)
13962,110.4001007,123.03750208614932,11.312500383642064,San Dionisio,Iloilo,Region VI (Western Visayas)
13963,109.5619202,123.0625020865732,11.312500383642064,San Dionisio,Iloilo,Region VI (Western Visayas)
13964,109.5011215,123.08750208699708,11.312500383642064,San Dionisio,Iloilo,Region VI (Western Visayas)
13965,110.4230118,123.03750208614932,11.287500382794237,San Dionisio,Iloilo,Region VI (Western Visayas)
13966,109.5273819,123.0625020865732,11.287500382794237,San Dionisio,Iloilo,Region VI (Western Visayas)
13967,109.4139481,123.08750208699708,11.287500382794237,San Dionisio,Iloilo,Region VI (Western Visayas)
13968,109.8245773,123.0625020865732,11.262500381946406,San Dionisio,Iloilo,Region VI (Western Visayas)
13969,109.3473434,123.08750208699708,11.262500381946406,San Dionisio,Iloilo,Region VI (Western Visayas)
13970,109.3431244,122.76250208148656,11.162500378555087,San Enrique,Iloilo,Region VI (Western Visayas)
13971,108.8683929,122.71250208063879,11.137500377707262,San Enrique,Iloilo,Region VI (Western Visayas)
13972,109.4582748,122.73750208106269,11.137500377707262,San Enrique,Iloilo,Region VI (Western Visayas)
13973,109.5600205,122.76250208148656,11.137500377707262,San Enrique,Iloilo,Region VI (Western Visayas)
13974,108.9205399,122.71250208063879,11.112500376859431,San Enrique,Iloilo,Region VI (Western Visayas)
13975,109.1855011,122.73750208106269,11.112500376859431,San Enrique,Iloilo,Region VI (Western Visayas)
13976,110.0077438,122.76250208148656,11.112500376859431,San Enrique,Iloilo,Region VI (Western Visayas)
13977,107.6496658,122.662502079791,11.087500376011604,San Enrique,Iloilo,Region VI (Western Visayas)
13978,108.7835388,122.68750208021488,11.087500376011604,San Enrique,Iloilo,Region VI (Western Visayas)
13979,109.0732727,122.71250208063879,11.087500376011604,San Enrique,Iloilo,Region VI (Western Visayas)
13980,109.3415909,122.73750208106269,11.087500376011604,San Enrique,Iloilo,Region VI (Western Visayas)
13981,107.3765793,122.662502079791,11.062500375163776,San Enrique,Iloilo,Region VI (Western Visayas)
13982,126.1533585,122.08750207004162,10.687500362446343,San Joaquin,Iloilo,Region VI (Western Visayas)
13983,127.0855484,122.06250206961772,10.662500361598514,San Joaquin,Iloilo,Region VI (Western Visayas)
13984,127.9659348,122.08750207004162,10.662500361598514,San Joaquin,Iloilo,Region VI (Western Visayas)
13985,127.7681046,122.11250207046548,10.662500361598514,San Joaquin,Iloilo,Region VI (Western Visayas)
13986,127.1670075,122.13750207088938,10.662500361598514,San Joaquin,Iloilo,Region VI (Western Visayas)
13987,126.3490906,122.06250206961772,10.637500360750686,San Joaquin,Iloilo,Region VI (Western Visayas)
13988,125.8784027,122.08750207004162,10.637500360750686,San Joaquin,Iloilo,Region VI (Western Visayas)
13989,125.6542816,122.11250207046548,10.637500360750686,San Joaquin,Iloilo,Region VI (Western Visayas)
13990,126.2486877,122.13750207088938,10.637500360750686,San Joaquin,Iloilo,Region VI (Western Visayas)
13991,125.1750412,122.03750206919383,10.612500359902857,San Joaquin,Iloilo,Region VI (Western Visayas)
13992,126.5713425,122.06250206961772,10.612500359902857,San Joaquin,Iloilo,Region VI (Western Visayas)
13993,126.9882965,122.08750207004162,10.612500359902857,San Joaquin,Iloilo,Region VI (Western Visayas)
13994,126.8077316,122.11250207046548,10.612500359902857,San Joaquin,Iloilo,Region VI (Western Visayas)
13995,127.1566086,122.13750207088938,10.612500359902857,San Joaquin,Iloilo,Region VI (Western Visayas)
13996,125.6575165,122.16250207131328,10.612500359902857,San Joaquin,Iloilo,Region VI (Western Visayas)
13997,125.9199066,122.03750206919383,10.587500359055028,San Joaquin,Iloilo,Region VI (Western Visayas)
13998,127.3501587,122.06250206961772,10.587500359055028,San Joaquin,Iloilo,Region VI (Western Visayas)
13999,128.0074921,122.08750207004162,10.587500359055028,San Joaquin,Iloilo,Region VI (Western Visayas)
14000,127.796875,122.11250207046548,10.587500359055028,San Joaquin,Iloilo,Region VI (Western Visayas)
14001,127.8899384,122.13750207088938,10.587500359055028,San Joaquin,Iloilo,Region VI (Western Visayas)
14002,124.7572708,122.03750206919383,10.5625003582072,San Joaquin,Iloilo,Region VI (Western Visayas)
14003,126.2806625,122.06250206961772,10.5625003582072,San Joaquin,Iloilo,Region VI (Western Visayas)
14004,127.502243,122.08750207004162,10.5625003582072,San Joaquin,Iloilo,Region VI (Western Visayas)
14005,124.3046494,122.03750206919383,10.53750035735937,San Joaquin,Iloilo,Region VI (Western Visayas)
14006,125.793457,122.06250206961772,10.53750035735937,San Joaquin,Iloilo,Region VI (Western Visayas)
14007,124.1269074,122.03750206919383,10.51250035651154,San Joaquin,Iloilo,Region VI (Western Visayas)
14008,123.5145187,122.01250206876993,10.487500355663713,San Joaquin,Iloilo,Region VI (Western Visayas)
14009,123.2885361,122.03750206919383,10.487500355663713,San Joaquin,Iloilo,Region VI (Western Visayas)
14010,109.7954559,122.4875020768238,10.812500366685487,San Miguel,Iloilo,Region VI (Western Visayas)
14011,110.2618103,122.46250207639991,10.787500365837658,San Miguel,Iloilo,Region VI (Western Visayas)
14012,110.0827484,122.4875020768238,10.787500365837658,San Miguel,Iloilo,Region VI (Western Visayas)
14013,111.105957,122.4875020768238,10.76250036498983,San Miguel,Iloilo,Region VI (Western Visayas)
14014,111.3458176,122.81250208233432,11.18750037940292,San Rafael,Iloilo,Region VI (Western Visayas)
14015,112.1846314,122.83750208275822,11.18750037940292,San Rafael,Iloilo,Region VI (Western Visayas)
14016,109.6804962,122.78750208191045,11.162500378555087,San Rafael,Iloilo,Region VI (Western Visayas)
14017,111.4298325,122.81250208233432,11.162500378555087,San Rafael,Iloilo,Region VI (Western Visayas)
14018,112.3743515,122.83750208275822,11.162500378555087,San Rafael,Iloilo,Region VI (Western Visayas)
14019,112.3544998,122.8625020831821,11.162500378555087,San Rafael,Iloilo,Region VI (Western Visayas)
14020,109.9920502,122.78750208191045,11.137500377707262,San Rafael,Iloilo,Region VI (Western Visayas)
14021,111.6740646,122.81250208233432,11.137500377707262,San Rafael,Iloilo,Region VI (Western Visayas)
14022,112.3209,122.83750208275822,11.137500377707262,San Rafael,Iloilo,Region VI (Western Visayas)
14023,112.3010559,122.8625020831821,11.137500377707262,San Rafael,Iloilo,Region VI (Western Visayas)
14024,110.0285263,122.78750208191045,11.112500376859431,San Rafael,Iloilo,Region VI (Western Visayas)
14025,111.6282272,122.81250208233432,11.112500376859431,San Rafael,Iloilo,Region VI (Western Visayas)
14026,108.5158615,122.53750207767156,10.862500368381143,Santa Barbara,Iloilo,Region VI (Western Visayas)
14027,109.517334,122.5125020772477,10.837500367533316,Santa Barbara,Iloilo,Region VI (Western Visayas)
14028,109.3871231,122.53750207767156,10.837500367533316,Santa Barbara,Iloilo,Region VI (Western Visayas)
14029,109.3900833,122.56250207809546,10.837500367533316,Santa Barbara,Iloilo,Region VI (Western Visayas)
14030,110.3539124,122.5125020772477,10.812500366685487,Santa Barbara,Iloilo,Region VI (Western Visayas)
14031,110.53759,122.53750207767156,10.812500366685487,Santa Barbara,Iloilo,Region VI (Western Visayas)
14032,110.0479355,122.56250207809546,10.812500366685487,Santa Barbara,Iloilo,Region VI (Western Visayas)
14033,110.6048431,122.58750207851936,10.812500366685487,Santa Barbara,Iloilo,Region VI (Western Visayas)
14034,110.5656662,122.5125020772477,10.787500365837658,Santa Barbara,Iloilo,Region VI (Western Visayas)
14035,110.9239502,123.01250208572544,11.38750038618555,Sara,Iloilo,Region VI (Western Visayas)
14036,111.0833893,122.96250208487764,11.362500385337722,Sara,Iloilo,Region VI (Western Visayas)
14037,110.8866119,122.98750208530154,11.362500385337722,Sara,Iloilo,Region VI (Western Visayas)
14038,110.8017578,123.01250208572544,11.362500385337722,Sara,Iloilo,Region VI (Western Visayas)
14039,110.0713501,123.03750208614932,11.362500385337722,Sara,Iloilo,Region VI (Western Visayas)
14040,111.5261002,122.93750208445378,11.337500384489893,Sara,Iloilo,Region VI (Western Visayas)
14041,111.2338333,122.96250208487764,11.337500384489893,Sara,Iloilo,Region VI (Western Visayas)
14042,111.0676498,122.98750208530154,11.337500384489893,Sara,Iloilo,Region VI (Western Visayas)
14043,110.9529877,123.01250208572544,11.337500384489893,Sara,Iloilo,Region VI (Western Visayas)
14044,111.3668671,122.96250208487764,11.312500383642064,Sara,Iloilo,Region VI (Western Visayas)
14045,111.1820068,122.98750208530154,11.312500383642064,Sara,Iloilo,Region VI (Western Visayas)
14046,111.0719528,123.01250208572544,11.312500383642064,Sara,Iloilo,Region VI (Western Visayas)
14047,111.5758743,122.96250208487764,11.287500382794237,Sara,Iloilo,Region VI (Western Visayas)
14048,111.2756424,122.98750208530154,11.287500382794237,Sara,Iloilo,Region VI (Western Visayas)
14049,111.1182632,123.01250208572544,11.287500382794237,Sara,Iloilo,Region VI (Western Visayas)
14050,111.3698959,122.98750208530154,11.262500381946406,Sara,Iloilo,Region VI (Western Visayas)
14051,111.1161346,123.01250208572544,11.262500381946406,Sara,Iloilo,Region VI (Western Visayas)
14052,110.1860275,123.03750208614932,11.262500381946406,Sara,Iloilo,Region VI (Western Visayas)
14053,111.6648865,122.98750208530154,11.237500381098576,Sara,Iloilo,Region VI (Western Visayas)
14054,111.3830872,123.01250208572544,11.237500381098576,Sara,Iloilo,Region VI (Western Visayas)
14055,110.2032013,123.03750208614932,11.237500381098576,Sara,Iloilo,Region VI (Western Visayas)
14056,116.384346,122.33750207428048,10.737500364142,Tigbauan,Iloilo,Region VI (Western Visayas)
14057,116.0375519,122.36250207470437,10.737500364142,Tigbauan,Iloilo,Region VI (Western Visayas)
14058,114.1044769,122.38750207512824,10.737500364142,Tigbauan,Iloilo,Region VI (Western Visayas)
14059,113.2813187,122.41250207555214,10.737500364142,Tigbauan,Iloilo,Region VI (Western Visayas)
14060,118.1615601,122.33750207428048,10.712500363294172,Tigbauan,Iloilo,Region VI (Western Visayas)
14061,114.5070496,122.36250207470437,10.712500363294172,Tigbauan,Iloilo,Region VI (Western Visayas)
14062,114.0410767,122.38750207512824,10.712500363294172,Tigbauan,Iloilo,Region VI (Western Visayas)
14063,113.4678497,122.41250207555214,10.712500363294172,Tigbauan,Iloilo,Region VI (Western Visayas)
14064,119.9114151,122.33750207428048,10.687500362446343,Tigbauan,Iloilo,Region VI (Western Visayas)
14065,116.2513123,122.36250207470437,10.687500362446343,Tigbauan,Iloilo,Region VI (Western Visayas)
14066,115.7948608,122.38750207512824,10.687500362446343,Tigbauan,Iloilo,Region VI (Western Visayas)
14067,115.2575378,122.41250207555214,10.687500362446343,Tigbauan,Iloilo,Region VI (Western Visayas)
14068,118.6790009,122.21250207216104,10.837500367533316,Tubungan,Iloilo,Region VI (Western Visayas)
14069,116.3935242,122.23750207258492,10.837500367533316,Tubungan,Iloilo,Region VI (Western Visayas)
14070,116.0114822,122.2625020730088,10.837500367533316,Tubungan,Iloilo,Region VI (Western Visayas)
14071,114.9755173,122.2875020734327,10.837500367533316,Tubungan,Iloilo,Region VI (Western Visayas)
14072,115.6252213,122.2625020730088,10.812500366685487,Tubungan,Iloilo,Region VI (Western Visayas)
14073,116.1952362,122.2875020734327,10.812500366685487,Tubungan,Iloilo,Region VI (Western Visayas)
14074,115.8299179,122.3125020738566,10.812500366685487,Tubungan,Iloilo,Region VI (Western Visayas)
14075,116.4487915,122.2875020734327,10.787500365837658,Tubungan,Iloilo,Region VI (Western Visayas)
14076,116.091713,122.3125020738566,10.787500365837658,Tubungan,Iloilo,Region VI (Western Visayas)
14077,117.2250061,122.3125020738566,10.76250036498983,Tubungan,Iloilo,Region VI (Western Visayas)
14078,115.035553,122.33750207428048,10.76250036498983,Tubungan,Iloilo,Region VI (Western Visayas)
14079,118.776535,122.3125020738566,10.737500364142,Tubungan,Iloilo,Region VI (Western Visayas)
14080,110.0990601,122.61250207894324,10.862500368381143,Zarraga,Iloilo,Region VI (Western Visayas)
14081,110.5614548,122.61250207894324,10.837500367533316,Zarraga,Iloilo,Region VI (Western Visayas)
14082,110.3114929,122.63750207936712,10.837500367533316,Zarraga,Iloilo,Region VI (Western Visayas)
14083,110.8265305,122.61250207894324,10.812500366685487,Zarraga,Iloilo,Region VI (Western Visayas)
14084,110.7915878,122.63750207936712,10.812500366685487,Zarraga,Iloilo,Region VI (Western Visayas)
14085,109.8505936,122.662502079791,10.787500365837658,Zarraga,Iloilo,Region VI (Western Visayas)
