unique id,value,lon,lat,municipality name,province name,region
7715,79.55244446,121.53750206071608,15.812500536251251,Baler (Capital),Aurora,Region III (Central Luzon)
7716,79.76119232,121.53750206071608,15.787500535403424,Baler (Capital),Aurora,Region III (Central Luzon)
7717,79.23033142,121.5125020602922,15.762500534555596,Baler (Capital),Aurora,Region III (Central Luzon)
7718,79.2758255,121.53750206071608,15.762500534555596,Baler (Capital),Aurora,Region III (Central Luzon)
7719,79.8744278,121.56250206113998,15.762500534555596,Baler (Capital),Aurora,Region III (Central Luzon)
7720,79.05853271,121.56250206113998,15.737500533707768,Baler (Capital),Aurora,Region III (Central Luzon)
7721,79.41066742,121.58750206156385,15.737500533707768,Baler (Capital),Aurora,Region III (Central Luzon)
7722,80.00020599,121.61250206198775,15.737500533707768,Baler (Capital),Aurora,Region III (Central Luzon)
7723,81.54666901,121.63750206241164,15.737500533707768,Baler (Capital),Aurora,Region III (Central Luzon)
7724,79.72312927,121.56250206113998,15.712500532859938,Baler (Capital),Aurora,Region III (Central Luzon)
7725,80.084198,121.58750206156385,15.712500532859938,Baler (Capital),Aurora,Region III (Central Luzon)
7726,80.56252289,121.61250206198775,15.712500532859938,Baler (Capital),Aurora,Region III (Central Luzon)
7727,80.61643982,121.58750206156385,15.687500532012113,Baler (Capital),Aurora,Region III (Central Luzon)
7728,65.43101501,121.93750206749829,16.33750055405566,Casiguran,Aurora,Region III (Central Luzon)
7729,67.02907562,121.9125020670744,16.31250055320783,Casiguran,Aurora,Region III (Central Luzon)
7730,67.45279694,121.93750206749829,16.31250055320783,Casiguran,Aurora,Region III (Central Luzon)
7731,69.45075989,121.96250206792216,16.31250055320783,Casiguran,Aurora,Region III (Central Luzon)
7732,69.81060028,121.98750206834606,16.31250055320783,Casiguran,Aurora,Region III (Central Luzon)
7733,70.06877899,122.01250206876993,16.31250055320783,Casiguran,Aurora,Region III (Central Luzon)
7734,70.14348602,122.03750206919383,16.31250055320783,Casiguran,Aurora,Region III (Central Luzon)
7735,73.31956482,122.06250206961772,16.31250055320783,Casiguran,Aurora,Region III (Central Luzon)
7736,74.61891937,122.08750207004162,16.31250055320783,Casiguran,Aurora,Region III (Central Luzon)
7737,74.82388306,122.11250207046548,16.31250055320783,Casiguran,Aurora,Region III (Central Luzon)
7738,75.53707123,122.13750207088938,16.31250055320783,Casiguran,Aurora,Region III (Central Luzon)
7739,69.88136292,121.93750206749829,16.28750055236,Casiguran,Aurora,Region III (Central Luzon)
7740,71.91614532,121.96250206792216,16.28750055236,Casiguran,Aurora,Region III (Central Luzon)
7741,71.94273376,121.98750206834606,16.28750055236,Casiguran,Aurora,Region III (Central Luzon)
7742,72.15280914,122.01250206876993,16.28750055236,Casiguran,Aurora,Region III (Central Luzon)
7743,72.46973419,122.03750206919383,16.28750055236,Casiguran,Aurora,Region III (Central Luzon)
7744,75.58146667,122.06250206961772,16.28750055236,Casiguran,Aurora,Region III (Central Luzon)
7745,76.53430939,122.08750207004162,16.28750055236,Casiguran,Aurora,Region III (Central Luzon)
7746,76.574646,122.11250207046548,16.28750055236,Casiguran,Aurora,Region III (Central Luzon)
7747,77.29223633,122.13750207088938,16.28750055236,Casiguran,Aurora,Region III (Central Luzon)
7748,78.91461945,122.16250207131328,16.28750055236,Casiguran,Aurora,Region III (Central Luzon)
7749,79.18661499,122.18750207173716,16.28750055236,Casiguran,Aurora,Region III (Central Luzon)
7750,80.33229828,122.21250207216104,16.28750055236,Casiguran,Aurora,Region III (Central Luzon)
7751,72.86912537,121.93750206749829,16.262500551512172,Casiguran,Aurora,Region III (Central Luzon)
7752,73.04613495,121.96250206792216,16.262500551512172,Casiguran,Aurora,Region III (Central Luzon)
7753,72.67527008,121.98750206834606,16.262500551512172,Casiguran,Aurora,Region III (Central Luzon)
7754,72.92838287,122.01250206876993,16.262500551512172,Casiguran,Aurora,Region III (Central Luzon)
7755,74.57818604,122.03750206919383,16.262500551512172,Casiguran,Aurora,Region III (Central Luzon)
7756,76.85784149,122.06250206961772,16.262500551512172,Casiguran,Aurora,Region III (Central Luzon)
7757,77.11416626,122.08750207004162,16.262500551512172,Casiguran,Aurora,Region III (Central Luzon)
7758,77.0391922,122.11250207046548,16.262500551512172,Casiguran,Aurora,Region III (Central Luzon)
7759,78.83724976,122.13750207088938,16.262500551512172,Casiguran,Aurora,Region III (Central Luzon)
7760,79.18592834,122.16250207131328,16.262500551512172,Casiguran,Aurora,Region III (Central Luzon)
7761,79.43499756,122.18750207173716,16.262500551512172,Casiguran,Aurora,Region III (Central Luzon)
7762,75.63472748,121.96250206792216,16.237500550664343,Casiguran,Aurora,Region III (Central Luzon)
7763,77.60105896,121.98750206834606,16.237500550664343,Casiguran,Aurora,Region III (Central Luzon)
7764,77.79892731,122.01250206876993,16.237500550664343,Casiguran,Aurora,Region III (Central Luzon)
7765,76.78530884,122.03750206919383,16.237500550664343,Casiguran,Aurora,Region III (Central Luzon)
7766,79.05278778,122.06250206961772,16.237500550664343,Casiguran,Aurora,Region III (Central Luzon)
7767,80.53330994,122.13750207088938,16.237500550664343,Casiguran,Aurora,Region III (Central Luzon)
7768,80.864151,122.16250207131328,16.237500550664343,Casiguran,Aurora,Region III (Central Luzon)
7769,82.56868744,122.18750207173716,16.237500550664343,Casiguran,Aurora,Region III (Central Luzon)
7770,79.15991211,121.98750206834606,16.212500549816514,Casiguran,Aurora,Region III (Central Luzon)
7771,79.24835968,122.01250206876993,16.212500549816514,Casiguran,Aurora,Region III (Central Luzon)
7772,79.19152832,122.03750206919383,16.212500549816514,Casiguran,Aurora,Region III (Central Luzon)
7773,81.29187012,122.06250206961772,16.212500549816514,Casiguran,Aurora,Region III (Central Luzon)
7774,82.25320435,122.11250207046548,16.212500549816514,Casiguran,Aurora,Region III (Central Luzon)
7775,82.57642365,122.13750207088938,16.212500549816514,Casiguran,Aurora,Region III (Central Luzon)
7776,83.45093536,122.16250207131328,16.212500549816514,Casiguran,Aurora,Region III (Central Luzon)
7777,80.04639435,122.01250206876993,16.187500548968686,Casiguran,Aurora,Region III (Central Luzon)
7778,80.1696701,122.03750206919383,16.187500548968686,Casiguran,Aurora,Region III (Central Luzon)
7779,82.98563385,122.11250207046548,16.187500548968686,Casiguran,Aurora,Region III (Central Luzon)
7780,83.54785919,122.13750207088938,16.187500548968686,Casiguran,Aurora,Region III (Central Luzon)
7781,84.28708649,122.11250207046548,16.162500548120857,Casiguran,Aurora,Region III (Central Luzon)
7782,88.04064178,122.08750207004162,16.137500547273028,Casiguran,Aurora,Region III (Central Luzon)
7783,87.45191193,122.06250206961772,16.1125005464252,Casiguran,Aurora,Region III (Central Luzon)
7784,88.01722717,122.03750206919383,16.08750054557737,Casiguran,Aurora,Region III (Central Luzon)
7785,89.50054932,122.06250206961772,16.08750054557737,Casiguran,Aurora,Region III (Central Luzon)
7786,90.16771698,122.01250206876993,16.06250054472954,Casiguran,Aurora,Region III (Central Luzon)
7787,90.50852966,122.03750206919383,16.06250054472954,Casiguran,Aurora,Region III (Central Luzon)
7788,62.6783371,122.06250206961772,16.48750055914263,Dilasag,Aurora,Region III (Central Luzon)
7789,63.3588028,122.08750207004162,16.48750055914263,Dilasag,Aurora,Region III (Central Luzon)
7790,63.8290596,122.11250207046548,16.48750055914263,Dilasag,Aurora,Region III (Central Luzon)
7791,64.6727066,122.13750207088938,16.48750055914263,Dilasag,Aurora,Region III (Central Luzon)
7792,66.9710083,122.16250207131328,16.48750055914263,Dilasag,Aurora,Region III (Central Luzon)
7793,61.16453171,122.03750206919383,16.462500558294803,Dilasag,Aurora,Region III (Central Luzon)
7794,62.38412094,122.06250206961772,16.462500558294803,Dilasag,Aurora,Region III (Central Luzon)
7795,63.9070015,122.08750207004162,16.462500558294803,Dilasag,Aurora,Region III (Central Luzon)
7796,64.64926147,122.11250207046548,16.462500558294803,Dilasag,Aurora,Region III (Central Luzon)
7797,66.97429657,122.13750207088938,16.462500558294803,Dilasag,Aurora,Region III (Central Luzon)
7798,67.42765808,122.16250207131328,16.462500558294803,Dilasag,Aurora,Region III (Central Luzon)
7799,68.11772156,122.18750207173716,16.462500558294803,Dilasag,Aurora,Region III (Central Luzon)
7800,69.5565033,122.21250207216104,16.462500558294803,Dilasag,Aurora,Region III (Central Luzon)
7801,61.68350601,122.01250206876993,16.437500557446974,Dilasag,Aurora,Region III (Central Luzon)
7802,61.86893082,122.03750206919383,16.437500557446974,Dilasag,Aurora,Region III (Central Luzon)
7803,63.43018341,122.06250206961772,16.437500557446974,Dilasag,Aurora,Region III (Central Luzon)
7804,66.29247284,122.08750207004162,16.437500557446974,Dilasag,Aurora,Region III (Central Luzon)
7805,67.04522705,122.11250207046548,16.437500557446974,Dilasag,Aurora,Region III (Central Luzon)
7806,68.30605316,122.13750207088938,16.437500557446974,Dilasag,Aurora,Region III (Central Luzon)
7807,68.79191589,122.16250207131328,16.437500557446974,Dilasag,Aurora,Region III (Central Luzon)
7808,70.8004837,122.18750207173716,16.437500557446974,Dilasag,Aurora,Region III (Central Luzon)
7809,61.86212921,121.98750206834606,16.412500556599145,Dilasag,Aurora,Region III (Central Luzon)
7810,62.18563461,122.01250206876993,16.412500556599145,Dilasag,Aurora,Region III (Central Luzon)
7811,62.34516525,122.03750206919383,16.412500556599145,Dilasag,Aurora,Region III (Central Luzon)
7812,65.73916626,122.06250206961772,16.412500556599145,Dilasag,Aurora,Region III (Central Luzon)
7813,66.89112091,122.08750207004162,16.412500556599145,Dilasag,Aurora,Region III (Central Luzon)
7814,67.37934875,122.11250207046548,16.412500556599145,Dilasag,Aurora,Region III (Central Luzon)
7815,68.24551392,122.13750207088938,16.412500556599145,Dilasag,Aurora,Region III (Central Luzon)
7816,70.80310822,122.16250207131328,16.412500556599145,Dilasag,Aurora,Region III (Central Luzon)
7817,71.22737885,122.18750207173716,16.412500556599145,Dilasag,Aurora,Region III (Central Luzon)
7818,73.24192047,122.23750207258492,16.412500556599145,Dilasag,Aurora,Region III (Central Luzon)
7819,62.91176987,121.96250206792216,16.387500555751316,Dilasag,Aurora,Region III (Central Luzon)
7820,63.05602264,121.98750206834606,16.387500555751316,Dilasag,Aurora,Region III (Central Luzon)
7821,63.36453629,122.01250206876993,16.387500555751316,Dilasag,Aurora,Region III (Central Luzon)
7822,63.73109818,122.03750206919383,16.387500555751316,Dilasag,Aurora,Region III (Central Luzon)
7823,67.45157623,122.06250206961772,16.387500555751316,Dilasag,Aurora,Region III (Central Luzon)
7824,68.51122284,122.08750207004162,16.387500555751316,Dilasag,Aurora,Region III (Central Luzon)
7825,68.91786957,122.11250207046548,16.387500555751316,Dilasag,Aurora,Region III (Central Luzon)
7826,69.94091797,122.13750207088938,16.387500555751316,Dilasag,Aurora,Region III (Central Luzon)
7827,72.50366974,122.16250207131328,16.387500555751316,Dilasag,Aurora,Region III (Central Luzon)
7828,72.77567291,122.18750207173716,16.387500555751316,Dilasag,Aurora,Region III (Central Luzon)
7829,74.03704834,122.21250207216104,16.387500555751316,Dilasag,Aurora,Region III (Central Luzon)
7830,64.04325867,121.96250206792216,16.362500554903487,Dilasag,Aurora,Region III (Central Luzon)
7831,64.07828522,121.98750206834606,16.362500554903487,Dilasag,Aurora,Region III (Central Luzon)
7832,64.50011444,122.01250206876993,16.362500554903487,Dilasag,Aurora,Region III (Central Luzon)
7833,66.44230652,122.03750206919383,16.362500554903487,Dilasag,Aurora,Region III (Central Luzon)
7834,68.70248413,122.06250206961772,16.362500554903487,Dilasag,Aurora,Region III (Central Luzon)
7835,69.9594574,122.08750207004162,16.362500554903487,Dilasag,Aurora,Region III (Central Luzon)
7836,70.46701813,122.11250207046548,16.362500554903487,Dilasag,Aurora,Region III (Central Luzon)
7837,73.11950684,122.13750207088938,16.362500554903487,Dilasag,Aurora,Region III (Central Luzon)
7838,73.59254456,122.16250207131328,16.362500554903487,Dilasag,Aurora,Region III (Central Luzon)
7839,74.18205261,122.18750207173716,16.362500554903487,Dilasag,Aurora,Region III (Central Luzon)
7840,75.57006836,122.21250207216104,16.362500554903487,Dilasag,Aurora,Region III (Central Luzon)
7841,65.59895325,121.96250206792216,16.33750055405566,Dilasag,Aurora,Region III (Central Luzon)
7842,67.81262207,121.98750206834606,16.33750055405566,Dilasag,Aurora,Region III (Central Luzon)
7843,68.20783234,122.01250206876993,16.33750055405566,Dilasag,Aurora,Region III (Central Luzon)
7844,67.81541443,122.03750206919383,16.33750055405566,Dilasag,Aurora,Region III (Central Luzon)
7845,70.11963654,122.06250206961772,16.33750055405566,Dilasag,Aurora,Region III (Central Luzon)
7846,72.80605316,122.08750207004162,16.33750055405566,Dilasag,Aurora,Region III (Central Luzon)
7847,73.21586609,122.11250207046548,16.33750055405566,Dilasag,Aurora,Region III (Central Luzon)
7848,73.89150238,122.13750207088938,16.33750055405566,Dilasag,Aurora,Region III (Central Luzon)
7849,74.36763763,122.16250207131328,16.33750055405566,Dilasag,Aurora,Region III (Central Luzon)
7850,76.05595398,122.18750207173716,16.33750055405566,Dilasag,Aurora,Region III (Central Luzon)
7851,77.23230743,122.16250207131328,16.31250055320783,Dilasag,Aurora,Region III (Central Luzon)
7852,68.09859467,121.88750206665053,16.28750055236,Dinalungan,Aurora,Region III (Central Luzon)
7853,69.07298279,121.9125020670744,16.28750055236,Dinalungan,Aurora,Region III (Central Luzon)
7854,68.14954376,121.86250206622663,16.262500551512172,Dinalungan,Aurora,Region III (Central Luzon)
7855,68.70375824,121.88750206665053,16.262500551512172,Dinalungan,Aurora,Region III (Central Luzon)
7856,69.95404053,121.9125020670744,16.262500551512172,Dinalungan,Aurora,Region III (Central Luzon)
7857,70.35897827,121.83750206580272,16.237500550664343,Dinalungan,Aurora,Region III (Central Luzon)
7858,70.83419037,121.86250206622663,16.237500550664343,Dinalungan,Aurora,Region III (Central Luzon)
7859,74.25904083,121.88750206665053,16.237500550664343,Dinalungan,Aurora,Region III (Central Luzon)
7860,75.56072998,121.9125020670744,16.237500550664343,Dinalungan,Aurora,Region III (Central Luzon)
7861,75.45555878,121.93750206749829,16.237500550664343,Dinalungan,Aurora,Region III (Central Luzon)
7862,71.32226563,121.81250206537884,16.212500549816514,Dinalungan,Aurora,Region III (Central Luzon)
7863,72.20808411,121.83750206580272,16.212500549816514,Dinalungan,Aurora,Region III (Central Luzon)
7864,75.48774719,121.86250206622663,16.212500549816514,Dinalungan,Aurora,Region III (Central Luzon)
7865,76.10179901,121.88750206665053,16.212500549816514,Dinalungan,Aurora,Region III (Central Luzon)
7866,77.15022278,121.9125020670744,16.212500549816514,Dinalungan,Aurora,Region III (Central Luzon)
7867,77.64117432,121.93750206749829,16.212500549816514,Dinalungan,Aurora,Region III (Central Luzon)
7868,78.945755,121.96250206792216,16.212500549816514,Dinalungan,Aurora,Region III (Central Luzon)
7869,71.94573975,121.78750206495496,16.187500548968686,Dinalungan,Aurora,Region III (Central Luzon)
7870,72.66706085,121.81250206537884,16.187500548968686,Dinalungan,Aurora,Region III (Central Luzon)
7871,74.01777649,121.83750206580272,16.187500548968686,Dinalungan,Aurora,Region III (Central Luzon)
7872,77.25086212,121.86250206622663,16.187500548968686,Dinalungan,Aurora,Region III (Central Luzon)
7873,77.35332489,121.88750206665053,16.187500548968686,Dinalungan,Aurora,Region III (Central Luzon)
7874,78.26678467,121.9125020670744,16.187500548968686,Dinalungan,Aurora,Region III (Central Luzon)
7875,79.00805664,121.93750206749829,16.187500548968686,Dinalungan,Aurora,Region III (Central Luzon)
7876,80.20307922,121.96250206792216,16.187500548968686,Dinalungan,Aurora,Region III (Central Luzon)
7877,80.05506134,121.98750206834606,16.187500548968686,Dinalungan,Aurora,Region III (Central Luzon)
7878,73.80264282,121.78750206495496,16.162500548120857,Dinalungan,Aurora,Region III (Central Luzon)
7879,74.84654999,121.81250206537884,16.162500548120857,Dinalungan,Aurora,Region III (Central Luzon)
7880,79.25463867,121.83750206580272,16.162500548120857,Dinalungan,Aurora,Region III (Central Luzon)
7881,79.77872467,121.86250206622663,16.162500548120857,Dinalungan,Aurora,Region III (Central Luzon)
7882,79.38925171,121.88750206665053,16.162500548120857,Dinalungan,Aurora,Region III (Central Luzon)
7883,80.30929565,121.9125020670744,16.162500548120857,Dinalungan,Aurora,Region III (Central Luzon)
7884,82.91927338,121.93750206749829,16.162500548120857,Dinalungan,Aurora,Region III (Central Luzon)
7885,82.95424652,121.96250206792216,16.162500548120857,Dinalungan,Aurora,Region III (Central Luzon)
7886,81.83558655,121.98750206834606,16.162500548120857,Dinalungan,Aurora,Region III (Central Luzon)
7887,81.96339417,121.81250206537884,16.137500547273028,Dinalungan,Aurora,Region III (Central Luzon)
7888,82.58442688,121.83750206580272,16.137500547273028,Dinalungan,Aurora,Region III (Central Luzon)
7889,83.15584564,121.86250206622663,16.137500547273028,Dinalungan,Aurora,Region III (Central Luzon)
7890,85.0848999,121.88750206665053,16.137500547273028,Dinalungan,Aurora,Region III (Central Luzon)
7891,85.85083771,121.9125020670744,16.137500547273028,Dinalungan,Aurora,Region III (Central Luzon)
7892,85.2628479,121.93750206749829,16.137500547273028,Dinalungan,Aurora,Region III (Central Luzon)
7893,85.2984848,121.96250206792216,16.137500547273028,Dinalungan,Aurora,Region III (Central Luzon)
7894,82.83200836,121.81250206537884,16.1125005464252,Dinalungan,Aurora,Region III (Central Luzon)
7895,83.90601349,121.83750206580272,16.1125005464252,Dinalungan,Aurora,Region III (Central Luzon)
7896,85.40154266,121.78750206495496,16.08750054557737,Dinalungan,Aurora,Region III (Central Luzon)
7897,85.87578583,121.81250206537884,16.08750054557737,Dinalungan,Aurora,Region III (Central Luzon)
7898,92.28399658,121.38750205817276,15.46250052438165,Dingalan,Aurora,Region III (Central Luzon)
7899,90.67082977,121.41250205859664,15.46250052438165,Dingalan,Aurora,Region III (Central Luzon)
7900,91.27035522,121.46250205944445,15.46250052438165,Dingalan,Aurora,Region III (Central Luzon)
7901,89.68028259,121.48750205986832,15.46250052438165,Dingalan,Aurora,Region III (Central Luzon)
7902,94.76055145,121.38750205817276,15.43750052353382,Dingalan,Aurora,Region III (Central Luzon)
7903,93.16604614,121.41250205859664,15.43750052353382,Dingalan,Aurora,Region III (Central Luzon)
7904,90.71918488,121.43750205902055,15.43750052353382,Dingalan,Aurora,Region III (Central Luzon)
7905,92.36108398,121.46250205944445,15.43750052353382,Dingalan,Aurora,Region III (Central Luzon)
7906,97.01951599,121.36250205774888,15.412500522685992,Dingalan,Aurora,Region III (Central Luzon)
7907,95.67870331,121.38750205817276,15.412500522685992,Dingalan,Aurora,Region III (Central Luzon)
7908,94.48014832,121.41250205859664,15.412500522685992,Dingalan,Aurora,Region III (Central Luzon)
7909,93.68190765,121.43750205902055,15.412500522685992,Dingalan,Aurora,Region III (Central Luzon)
7910,98.13834381,121.36250205774888,15.387500521838165,Dingalan,Aurora,Region III (Central Luzon)
7911,96.81015015,121.38750205817276,15.387500521838165,Dingalan,Aurora,Region III (Central Luzon)
7912,95.64865875,121.41250205859664,15.387500521838165,Dingalan,Aurora,Region III (Central Luzon)
7913,94.91796875,121.43750205902055,15.387500521838165,Dingalan,Aurora,Region III (Central Luzon)
7914,100.8714676,121.36250205774888,15.362500520990334,Dingalan,Aurora,Region III (Central Luzon)
7915,100.0408249,121.36250205774888,15.337500520142504,Dingalan,Aurora,Region III (Central Luzon)
7916,95.94010162,121.36250205774888,15.312500519294677,Dingalan,Aurora,Region III (Central Luzon)
7917,94.73135376,121.36250205774888,15.287500518446848,Dingalan,Aurora,Region III (Central Luzon)
7918,94.31260681,121.337502057325,15.262500517599015,Dingalan,Aurora,Region III (Central Luzon)
7919,93.87169647,121.36250205774888,15.262500517599015,Dingalan,Aurora,Region III (Central Luzon)
7920,92.39736176,121.38750205817276,15.262500517599015,Dingalan,Aurora,Region III (Central Luzon)
7921,90.30683899,121.337502057325,15.23750051675119,Dingalan,Aurora,Region III (Central Luzon)
7922,89.87151337,121.36250205774888,15.23750051675119,Dingalan,Aurora,Region III (Central Luzon)
7923,85.59304047,121.38750205817276,15.23750051675119,Dingalan,Aurora,Region III (Central Luzon)
7924,89.34418488,121.337502057325,15.21250051590336,Dingalan,Aurora,Region III (Central Luzon)
7925,84.48049927,121.36250205774888,15.21250051590336,Dingalan,Aurora,Region III (Central Luzon)
7926,84.05995941,121.38750205817276,15.21250051590336,Dingalan,Aurora,Region III (Central Luzon)
7927,86.54563904,121.31250205690112,15.187500515055532,Dingalan,Aurora,Region III (Central Luzon)
7928,83.92315674,121.337502057325,15.187500515055532,Dingalan,Aurora,Region III (Central Luzon)
7929,79.24478912,121.36250205774888,15.187500515055532,Dingalan,Aurora,Region III (Central Luzon)
7930,80.09869385,121.38750205817276,15.187500515055532,Dingalan,Aurora,Region III (Central Luzon)
7931,75.06587219,121.337502057325,15.162500514207704,Dingalan,Aurora,Region III (Central Luzon)
7932,74.69094849,121.36250205774888,15.162500514207704,Dingalan,Aurora,Region III (Central Luzon)
7933,72.75023651,121.337502057325,15.137500513359877,Dingalan,Aurora,Region III (Central Luzon)
7934,72.37492371,121.36250205774888,15.137500513359877,Dingalan,Aurora,Region III (Central Luzon)
7935,71.12744141,121.38750205817276,15.137500513359877,Dingalan,Aurora,Region III (Central Luzon)
7936,72.1268692,121.337502057325,15.112500512512046,Dingalan,Aurora,Region III (Central Luzon)
7937,67.23615265,121.36250205774888,15.112500512512046,Dingalan,Aurora,Region III (Central Luzon)
7938,68.47460938,121.38750205817276,15.112500512512046,Dingalan,Aurora,Region III (Central Luzon)
7939,68.93782043,121.337502057325,15.087500511664215,Dingalan,Aurora,Region III (Central Luzon)
7940,64.12512207,121.36250205774888,15.087500511664215,Dingalan,Aurora,Region III (Central Luzon)
7941,64.94429016,121.337502057325,15.062500510816388,Dingalan,Aurora,Region III (Central Luzon)
7942,64.14328766,121.337502057325,15.03750050996856,Dingalan,Aurora,Region III (Central Luzon)
7943,73.17867279,121.76250206453108,16.162500548120857,Dipaculao,Aurora,Region III (Central Luzon)
7944,75.01200104,121.7375020641072,16.137500547273028,Dipaculao,Aurora,Region III (Central Luzon)
7945,76.57221985,121.76250206453108,16.137500547273028,Dipaculao,Aurora,Region III (Central Luzon)
7946,80.95876312,121.78750206495496,16.137500547273028,Dipaculao,Aurora,Region III (Central Luzon)
7947,74.98482513,121.6875020632594,16.1125005464252,Dipaculao,Aurora,Region III (Central Luzon)
7948,76.08094788,121.7125020636833,16.1125005464252,Dipaculao,Aurora,Region III (Central Luzon)
7949,76.37704468,121.7375020641072,16.1125005464252,Dipaculao,Aurora,Region III (Central Luzon)
7950,80.8565979,121.76250206453108,16.1125005464252,Dipaculao,Aurora,Region III (Central Luzon)
7951,82.2053299,121.78750206495496,16.1125005464252,Dipaculao,Aurora,Region III (Central Luzon)
7952,74.81376648,121.66250206283554,16.08750054557737,Dipaculao,Aurora,Region III (Central Luzon)
7953,77.11567688,121.6875020632594,16.08750054557737,Dipaculao,Aurora,Region III (Central Luzon)
7954,78.71967316,121.7125020636833,16.08750054557737,Dipaculao,Aurora,Region III (Central Luzon)
7955,79.53092957,121.7375020641072,16.08750054557737,Dipaculao,Aurora,Region III (Central Luzon)
7956,84.42243958,121.76250206453108,16.08750054557737,Dipaculao,Aurora,Region III (Central Luzon)
7957,75.59476471,121.63750206241164,16.06250054472954,Dipaculao,Aurora,Region III (Central Luzon)
7958,75.89554596,121.66250206283554,16.06250054472954,Dipaculao,Aurora,Region III (Central Luzon)
7959,78.90566254,121.6875020632594,16.06250054472954,Dipaculao,Aurora,Region III (Central Luzon)
7960,81.29850006,121.7125020636833,16.06250054472954,Dipaculao,Aurora,Region III (Central Luzon)
7961,76.60803986,121.61250206198775,16.037500543881713,Dipaculao,Aurora,Region III (Central Luzon)
7962,77.3871994,121.63750206241164,16.037500543881713,Dipaculao,Aurora,Region III (Central Luzon)
7963,77.68763733,121.66250206283554,16.037500543881713,Dipaculao,Aurora,Region III (Central Luzon)
7964,83.08724976,121.6875020632594,16.037500543881713,Dipaculao,Aurora,Region III (Central Luzon)
7965,76.69154358,121.58750206156385,16.012500543033884,Dipaculao,Aurora,Region III (Central Luzon)
7966,77.24642181,121.61250206198775,16.012500543033884,Dipaculao,Aurora,Region III (Central Luzon)
7967,77.58912659,121.63750206241164,16.012500543033884,Dipaculao,Aurora,Region III (Central Luzon)
7968,80.14944458,121.66250206283554,16.012500543033884,Dipaculao,Aurora,Region III (Central Luzon)
7969,77.32473755,121.56250206113998,15.987500542186051,Dipaculao,Aurora,Region III (Central Luzon)
7970,77.61740112,121.58750206156385,15.987500542186051,Dipaculao,Aurora,Region III (Central Luzon)
7971,78.11927032,121.61250206198775,15.987500542186051,Dipaculao,Aurora,Region III (Central Luzon)
7972,78.6544342,121.63750206241164,15.987500542186051,Dipaculao,Aurora,Region III (Central Luzon)
7973,77.79284668,121.53750206071608,15.962500541338226,Dipaculao,Aurora,Region III (Central Luzon)
7974,78.3095932,121.56250206113998,15.962500541338226,Dipaculao,Aurora,Region III (Central Luzon)
7975,78.16593933,121.58750206156385,15.962500541338226,Dipaculao,Aurora,Region III (Central Luzon)
7976,78.82572174,121.61250206198775,15.962500541338226,Dipaculao,Aurora,Region III (Central Luzon)
7977,78.40266418,121.48750205986832,15.937500540490396,Dipaculao,Aurora,Region III (Central Luzon)
7978,78.15071106,121.5125020602922,15.937500540490396,Dipaculao,Aurora,Region III (Central Luzon)
7979,78.80841064,121.53750206071608,15.937500540490396,Dipaculao,Aurora,Region III (Central Luzon)
7980,79.32076263,121.56250206113998,15.937500540490396,Dipaculao,Aurora,Region III (Central Luzon)
7981,80.17987061,121.58750206156385,15.937500540490396,Dipaculao,Aurora,Region III (Central Luzon)
7982,78.6979599,121.48750205986832,15.912500539642568,Dipaculao,Aurora,Region III (Central Luzon)
7983,78.48912811,121.5125020602922,15.912500539642568,Dipaculao,Aurora,Region III (Central Luzon)
7984,79.24164581,121.53750206071608,15.912500539642568,Dipaculao,Aurora,Region III (Central Luzon)
7985,80.09754944,121.56250206113998,15.912500539642568,Dipaculao,Aurora,Region III (Central Luzon)
7986,78.8961792,121.48750205986832,15.88750053879474,Dipaculao,Aurora,Region III (Central Luzon)
7987,78.63680267,121.5125020602922,15.88750053879474,Dipaculao,Aurora,Region III (Central Luzon)
7988,79.39945221,121.53750206071608,15.88750053879474,Dipaculao,Aurora,Region III (Central Luzon)
7989,79.59934998,121.48750205986832,15.862500537946913,Dipaculao,Aurora,Region III (Central Luzon)
7990,79.19458008,121.5125020602922,15.862500537946913,Dipaculao,Aurora,Region III (Central Luzon)
7991,80.12795258,121.53750206071608,15.862500537946913,Dipaculao,Aurora,Region III (Central Luzon)
7992,79.41889191,121.48750205986832,15.837500537099082,Dipaculao,Aurora,Region III (Central Luzon)
7993,78.97490692,121.5125020602922,15.837500537099082,Dipaculao,Aurora,Region III (Central Luzon)
7994,80.30157471,121.53750206071608,15.837500537099082,Dipaculao,Aurora,Region III (Central Luzon)
7995,78.63917542,121.5125020602922,15.812500536251251,Dipaculao,Aurora,Region III (Central Luzon)
7996,80.1714325,121.43750205902055,15.862500537946913,Maria Aurora,Aurora,Region III (Central Luzon)
7997,80.92845917,121.46250205944445,15.862500537946913,Maria Aurora,Aurora,Region III (Central Luzon)
7998,85.14305878,121.38750205817276,15.837500537099082,Maria Aurora,Aurora,Region III (Central Luzon)
7999,83.0796814,121.41250205859664,15.837500537099082,Maria Aurora,Aurora,Region III (Central Luzon)
8000,80.44819641,121.43750205902055,15.837500537099082,Maria Aurora,Aurora,Region III (Central Luzon)
8001,81.25811768,121.46250205944445,15.837500537099082,Maria Aurora,Aurora,Region III (Central Luzon)
8002,94.58583832,121.337502057325,15.812500536251251,Maria Aurora,Aurora,Region III (Central Luzon)
8003,86.63128662,121.36250205774888,15.812500536251251,Maria Aurora,Aurora,Region III (Central Luzon)
8004,84.72756195,121.38750205817276,15.812500536251251,Maria Aurora,Aurora,Region III (Central Luzon)
8005,83.08852386,121.41250205859664,15.812500536251251,Maria Aurora,Aurora,Region III (Central Luzon)
8006,82.07884216,121.43750205902055,15.812500536251251,Maria Aurora,Aurora,Region III (Central Luzon)
8007,78.82578278,121.46250205944445,15.812500536251251,Maria Aurora,Aurora,Region III (Central Luzon)
8008,78.98110199,121.48750205986832,15.812500536251251,Maria Aurora,Aurora,Region III (Central Luzon)
8009,99.20352173,121.31250205690112,15.787500535403424,Maria Aurora,Aurora,Region III (Central Luzon)
8010,95.72534943,121.337502057325,15.787500535403424,Maria Aurora,Aurora,Region III (Central Luzon)
8011,87.60686493,121.36250205774888,15.787500535403424,Maria Aurora,Aurora,Region III (Central Luzon)
8012,85.36219788,121.38750205817276,15.787500535403424,Maria Aurora,Aurora,Region III (Central Luzon)
8013,83.46537781,121.41250205859664,15.787500535403424,Maria Aurora,Aurora,Region III (Central Luzon)
8014,82.26811218,121.43750205902055,15.787500535403424,Maria Aurora,Aurora,Region III (Central Luzon)
8015,79.01585388,121.46250205944445,15.787500535403424,Maria Aurora,Aurora,Region III (Central Luzon)
8016,79.32553864,121.48750205986832,15.787500535403424,Maria Aurora,Aurora,Region III (Central Luzon)
8017,78.93623352,121.5125020602922,15.787500535403424,Maria Aurora,Aurora,Region III (Central Luzon)
8018,100.2650375,121.31250205690112,15.762500534555596,Maria Aurora,Aurora,Region III (Central Luzon)
8019,92.79220581,121.337502057325,15.762500534555596,Maria Aurora,Aurora,Region III (Central Luzon)
8020,92.04533386,121.36250205774888,15.762500534555596,Maria Aurora,Aurora,Region III (Central Luzon)
8021,86.30377197,121.38750205817276,15.762500534555596,Maria Aurora,Aurora,Region III (Central Luzon)
8022,83.61278534,121.41250205859664,15.762500534555596,Maria Aurora,Aurora,Region III (Central Luzon)
8023,79.74028015,121.43750205902055,15.762500534555596,Maria Aurora,Aurora,Region III (Central Luzon)
8024,80.64949036,121.46250205944445,15.762500534555596,Maria Aurora,Aurora,Region III (Central Luzon)
8025,79.81472778,121.48750205986832,15.762500534555596,Maria Aurora,Aurora,Region III (Central Luzon)
8026,99.48745728,121.31250205690112,15.737500533707768,Maria Aurora,Aurora,Region III (Central Luzon)
8027,92.38478088,121.337502057325,15.737500533707768,Maria Aurora,Aurora,Region III (Central Luzon)
8028,91.63788605,121.36250205774888,15.737500533707768,Maria Aurora,Aurora,Region III (Central Luzon)
8029,84.86457062,121.38750205817276,15.737500533707768,Maria Aurora,Aurora,Region III (Central Luzon)
8030,82.13335419,121.41250205859664,15.737500533707768,Maria Aurora,Aurora,Region III (Central Luzon)
8031,78.99357605,121.43750205902055,15.737500533707768,Maria Aurora,Aurora,Region III (Central Luzon)
8032,79.8901062,121.46250205944445,15.737500533707768,Maria Aurora,Aurora,Region III (Central Luzon)
8033,77.83374786,121.48750205986832,15.737500533707768,Maria Aurora,Aurora,Region III (Central Luzon)
8034,100.4475403,121.31250205690112,15.712500532859938,Maria Aurora,Aurora,Region III (Central Luzon)
8035,96.62934113,121.337502057325,15.712500532859938,Maria Aurora,Aurora,Region III (Central Luzon)
8036,87.6185379,121.36250205774888,15.712500532859938,Maria Aurora,Aurora,Region III (Central Luzon)
8037,84.84970093,121.38750205817276,15.712500532859938,Maria Aurora,Aurora,Region III (Central Luzon)
8038,82.6775589,121.41250205859664,15.712500532859938,Maria Aurora,Aurora,Region III (Central Luzon)
8039,81.47689056,121.43750205902055,15.712500532859938,Maria Aurora,Aurora,Region III (Central Luzon)
8040,77.8819046,121.46250205944445,15.712500532859938,Maria Aurora,Aurora,Region III (Central Luzon)
8041,100.9792023,121.31250205690112,15.687500532012113,Maria Aurora,Aurora,Region III (Central Luzon)
8042,96.89711761,121.337502057325,15.687500532012113,Maria Aurora,Aurora,Region III (Central Luzon)
8043,77.24486542,121.5125020602922,15.737500533707768,San Luis,Aurora,Region III (Central Luzon)
8044,78.46632385,121.53750206071608,15.737500533707768,San Luis,Aurora,Region III (Central Luzon)
8045,78.13175964,121.48750205986832,15.712500532859938,San Luis,Aurora,Region III (Central Luzon)
8046,77.72512054,121.5125020602922,15.712500532859938,San Luis,Aurora,Region III (Central Luzon)
8047,78.80013275,121.53750206071608,15.712500532859938,San Luis,Aurora,Region III (Central Luzon)
8048,87.78111267,121.36250205774888,15.687500532012113,San Luis,Aurora,Region III (Central Luzon)
8049,85.07225037,121.38750205817276,15.687500532012113,San Luis,Aurora,Region III (Central Luzon)
8050,82.85221863,121.41250205859664,15.687500532012113,San Luis,Aurora,Region III (Central Luzon)
8051,81.50124359,121.43750205902055,15.687500532012113,San Luis,Aurora,Region III (Central Luzon)
8052,77.98948669,121.46250205944445,15.687500532012113,San Luis,Aurora,Region III (Central Luzon)
8053,78.43823242,121.48750205986832,15.687500532012113,San Luis,Aurora,Region III (Central Luzon)
8054,78.06124878,121.5125020602922,15.687500532012113,San Luis,Aurora,Region III (Central Luzon)
8055,79.09405518,121.53750206071608,15.687500532012113,San Luis,Aurora,Region III (Central Luzon)
8056,80.1001358,121.56250206113998,15.687500532012113,San Luis,Aurora,Region III (Central Luzon)
8057,91.93872833,121.337502057325,15.66250053116428,San Luis,Aurora,Region III (Central Luzon)
8058,91.12672424,121.36250205774888,15.66250053116428,San Luis,Aurora,Region III (Central Luzon)
8059,85.0812149,121.38750205817276,15.66250053116428,San Luis,Aurora,Region III (Central Luzon)
8060,82.22549438,121.41250205859664,15.66250053116428,San Luis,Aurora,Region III (Central Luzon)
8061,77.9585495,121.43750205902055,15.66250053116428,San Luis,Aurora,Region III (Central Luzon)
8062,79.06780243,121.46250205944445,15.66250053116428,San Luis,Aurora,Region III (Central Luzon)
8063,78.19290924,121.48750205986832,15.66250053116428,San Luis,Aurora,Region III (Central Luzon)
8064,77.69213104,121.5125020602922,15.66250053116428,San Luis,Aurora,Region III (Central Luzon)
8065,78.25348663,121.53750206071608,15.66250053116428,San Luis,Aurora,Region III (Central Luzon)
8066,78.96138763,121.56250206113998,15.66250053116428,San Luis,Aurora,Region III (Central Luzon)
8067,80.30213165,121.58750206156385,15.66250053116428,San Luis,Aurora,Region III (Central Luzon)
8068,91.4782486,121.337502057325,15.637500530316451,San Luis,Aurora,Region III (Central Luzon)
8069,90.66383362,121.36250205774888,15.637500530316451,San Luis,Aurora,Region III (Central Luzon)
8070,84.19881439,121.38750205817276,15.637500530316451,San Luis,Aurora,Region III (Central Luzon)
8071,81.44747925,121.41250205859664,15.637500530316451,San Luis,Aurora,Region III (Central Luzon)
8072,78.07835388,121.43750205902055,15.637500530316451,San Luis,Aurora,Region III (Central Luzon)
8073,79.25481415,121.46250205944445,15.637500530316451,San Luis,Aurora,Region III (Central Luzon)
8074,78.53385162,121.48750205986832,15.637500530316451,San Luis,Aurora,Region III (Central Luzon)
8075,78.08456421,121.5125020602922,15.637500530316451,San Luis,Aurora,Region III (Central Luzon)
8076,78.86034393,121.53750206071608,15.637500530316451,San Luis,Aurora,Region III (Central Luzon)
8077,79.58345795,121.56250206113998,15.637500530316451,San Luis,Aurora,Region III (Central Luzon)
8078,81.48680878,121.58750206156385,15.637500530316451,San Luis,Aurora,Region III (Central Luzon)
8079,95.43707275,121.337502057325,15.612500529468624,San Luis,Aurora,Region III (Central Luzon)
8080,86.56221008,121.36250205774888,15.612500529468624,San Luis,Aurora,Region III (Central Luzon)
8081,84.04762268,121.38750205817276,15.612500529468624,San Luis,Aurora,Region III (Central Luzon)
8082,82.04772186,121.41250205859664,15.612500529468624,San Luis,Aurora,Region III (Central Luzon)
8083,80.88758087,121.43750205902055,15.612500529468624,San Luis,Aurora,Region III (Central Luzon)
8084,78.55060577,121.46250205944445,15.612500529468624,San Luis,Aurora,Region III (Central Luzon)
8085,79.14781189,121.48750205986832,15.612500529468624,San Luis,Aurora,Region III (Central Luzon)
8086,78.88422394,121.5125020602922,15.612500529468624,San Luis,Aurora,Region III (Central Luzon)
8087,80.06694031,121.53750206071608,15.612500529468624,San Luis,Aurora,Region III (Central Luzon)
8088,81.87644196,121.56250206113998,15.612500529468624,San Luis,Aurora,Region III (Central Luzon)
8089,86.09179688,121.36250205774888,15.587500528620794,San Luis,Aurora,Region III (Central Luzon)
8090,83.82505798,121.38750205817276,15.587500528620794,San Luis,Aurora,Region III (Central Luzon)
8091,82.04286194,121.41250205859664,15.587500528620794,San Luis,Aurora,Region III (Central Luzon)
8092,81.04894257,121.43750205902055,15.587500528620794,San Luis,Aurora,Region III (Central Luzon)
8093,78.86256409,121.46250205944445,15.587500528620794,San Luis,Aurora,Region III (Central Luzon)
8094,79.44841766,121.48750205986832,15.587500528620794,San Luis,Aurora,Region III (Central Luzon)
8095,79.29137421,121.5125020602922,15.587500528620794,San Luis,Aurora,Region III (Central Luzon)
8096,80.69995117,121.53750206071608,15.587500528620794,San Luis,Aurora,Region III (Central Luzon)
8097,89.77926636,121.36250205774888,15.562500527772965,San Luis,Aurora,Region III (Central Luzon)
8098,84.59224701,121.38750205817276,15.562500527772965,San Luis,Aurora,Region III (Central Luzon)
8099,82.58105469,121.41250205859664,15.562500527772965,San Luis,Aurora,Region III (Central Luzon)
8100,79.8616333,121.43750205902055,15.562500527772965,San Luis,Aurora,Region III (Central Luzon)
8101,81.37584686,121.46250205944445,15.562500527772965,San Luis,Aurora,Region III (Central Luzon)
8102,80.55296326,121.48750205986832,15.562500527772965,San Luis,Aurora,Region III (Central Luzon)
8103,80.41555023,121.5125020602922,15.562500527772965,San Luis,Aurora,Region III (Central Luzon)
8104,90.64434052,121.36250205774888,15.537500526925136,San Luis,Aurora,Region III (Central Luzon)
8105,86.97399902,121.38750205817276,15.537500526925136,San Luis,Aurora,Region III (Central Luzon)
8106,85.13304138,121.41250205859664,15.537500526925136,San Luis,Aurora,Region III (Central Luzon)
8107,81.65248108,121.43750205902055,15.537500526925136,San Luis,Aurora,Region III (Central Luzon)
8108,83.24440002,121.46250205944445,15.537500526925136,San Luis,Aurora,Region III (Central Luzon)
8109,84.29100037,121.48750205986832,15.537500526925136,San Luis,Aurora,Region III (Central Luzon)
8110,87.45927429,121.38750205817276,15.512500526077307,San Luis,Aurora,Region III (Central Luzon)
8111,86.0451355,121.41250205859664,15.512500526077307,San Luis,Aurora,Region III (Central Luzon)
8112,85.08757782,121.43750205902055,15.512500526077307,San Luis,Aurora,Region III (Central Luzon)
8113,84.10334778,121.46250205944445,15.512500526077307,San Luis,Aurora,Region III (Central Luzon)
8114,85.01436615,121.48750205986832,15.512500526077307,San Luis,Aurora,Region III (Central Luzon)
8115,89.83150482,121.38750205817276,15.487500525229478,San Luis,Aurora,Region III (Central Luzon)
8116,88.51463318,121.41250205859664,15.487500525229478,San Luis,Aurora,Region III (Central Luzon)
8117,87.86207581,121.43750205902055,15.487500525229478,San Luis,Aurora,Region III (Central Luzon)
8118,86.81816101,121.46250205944445,15.487500525229478,San Luis,Aurora,Region III (Central Luzon)
8119,89.65107727,121.43750205902055,15.46250052438165,San Luis,Aurora,Region III (Central Luzon)
