unique id,value,lon,lat,municipality name,province name,region
5256,118.4619522,120.46250204248896,14.737500499794614,Abucay,Bataan,Region III (Central Luzon)
5257,115.7561188,120.48750204291284,14.737500499794614,Abucay,Bataan,Region III (Central Luzon)
5258,114.5454712,120.51250204333672,14.737500499794614,Abucay,Bataan,Region III (Central Luzon)
5259,112.5875931,120.5375020437606,14.737500499794614,Abucay,Bataan,Region III (Central Luzon)
5260,122.8147049,120.41250204164116,14.712500498946785,Abucay,Bataan,Region III (Central Luzon)
5261,121.6778717,120.43750204206506,14.712500498946785,Abucay,Bataan,Region III (Central Luzon)
5262,117.0781479,120.46250204248896,14.712500498946785,Abucay,Bataan,Region III (Central Luzon)
5263,115.8685226,120.48750204291284,14.712500498946785,Abucay,Bataan,Region III (Central Luzon)
5264,114.8791122,120.51250204333672,14.712500498946785,Abucay,Bataan,Region III (Central Luzon)
5265,114.2805786,120.5375020437606,14.712500498946785,Abucay,Bataan,Region III (Central Luzon)
5266,124.4603806,120.3875020412173,14.687500498098956,Bagac,Bataan,Region III (Central Luzon)
5267,122.9885635,120.41250204164116,14.687500498098956,Bagac,Bataan,Region III (Central Luzon)
5268,125.0103989,120.3875020412173,14.662500497251129,Bagac,Bataan,Region III (Central Luzon)
5269,123.1899948,120.41250204164116,14.662500497251129,Bagac,Bataan,Region III (Central Luzon)
5270,128.262558,120.3625020407934,14.637500496403298,Bagac,Bataan,Region III (Central Luzon)
5271,125.9601364,120.3875020412173,14.637500496403298,Bagac,Bataan,Region III (Central Luzon)
5272,124.2115097,120.41250204164116,14.637500496403298,Bagac,Bataan,Region III (Central Luzon)
5273,121.1205826,120.43750204206506,14.637500496403298,Bagac,Bataan,Region III (Central Luzon)
5274,125.8776779,120.3875020412173,14.612500495555468,Bagac,Bataan,Region III (Central Luzon)
5275,124.560524,120.41250204164116,14.612500495555468,Bagac,Bataan,Region III (Central Luzon)
5276,123.5793533,120.43750204206506,14.612500495555468,Bagac,Bataan,Region III (Central Luzon)
5277,125.143425,120.41250204164116,14.58750049470764,Bagac,Bataan,Region III (Central Luzon)
5278,124.3394165,120.43750204206506,14.58750049470764,Bagac,Bataan,Region III (Central Luzon)
5279,125.5226288,120.41250204164116,14.562500493859812,Bagac,Bataan,Region III (Central Luzon)
5280,123.3005524,120.43750204206506,14.562500493859812,Bagac,Bataan,Region III (Central Luzon)
5281,122.9709625,120.46250204248896,14.562500493859812,Bagac,Bataan,Region III (Central Luzon)
5282,126.2260056,120.41250204164116,14.537500493011985,Bagac,Bataan,Region III (Central Luzon)
5283,123.8512268,120.43750204206506,14.537500493011985,Bagac,Bataan,Region III (Central Luzon)
5284,123.521759,120.46250204248896,14.537500493011985,Bagac,Bataan,Region III (Central Luzon)
5285,127.7042313,120.3875020412173,14.512500492164154,Bagac,Bataan,Region III (Central Luzon)
5286,126.9995422,120.41250204164116,14.512500492164154,Bagac,Bataan,Region III (Central Luzon)
5287,126.3971176,120.43750204206506,14.512500492164154,Bagac,Bataan,Region III (Central Luzon)
5288,127.6762238,120.41250204164116,14.487500491316323,Bagac,Bataan,Region III (Central Luzon)
5289,121.9526672,120.43750204206506,14.687500498098956,City of Balanga (Capital),Bataan,Region III (Central Luzon)
5290,117.3756561,120.46250204248896,14.687500498098956,City of Balanga (Capital),Bataan,Region III (Central Luzon)
5291,116.0874329,120.48750204291284,14.687500498098956,City of Balanga (Capital),Bataan,Region III (Central Luzon)
5292,115.0907211,120.51250204333672,14.687500498098956,City of Balanga (Capital),Bataan,Region III (Central Luzon)
5293,114.5561218,120.5375020437606,14.687500498098956,City of Balanga (Capital),Bataan,Region III (Central Luzon)
5294,120.3795548,120.43750204206506,14.662500497251129,City of Balanga (Capital),Bataan,Region III (Central Luzon)
5295,119.9979553,120.46250204248896,14.662500497251129,City of Balanga (Capital),Bataan,Region III (Central Luzon)
5296,116.6777573,120.48750204291284,14.662500497251129,City of Balanga (Capital),Bataan,Region III (Central Luzon)
5297,115.4092026,120.51250204333672,14.662500497251129,City of Balanga (Capital),Bataan,Region III (Central Luzon)
5298,113.9745483,120.5375020437606,14.662500497251129,City of Balanga (Capital),Bataan,Region III (Central Luzon)
5299,120.7382202,120.46250204248896,14.637500496403298,City of Balanga (Capital),Bataan,Region III (Central Luzon)
5300,119.4474793,120.46250204248896,14.612500495555468,City of Balanga (Capital),Bataan,Region III (Central Luzon)
5301,121.4742432,120.43750204206506,14.912500505729415,Dinalupihan,Bataan,Region III (Central Luzon)
5302,117.1068649,120.46250204248896,14.912500505729415,Dinalupihan,Bataan,Region III (Central Luzon)
5303,122.8796921,120.41250204164116,14.887500504881586,Dinalupihan,Bataan,Region III (Central Luzon)
5304,121.9253388,120.43750204206506,14.887500504881586,Dinalupihan,Bataan,Region III (Central Luzon)
5305,117.5078812,120.46250204248896,14.887500504881586,Dinalupihan,Bataan,Region III (Central Luzon)
5306,127.6255035,120.3625020407934,14.862500504033758,Dinalupihan,Bataan,Region III (Central Luzon)
5307,124.8647156,120.3875020412173,14.862500504033758,Dinalupihan,Bataan,Region III (Central Luzon)
5308,123.2542267,120.41250204164116,14.862500504033758,Dinalupihan,Bataan,Region III (Central Luzon)
5309,119.9414063,120.43750204206506,14.862500504033758,Dinalupihan,Bataan,Region III (Central Luzon)
5310,119.5431137,120.46250204248896,14.862500504033758,Dinalupihan,Bataan,Region III (Central Luzon)
5311,116.9742737,120.48750204291284,14.887500504881586,Hermosa,Bataan,Region III (Central Luzon)
5312,117.4434891,120.48750204291284,14.862500504033758,Hermosa,Bataan,Region III (Central Luzon)
5313,116.4675674,120.51250204333672,14.862500504033758,Hermosa,Bataan,Region III (Central Luzon)
5314,127.207695,120.3625020407934,14.837500503185929,Hermosa,Bataan,Region III (Central Luzon)
5315,123.7370758,120.3875020412173,14.837500503185929,Hermosa,Bataan,Region III (Central Luzon)
5316,122.1185837,120.41250204164116,14.837500503185929,Hermosa,Bataan,Region III (Central Luzon)
5317,119.4682236,120.43750204206506,14.837500503185929,Hermosa,Bataan,Region III (Central Luzon)
5318,119.0698776,120.46250204248896,14.837500503185929,Hermosa,Bataan,Region III (Central Luzon)
5319,116.0951767,120.48750204291284,14.837500503185929,Hermosa,Bataan,Region III (Central Luzon)
5320,115.1021881,120.51250204333672,14.837500503185929,Hermosa,Bataan,Region III (Central Luzon)
5321,124.8915939,120.3625020407934,14.8125005023381,Hermosa,Bataan,Region III (Central Luzon)
5322,123.8983841,120.3875020412173,14.8125005023381,Hermosa,Bataan,Region III (Central Luzon)
5323,122.6024475,120.41250204164116,14.8125005023381,Hermosa,Bataan,Region III (Central Luzon)
5324,121.6288452,120.43750204206506,14.8125005023381,Hermosa,Bataan,Region III (Central Luzon)
5325,116.9477997,120.46250204248896,14.8125005023381,Hermosa,Bataan,Region III (Central Luzon)
5326,115.9971924,120.48750204291284,14.8125005023381,Hermosa,Bataan,Region III (Central Luzon)
5327,125.1472015,120.3625020407934,14.787500501490271,Hermosa,Bataan,Region III (Central Luzon)
5328,124.2353516,120.3875020412173,14.787500501490271,Hermosa,Bataan,Region III (Central Luzon)
5329,122.8147888,120.41250204164116,14.787500501490271,Hermosa,Bataan,Region III (Central Luzon)
5330,121.6932831,120.43750204206506,14.787500501490271,Hermosa,Bataan,Region III (Central Luzon)
5331,124.2362595,120.3875020412173,14.762500500642442,Hermosa,Bataan,Region III (Central Luzon)
5332,122.3620377,120.41250204164116,14.762500500642442,Hermosa,Bataan,Region III (Central Luzon)
5333,115.4718475,120.56250204418448,14.562500493859812,Limay,Bataan,Region III (Central Luzon)
5334,113.082077,120.58750204460839,14.562500493859812,Limay,Bataan,Region III (Central Luzon)
5335,121.4982224,120.48750204291284,14.537500493011985,Limay,Bataan,Region III (Central Luzon)
5336,120.3313904,120.51250204333672,14.537500493011985,Limay,Bataan,Region III (Central Luzon)
5337,118.0323029,120.5375020437606,14.537500493011985,Limay,Bataan,Region III (Central Luzon)
5338,116.2172546,120.56250204418448,14.537500493011985,Limay,Bataan,Region III (Central Luzon)
5339,114.8623352,120.58750204460839,14.537500493011985,Limay,Bataan,Region III (Central Luzon)
5340,120.9000168,120.5375020437606,14.512500492164154,Limay,Bataan,Region III (Central Luzon)
5341,116.7012787,120.56250204418448,14.512500492164154,Limay,Bataan,Region III (Central Luzon)
5342,115.7020035,120.58750204460839,14.512500492164154,Limay,Bataan,Region III (Central Luzon)
5343,123.234108,120.46250204248896,14.512500492164154,Mariveles,Bataan,Region III (Central Luzon)
5344,122.317009,120.48750204291284,14.512500492164154,Mariveles,Bataan,Region III (Central Luzon)
5345,121.4850998,120.51250204333672,14.512500492164154,Mariveles,Bataan,Region III (Central Luzon)
5346,127.29953,120.43750204206506,14.487500491316323,Mariveles,Bataan,Region III (Central Luzon)
5347,124.2147751,120.46250204248896,14.487500491316323,Mariveles,Bataan,Region III (Central Luzon)
5348,123.321373,120.48750204291284,14.487500491316323,Mariveles,Bataan,Region III (Central Luzon)
5349,122.5984573,120.51250204333672,14.487500491316323,Mariveles,Bataan,Region III (Central Luzon)
5350,122.2085724,120.5375020437606,14.487500491316323,Mariveles,Bataan,Region III (Central Luzon)
5351,117.9144058,120.56250204418448,14.487500491316323,Mariveles,Bataan,Region III (Central Luzon)
5352,116.7018051,120.58750204460839,14.487500491316323,Mariveles,Bataan,Region III (Central Luzon)
5353,127.7199173,120.41250204164116,14.462500490468496,Mariveles,Bataan,Region III (Central Luzon)
5354,126.4348068,120.43750204206506,14.462500490468496,Mariveles,Bataan,Region III (Central Luzon)
5355,126.2266998,120.46250204248896,14.462500490468496,Mariveles,Bataan,Region III (Central Luzon)
5356,123.7424011,120.48750204291284,14.462500490468496,Mariveles,Bataan,Region III (Central Luzon)
5357,122.8557816,120.51250204333672,14.462500490468496,Mariveles,Bataan,Region III (Central Luzon)
5358,121.9734955,120.5375020437606,14.462500490468496,Mariveles,Bataan,Region III (Central Luzon)
5359,119.9511261,120.56250204418448,14.462500490468496,Mariveles,Bataan,Region III (Central Luzon)
5360,117.1886902,120.58750204460839,14.462500490468496,Mariveles,Bataan,Region III (Central Luzon)
5361,127.0899735,120.46250204248896,14.437500489620668,Mariveles,Bataan,Region III (Central Luzon)
5362,125.9725342,120.48750204291284,14.437500489620668,Mariveles,Bataan,Region III (Central Luzon)
5363,125.1806564,120.51250204333672,14.437500489620668,Mariveles,Bataan,Region III (Central Luzon)
5364,123.4100494,120.5375020437606,14.437500489620668,Mariveles,Bataan,Region III (Central Luzon)
5365,121.2935715,120.56250204418448,14.437500489620668,Mariveles,Bataan,Region III (Central Luzon)
5366,127.3570099,120.33750204036951,14.762500500642442,Morong,Bataan,Region III (Central Luzon)
5367,126.9428406,120.3625020407934,14.762500500642442,Morong,Bataan,Region III (Central Luzon)
5368,130.692688,120.28750203952174,14.737500499794614,Morong,Bataan,Region III (Central Luzon)
5369,129.7573395,120.31250203994561,14.737500499794614,Morong,Bataan,Region III (Central Luzon)
5370,127.4422531,120.33750204036951,14.737500499794614,Morong,Bataan,Region III (Central Luzon)
5371,127.0271606,120.3625020407934,14.737500499794614,Morong,Bataan,Region III (Central Luzon)
5372,124.1926575,120.3875020412173,14.737500499794614,Morong,Bataan,Region III (Central Luzon)
5373,122.2621155,120.41250204164116,14.737500499794614,Morong,Bataan,Region III (Central Luzon)
5374,131.3279572,120.26250203909784,14.712500498946785,Morong,Bataan,Region III (Central Luzon)
5375,130.7912293,120.28750203952174,14.712500498946785,Morong,Bataan,Region III (Central Luzon)
5376,130.1591339,120.31250203994561,14.712500498946785,Morong,Bataan,Region III (Central Luzon)
5377,129.6366425,120.33750204036951,14.712500498946785,Morong,Bataan,Region III (Central Luzon)
5378,125.2451401,120.3625020407934,14.712500498946785,Morong,Bataan,Region III (Central Luzon)
5379,124.3434601,120.3875020412173,14.712500498946785,Morong,Bataan,Region III (Central Luzon)
5380,131.1697846,120.26250203909784,14.687500498098956,Morong,Bataan,Region III (Central Luzon)
5381,130.7147675,120.28750203952174,14.687500498098956,Morong,Bataan,Region III (Central Luzon)
5382,130.1556244,120.31250203994561,14.687500498098956,Morong,Bataan,Region III (Central Luzon)
5383,129.6886597,120.33750204036951,14.687500498098956,Morong,Bataan,Region III (Central Luzon)
5384,125.3555985,120.3625020407934,14.687500498098956,Morong,Bataan,Region III (Central Luzon)
5385,131.0192719,120.28750203952174,14.662500497251129,Morong,Bataan,Region III (Central Luzon)
5386,130.2963715,120.31250203994561,14.662500497251129,Morong,Bataan,Region III (Central Luzon)
5387,128.2478027,120.33750204036951,14.662500497251129,Morong,Bataan,Region III (Central Luzon)
5388,127.9099274,120.3625020407934,14.662500497251129,Morong,Bataan,Region III (Central Luzon)
5389,128.6010742,120.33750204036951,14.637500496403298,Morong,Bataan,Region III (Central Luzon)
5390,115.1821289,120.51250204333672,14.8125005023381,Orani,Bataan,Region III (Central Luzon)
5391,114.6912766,120.5375020437606,14.8125005023381,Orani,Bataan,Region III (Central Luzon)
5392,116.9891434,120.46250204248896,14.787500501490271,Orani,Bataan,Region III (Central Luzon)
5393,115.9775467,120.48750204291284,14.787500501490271,Orani,Bataan,Region III (Central Luzon)
5394,114.4850922,120.5375020437606,14.787500501490271,Orani,Bataan,Region III (Central Luzon)
5395,118.7654724,120.43750204206506,14.762500500642442,Orani,Bataan,Region III (Central Luzon)
5396,113.0634995,120.56250204418448,14.637500496403298,Orion,Bataan,Region III (Central Luzon)
5397,116.6475983,120.5375020437606,14.612500495555468,Orion,Bataan,Region III (Central Luzon)
5398,112.5915604,120.56250204418448,14.612500495555468,Orion,Bataan,Region III (Central Luzon)
5399,120.2342453,120.46250204248896,14.58750049470764,Orion,Bataan,Region III (Central Luzon)
5400,119.0119553,120.48750204291284,14.58750049470764,Orion,Bataan,Region III (Central Luzon)
5401,118.0543442,120.51250204333672,14.58750049470764,Orion,Bataan,Region III (Central Luzon)
5402,117.5379791,120.5375020437606,14.58750049470764,Orion,Bataan,Region III (Central Luzon)
5403,113.4020233,120.56250204418448,14.58750049470764,Orion,Bataan,Region III (Central Luzon)
5404,112.3896942,120.58750204460839,14.58750049470764,Orion,Bataan,Region III (Central Luzon)
5405,119.8558121,120.48750204291284,14.562500493859812,Orion,Bataan,Region III (Central Luzon)
5406,118.6619568,120.51250204333672,14.562500493859812,Orion,Bataan,Region III (Central Luzon)
5407,117.2768784,120.5375020437606,14.562500493859812,Orion,Bataan,Region III (Central Luzon)
5408,110.8062592,120.56250204418448,14.687500498098956,Pilar,Bataan,Region III (Central Luzon)
5409,112.3508911,120.56250204418448,14.662500497251129,Pilar,Bataan,Region III (Central Luzon)
5410,118.1549988,120.48750204291284,14.637500496403298,Pilar,Bataan,Region III (Central Luzon)
5411,116.8875961,120.51250204333672,14.637500496403298,Pilar,Bataan,Region III (Central Luzon)
5412,114.7250824,120.5375020437606,14.637500496403298,Pilar,Bataan,Region III (Central Luzon)
5413,118.2561188,120.48750204291284,14.612500495555468,Pilar,Bataan,Region III (Central Luzon)
5414,117.2653198,120.51250204333672,14.612500495555468,Pilar,Bataan,Region III (Central Luzon)
5415,115.0834045,120.51250204333672,14.787500501490271,Samal,Bataan,Region III (Central Luzon)
5416,118.3553391,120.46250204248896,14.762500500642442,Samal,Bataan,Region III (Central Luzon)
5417,115.8701477,120.48750204291284,14.762500500642442,Samal,Bataan,Region III (Central Luzon)
5418,114.7064972,120.51250204333672,14.762500500642442,Samal,Bataan,Region III (Central Luzon)
5419,112.6604691,120.5375020437606,14.762500500642442,Samal,Bataan,Region III (Central Luzon)
5420,118.8725967,120.43750204206506,14.737500499794614,Samal,Bataan,Region III (Central Luzon)
