unique id,value,lon,lat,municipality name,province name,region
6812,128.7311554,120.61250204503229,15.762500534555596,Anao,Tarlac,Region III (Central Luzon)
6813,127.4400406,120.61250204503229,15.737500533707768,Anao,Tarlac,Region III (Central Luzon)
6814,127.1180344,120.61250204503229,15.712500532859938,Anao,Tarlac,Region III (Central Luzon)
6815,127.2351685,120.63750204545616,15.712500532859938,Anao,Tarlac,Region III (Central Luzon)
6816,114.0901337,120.58750204460839,15.312500519294677,Bamban,Tarlac,Region III (Central Luzon)
6817,111.7434006,120.51250204333672,15.287500518446848,Bamban,Tarlac,Region III (Central Luzon)
6818,111.5274506,120.5375020437606,15.287500518446848,Bamban,Tarlac,Region III (Central Luzon)
6819,113.0230103,120.56250204418448,15.287500518446848,Bamban,Tarlac,Region III (Central Luzon)
6820,113.9963074,120.58750204460839,15.287500518446848,Bamban,Tarlac,Region III (Central Luzon)
6821,113.9900208,120.61250204503229,15.287500518446848,Bamban,Tarlac,Region III (Central Luzon)
6822,113.6661377,120.41250204164116,15.262500517599015,Bamban,Tarlac,Region III (Central Luzon)
6823,112.5328293,120.43750204206506,15.262500517599015,Bamban,Tarlac,Region III (Central Luzon)
6824,112.2699966,120.46250204248896,15.262500517599015,Bamban,Tarlac,Region III (Central Luzon)
6825,111.5986633,120.48750204291284,15.262500517599015,Bamban,Tarlac,Region III (Central Luzon)
6826,111.4871445,120.51250204333672,15.262500517599015,Bamban,Tarlac,Region III (Central Luzon)
6827,110.890831,120.5375020437606,15.262500517599015,Bamban,Tarlac,Region III (Central Luzon)
6828,112.791626,120.56250204418448,15.262500517599015,Bamban,Tarlac,Region III (Central Luzon)
6829,118.0019455,120.3625020407934,15.23750051675119,Bamban,Tarlac,Region III (Central Luzon)
6830,115.7528763,120.3875020412173,15.23750051675119,Bamban,Tarlac,Region III (Central Luzon)
6831,115.2714081,120.41250204164116,15.23750051675119,Bamban,Tarlac,Region III (Central Luzon)
6832,112.8272934,120.43750204206506,15.23750051675119,Bamban,Tarlac,Region III (Central Luzon)
6833,112.5648575,120.46250204248896,15.23750051675119,Bamban,Tarlac,Region III (Central Luzon)
6834,112.0469055,120.48750204291284,15.23750051675119,Bamban,Tarlac,Region III (Central Luzon)
6835,111.8576965,120.51250204333672,15.23750051675119,Bamban,Tarlac,Region III (Central Luzon)
6836,110.7293625,120.5375020437606,15.23750051675119,Bamban,Tarlac,Region III (Central Luzon)
6837,116.6001358,120.3625020407934,15.21250051590336,Bamban,Tarlac,Region III (Central Luzon)
6838,115.9319382,120.3875020412173,15.21250051590336,Bamban,Tarlac,Region III (Central Luzon)
6839,115.7512207,120.41250204164116,15.21250051590336,Bamban,Tarlac,Region III (Central Luzon)
6840,115.2722931,120.43750204206506,15.21250051590336,Bamban,Tarlac,Region III (Central Luzon)
6841,111.8042679,120.46250204248896,15.21250051590336,Bamban,Tarlac,Region III (Central Luzon)
6842,117.4305344,120.3625020407934,15.187500515055532,Bamban,Tarlac,Region III (Central Luzon)
6843,116.56987,120.3875020412173,15.187500515055532,Bamban,Tarlac,Region III (Central Luzon)
6844,116.1340714,120.41250204164116,15.187500515055532,Bamban,Tarlac,Region III (Central Luzon)
6845,126.358223,120.41250204164116,15.737500533707768,Camiling,Tarlac,Region III (Central Luzon)
6846,126.2498245,120.43750204206506,15.737500533707768,Camiling,Tarlac,Region III (Central Luzon)
6847,124.7913895,120.3875020412173,15.712500532859938,Camiling,Tarlac,Region III (Central Luzon)
6848,124.9712524,120.41250204164116,15.712500532859938,Camiling,Tarlac,Region III (Central Luzon)
6849,124.9762497,120.43750204206506,15.712500532859938,Camiling,Tarlac,Region III (Central Luzon)
6850,124.3836823,120.46250204248896,15.712500532859938,Camiling,Tarlac,Region III (Central Luzon)
6851,123.15448,120.3875020412173,15.687500532012113,Camiling,Tarlac,Region III (Central Luzon)
6852,123.4814606,120.41250204164116,15.687500532012113,Camiling,Tarlac,Region III (Central Luzon)
6853,123.4592819,120.43750204206506,15.687500532012113,Camiling,Tarlac,Region III (Central Luzon)
6854,122.8521347,120.46250204248896,15.687500532012113,Camiling,Tarlac,Region III (Central Luzon)
6855,124.1403275,120.3625020407934,15.66250053116428,Camiling,Tarlac,Region III (Central Luzon)
6856,123.0516968,120.3875020412173,15.66250053116428,Camiling,Tarlac,Region III (Central Luzon)
6857,123.2024155,120.41250204164116,15.66250053116428,Camiling,Tarlac,Region III (Central Luzon)
6858,122.4462967,120.43750204206506,15.66250053116428,Camiling,Tarlac,Region III (Central Luzon)
6859,122.3814468,120.46250204248896,15.66250053116428,Camiling,Tarlac,Region III (Central Luzon)
6860,122.8872147,120.33750204036951,15.637500530316451,Camiling,Tarlac,Region III (Central Luzon)
6861,122.6324844,120.3625020407934,15.637500530316451,Camiling,Tarlac,Region III (Central Luzon)
6862,120.8630676,120.41250204164116,15.637500530316451,Camiling,Tarlac,Region III (Central Luzon)
6863,112.7204285,120.46250204248896,15.412500522685992,Capas,Tarlac,Region III (Central Luzon)
6864,113.5580826,120.48750204291284,15.412500522685992,Capas,Tarlac,Region III (Central Luzon)
6865,112.8164139,120.41250204164116,15.387500521838165,Capas,Tarlac,Region III (Central Luzon)
6866,112.9574966,120.43750204206506,15.387500521838165,Capas,Tarlac,Region III (Central Luzon)
6867,111.9060288,120.46250204248896,15.387500521838165,Capas,Tarlac,Region III (Central Luzon)
6868,112.7140732,120.48750204291284,15.387500521838165,Capas,Tarlac,Region III (Central Luzon)
6869,113.0388489,120.51250204333672,15.387500521838165,Capas,Tarlac,Region III (Central Luzon)
6870,112.9573975,120.5375020437606,15.387500521838165,Capas,Tarlac,Region III (Central Luzon)
6871,115.4050446,120.56250204418448,15.387500521838165,Capas,Tarlac,Region III (Central Luzon)
6872,116.5742035,120.58750204460839,15.387500521838165,Capas,Tarlac,Region III (Central Luzon)
6873,114.3167877,120.3625020407934,15.362500520990334,Capas,Tarlac,Region III (Central Luzon)
6874,112.3368988,120.3875020412173,15.362500520990334,Capas,Tarlac,Region III (Central Luzon)
6875,112.7319412,120.41250204164116,15.362500520990334,Capas,Tarlac,Region III (Central Luzon)
6876,112.194519,120.43750204206506,15.362500520990334,Capas,Tarlac,Region III (Central Luzon)
6877,112.0547867,120.46250204248896,15.362500520990334,Capas,Tarlac,Region III (Central Luzon)
6878,112.5843277,120.48750204291284,15.362500520990334,Capas,Tarlac,Region III (Central Luzon)
6879,112.8368759,120.51250204333672,15.362500520990334,Capas,Tarlac,Region III (Central Luzon)
6880,112.3953857,120.5375020437606,15.362500520990334,Capas,Tarlac,Region III (Central Luzon)
6881,114.6494675,120.56250204418448,15.362500520990334,Capas,Tarlac,Region III (Central Luzon)
6882,116.2651672,120.58750204460839,15.362500520990334,Capas,Tarlac,Region III (Central Luzon)
6883,118.7820053,120.31250203994561,15.337500520142504,Capas,Tarlac,Region III (Central Luzon)
6884,115.1513596,120.33750204036951,15.337500520142504,Capas,Tarlac,Region III (Central Luzon)
6885,114.782486,120.3625020407934,15.337500520142504,Capas,Tarlac,Region III (Central Luzon)
6886,113.0892258,120.3875020412173,15.337500520142504,Capas,Tarlac,Region III (Central Luzon)
6887,113.3230362,120.41250204164116,15.337500520142504,Capas,Tarlac,Region III (Central Luzon)
6888,111.9379578,120.43750204206506,15.337500520142504,Capas,Tarlac,Region III (Central Luzon)
6889,111.7986145,120.46250204248896,15.337500520142504,Capas,Tarlac,Region III (Central Luzon)
6890,111.8936234,120.48750204291284,15.337500520142504,Capas,Tarlac,Region III (Central Luzon)
6891,112.0694733,120.51250204333672,15.337500520142504,Capas,Tarlac,Region III (Central Luzon)
6892,111.6901703,120.5375020437606,15.337500520142504,Capas,Tarlac,Region III (Central Luzon)
6893,113.8529129,120.56250204418448,15.337500520142504,Capas,Tarlac,Region III (Central Luzon)
6894,114.6479263,120.58750204460839,15.337500520142504,Capas,Tarlac,Region III (Central Luzon)
6895,120.2932282,120.26250203909784,15.312500519294677,Capas,Tarlac,Region III (Central Luzon)
6896,120.3471069,120.28750203952174,15.312500519294677,Capas,Tarlac,Region III (Central Luzon)
6897,119.217926,120.31250203994561,15.312500519294677,Capas,Tarlac,Region III (Central Luzon)
6898,118.1991272,120.33750204036951,15.312500519294677,Capas,Tarlac,Region III (Central Luzon)
6899,113.5407944,120.3625020407934,15.312500519294677,Capas,Tarlac,Region III (Central Luzon)
6900,113.0972138,120.3875020412173,15.312500519294677,Capas,Tarlac,Region III (Central Luzon)
6901,113.399353,120.41250204164116,15.312500519294677,Capas,Tarlac,Region III (Central Luzon)
6902,113.2607956,120.43750204206506,15.312500519294677,Capas,Tarlac,Region III (Central Luzon)
6903,110.9763107,120.46250204248896,15.312500519294677,Capas,Tarlac,Region III (Central Luzon)
6904,111.5822754,120.48750204291284,15.312500519294677,Capas,Tarlac,Region III (Central Luzon)
6905,111.7453995,120.51250204333672,15.312500519294677,Capas,Tarlac,Region III (Central Luzon)
6906,111.5952683,120.5375020437606,15.312500519294677,Capas,Tarlac,Region III (Central Luzon)
6907,113.1361618,120.56250204418448,15.312500519294677,Capas,Tarlac,Region III (Central Luzon)
6908,120.8444977,120.28750203952174,15.287500518446848,Capas,Tarlac,Region III (Central Luzon)
6909,119.717514,120.31250203994561,15.287500518446848,Capas,Tarlac,Region III (Central Luzon)
6910,118.8624039,120.33750204036951,15.287500518446848,Capas,Tarlac,Region III (Central Luzon)
6911,114.1507492,120.3625020407934,15.287500518446848,Capas,Tarlac,Region III (Central Luzon)
6912,113.4867401,120.3875020412173,15.287500518446848,Capas,Tarlac,Region III (Central Luzon)
6913,113.6698532,120.41250204164116,15.287500518446848,Capas,Tarlac,Region III (Central Luzon)
6914,113.525032,120.43750204206506,15.287500518446848,Capas,Tarlac,Region III (Central Luzon)
6915,111.1482468,120.46250204248896,15.287500518446848,Capas,Tarlac,Region III (Central Luzon)
6916,111.6639252,120.48750204291284,15.287500518446848,Capas,Tarlac,Region III (Central Luzon)
6917,119.9343491,120.31250203994561,15.262500517599015,Capas,Tarlac,Region III (Central Luzon)
6918,117.4913406,120.33750204036951,15.262500517599015,Capas,Tarlac,Region III (Central Luzon)
6919,117.0510101,120.3625020407934,15.262500517599015,Capas,Tarlac,Region III (Central Luzon)
6920,113.9746399,120.3875020412173,15.262500517599015,Capas,Tarlac,Region III (Central Luzon)
6921,118.4421845,120.33750204036951,15.23750051675119,Capas,Tarlac,Region III (Central Luzon)
6922,118.4609757,120.63750204545616,15.412500522685992,Concepcion,Tarlac,Region III (Central Luzon)
6923,116.6413803,120.61250204503229,15.387500521838165,Concepcion,Tarlac,Region III (Central Luzon)
6924,116.9910507,120.63750204545616,15.387500521838165,Concepcion,Tarlac,Region III (Central Luzon)
6925,117.8201904,120.66250204588005,15.387500521838165,Concepcion,Tarlac,Region III (Central Luzon)
6926,118.0277176,120.68750204630392,15.387500521838165,Concepcion,Tarlac,Region III (Central Luzon)
6927,116.3128128,120.61250204503229,15.362500520990334,Concepcion,Tarlac,Region III (Central Luzon)
6928,116.3345642,120.63750204545616,15.362500520990334,Concepcion,Tarlac,Region III (Central Luzon)
6929,116.533989,120.66250204588005,15.362500520990334,Concepcion,Tarlac,Region III (Central Luzon)
6930,117.5913315,120.68750204630392,15.362500520990334,Concepcion,Tarlac,Region III (Central Luzon)
6931,117.7910614,120.71250204672782,15.362500520990334,Concepcion,Tarlac,Region III (Central Luzon)
6932,117.7066345,120.7375020471517,15.362500520990334,Concepcion,Tarlac,Region III (Central Luzon)
6933,114.667511,120.61250204503229,15.337500520142504,Concepcion,Tarlac,Region III (Central Luzon)
6934,115.289772,120.63750204545616,15.337500520142504,Concepcion,Tarlac,Region III (Central Luzon)
6935,115.4827194,120.66250204588005,15.337500520142504,Concepcion,Tarlac,Region III (Central Luzon)
6936,115.6680527,120.68750204630392,15.337500520142504,Concepcion,Tarlac,Region III (Central Luzon)
6937,115.8642426,120.71250204672782,15.337500520142504,Concepcion,Tarlac,Region III (Central Luzon)
6938,114.0968399,120.61250204503229,15.312500519294677,Concepcion,Tarlac,Region III (Central Luzon)
6939,114.4493942,120.63750204545616,15.312500519294677,Concepcion,Tarlac,Region III (Central Luzon)
6940,115.0019989,120.66250204588005,15.312500519294677,Concepcion,Tarlac,Region III (Central Luzon)
6941,115.1069565,120.68750204630392,15.312500519294677,Concepcion,Tarlac,Region III (Central Luzon)
6942,115.2539444,120.71250204672782,15.312500519294677,Concepcion,Tarlac,Region III (Central Luzon)
6943,115.3918076,120.7375020471517,15.312500519294677,Concepcion,Tarlac,Region III (Central Luzon)
6944,114.2974548,120.63750204545616,15.287500518446848,Concepcion,Tarlac,Region III (Central Luzon)
6945,114.8495941,120.66250204588005,15.287500518446848,Concepcion,Tarlac,Region III (Central Luzon)
6946,114.9992065,120.68750204630392,15.287500518446848,Concepcion,Tarlac,Region III (Central Luzon)
6947,115.1587067,120.71250204672782,15.287500518446848,Concepcion,Tarlac,Region III (Central Luzon)
6948,115.2753983,120.7375020471517,15.287500518446848,Concepcion,Tarlac,Region III (Central Luzon)
6949,113.8194809,120.63750204545616,15.262500517599015,Concepcion,Tarlac,Region III (Central Luzon)
6950,125.1060715,120.61250204503229,15.637500530316451,Gerona,Tarlac,Region III (Central Luzon)
6951,120.7511292,120.51250204333672,15.612500529468624,Gerona,Tarlac,Region III (Central Luzon)
6952,120.9065247,120.5375020437606,15.612500529468624,Gerona,Tarlac,Region III (Central Luzon)
6953,123.5855713,120.56250204418448,15.612500529468624,Gerona,Tarlac,Region III (Central Luzon)
6954,124.5181503,120.58750204460839,15.612500529468624,Gerona,Tarlac,Region III (Central Luzon)
6955,124.7619705,120.61250204503229,15.612500529468624,Gerona,Tarlac,Region III (Central Luzon)
6956,120.427208,120.51250204333672,15.587500528620794,Gerona,Tarlac,Region III (Central Luzon)
6957,120.4943924,120.5375020437606,15.587500528620794,Gerona,Tarlac,Region III (Central Luzon)
6958,123.1877136,120.56250204418448,15.587500528620794,Gerona,Tarlac,Region III (Central Luzon)
6959,124.2290497,120.58750204460839,15.587500528620794,Gerona,Tarlac,Region III (Central Luzon)
6960,124.4958954,120.61250204503229,15.587500528620794,Gerona,Tarlac,Region III (Central Luzon)
6961,119.6818466,120.51250204333672,15.562500527772965,Gerona,Tarlac,Region III (Central Luzon)
6962,119.7624283,120.5375020437606,15.562500527772965,Gerona,Tarlac,Region III (Central Luzon)
6963,123.793045,120.58750204460839,15.562500527772965,Gerona,Tarlac,Region III (Central Luzon)
6964,124.1833496,120.61250204503229,15.562500527772965,Gerona,Tarlac,Region III (Central Luzon)
6965,124.480751,120.68750204630392,15.512500526077307,La Paz,Tarlac,Region III (Central Luzon)
6966,124.706604,120.71250204672782,15.512500526077307,La Paz,Tarlac,Region III (Central Luzon)
6967,124.9567871,120.7375020471517,15.512500526077307,La Paz,Tarlac,Region III (Central Luzon)
6968,123.8224716,120.71250204672782,15.487500525229478,La Paz,Tarlac,Region III (Central Luzon)
6969,123.9327316,120.7375020471517,15.487500525229478,La Paz,Tarlac,Region III (Central Luzon)
6970,123.0482864,120.71250204672782,15.46250052438165,La Paz,Tarlac,Region III (Central Luzon)
6971,123.1719589,120.7375020471517,15.46250052438165,La Paz,Tarlac,Region III (Central Luzon)
6972,120.6838684,120.68750204630392,15.43750052353382,La Paz,Tarlac,Region III (Central Luzon)
6973,120.9453888,120.71250204672782,15.43750052353382,La Paz,Tarlac,Region III (Central Luzon)
6974,122.2979965,120.7375020471517,15.43750052353382,La Paz,Tarlac,Region III (Central Luzon)
6975,119.3459778,120.66250204588005,15.412500522685992,La Paz,Tarlac,Region III (Central Luzon)
6976,119.4111404,120.68750204630392,15.412500522685992,La Paz,Tarlac,Region III (Central Luzon)
6977,119.5860443,120.71250204672782,15.412500522685992,La Paz,Tarlac,Region III (Central Luzon)
6978,119.81353,120.7375020471517,15.412500522685992,La Paz,Tarlac,Region III (Central Luzon)
6979,118.1817551,120.71250204672782,15.387500521838165,La Paz,Tarlac,Region III (Central Luzon)
6980,118.2280121,120.7375020471517,15.387500521838165,La Paz,Tarlac,Region III (Central Luzon)
6981,120.5956421,120.3875020412173,15.637500530316451,Mayantoc,Tarlac,Region III (Central Luzon)
6982,122.2533722,120.33750204036951,15.612500529468624,Mayantoc,Tarlac,Region III (Central Luzon)
6983,119.6593094,120.3625020407934,15.612500529468624,Mayantoc,Tarlac,Region III (Central Luzon)
6984,119.3095703,120.3875020412173,15.612500529468624,Mayantoc,Tarlac,Region III (Central Luzon)
6985,122.4463425,120.26250203909784,15.587500528620794,Mayantoc,Tarlac,Region III (Central Luzon)
6986,122.8311005,120.28750203952174,15.587500528620794,Mayantoc,Tarlac,Region III (Central Luzon)
6987,122.1594544,120.31250203994561,15.587500528620794,Mayantoc,Tarlac,Region III (Central Luzon)
6988,121.5060654,120.33750204036951,15.587500528620794,Mayantoc,Tarlac,Region III (Central Luzon)
6989,118.9585419,120.3625020407934,15.587500528620794,Mayantoc,Tarlac,Region III (Central Luzon)
6990,118.8199616,120.3875020412173,15.587500528620794,Mayantoc,Tarlac,Region III (Central Luzon)
6991,121.1966858,120.23750203867397,15.562500527772965,Mayantoc,Tarlac,Region III (Central Luzon)
6992,122.683197,120.26250203909784,15.562500527772965,Mayantoc,Tarlac,Region III (Central Luzon)
6993,121.7275162,120.28750203952174,15.562500527772965,Mayantoc,Tarlac,Region III (Central Luzon)
6994,120.8217011,120.31250203994561,15.562500527772965,Mayantoc,Tarlac,Region III (Central Luzon)
6995,118.344017,120.33750204036951,15.562500527772965,Mayantoc,Tarlac,Region III (Central Luzon)
6996,118.1545715,120.3625020407934,15.562500527772965,Mayantoc,Tarlac,Region III (Central Luzon)
6997,117.7670898,120.3875020412173,15.562500527772965,Mayantoc,Tarlac,Region III (Central Luzon)
6998,123.9027252,120.21250203825008,15.537500526925136,Mayantoc,Tarlac,Region III (Central Luzon)
6999,119.7771301,120.23750203867397,15.537500526925136,Mayantoc,Tarlac,Region III (Central Luzon)
7000,121.3884659,120.26250203909784,15.537500526925136,Mayantoc,Tarlac,Region III (Central Luzon)
7001,119.593956,120.28750203952174,15.537500526925136,Mayantoc,Tarlac,Region III (Central Luzon)
7002,118.6778259,120.31250203994561,15.537500526925136,Mayantoc,Tarlac,Region III (Central Luzon)
7003,117.029686,120.33750204036951,15.537500526925136,Mayantoc,Tarlac,Region III (Central Luzon)
7004,116.8412857,120.3625020407934,15.537500526925136,Mayantoc,Tarlac,Region III (Central Luzon)
7005,115.7057114,120.3875020412173,15.537500526925136,Mayantoc,Tarlac,Region III (Central Luzon)
7006,124.3169479,120.21250203825008,15.512500526077307,Mayantoc,Tarlac,Region III (Central Luzon)
7007,123.0040817,120.23750203867397,15.512500526077307,Mayantoc,Tarlac,Region III (Central Luzon)
7008,119.1100159,120.26250203909784,15.512500526077307,Mayantoc,Tarlac,Region III (Central Luzon)
7009,119.481842,120.28750203952174,15.512500526077307,Mayantoc,Tarlac,Region III (Central Luzon)
7010,115.5680695,120.3875020412173,15.512500526077307,Mayantoc,Tarlac,Region III (Central Luzon)
7011,128.5596771,120.56250204418448,15.787500535403424,Moncada,Tarlac,Region III (Central Luzon)
7012,128.4604187,120.58750204460839,15.787500535403424,Moncada,Tarlac,Region III (Central Luzon)
7013,127.4947968,120.56250204418448,15.762500534555596,Moncada,Tarlac,Region III (Central Luzon)
7014,128.3780212,120.58750204460839,15.762500534555596,Moncada,Tarlac,Region III (Central Luzon)
7015,126.3250961,120.51250204333672,15.737500533707768,Moncada,Tarlac,Region III (Central Luzon)
7016,127.1992798,120.5375020437606,15.737500533707768,Moncada,Tarlac,Region III (Central Luzon)
7017,127.0372467,120.56250204418448,15.737500533707768,Moncada,Tarlac,Region III (Central Luzon)
7018,127.1008987,120.58750204460839,15.737500533707768,Moncada,Tarlac,Region III (Central Luzon)
7019,124.8105469,120.48750204291284,15.712500532859938,Moncada,Tarlac,Region III (Central Luzon)
7020,125.096962,120.51250204333672,15.712500532859938,Moncada,Tarlac,Region III (Central Luzon)
7021,125.2358551,120.5375020437606,15.712500532859938,Moncada,Tarlac,Region III (Central Luzon)
7022,126.5427933,120.56250204418448,15.712500532859938,Moncada,Tarlac,Region III (Central Luzon)
7023,126.8795929,120.58750204460839,15.712500532859938,Moncada,Tarlac,Region III (Central Luzon)
7024,123.5008087,120.48750204291284,15.687500532012113,Paniqui,Tarlac,Region III (Central Luzon)
7025,123.8444748,120.51250204333672,15.687500532012113,Paniqui,Tarlac,Region III (Central Luzon)
7026,123.8858948,120.5375020437606,15.687500532012113,Paniqui,Tarlac,Region III (Central Luzon)
7027,125.8300629,120.56250204418448,15.687500532012113,Paniqui,Tarlac,Region III (Central Luzon)
7028,126.5591354,120.58750204460839,15.687500532012113,Paniqui,Tarlac,Region III (Central Luzon)
7029,123.2342987,120.48750204291284,15.66250053116428,Paniqui,Tarlac,Region III (Central Luzon)
7030,123.6193695,120.51250204333672,15.66250053116428,Paniqui,Tarlac,Region III (Central Luzon)
7031,123.6104813,120.5375020437606,15.66250053116428,Paniqui,Tarlac,Region III (Central Luzon)
7032,124.7325363,120.56250204418448,15.66250053116428,Paniqui,Tarlac,Region III (Central Luzon)
7033,126.2570648,120.58750204460839,15.66250053116428,Paniqui,Tarlac,Region III (Central Luzon)
7034,121.1608582,120.48750204291284,15.637500530316451,Paniqui,Tarlac,Region III (Central Luzon)
7035,121.5840378,120.51250204333672,15.637500530316451,Paniqui,Tarlac,Region III (Central Luzon)
7036,122.5041733,120.5375020437606,15.637500530316451,Paniqui,Tarlac,Region III (Central Luzon)
7037,123.9423523,120.56250204418448,15.637500530316451,Paniqui,Tarlac,Region III (Central Luzon)
7038,124.7832642,120.58750204460839,15.637500530316451,Paniqui,Tarlac,Region III (Central Luzon)
7039,126.3763886,120.63750204545616,15.637500530316451,Pura,Tarlac,Region III (Central Luzon)
7040,126.5556412,120.66250204588005,15.637500530316451,Pura,Tarlac,Region III (Central Luzon)
7041,125.2750244,120.63750204545616,15.612500529468624,Pura,Tarlac,Region III (Central Luzon)
7042,124.9402084,120.63750204545616,15.587500528620794,Pura,Tarlac,Region III (Central Luzon)
7043,126.7900772,120.61250204503229,15.687500532012113,Ramos,Tarlac,Region III (Central Luzon)
7044,127.0048981,120.63750204545616,15.687500532012113,Ramos,Tarlac,Region III (Central Luzon)
7045,126.5739136,120.61250204503229,15.66250053116428,Ramos,Tarlac,Region III (Central Luzon)
7046,126.8824616,120.63750204545616,15.66250053116428,Ramos,Tarlac,Region III (Central Luzon)
7047,126.4617386,120.3875020412173,15.737500533707768,San Clemente,Tarlac,Region III (Central Luzon)
7048,125.0877228,120.3625020407934,15.712500532859938,San Clemente,Tarlac,Region III (Central Luzon)
7049,126.1205216,120.33750204036951,15.687500532012113,San Clemente,Tarlac,Region III (Central Luzon)
7050,123.4142304,120.3625020407934,15.687500532012113,San Clemente,Tarlac,Region III (Central Luzon)
7051,124.3966827,120.33750204036951,15.66250053116428,San Clemente,Tarlac,Region III (Central Luzon)
7052,124.9503403,120.28750203952174,15.637500530316451,San Clemente,Tarlac,Region III (Central Luzon)
7053,123.9296722,120.31250203994561,15.637500530316451,San Clemente,Tarlac,Region III (Central Luzon)
7054,123.2871857,120.26250203909784,15.612500529468624,San Clemente,Tarlac,Region III (Central Luzon)
7055,123.4508133,120.28750203952174,15.612500529468624,San Clemente,Tarlac,Region III (Central Luzon)
7056,122.7445831,120.31250203994561,15.612500529468624,San Clemente,Tarlac,Region III (Central Luzon)
7057,128.6455231,120.58750204460839,15.837500537099082,San Manuel,Tarlac,Region III (Central Luzon)
7058,128.5246887,120.58750204460839,15.812500536251251,San Manuel,Tarlac,Region III (Central Luzon)
7059,128.8216248,120.61250204503229,15.812500536251251,San Manuel,Tarlac,Region III (Central Luzon)
7060,128.7288818,120.61250204503229,15.787500535403424,San Manuel,Tarlac,Region III (Central Luzon)
7061,121.1842728,120.43750204206506,15.637500530316451,Santa Ignacia,Tarlac,Region III (Central Luzon)
7062,121.1196594,120.46250204248896,15.637500530316451,Santa Ignacia,Tarlac,Region III (Central Luzon)
7063,119.8743973,120.41250204164116,15.612500529468624,Santa Ignacia,Tarlac,Region III (Central Luzon)
7064,120.0810089,120.43750204206506,15.612500529468624,Santa Ignacia,Tarlac,Region III (Central Luzon)
7065,119.6309586,120.46250204248896,15.612500529468624,Santa Ignacia,Tarlac,Region III (Central Luzon)
7066,120.3280945,120.48750204291284,15.612500529468624,Santa Ignacia,Tarlac,Region III (Central Luzon)
7067,119.4500275,120.41250204164116,15.587500528620794,Santa Ignacia,Tarlac,Region III (Central Luzon)
7068,119.5712662,120.43750204206506,15.587500528620794,Santa Ignacia,Tarlac,Region III (Central Luzon)
7069,119.1618195,120.46250204248896,15.587500528620794,Santa Ignacia,Tarlac,Region III (Central Luzon)
7070,119.983963,120.48750204291284,15.587500528620794,Santa Ignacia,Tarlac,Region III (Central Luzon)
7071,118.4097748,120.41250204164116,15.562500527772965,Santa Ignacia,Tarlac,Region III (Central Luzon)
7072,117.788765,120.43750204206506,15.562500527772965,Santa Ignacia,Tarlac,Region III (Central Luzon)
7073,117.779068,120.46250204248896,15.562500527772965,Santa Ignacia,Tarlac,Region III (Central Luzon)
7074,119.1351929,120.48750204291284,15.562500527772965,Santa Ignacia,Tarlac,Region III (Central Luzon)
7075,116.4254456,120.41250204164116,15.537500526925136,Santa Ignacia,Tarlac,Region III (Central Luzon)
7076,116.7322235,120.43750204206506,15.537500526925136,Santa Ignacia,Tarlac,Region III (Central Luzon)
7077,116.7224884,120.46250204248896,15.537500526925136,Santa Ignacia,Tarlac,Region III (Central Luzon)
7078,116.3633728,120.41250204164116,15.512500526077307,Santa Ignacia,Tarlac,Region III (Central Luzon)
7079,121.7732925,120.56250204418448,15.562500527772965,City of Tarlac (Capital),Tarlac,Region III (Central Luzon)
7080,117.9505234,120.51250204333672,15.537500526925136,City of Tarlac (Capital),Tarlac,Region III (Central Luzon)
7081,118.7557983,120.5375020437606,15.537500526925136,City of Tarlac (Capital),Tarlac,Region III (Central Luzon)
7082,121.0056458,120.56250204418448,15.537500526925136,City of Tarlac (Capital),Tarlac,Region III (Central Luzon)
7083,122.2876511,120.58750204460839,15.537500526925136,City of Tarlac (Capital),Tarlac,Region III (Central Luzon)
7084,122.671135,120.61250204503229,15.537500526925136,City of Tarlac (Capital),Tarlac,Region III (Central Luzon)
7085,117.7568588,120.51250204333672,15.512500526077307,City of Tarlac (Capital),Tarlac,Region III (Central Luzon)
7086,117.8972397,120.5375020437606,15.512500526077307,City of Tarlac (Capital),Tarlac,Region III (Central Luzon)
7087,120.9506455,120.56250204418448,15.512500526077307,City of Tarlac (Capital),Tarlac,Region III (Central Luzon)
7088,122.1046143,120.58750204460839,15.512500526077307,City of Tarlac (Capital),Tarlac,Region III (Central Luzon)
7089,122.3570099,120.61250204503229,15.512500526077307,City of Tarlac (Capital),Tarlac,Region III (Central Luzon)
7090,122.9905396,120.63750204545616,15.512500526077307,City of Tarlac (Capital),Tarlac,Region III (Central Luzon)
7091,124.3539276,120.66250204588005,15.512500526077307,City of Tarlac (Capital),Tarlac,Region III (Central Luzon)
7092,116.7876663,120.5375020437606,15.487500525229478,City of Tarlac (Capital),Tarlac,Region III (Central Luzon)
7093,119.9947891,120.56250204418448,15.487500525229478,City of Tarlac (Capital),Tarlac,Region III (Central Luzon)
7094,121.2963333,120.58750204460839,15.487500525229478,City of Tarlac (Capital),Tarlac,Region III (Central Luzon)
7095,121.5082092,120.61250204503229,15.487500525229478,City of Tarlac (Capital),Tarlac,Region III (Central Luzon)
7096,122.0353699,120.63750204545616,15.487500525229478,City of Tarlac (Capital),Tarlac,Region III (Central Luzon)
7097,123.38134,120.66250204588005,15.487500525229478,City of Tarlac (Capital),Tarlac,Region III (Central Luzon)
7098,123.6145783,120.68750204630392,15.487500525229478,City of Tarlac (Capital),Tarlac,Region III (Central Luzon)
7099,115.8393707,120.5375020437606,15.46250052438165,City of Tarlac (Capital),Tarlac,Region III (Central Luzon)
7100,118.414711,120.56250204418448,15.46250052438165,City of Tarlac (Capital),Tarlac,Region III (Central Luzon)
7101,120.4944992,120.58750204460839,15.46250052438165,City of Tarlac (Capital),Tarlac,Region III (Central Luzon)
7102,120.7583237,120.61250204503229,15.46250052438165,City of Tarlac (Capital),Tarlac,Region III (Central Luzon)
7103,121.3557358,120.63750204545616,15.46250052438165,City of Tarlac (Capital),Tarlac,Region III (Central Luzon)
7104,121.6377182,120.66250204588005,15.46250052438165,City of Tarlac (Capital),Tarlac,Region III (Central Luzon)
7105,122.7724457,120.68750204630392,15.46250052438165,City of Tarlac (Capital),Tarlac,Region III (Central Luzon)
7106,115.3468399,120.5375020437606,15.43750052353382,City of Tarlac (Capital),Tarlac,Region III (Central Luzon)
7107,117.9114533,120.56250204418448,15.43750052353382,City of Tarlac (Capital),Tarlac,Region III (Central Luzon)
7108,118.8876572,120.58750204460839,15.43750052353382,City of Tarlac (Capital),Tarlac,Region III (Central Luzon)
7109,119.1130295,120.61250204503229,15.43750052353382,City of Tarlac (Capital),Tarlac,Region III (Central Luzon)
7110,120.5810242,120.63750204545616,15.43750052353382,City of Tarlac (Capital),Tarlac,Region III (Central Luzon)
7111,120.8618622,120.66250204588005,15.43750052353382,City of Tarlac (Capital),Tarlac,Region III (Central Luzon)
7112,114.0062943,120.5375020437606,15.412500522685992,City of Tarlac (Capital),Tarlac,Region III (Central Luzon)
7113,116.6194916,120.56250204418448,15.412500522685992,City of Tarlac (Capital),Tarlac,Region III (Central Luzon)
7114,117.770668,120.58750204460839,15.412500522685992,City of Tarlac (Capital),Tarlac,Region III (Central Luzon)
7115,117.8976822,120.61250204503229,15.412500522685992,City of Tarlac (Capital),Tarlac,Region III (Central Luzon)
7116,126.661644,120.66250204588005,15.612500529468624,Victoria,Tarlac,Region III (Central Luzon)
7117,126.8108826,120.68750204630392,15.612500529468624,Victoria,Tarlac,Region III (Central Luzon)
7118,127.0365753,120.71250204672782,15.612500529468624,Victoria,Tarlac,Region III (Central Luzon)
7119,127.2613907,120.7375020471517,15.612500529468624,Victoria,Tarlac,Region III (Central Luzon)
7120,126.3404007,120.66250204588005,15.587500528620794,Victoria,Tarlac,Region III (Central Luzon)
7121,126.5727615,120.68750204630392,15.587500528620794,Victoria,Tarlac,Region III (Central Luzon)
7122,126.8064499,120.71250204672782,15.587500528620794,Victoria,Tarlac,Region III (Central Luzon)
7123,126.96315,120.7375020471517,15.587500528620794,Victoria,Tarlac,Region III (Central Luzon)
7124,124.907692,120.63750204545616,15.562500527772965,Victoria,Tarlac,Region III (Central Luzon)
7125,125.1753464,120.66250204588005,15.562500527772965,Victoria,Tarlac,Region III (Central Luzon)
7126,126.2660217,120.68750204630392,15.562500527772965,Victoria,Tarlac,Region III (Central Luzon)
7127,126.5985489,120.71250204672782,15.562500527772965,Victoria,Tarlac,Region III (Central Luzon)
7128,124.2584381,120.63750204545616,15.537500526925136,Victoria,Tarlac,Region III (Central Luzon)
7129,124.5512772,120.66250204588005,15.537500526925136,Victoria,Tarlac,Region III (Central Luzon)
7130,124.7464294,120.68750204630392,15.537500526925136,Victoria,Tarlac,Region III (Central Luzon)
7131,125.075264,120.71250204672782,15.537500526925136,Victoria,Tarlac,Region III (Central Luzon)
7132,117.3830643,120.48750204291284,15.537500526925136,San Jose,Tarlac,Region III (Central Luzon)
7133,118.7842789,120.31250203994561,15.512500526077307,San Jose,Tarlac,Region III (Central Luzon)
7134,118.2094421,120.33750204036951,15.512500526077307,San Jose,Tarlac,Region III (Central Luzon)
7135,115.7584839,120.3625020407934,15.512500526077307,San Jose,Tarlac,Region III (Central Luzon)
7136,116.6712952,120.43750204206506,15.512500526077307,San Jose,Tarlac,Region III (Central Luzon)
7137,116.4164352,120.46250204248896,15.512500526077307,San Jose,Tarlac,Region III (Central Luzon)
7138,117.2698288,120.48750204291284,15.512500526077307,San Jose,Tarlac,Region III (Central Luzon)
7139,123.0822754,120.1875020378262,15.487500525229478,San Jose,Tarlac,Region III (Central Luzon)
7140,123.0117569,120.21250203825008,15.487500525229478,San Jose,Tarlac,Region III (Central Luzon)
7141,121.7322693,120.23750203867397,15.487500525229478,San Jose,Tarlac,Region III (Central Luzon)
7142,118.0546722,120.26250203909784,15.487500525229478,San Jose,Tarlac,Region III (Central Luzon)
7143,118.4523544,120.28750203952174,15.487500525229478,San Jose,Tarlac,Region III (Central Luzon)
7144,117.6874466,120.31250203994561,15.487500525229478,San Jose,Tarlac,Region III (Central Luzon)
7145,117.0475769,120.33750204036951,15.487500525229478,San Jose,Tarlac,Region III (Central Luzon)
7146,114.5821457,120.3625020407934,15.487500525229478,San Jose,Tarlac,Region III (Central Luzon)
7147,114.4249115,120.3875020412173,15.487500525229478,San Jose,Tarlac,Region III (Central Luzon)
7148,115.2930908,120.41250204164116,15.487500525229478,San Jose,Tarlac,Region III (Central Luzon)
7149,115.5923386,120.43750204206506,15.487500525229478,San Jose,Tarlac,Region III (Central Luzon)
7150,115.3201828,120.46250204248896,15.487500525229478,San Jose,Tarlac,Region III (Central Luzon)
7151,116.2617874,120.48750204291284,15.487500525229478,San Jose,Tarlac,Region III (Central Luzon)
7152,116.7412415,120.51250204333672,15.487500525229478,San Jose,Tarlac,Region III (Central Luzon)
7153,122.0299072,120.1875020378262,15.46250052438165,San Jose,Tarlac,Region III (Central Luzon)
7154,121.3766708,120.21250203825008,15.46250052438165,San Jose,Tarlac,Region III (Central Luzon)
7155,117.4864578,120.23750203867397,15.46250052438165,San Jose,Tarlac,Region III (Central Luzon)
7156,119.4470444,120.26250203909784,15.46250052438165,San Jose,Tarlac,Region III (Central Luzon)
7157,117.5651169,120.28750203952174,15.46250052438165,San Jose,Tarlac,Region III (Central Luzon)
7158,116.4495163,120.31250203994561,15.46250052438165,San Jose,Tarlac,Region III (Central Luzon)
7159,114.5385361,120.33750204036951,15.46250052438165,San Jose,Tarlac,Region III (Central Luzon)
7160,114.3051758,120.3625020407934,15.46250052438165,San Jose,Tarlac,Region III (Central Luzon)
7161,113.3444977,120.3875020412173,15.46250052438165,San Jose,Tarlac,Region III (Central Luzon)
7162,114.2036362,120.41250204164116,15.46250052438165,San Jose,Tarlac,Region III (Central Luzon)
7163,114.1381226,120.43750204206506,15.46250052438165,San Jose,Tarlac,Region III (Central Luzon)
7164,114.1028595,120.46250204248896,15.46250052438165,San Jose,Tarlac,Region III (Central Luzon)
7165,115.264534,120.48750204291284,15.46250052438165,San Jose,Tarlac,Region III (Central Luzon)
7166,115.7815476,120.51250204333672,15.46250052438165,San Jose,Tarlac,Region III (Central Luzon)
7167,122.9460297,120.1875020378262,15.43750052353382,San Jose,Tarlac,Region III (Central Luzon)
7168,122.3670502,120.21250203825008,15.43750052353382,San Jose,Tarlac,Region III (Central Luzon)
7169,118.079628,120.23750203867397,15.43750052353382,San Jose,Tarlac,Region III (Central Luzon)
7170,120.0529633,120.26250203909784,15.43750052353382,San Jose,Tarlac,Region III (Central Luzon)
7171,118.4981308,120.28750203952174,15.43750052353382,San Jose,Tarlac,Region III (Central Luzon)
7172,117.3065491,120.31250203994561,15.43750052353382,San Jose,Tarlac,Region III (Central Luzon)
7173,114.6314468,120.33750204036951,15.43750052353382,San Jose,Tarlac,Region III (Central Luzon)
7174,114.3980942,120.3625020407934,15.43750052353382,San Jose,Tarlac,Region III (Central Luzon)
7175,113.2064743,120.3875020412173,15.43750052353382,San Jose,Tarlac,Region III (Central Luzon)
7176,114.0180206,120.41250204164116,15.43750052353382,San Jose,Tarlac,Region III (Central Luzon)
7177,113.9152603,120.43750204206506,15.43750052353382,San Jose,Tarlac,Region III (Central Luzon)
7178,113.8799515,120.46250204248896,15.43750052353382,San Jose,Tarlac,Region III (Central Luzon)
7179,114.375206,120.48750204291284,15.43750052353382,San Jose,Tarlac,Region III (Central Luzon)
7180,114.8500137,120.51250204333672,15.43750052353382,San Jose,Tarlac,Region III (Central Luzon)
7181,122.3508225,120.1875020378262,15.412500522685992,San Jose,Tarlac,Region III (Central Luzon)
7182,122.4299316,120.21250203825008,15.412500522685992,San Jose,Tarlac,Region III (Central Luzon)
7183,121.2088547,120.23750203867397,15.412500522685992,San Jose,Tarlac,Region III (Central Luzon)
7184,117.6683121,120.26250203909784,15.412500522685992,San Jose,Tarlac,Region III (Central Luzon)
7185,118.0705643,120.28750203952174,15.412500522685992,San Jose,Tarlac,Region III (Central Luzon)
7186,117.1534119,120.31250203994561,15.412500522685992,San Jose,Tarlac,Region III (Central Luzon)
7187,116.3368759,120.33750204036951,15.412500522685992,San Jose,Tarlac,Region III (Central Luzon)
7188,112.8897553,120.3625020407934,15.412500522685992,San Jose,Tarlac,Region III (Central Luzon)
7189,112.6486588,120.3875020412173,15.412500522685992,San Jose,Tarlac,Region III (Central Luzon)
7190,113.4498825,120.41250204164116,15.412500522685992,San Jose,Tarlac,Region III (Central Luzon)
7191,113.6994629,120.43750204206506,15.412500522685992,San Jose,Tarlac,Region III (Central Luzon)
7192,113.9627228,120.51250204333672,15.412500522685992,San Jose,Tarlac,Region III (Central Luzon)
7193,122.0545654,120.1875020378262,15.387500521838165,San Jose,Tarlac,Region III (Central Luzon)
7194,122.275795,120.21250203825008,15.387500521838165,San Jose,Tarlac,Region III (Central Luzon)
7195,121.3223648,120.23750203867397,15.387500521838165,San Jose,Tarlac,Region III (Central Luzon)
7196,117.7630997,120.26250203909784,15.387500521838165,San Jose,Tarlac,Region III (Central Luzon)
7197,117.8985519,120.28750203952174,15.387500521838165,San Jose,Tarlac,Region III (Central Luzon)
7198,116.8653946,120.31250203994561,15.387500521838165,San Jose,Tarlac,Region III (Central Luzon)
7199,116.0617523,120.33750204036951,15.387500521838165,San Jose,Tarlac,Region III (Central Luzon)
7200,112.5293274,120.3625020407934,15.387500521838165,San Jose,Tarlac,Region III (Central Luzon)
7201,112.1712418,120.3875020412173,15.387500521838165,San Jose,Tarlac,Region III (Central Luzon)
7202,122.4360886,120.1875020378262,15.362500520990334,San Jose,Tarlac,Region III (Central Luzon)
7203,122.3294601,120.21250203825008,15.362500520990334,San Jose,Tarlac,Region III (Central Luzon)
7204,119.276001,120.23750203867397,15.362500520990334,San Jose,Tarlac,Region III (Central Luzon)
7205,121.161026,120.26250203909784,15.362500520990334,San Jose,Tarlac,Region III (Central Luzon)
7206,118.4634018,120.28750203952174,15.362500520990334,San Jose,Tarlac,Region III (Central Luzon)
7207,116.9267502,120.31250203994561,15.362500520990334,San Jose,Tarlac,Region III (Central Luzon)
7208,114.6864319,120.33750204036951,15.362500520990334,San Jose,Tarlac,Region III (Central Luzon)
7209,123.6084137,120.21250203825008,15.337500520142504,San Jose,Tarlac,Region III (Central Luzon)
7210,120.2966156,120.23750203867397,15.337500520142504,San Jose,Tarlac,Region III (Central Luzon)
7211,122.0080032,120.26250203909784,15.337500520142504,San Jose,Tarlac,Region III (Central Luzon)
7212,120.3623047,120.28750203952174,15.337500520142504,San Jose,Tarlac,Region III (Central Luzon)
