unique id,value,lon,lat,municipality name,province name,region
7213,122.9340363,120.08750203613064,15.362500520990334,Botolan,Zambales,Region III (Central Luzon)
7214,123.8148575,120.11250203655452,15.362500520990334,Botolan,Zambales,Region III (Central Luzon)
7215,122.6073685,120.1375020369784,15.362500520990334,Botolan,Zambales,Region III (Central Luzon)
7216,122.3254471,120.1625020374023,15.362500520990334,Botolan,Zambales,Region III (Central Luzon)
7217,122.4974289,120.06250203570676,15.337500520142504,Botolan,Zambales,Region III (Central Luzon)
7218,122.2092056,120.08750203613064,15.337500520142504,Botolan,Zambales,Region III (Central Luzon)
7219,123.1071167,120.11250203655452,15.337500520142504,Botolan,Zambales,Region III (Central Luzon)
7220,122.8630524,120.1375020369784,15.337500520142504,Botolan,Zambales,Region III (Central Luzon)
7221,122.5804443,120.1625020374023,15.337500520142504,Botolan,Zambales,Region III (Central Luzon)
7222,123.6295471,120.1875020378262,15.337500520142504,Botolan,Zambales,Region III (Central Luzon)
7223,119.6227875,120.01250203485898,15.312500519294677,Botolan,Zambales,Region III (Central Luzon)
7224,120.8239288,120.03750203528288,15.312500519294677,Botolan,Zambales,Region III (Central Luzon)
7225,122.4827957,120.06250203570676,15.312500519294677,Botolan,Zambales,Region III (Central Luzon)
7226,122.340332,120.08750203613064,15.312500519294677,Botolan,Zambales,Region III (Central Luzon)
7227,123.3142395,120.11250203655452,15.312500519294677,Botolan,Zambales,Region III (Central Luzon)
7228,123.7568359,120.1375020369784,15.312500519294677,Botolan,Zambales,Region III (Central Luzon)
7229,121.5698013,120.1625020374023,15.312500519294677,Botolan,Zambales,Region III (Central Luzon)
7230,123.703125,120.1875020378262,15.312500519294677,Botolan,Zambales,Region III (Central Luzon)
7231,124.1100845,120.21250203825008,15.312500519294677,Botolan,Zambales,Region III (Central Luzon)
7232,123.3215027,120.23750203867397,15.312500519294677,Botolan,Zambales,Region III (Central Luzon)
7233,119.1372376,120.01250203485898,15.287500518446848,Botolan,Zambales,Region III (Central Luzon)
7234,120.1834869,120.03750203528288,15.287500518446848,Botolan,Zambales,Region III (Central Luzon)
7235,121.9114685,120.06250203570676,15.287500518446848,Botolan,Zambales,Region III (Central Luzon)
7236,121.9967804,120.08750203613064,15.287500518446848,Botolan,Zambales,Region III (Central Luzon)
7237,123.118721,120.11250203655452,15.287500518446848,Botolan,Zambales,Region III (Central Luzon)
7238,123.6146317,120.1375020369784,15.287500518446848,Botolan,Zambales,Region III (Central Luzon)
7239,121.578186,120.1625020374023,15.287500518446848,Botolan,Zambales,Region III (Central Luzon)
7240,123.81987,120.1875020378262,15.287500518446848,Botolan,Zambales,Region III (Central Luzon)
7241,124.4178391,120.21250203825008,15.287500518446848,Botolan,Zambales,Region III (Central Luzon)
7242,123.8764954,120.23750203867397,15.287500518446848,Botolan,Zambales,Region III (Central Luzon)
7243,120.9453812,120.26250203909784,15.287500518446848,Botolan,Zambales,Region III (Central Luzon)
7244,121.0783997,120.03750203528288,15.262500517599015,Botolan,Zambales,Region III (Central Luzon)
7245,121.4994049,120.06250203570676,15.262500517599015,Botolan,Zambales,Region III (Central Luzon)
7246,122.5559387,120.08750203613064,15.262500517599015,Botolan,Zambales,Region III (Central Luzon)
7247,123.7217026,120.11250203655452,15.262500517599015,Botolan,Zambales,Region III (Central Luzon)
7248,123.5582962,120.1375020369784,15.262500517599015,Botolan,Zambales,Region III (Central Luzon)
7249,123.4769287,120.1625020374023,15.262500517599015,Botolan,Zambales,Region III (Central Luzon)
7250,124.5748138,120.1875020378262,15.262500517599015,Botolan,Zambales,Region III (Central Luzon)
7251,124.953682,120.21250203825008,15.262500517599015,Botolan,Zambales,Region III (Central Luzon)
7252,122.9454956,120.23750203867397,15.262500517599015,Botolan,Zambales,Region III (Central Luzon)
7253,124.3497543,120.26250203909784,15.262500517599015,Botolan,Zambales,Region III (Central Luzon)
7254,121.5055695,120.28750203952174,15.262500517599015,Botolan,Zambales,Region III (Central Luzon)
7255,118.8961563,120.01250203485898,15.23750051675119,Botolan,Zambales,Region III (Central Luzon)
7256,121.2110214,120.03750203528288,15.23750051675119,Botolan,Zambales,Region III (Central Luzon)
7257,121.5827332,120.06250203570676,15.23750051675119,Botolan,Zambales,Region III (Central Luzon)
7258,122.1236191,120.08750203613064,15.23750051675119,Botolan,Zambales,Region III (Central Luzon)
7259,123.271637,120.11250203655452,15.23750051675119,Botolan,Zambales,Region III (Central Luzon)
7260,124.0529862,120.1375020369784,15.23750051675119,Botolan,Zambales,Region III (Central Luzon)
7261,123.9711914,120.1625020374023,15.23750051675119,Botolan,Zambales,Region III (Central Luzon)
7262,125.5028,120.1875020378262,15.23750051675119,Botolan,Zambales,Region III (Central Luzon)
7263,125.9159622,120.21250203825008,15.23750051675119,Botolan,Zambales,Region III (Central Luzon)
7264,123.9667816,120.23750203867397,15.23750051675119,Botolan,Zambales,Region III (Central Luzon)
7265,125.1098175,120.26250203909784,15.23750051675119,Botolan,Zambales,Region III (Central Luzon)
7266,123.465744,120.28750203952174,15.23750051675119,Botolan,Zambales,Region III (Central Luzon)
7267,121.9397202,120.31250203994561,15.23750051675119,Botolan,Zambales,Region III (Central Luzon)
7268,123.6654282,120.1375020369784,15.21250051590336,Botolan,Zambales,Region III (Central Luzon)
7269,123.2678833,120.1625020374023,15.21250051590336,Botolan,Zambales,Region III (Central Luzon)
7270,125.3572235,120.1875020378262,15.21250051590336,Botolan,Zambales,Region III (Central Luzon)
7271,126.0408936,120.21250203825008,15.21250051590336,Botolan,Zambales,Region III (Central Luzon)
7272,125.6641846,120.23750203867397,15.21250051590336,Botolan,Zambales,Region III (Central Luzon)
7273,123.607399,120.26250203909784,15.21250051590336,Botolan,Zambales,Region III (Central Luzon)
7274,123.4883804,120.28750203952174,15.21250051590336,Botolan,Zambales,Region III (Central Luzon)
7275,122.4590225,120.31250203994561,15.21250051590336,Botolan,Zambales,Region III (Central Luzon)
7276,121.5448837,120.33750204036951,15.21250051590336,Botolan,Zambales,Region III (Central Luzon)
7277,126.3357849,120.1875020378262,15.187500515055532,Botolan,Zambales,Region III (Central Luzon)
7278,126.9766083,120.21250203825008,15.187500515055532,Botolan,Zambales,Region III (Central Luzon)
7279,126.7074356,120.23750203867397,15.187500515055532,Botolan,Zambales,Region III (Central Luzon)
7280,124.2981491,120.26250203909784,15.187500515055532,Botolan,Zambales,Region III (Central Luzon)
7281,123.9802017,120.28750203952174,15.187500515055532,Botolan,Zambales,Region III (Central Luzon)
7282,123.0641022,120.31250203994561,15.187500515055532,Botolan,Zambales,Region III (Central Luzon)
7283,122.3624573,120.33750204036951,15.187500515055532,Botolan,Zambales,Region III (Central Luzon)
7284,127.8364105,120.21250203825008,15.162500514207704,Botolan,Zambales,Region III (Central Luzon)
7285,126.5173721,120.23750203867397,15.162500514207704,Botolan,Zambales,Region III (Central Luzon)
7286,126.9214554,120.26250203909784,15.162500514207704,Botolan,Zambales,Region III (Central Luzon)
7287,124.6114578,120.28750203952174,15.162500514207704,Botolan,Zambales,Region III (Central Luzon)
7288,123.4215088,120.31250203994561,15.162500514207704,Botolan,Zambales,Region III (Central Luzon)
7289,121.1315308,120.33750204036951,15.162500514207704,Botolan,Zambales,Region III (Central Luzon)
7290,120.7186661,120.3625020407934,15.162500514207704,Botolan,Zambales,Region III (Central Luzon)
7291,127.8907929,120.21250203825008,15.137500513359877,Botolan,Zambales,Region III (Central Luzon)
7292,126.8171616,120.23750203867397,15.137500513359877,Botolan,Zambales,Region III (Central Luzon)
7293,127.2227783,120.26250203909784,15.137500513359877,Botolan,Zambales,Region III (Central Luzon)
7294,125.9732513,120.28750203952174,15.137500513359877,Botolan,Zambales,Region III (Central Luzon)
7295,124.8559494,120.31250203994561,15.137500513359877,Botolan,Zambales,Region III (Central Luzon)
7296,121.9302597,120.33750204036951,15.137500513359877,Botolan,Zambales,Region III (Central Luzon)
7297,128.832962,120.21250203825008,15.112500512512046,Botolan,Zambales,Region III (Central Luzon)
7298,128.7030335,120.23750203867397,15.112500512512046,Botolan,Zambales,Region III (Central Luzon)
7299,126.9559021,120.26250203909784,15.112500512512046,Botolan,Zambales,Region III (Central Luzon)
7300,126.5591431,120.28750203952174,15.112500512512046,Botolan,Zambales,Region III (Central Luzon)
7301,125.7945328,120.31250203994561,15.112500512512046,Botolan,Zambales,Region III (Central Luzon)
7302,125.112915,120.33750204036951,15.112500512512046,Botolan,Zambales,Region III (Central Luzon)
7303,120.4585724,120.3625020407934,15.112500512512046,Botolan,Zambales,Region III (Central Luzon)
7304,119.4834976,120.03750203528288,15.21250051590336,Cabangan,Zambales,Region III (Central Luzon)
7305,121.8054504,120.06250203570676,15.21250051590336,Cabangan,Zambales,Region III (Central Luzon)
7306,121.9373779,120.08750203613064,15.21250051590336,Cabangan,Zambales,Region III (Central Luzon)
7307,123.0398026,120.11250203655452,15.21250051590336,Cabangan,Zambales,Region III (Central Luzon)
7308,120.7936707,120.03750203528288,15.187500515055532,Cabangan,Zambales,Region III (Central Luzon)
7309,123.0891037,120.06250203570676,15.187500515055532,Cabangan,Zambales,Region III (Central Luzon)
7310,123.3533707,120.08750203613064,15.187500515055532,Cabangan,Zambales,Region III (Central Luzon)
7311,124.3099976,120.11250203655452,15.187500515055532,Cabangan,Zambales,Region III (Central Luzon)
7312,124.8113327,120.1375020369784,15.187500515055532,Cabangan,Zambales,Region III (Central Luzon)
7313,124.4857483,120.1625020374023,15.187500515055532,Cabangan,Zambales,Region III (Central Luzon)
7314,123.0293045,120.03750203528288,15.162500514207704,Cabangan,Zambales,Region III (Central Luzon)
7315,123.2783051,120.06250203570676,15.162500514207704,Cabangan,Zambales,Region III (Central Luzon)
7316,124.7578735,120.08750203613064,15.162500514207704,Cabangan,Zambales,Region III (Central Luzon)
7317,125.6659699,120.11250203655452,15.162500514207704,Cabangan,Zambales,Region III (Central Luzon)
7318,125.975708,120.1375020369784,15.162500514207704,Cabangan,Zambales,Region III (Central Luzon)
7319,125.9960785,120.1625020374023,15.162500514207704,Cabangan,Zambales,Region III (Central Luzon)
7320,127.3937302,120.1875020378262,15.162500514207704,Cabangan,Zambales,Region III (Central Luzon)
7321,122.7309341,120.06250203570676,15.137500513359877,Cabangan,Zambales,Region III (Central Luzon)
7322,123.683136,120.08750203613064,15.137500513359877,Cabangan,Zambales,Region III (Central Luzon)
7323,124.6259232,120.11250203655452,15.137500513359877,Cabangan,Zambales,Region III (Central Luzon)
7324,125.6904984,120.1375020369784,15.137500513359877,Cabangan,Zambales,Region III (Central Luzon)
7325,125.7109222,120.1625020374023,15.137500513359877,Cabangan,Zambales,Region III (Central Luzon)
7326,127.3618469,120.1875020378262,15.137500513359877,Cabangan,Zambales,Region III (Central Luzon)
7327,125.851799,120.11250203655452,15.112500512512046,Cabangan,Zambales,Region III (Central Luzon)
7328,126.3082352,120.1375020369784,15.112500512512046,Cabangan,Zambales,Region III (Central Luzon)
7329,127.0233231,120.1625020374023,15.112500512512046,Cabangan,Zambales,Region III (Central Luzon)
7330,128.3245697,120.1875020378262,15.112500512512046,Cabangan,Zambales,Region III (Central Luzon)
7331,128.7898102,120.01250203485898,15.687500532012113,Candelaria,Zambales,Region III (Central Luzon)
7332,130.4947052,120.03750203528288,15.687500532012113,Candelaria,Zambales,Region III (Central Luzon)
7333,130.7957611,120.06250203570676,15.687500532012113,Candelaria,Zambales,Region III (Central Luzon)
7334,130.3694153,120.08750203613064,15.687500532012113,Candelaria,Zambales,Region III (Central Luzon)
7335,131.0972748,120.11250203655452,15.687500532012113,Candelaria,Zambales,Region III (Central Luzon)
7336,131.333374,120.1375020369784,15.687500532012113,Candelaria,Zambales,Region III (Central Luzon)
7337,128.0604553,120.1625020374023,15.687500532012113,Candelaria,Zambales,Region III (Central Luzon)
7338,127.835495,119.93750203358732,15.66250053116428,Candelaria,Zambales,Region III (Central Luzon)
7339,128.0814514,119.96250203401122,15.66250053116428,Candelaria,Zambales,Region III (Central Luzon)
7340,128.7698975,119.98750203443508,15.66250053116428,Candelaria,Zambales,Region III (Central Luzon)
7341,129.2160339,120.01250203485898,15.66250053116428,Candelaria,Zambales,Region III (Central Luzon)
7342,131.5205994,120.03750203528288,15.66250053116428,Candelaria,Zambales,Region III (Central Luzon)
7343,132.1355743,120.06250203570676,15.66250053116428,Candelaria,Zambales,Region III (Central Luzon)
7344,130.8209992,120.08750203613064,15.66250053116428,Candelaria,Zambales,Region III (Central Luzon)
7345,131.3310394,120.11250203655452,15.66250053116428,Candelaria,Zambales,Region III (Central Luzon)
7346,130.6398163,120.1375020369784,15.66250053116428,Candelaria,Zambales,Region III (Central Luzon)
7347,130.301712,120.1625020374023,15.66250053116428,Candelaria,Zambales,Region III (Central Luzon)
7348,130.5929413,120.1875020378262,15.66250053116428,Candelaria,Zambales,Region III (Central Luzon)
7349,130.5544128,120.21250203825008,15.66250053116428,Candelaria,Zambales,Region III (Central Luzon)
7350,126.9497604,119.93750203358732,15.637500530316451,Candelaria,Zambales,Region III (Central Luzon)
7351,127.1931381,119.96250203401122,15.637500530316451,Candelaria,Zambales,Region III (Central Luzon)
7352,128.8883057,119.98750203443508,15.637500530316451,Candelaria,Zambales,Region III (Central Luzon)
7353,129.3600922,120.01250203485898,15.637500530316451,Candelaria,Zambales,Region III (Central Luzon)
7354,130.8253784,120.03750203528288,15.637500530316451,Candelaria,Zambales,Region III (Central Luzon)
7355,131.443634,120.06250203570676,15.637500530316451,Candelaria,Zambales,Region III (Central Luzon)
7356,130.6638794,120.08750203613064,15.637500530316451,Candelaria,Zambales,Region III (Central Luzon)
7357,131.1364136,120.11250203655452,15.637500530316451,Candelaria,Zambales,Region III (Central Luzon)
7358,129.5214691,120.1375020369784,15.637500530316451,Candelaria,Zambales,Region III (Central Luzon)
7359,129.1868439,120.1625020374023,15.637500530316451,Candelaria,Zambales,Region III (Central Luzon)
7360,128.9028778,120.1875020378262,15.637500530316451,Candelaria,Zambales,Region III (Central Luzon)
7361,128.7799683,120.21250203825008,15.637500530316451,Candelaria,Zambales,Region III (Central Luzon)
7362,126.1912689,120.23750203867397,15.637500530316451,Candelaria,Zambales,Region III (Central Luzon)
7363,123.6540451,119.91250203316343,15.612500529468624,Candelaria,Zambales,Region III (Central Luzon)
7364,124.2986603,119.93750203358732,15.612500529468624,Candelaria,Zambales,Region III (Central Luzon)
7365,127.4025345,119.96250203401122,15.612500529468624,Candelaria,Zambales,Region III (Central Luzon)
7366,127.7277069,119.98750203443508,15.612500529468624,Candelaria,Zambales,Region III (Central Luzon)
7367,128.0766144,120.01250203485898,15.612500529468624,Candelaria,Zambales,Region III (Central Luzon)
7368,129.7412567,120.03750203528288,15.612500529468624,Candelaria,Zambales,Region III (Central Luzon)
7369,129.7247315,120.06250203570676,15.612500529468624,Candelaria,Zambales,Region III (Central Luzon)
7370,129.2721252,120.08750203613064,15.612500529468624,Candelaria,Zambales,Region III (Central Luzon)
7371,129.9038544,120.11250203655452,15.612500529468624,Candelaria,Zambales,Region III (Central Luzon)
7372,129.967392,120.1375020369784,15.612500529468624,Candelaria,Zambales,Region III (Central Luzon)
7373,125.1101608,120.1625020374023,15.612500529468624,Candelaria,Zambales,Region III (Central Luzon)
7374,127.221405,120.1875020378262,15.612500529468624,Candelaria,Zambales,Region III (Central Luzon)
7375,127.4642105,120.21250203825008,15.612500529468624,Candelaria,Zambales,Region III (Central Luzon)
7376,126.5430908,120.23750203867397,15.612500529468624,Candelaria,Zambales,Region III (Central Luzon)
7377,127.6647263,119.96250203401122,15.587500528620794,Candelaria,Zambales,Region III (Central Luzon)
7378,128.3170624,120.01250203485898,15.587500528620794,Candelaria,Zambales,Region III (Central Luzon)
7379,130.0838165,120.03750203528288,15.587500528620794,Candelaria,Zambales,Region III (Central Luzon)
7380,130.0275421,120.06250203570676,15.587500528620794,Candelaria,Zambales,Region III (Central Luzon)
7381,129.4310913,120.08750203613064,15.587500528620794,Candelaria,Zambales,Region III (Central Luzon)
7382,129.9441528,120.11250203655452,15.587500528620794,Candelaria,Zambales,Region III (Central Luzon)
7383,129.9271698,120.1375020369784,15.587500528620794,Candelaria,Zambales,Region III (Central Luzon)
7384,124.9300156,120.1625020374023,15.587500528620794,Candelaria,Zambales,Region III (Central Luzon)
7385,126.9672546,120.1875020378262,15.587500528620794,Candelaria,Zambales,Region III (Central Luzon)
7386,127.0095978,120.21250203825008,15.587500528620794,Candelaria,Zambales,Region III (Central Luzon)
7387,125.7882156,120.23750203867397,15.587500528620794,Candelaria,Zambales,Region III (Central Luzon)
7388,128.7233124,120.11250203655452,15.562500527772965,Candelaria,Zambales,Region III (Central Luzon)
7389,131.6585693,120.21250203825008,14.962500507425071,Castillejos,Zambales,Region III (Central Luzon)
7390,131.5288391,120.23750203867397,14.962500507425071,Castillejos,Zambales,Region III (Central Luzon)
7391,131.6968384,120.26250203909784,14.962500507425071,Castillejos,Zambales,Region III (Central Luzon)
7392,130.2209473,120.1625020374023,14.937500506577244,Castillejos,Zambales,Region III (Central Luzon)
7393,131.4018402,120.1875020378262,14.937500506577244,Castillejos,Zambales,Region III (Central Luzon)
7394,131.9086151,120.21250203825008,14.937500506577244,Castillejos,Zambales,Region III (Central Luzon)
7395,131.9215546,120.23750203867397,14.937500506577244,Castillejos,Zambales,Region III (Central Luzon)
7396,132.1588898,120.26250203909784,14.937500506577244,Castillejos,Zambales,Region III (Central Luzon)
7397,130.5888214,120.28750203952174,14.937500506577244,Castillejos,Zambales,Region III (Central Luzon)
7398,129.5787964,120.31250203994561,14.937500506577244,Castillejos,Zambales,Region III (Central Luzon)
7399,128.8037109,120.1375020369784,14.912500505729415,Castillejos,Zambales,Region III (Central Luzon)
7400,130.5968475,120.1625020374023,14.912500505729415,Castillejos,Zambales,Region III (Central Luzon)
7401,131.3001556,120.1875020378262,14.912500505729415,Castillejos,Zambales,Region III (Central Luzon)
7402,131.7284851,120.21250203825008,14.912500505729415,Castillejos,Zambales,Region III (Central Luzon)
7403,129.6331635,120.1375020369784,14.887500504881586,Castillejos,Zambales,Region III (Central Luzon)
7404,131.4156036,120.1625020374023,14.887500504881586,Castillejos,Zambales,Region III (Central Luzon)
7405,132.0843658,120.1875020378262,14.887500504881586,Castillejos,Zambales,Region III (Central Luzon)
7406,116.7163239,119.93750203358732,15.387500521838165,Iba (Capital),Zambales,Region III (Central Luzon)
7407,120.1327744,119.96250203401122,15.387500521838165,Iba (Capital),Zambales,Region III (Central Luzon)
7408,120.6553345,119.98750203443508,15.387500521838165,Iba (Capital),Zambales,Region III (Central Luzon)
7409,121.2126694,120.01250203485898,15.387500521838165,Iba (Capital),Zambales,Region III (Central Luzon)
7410,122.4970398,120.03750203528288,15.387500521838165,Iba (Capital),Zambales,Region III (Central Luzon)
7411,123.3327103,120.06250203570676,15.387500521838165,Iba (Capital),Zambales,Region III (Central Luzon)
7412,123.0833359,120.08750203613064,15.387500521838165,Iba (Capital),Zambales,Region III (Central Luzon)
7413,123.9970779,120.11250203655452,15.387500521838165,Iba (Capital),Zambales,Region III (Central Luzon)
7414,124.2597046,120.1375020369784,15.387500521838165,Iba (Capital),Zambales,Region III (Central Luzon)
7415,119.9438629,120.1625020374023,15.387500521838165,Iba (Capital),Zambales,Region III (Central Luzon)
7416,117.9546433,119.96250203401122,15.362500520990334,Iba (Capital),Zambales,Region III (Central Luzon)
7417,120.241745,119.98750203443508,15.362500520990334,Iba (Capital),Zambales,Region III (Central Luzon)
7418,121.0100327,120.01250203485898,15.362500520990334,Iba (Capital),Zambales,Region III (Central Luzon)
7419,122.3980408,120.03750203528288,15.362500520990334,Iba (Capital),Zambales,Region III (Central Luzon)
7420,122.875824,120.06250203570676,15.362500520990334,Iba (Capital),Zambales,Region III (Central Luzon)
7421,118.787674,119.98750203443508,15.337500520142504,Iba (Capital),Zambales,Region III (Central Luzon)
7422,119.5580444,120.01250203485898,15.337500520142504,Iba (Capital),Zambales,Region III (Central Luzon)
7423,122.0702133,120.03750203528288,15.337500520142504,Iba (Capital),Zambales,Region III (Central Luzon)
7424,119.0637817,119.98750203443508,15.312500519294677,Iba (Capital),Zambales,Region III (Central Luzon)
7425,124.517807,119.93750203358732,15.587500528620794,Masinloc,Zambales,Region III (Central Luzon)
7426,127.9415207,119.98750203443508,15.587500528620794,Masinloc,Zambales,Region III (Central Luzon)
7427,125.555603,119.96250203401122,15.562500527772965,Masinloc,Zambales,Region III (Central Luzon)
7428,126.8141708,119.98750203443508,15.562500527772965,Masinloc,Zambales,Region III (Central Luzon)
7429,127.3543549,120.01250203485898,15.562500527772965,Masinloc,Zambales,Region III (Central Luzon)
7430,129.3528442,120.03750203528288,15.562500527772965,Masinloc,Zambales,Region III (Central Luzon)
7431,129.9354248,120.06250203570676,15.562500527772965,Masinloc,Zambales,Region III (Central Luzon)
7432,128.5138245,120.08750203613064,15.562500527772965,Masinloc,Zambales,Region III (Central Luzon)
7433,126.6242371,120.1375020369784,15.562500527772965,Masinloc,Zambales,Region III (Central Luzon)
7434,126.1095657,120.1625020374023,15.562500527772965,Masinloc,Zambales,Region III (Central Luzon)
7435,126.0285568,120.1875020378262,15.562500527772965,Masinloc,Zambales,Region III (Central Luzon)
7436,125.4019013,120.21250203825008,15.562500527772965,Masinloc,Zambales,Region III (Central Luzon)
7437,124.3089905,119.96250203401122,15.537500526925136,Masinloc,Zambales,Region III (Central Luzon)
7438,125.8389587,119.98750203443508,15.537500526925136,Masinloc,Zambales,Region III (Central Luzon)
7439,126.4137573,120.01250203485898,15.537500526925136,Masinloc,Zambales,Region III (Central Luzon)
7440,128.389267,120.03750203528288,15.537500526925136,Masinloc,Zambales,Region III (Central Luzon)
7441,128.9879608,120.06250203570676,15.537500526925136,Masinloc,Zambales,Region III (Central Luzon)
7442,127.7803879,120.08750203613064,15.537500526925136,Masinloc,Zambales,Region III (Central Luzon)
7443,128.0366516,120.11250203655452,15.537500526925136,Masinloc,Zambales,Region III (Central Luzon)
7444,125.6514053,120.1375020369784,15.537500526925136,Masinloc,Zambales,Region III (Central Luzon)
7445,125.1410904,120.1625020374023,15.537500526925136,Masinloc,Zambales,Region III (Central Luzon)
7446,124.585701,120.1875020378262,15.537500526925136,Masinloc,Zambales,Region III (Central Luzon)
7447,121.0837936,119.91250203316343,15.512500526077307,Masinloc,Zambales,Region III (Central Luzon)
7448,125.8108368,119.98750203443508,15.512500526077307,Masinloc,Zambales,Region III (Central Luzon)
7449,126.2651367,120.01250203485898,15.512500526077307,Masinloc,Zambales,Region III (Central Luzon)
7450,128.1382752,120.03750203528288,15.512500526077307,Masinloc,Zambales,Region III (Central Luzon)
7451,128.2784882,120.06250203570676,15.512500526077307,Masinloc,Zambales,Region III (Central Luzon)
7452,127.6858215,120.08750203613064,15.512500526077307,Masinloc,Zambales,Region III (Central Luzon)
7453,128.2793884,120.11250203655452,15.512500526077307,Masinloc,Zambales,Region III (Central Luzon)
7454,128.2574158,120.1375020369784,15.512500526077307,Masinloc,Zambales,Region III (Central Luzon)
7455,123.6076508,119.96250203401122,15.487500525229478,Masinloc,Zambales,Region III (Central Luzon)
7456,124.0639572,119.98750203443508,15.487500525229478,Masinloc,Zambales,Region III (Central Luzon)
7457,124.5877533,120.01250203485898,15.487500525229478,Masinloc,Zambales,Region III (Central Luzon)
7458,130.9589081,120.28750203952174,14.887500504881586,Olongapo City,Zambales,Region III (Central Luzon)
7459,130.2447052,120.31250203994561,14.887500504881586,Olongapo City,Zambales,Region III (Central Luzon)
7460,129.6205444,120.33750204036951,14.887500504881586,Olongapo City,Zambales,Region III (Central Luzon)
7461,132.8753357,120.26250203909784,14.862500504033758,Olongapo City,Zambales,Region III (Central Luzon)
7462,131.8062897,120.28750203952174,14.862500504033758,Olongapo City,Zambales,Region III (Central Luzon)
7463,130.8122559,120.31250203994561,14.862500504033758,Olongapo City,Zambales,Region III (Central Luzon)
7464,128.0401611,120.33750204036951,14.862500504033758,Olongapo City,Zambales,Region III (Central Luzon)
7465,130.673172,120.28750203952174,14.837500503185929,Olongapo City,Zambales,Region III (Central Luzon)
7466,129.6868744,120.31250203994561,14.837500503185929,Olongapo City,Zambales,Region III (Central Luzon)
7467,127.6223984,120.33750204036951,14.837500503185929,Olongapo City,Zambales,Region III (Central Luzon)
7468,130.2350464,120.31250203994561,14.8125005023381,Olongapo City,Zambales,Region III (Central Luzon)
7469,129.6942444,120.33750204036951,14.8125005023381,Olongapo City,Zambales,Region III (Central Luzon)
7470,131.2952118,120.28750203952174,14.787500501490271,Olongapo City,Zambales,Region III (Central Luzon)
7471,130.5962067,120.31250203994561,14.787500501490271,Olongapo City,Zambales,Region III (Central Luzon)
7472,129.9699249,120.33750204036951,14.787500501490271,Olongapo City,Zambales,Region III (Central Luzon)
7473,132.2982178,120.26250203909784,14.762500500642442,Olongapo City,Zambales,Region III (Central Luzon)
7474,131.1933441,120.28750203952174,14.762500500642442,Olongapo City,Zambales,Region III (Central Luzon)
7475,130.2276459,120.31250203994561,14.762500500642442,Olongapo City,Zambales,Region III (Central Luzon)
7476,122.4505081,120.1625020374023,15.512500526077307,Palauig,Zambales,Region III (Central Luzon)
7477,124.4078598,120.1875020378262,15.512500526077307,Palauig,Zambales,Region III (Central Luzon)
7478,126.40905,120.03750203528288,15.487500525229478,Palauig,Zambales,Region III (Central Luzon)
7479,126.5788651,120.06250203570676,15.487500525229478,Palauig,Zambales,Region III (Central Luzon)
7480,126.0213471,120.08750203613064,15.487500525229478,Palauig,Zambales,Region III (Central Luzon)
7481,126.7351303,120.11250203655452,15.487500525229478,Palauig,Zambales,Region III (Central Luzon)
7482,126.8292465,120.1375020369784,15.487500525229478,Palauig,Zambales,Region III (Central Luzon)
7483,121.1109467,120.1625020374023,15.487500525229478,Palauig,Zambales,Region III (Central Luzon)
7484,117.8070526,119.91250203316343,15.46250052438165,Palauig,Zambales,Region III (Central Luzon)
7485,119.8929367,119.93750203358732,15.46250052438165,Palauig,Zambales,Region III (Central Luzon)
7486,120.2144241,119.96250203401122,15.46250052438165,Palauig,Zambales,Region III (Central Luzon)
7487,122.2438431,119.98750203443508,15.46250052438165,Palauig,Zambales,Region III (Central Luzon)
7488,123.0239868,120.01250203485898,15.46250052438165,Palauig,Zambales,Region III (Central Luzon)
7489,124.9168472,120.03750203528288,15.46250052438165,Palauig,Zambales,Region III (Central Luzon)
7490,125.5210571,120.06250203570676,15.46250052438165,Palauig,Zambales,Region III (Central Luzon)
7491,124.4757538,120.08750203613064,15.46250052438165,Palauig,Zambales,Region III (Central Luzon)
7492,125.036644,120.11250203655452,15.46250052438165,Palauig,Zambales,Region III (Central Luzon)
7493,123.1819229,120.1375020369784,15.46250052438165,Palauig,Zambales,Region III (Central Luzon)
7494,122.7040787,120.1625020374023,15.46250052438165,Palauig,Zambales,Region III (Central Luzon)
7495,116.7466049,119.91250203316343,15.43750052353382,Palauig,Zambales,Region III (Central Luzon)
7496,119.3678665,119.93750203358732,15.43750052353382,Palauig,Zambales,Region III (Central Luzon)
7497,119.6892471,119.96250203401122,15.43750052353382,Palauig,Zambales,Region III (Central Luzon)
7498,121.1072464,119.98750203443508,15.43750052353382,Palauig,Zambales,Region III (Central Luzon)
7499,121.9116287,120.01250203485898,15.43750052353382,Palauig,Zambales,Region III (Central Luzon)
7500,124.552948,120.03750203528288,15.43750052353382,Palauig,Zambales,Region III (Central Luzon)
7501,125.1552887,120.06250203570676,15.43750052353382,Palauig,Zambales,Region III (Central Luzon)
7502,124.1673966,120.08750203613064,15.43750052353382,Palauig,Zambales,Region III (Central Luzon)
7503,124.8014069,120.11250203655452,15.43750052353382,Palauig,Zambales,Region III (Central Luzon)
7504,123.3373184,120.1375020369784,15.43750052353382,Palauig,Zambales,Region III (Central Luzon)
7505,122.8594513,120.1625020374023,15.43750052353382,Palauig,Zambales,Region III (Central Luzon)
7506,116.4037323,119.91250203316343,15.412500522685992,Palauig,Zambales,Region III (Central Luzon)
7507,117.1018677,119.93750203358732,15.412500522685992,Palauig,Zambales,Region III (Central Luzon)
7508,120.5545502,119.96250203401122,15.412500522685992,Palauig,Zambales,Region III (Central Luzon)
7509,120.9684067,119.98750203443508,15.412500522685992,Palauig,Zambales,Region III (Central Luzon)
7510,121.5378799,120.01250203485898,15.412500522685992,Palauig,Zambales,Region III (Central Luzon)
7511,123.1651001,120.03750203528288,15.412500522685992,Palauig,Zambales,Region III (Central Luzon)
7512,124.0433273,120.06250203570676,15.412500522685992,Palauig,Zambales,Region III (Central Luzon)
7513,123.6009903,120.08750203613064,15.412500522685992,Palauig,Zambales,Region III (Central Luzon)
7514,124.457077,120.11250203655452,15.412500522685992,Palauig,Zambales,Region III (Central Luzon)
7515,124.6907578,120.1375020369784,15.412500522685992,Palauig,Zambales,Region III (Central Luzon)
7516,120.2179947,120.1625020374023,15.412500522685992,Palauig,Zambales,Region III (Central Luzon)
7517,126.0337753,120.06250203570676,14.962500507425071,San Antonio,Zambales,Region III (Central Luzon)
7518,127.7291184,120.08750203613064,14.962500507425071,San Antonio,Zambales,Region III (Central Luzon)
7519,128.3854675,120.11250203655452,14.962500507425071,San Antonio,Zambales,Region III (Central Luzon)
7520,126.450592,120.06250203570676,14.937500506577244,San Antonio,Zambales,Region III (Central Luzon)
7521,127.9721985,120.08750203613064,14.937500506577244,San Antonio,Zambales,Region III (Central Luzon)
7522,128.6010895,120.11250203655452,14.937500506577244,San Antonio,Zambales,Region III (Central Luzon)
7523,130.050766,120.1375020369784,14.937500506577244,San Antonio,Zambales,Region III (Central Luzon)
7524,127.5638733,120.06250203570676,14.912500505729415,San Antonio,Zambales,Region III (Central Luzon)
7525,128.0186615,120.08750203613064,14.912500505729415,San Antonio,Zambales,Region III (Central Luzon)
7526,128.4027252,120.11250203655452,14.912500505729415,San Antonio,Zambales,Region III (Central Luzon)
7527,128.4949799,120.06250203570676,14.887500504881586,San Antonio,Zambales,Region III (Central Luzon)
7528,128.9551849,120.08750203613064,14.887500504881586,San Antonio,Zambales,Region III (Central Luzon)
7529,129.2951355,120.11250203655452,14.887500504881586,San Antonio,Zambales,Region III (Central Luzon)
7530,129.7963257,120.08750203613064,14.862500504033758,San Antonio,Zambales,Region III (Central Luzon)
7531,130.3113098,120.11250203655452,14.862500504033758,San Antonio,Zambales,Region III (Central Luzon)
7532,131.3360748,120.1375020369784,14.862500504033758,San Antonio,Zambales,Region III (Central Luzon)
7533,129.4417572,120.08750203613064,14.837500503185929,San Antonio,Zambales,Region III (Central Luzon)
7534,129.9173431,120.11250203655452,14.837500503185929,San Antonio,Zambales,Region III (Central Luzon)
7535,131.0525208,120.1375020369784,14.837500503185929,San Antonio,Zambales,Region III (Central Luzon)
7536,130.4918976,120.11250203655452,14.8125005023381,San Antonio,Zambales,Region III (Central Luzon)
7537,130.789917,120.1375020369784,14.8125005023381,San Antonio,Zambales,Region III (Central Luzon)
7538,130.9512177,120.08750203613064,14.787500501490271,San Antonio,Zambales,Region III (Central Luzon)
7539,131.1360626,120.11250203655452,14.787500501490271,San Antonio,Zambales,Region III (Central Luzon)
7540,131.3495636,120.1375020369784,14.787500501490271,San Antonio,Zambales,Region III (Central Luzon)
7541,131.7346344,120.1375020369784,14.762500500642442,San Antonio,Zambales,Region III (Central Luzon)
7542,124.9472961,120.06250203570676,15.112500512512046,San Felipe,Zambales,Region III (Central Luzon)
7543,125.2102966,120.08750203613064,15.112500512512046,San Felipe,Zambales,Region III (Central Luzon)
7544,126.2516251,120.06250203570676,15.087500511664215,San Felipe,Zambales,Region III (Central Luzon)
7545,126.6258698,120.08750203613064,15.087500511664215,San Felipe,Zambales,Region III (Central Luzon)
7546,127.1171875,120.11250203655452,15.087500511664215,San Felipe,Zambales,Region III (Central Luzon)
7547,127.4667511,120.1375020369784,15.087500511664215,San Felipe,Zambales,Region III (Central Luzon)
7548,128.2554779,120.1625020374023,15.087500511664215,San Felipe,Zambales,Region III (Central Luzon)
7549,129.307663,120.1875020378262,15.087500511664215,San Felipe,Zambales,Region III (Central Luzon)
7550,124.7189789,120.06250203570676,15.062500510816388,San Felipe,Zambales,Region III (Central Luzon)
7551,126.3669357,120.08750203613064,15.062500510816388,San Felipe,Zambales,Region III (Central Luzon)
7552,127.0576782,120.11250203655452,15.062500510816388,San Felipe,Zambales,Region III (Central Luzon)
7553,127.790657,120.1375020369784,15.062500510816388,San Felipe,Zambales,Region III (Central Luzon)
7554,127.9003983,120.1625020374023,15.062500510816388,San Felipe,Zambales,Region III (Central Luzon)
7555,129.2931213,120.1875020378262,15.062500510816388,San Felipe,Zambales,Region III (Central Luzon)
7556,125.14328,120.06250203570676,15.03750050996856,San Felipe,Zambales,Region III (Central Luzon)
7557,126.5637283,120.08750203613064,15.03750050996856,San Felipe,Zambales,Region III (Central Luzon)
7558,129.7612,120.21250203825008,15.087500511664215,San Marcelino,Zambales,Region III (Central Luzon)
7559,129.730484,120.23750203867397,15.087500511664215,San Marcelino,Zambales,Region III (Central Luzon)
7560,127.8441773,120.26250203909784,15.087500511664215,San Marcelino,Zambales,Region III (Central Luzon)
7561,127.3336182,120.28750203952174,15.087500511664215,San Marcelino,Zambales,Region III (Central Luzon)
7562,126.6373367,120.31250203994561,15.087500511664215,San Marcelino,Zambales,Region III (Central Luzon)
7563,126.1057663,120.33750204036951,15.087500511664215,San Marcelino,Zambales,Region III (Central Luzon)
7564,121.4518356,120.3625020407934,15.087500511664215,San Marcelino,Zambales,Region III (Central Luzon)
7565,120.5082779,120.3875020412173,15.087500511664215,San Marcelino,Zambales,Region III (Central Luzon)
7566,129.8063507,120.21250203825008,15.062500510816388,San Marcelino,Zambales,Region III (Central Luzon)
7567,129.2919617,120.23750203867397,15.062500510816388,San Marcelino,Zambales,Region III (Central Luzon)
7568,129.3925781,120.26250203909784,15.062500510816388,San Marcelino,Zambales,Region III (Central Luzon)
7569,127.6619186,120.28750203952174,15.062500510816388,San Marcelino,Zambales,Region III (Central Luzon)
7570,126.7470779,120.31250203994561,15.062500510816388,San Marcelino,Zambales,Region III (Central Luzon)
7571,124.761673,120.33750204036951,15.062500510816388,San Marcelino,Zambales,Region III (Central Luzon)
7572,124.3727493,120.3625020407934,15.062500510816388,San Marcelino,Zambales,Region III (Central Luzon)
7573,121.0024567,120.3875020412173,15.062500510816388,San Marcelino,Zambales,Region III (Central Luzon)
7574,130.0085907,120.1875020378262,15.03750050996856,San Marcelino,Zambales,Region III (Central Luzon)
7575,130.5018005,120.21250203825008,15.03750050996856,San Marcelino,Zambales,Region III (Central Luzon)
7576,130.0006409,120.23750203867397,15.03750050996856,San Marcelino,Zambales,Region III (Central Luzon)
7577,130.0941773,120.26250203909784,15.03750050996856,San Marcelino,Zambales,Region III (Central Luzon)
7578,128.9513092,120.28750203952174,15.03750050996856,San Marcelino,Zambales,Region III (Central Luzon)
7579,128.0498352,120.31250203994561,15.03750050996856,San Marcelino,Zambales,Region III (Central Luzon)
7580,125.5568085,120.33750204036951,15.03750050996856,San Marcelino,Zambales,Region III (Central Luzon)
7581,125.1667862,120.3625020407934,15.03750050996856,San Marcelino,Zambales,Region III (Central Luzon)
7582,122.380661,120.3875020412173,15.03750050996856,San Marcelino,Zambales,Region III (Central Luzon)
7583,120.9418259,120.41250204164116,15.03750050996856,San Marcelino,Zambales,Region III (Central Luzon)
7584,130.5693817,120.1875020378262,15.012500509120732,San Marcelino,Zambales,Region III (Central Luzon)
7585,130.9910736,120.21250203825008,15.012500509120732,San Marcelino,Zambales,Region III (Central Luzon)
7586,131.0392761,120.23750203867397,15.012500509120732,San Marcelino,Zambales,Region III (Central Luzon)
7587,129.7550354,120.26250203909784,15.012500509120732,San Marcelino,Zambales,Region III (Central Luzon)
7588,129.3239136,120.28750203952174,15.012500509120732,San Marcelino,Zambales,Region III (Central Luzon)
7589,128.6582947,120.31250203994561,15.012500509120732,San Marcelino,Zambales,Region III (Central Luzon)
7590,128.0880737,120.33750204036951,15.012500509120732,San Marcelino,Zambales,Region III (Central Luzon)
7591,123.5020447,120.3625020407934,15.012500509120732,San Marcelino,Zambales,Region III (Central Luzon)
7592,122.6131668,120.3875020412173,15.012500509120732,San Marcelino,Zambales,Region III (Central Luzon)
7593,121.581131,120.41250204164116,15.012500509120732,San Marcelino,Zambales,Region III (Central Luzon)
7594,129.7945099,120.1625020374023,14.987500508272902,San Marcelino,Zambales,Region III (Central Luzon)
7595,130.6341858,120.1875020378262,14.987500508272902,San Marcelino,Zambales,Region III (Central Luzon)
7596,131.1052246,120.21250203825008,14.987500508272902,San Marcelino,Zambales,Region III (Central Luzon)
7597,131.2287903,120.23750203867397,14.987500508272902,San Marcelino,Zambales,Region III (Central Luzon)
7598,129.9534454,120.26250203909784,14.987500508272902,San Marcelino,Zambales,Region III (Central Luzon)
7599,129.4559479,120.28750203952174,14.987500508272902,San Marcelino,Zambales,Region III (Central Luzon)
7600,128.7600555,120.31250203994561,14.987500508272902,San Marcelino,Zambales,Region III (Central Luzon)
7601,128.1994019,120.33750204036951,14.987500508272902,San Marcelino,Zambales,Region III (Central Luzon)
7602,123.606102,120.3625020407934,14.987500508272902,San Marcelino,Zambales,Region III (Central Luzon)
7603,122.699646,120.3875020412173,14.987500508272902,San Marcelino,Zambales,Region III (Central Luzon)
7604,121.6812897,120.41250204164116,14.987500508272902,San Marcelino,Zambales,Region III (Central Luzon)
7605,129.6258698,120.1375020369784,14.962500507425071,San Marcelino,Zambales,Region III (Central Luzon)
7606,129.7953339,120.1625020374023,14.962500507425071,San Marcelino,Zambales,Region III (Central Luzon)
7607,131.129837,120.1875020378262,14.962500507425071,San Marcelino,Zambales,Region III (Central Luzon)
7608,130.2311096,120.28750203952174,14.962500507425071,San Marcelino,Zambales,Region III (Central Luzon)
7609,129.2333374,120.31250203994561,14.962500507425071,San Marcelino,Zambales,Region III (Central Luzon)
7610,126.9793015,120.33750204036951,14.962500507425071,San Marcelino,Zambales,Region III (Central Luzon)
7611,126.5764999,120.3625020407934,14.962500507425071,San Marcelino,Zambales,Region III (Central Luzon)
7612,123.4850998,120.3875020412173,14.962500507425071,San Marcelino,Zambales,Region III (Central Luzon)
7613,122.0467911,120.41250204164116,14.962500507425071,San Marcelino,Zambales,Region III (Central Luzon)
7614,127.3985367,120.33750204036951,14.937500506577244,San Marcelino,Zambales,Region III (Central Luzon)
7615,127.203331,120.11250203655452,15.03750050996856,San Narciso,Zambales,Region III (Central Luzon)
7616,128.3526306,120.1375020369784,15.03750050996856,San Narciso,Zambales,Region III (Central Luzon)
7617,128.4629517,120.1625020374023,15.03750050996856,San Narciso,Zambales,Region III (Central Luzon)
7618,127.3866119,120.08750203613064,15.012500509120732,San Narciso,Zambales,Region III (Central Luzon)
7619,127.7797546,120.11250203655452,15.012500509120732,San Narciso,Zambales,Region III (Central Luzon)
7620,128.1490784,120.1375020369784,15.012500509120732,San Narciso,Zambales,Region III (Central Luzon)
7621,129.7470245,120.1625020374023,15.012500509120732,San Narciso,Zambales,Region III (Central Luzon)
7622,127.3151093,120.08750203613064,14.987500508272902,San Narciso,Zambales,Region III (Central Luzon)
7623,127.7555313,120.11250203655452,14.987500508272902,San Narciso,Zambales,Region III (Central Luzon)
7624,128.153656,120.1375020369784,14.987500508272902,San Narciso,Zambales,Region III (Central Luzon)
7625,133.4506378,120.03750203528288,15.862500537946913,Santa Cruz,Zambales,Region III (Central Luzon)
7626,133.765625,120.01250203485898,15.837500537099082,Santa Cruz,Zambales,Region III (Central Luzon)
7627,133.7120514,120.03750203528288,15.837500537099082,Santa Cruz,Zambales,Region III (Central Luzon)
7628,134.0924988,120.06250203570676,15.837500537099082,Santa Cruz,Zambales,Region III (Central Luzon)
7629,133.1450958,119.93750203358732,15.812500536251251,Santa Cruz,Zambales,Region III (Central Luzon)
7630,134.2286224,119.98750203443508,15.812500536251251,Santa Cruz,Zambales,Region III (Central Luzon)
7631,134.2941895,120.01250203485898,15.812500536251251,Santa Cruz,Zambales,Region III (Central Luzon)
7632,135.2162018,120.03750203528288,15.812500536251251,Santa Cruz,Zambales,Region III (Central Luzon)
7633,135.1264038,120.06250203570676,15.812500536251251,Santa Cruz,Zambales,Region III (Central Luzon)
7634,134.9955597,120.08750203613064,15.812500536251251,Santa Cruz,Zambales,Region III (Central Luzon)
7635,135.4223023,120.11250203655452,15.812500536251251,Santa Cruz,Zambales,Region III (Central Luzon)
7636,135.3955689,120.1375020369784,15.812500536251251,Santa Cruz,Zambales,Region III (Central Luzon)
7637,131.153717,119.91250203316343,15.787500535403424,Santa Cruz,Zambales,Region III (Central Luzon)
7638,131.4736786,119.93750203358732,15.787500535403424,Santa Cruz,Zambales,Region III (Central Luzon)
7639,132.468689,119.96250203401122,15.787500535403424,Santa Cruz,Zambales,Region III (Central Luzon)
7640,132.4928742,119.98750203443508,15.787500535403424,Santa Cruz,Zambales,Region III (Central Luzon)
7641,132.6342011,120.01250203485898,15.787500535403424,Santa Cruz,Zambales,Region III (Central Luzon)
7642,134.0043945,120.03750203528288,15.787500535403424,Santa Cruz,Zambales,Region III (Central Luzon)
7643,134.0311585,120.06250203570676,15.787500535403424,Santa Cruz,Zambales,Region III (Central Luzon)
7644,133.6588745,120.08750203613064,15.787500535403424,Santa Cruz,Zambales,Region III (Central Luzon)
7645,134.2143555,120.11250203655452,15.787500535403424,Santa Cruz,Zambales,Region III (Central Luzon)
7646,134.4639435,120.1375020369784,15.787500535403424,Santa Cruz,Zambales,Region III (Central Luzon)
7647,129.2566223,119.91250203316343,15.762500534555596,Santa Cruz,Zambales,Region III (Central Luzon)
7648,130.6684876,119.93750203358732,15.762500534555596,Santa Cruz,Zambales,Region III (Central Luzon)
7649,130.8000641,119.96250203401122,15.762500534555596,Santa Cruz,Zambales,Region III (Central Luzon)
7650,130.6175079,119.98750203443508,15.762500534555596,Santa Cruz,Zambales,Region III (Central Luzon)
7651,130.8707733,120.01250203485898,15.762500534555596,Santa Cruz,Zambales,Region III (Central Luzon)
7652,133.1648407,120.03750203528288,15.762500534555596,Santa Cruz,Zambales,Region III (Central Luzon)
7653,133.7546082,120.06250203570676,15.762500534555596,Santa Cruz,Zambales,Region III (Central Luzon)
7654,132.2442932,120.08750203613064,15.762500534555596,Santa Cruz,Zambales,Region III (Central Luzon)
7655,132.8115845,120.11250203655452,15.762500534555596,Santa Cruz,Zambales,Region III (Central Luzon)
7656,133.0158234,120.1375020369784,15.762500534555596,Santa Cruz,Zambales,Region III (Central Luzon)
7657,132.7885742,120.1625020374023,15.762500534555596,Santa Cruz,Zambales,Region III (Central Luzon)
7658,130.0230866,119.88750203273953,15.737500533707768,Santa Cruz,Zambales,Region III (Central Luzon)
7659,130.4787903,119.91250203316343,15.737500533707768,Santa Cruz,Zambales,Region III (Central Luzon)
7660,131.4552155,119.93750203358732,15.737500533707768,Santa Cruz,Zambales,Region III (Central Luzon)
7661,131.5869293,119.96250203401122,15.737500533707768,Santa Cruz,Zambales,Region III (Central Luzon)
7662,133.0303497,119.98750203443508,15.737500533707768,Santa Cruz,Zambales,Region III (Central Luzon)
7663,133.3339233,120.01250203485898,15.737500533707768,Santa Cruz,Zambales,Region III (Central Luzon)
7664,134.3087158,120.03750203528288,15.737500533707768,Santa Cruz,Zambales,Region III (Central Luzon)
7665,134.9039612,120.06250203570676,15.737500533707768,Santa Cruz,Zambales,Region III (Central Luzon)
7666,134.8860626,120.08750203613064,15.737500533707768,Santa Cruz,Zambales,Region III (Central Luzon)
7667,135.4393921,120.11250203655452,15.737500533707768,Santa Cruz,Zambales,Region III (Central Luzon)
7668,133.9432068,120.1375020369784,15.737500533707768,Santa Cruz,Zambales,Region III (Central Luzon)
7669,133.7157898,120.1625020374023,15.737500533707768,Santa Cruz,Zambales,Region III (Central Luzon)
7670,127.9551315,119.91250203316343,15.712500532859938,Santa Cruz,Zambales,Region III (Central Luzon)
7671,128.3384247,119.93750203358732,15.712500532859938,Santa Cruz,Zambales,Region III (Central Luzon)
7672,130.4961548,119.96250203401122,15.712500532859938,Santa Cruz,Zambales,Region III (Central Luzon)
7673,130.763916,119.98750203443508,15.712500532859938,Santa Cruz,Zambales,Region III (Central Luzon)
7674,131.0066528,120.01250203485898,15.712500532859938,Santa Cruz,Zambales,Region III (Central Luzon)
7675,132.5091858,120.03750203528288,15.712500532859938,Santa Cruz,Zambales,Region III (Central Luzon)
7676,132.7984314,120.06250203570676,15.712500532859938,Santa Cruz,Zambales,Region III (Central Luzon)
7677,132.5591583,120.08750203613064,15.712500532859938,Santa Cruz,Zambales,Region III (Central Luzon)
7678,133.2812042,120.11250203655452,15.712500532859938,Santa Cruz,Zambales,Region III (Central Luzon)
7679,133.4074402,120.1375020369784,15.712500532859938,Santa Cruz,Zambales,Region III (Central Luzon)
7680,130.1617584,120.1625020374023,15.712500532859938,Santa Cruz,Zambales,Region III (Central Luzon)
7681,132.2334595,120.1875020378262,15.712500532859938,Santa Cruz,Zambales,Region III (Central Luzon)
7682,126.1206055,119.93750203358732,15.687500532012113,Santa Cruz,Zambales,Region III (Central Luzon)
7683,128.3236237,119.96250203401122,15.687500532012113,Santa Cruz,Zambales,Region III (Central Luzon)
7684,128.4998016,119.98750203443508,15.687500532012113,Santa Cruz,Zambales,Region III (Central Luzon)
7685,130.2424622,120.1875020378262,15.687500532012113,Santa Cruz,Zambales,Region III (Central Luzon)
7686,126.9940949,120.3625020407934,14.937500506577244,Subic,Zambales,Region III (Central Luzon)
7687,123.7284546,120.3875020412173,14.937500506577244,Subic,Zambales,Region III (Central Luzon)
7688,122.2808609,120.41250204164116,14.937500506577244,Subic,Zambales,Region III (Central Luzon)
7689,119.7740021,120.43750204206506,14.937500506577244,Subic,Zambales,Region III (Central Luzon)
7690,131.8819122,120.23750203867397,14.912500505729415,Subic,Zambales,Region III (Central Luzon)
7691,130.7488098,120.26250203909784,14.912500505729415,Subic,Zambales,Region III (Central Luzon)
7692,130.2842102,120.28750203952174,14.912500505729415,Subic,Zambales,Region III (Central Luzon)
7693,129.5649719,120.31250203994561,14.912500505729415,Subic,Zambales,Region III (Central Luzon)
7694,128.9982452,120.33750204036951,14.912500505729415,Subic,Zambales,Region III (Central Luzon)
7695,124.2873917,120.3625020407934,14.912500505729415,Subic,Zambales,Region III (Central Luzon)
7696,123.3528748,120.3875020412173,14.912500505729415,Subic,Zambales,Region III (Central Luzon)
7697,122.319046,120.41250204164116,14.912500505729415,Subic,Zambales,Region III (Central Luzon)
7698,132.4578857,120.21250203825008,14.887500504881586,Subic,Zambales,Region III (Central Luzon)
7699,132.533371,120.23750203867397,14.887500504881586,Subic,Zambales,Region III (Central Luzon)
7700,131.3643189,120.26250203909784,14.887500504881586,Subic,Zambales,Region III (Central Luzon)
7701,124.8747101,120.3625020407934,14.887500504881586,Subic,Zambales,Region III (Central Luzon)
7702,123.9835968,120.3875020412173,14.887500504881586,Subic,Zambales,Region III (Central Luzon)
7703,131.4755707,120.1625020374023,14.862500504033758,Subic,Zambales,Region III (Central Luzon)
7704,132.8677216,120.1875020378262,14.862500504033758,Subic,Zambales,Region III (Central Luzon)
7705,132.688324,120.23750203867397,14.862500504033758,Subic,Zambales,Region III (Central Luzon)
7706,131.1920624,120.1625020374023,14.837500503185929,Subic,Zambales,Region III (Central Luzon)
7707,131.9243317,120.1875020378262,14.837500503185929,Subic,Zambales,Region III (Central Luzon)
7708,132.032898,120.1625020374023,14.8125005023381,Subic,Zambales,Region III (Central Luzon)
7709,132.5722199,120.1875020378262,14.8125005023381,Subic,Zambales,Region III (Central Luzon)
7710,132.8790894,120.21250203825008,14.8125005023381,Subic,Zambales,Region III (Central Luzon)
7711,132.5471344,120.1625020374023,14.787500501490271,Subic,Zambales,Region III (Central Luzon)
7712,133.1700287,120.1875020378262,14.787500501490271,Subic,Zambales,Region III (Central Luzon)
7713,131.8048554,120.1625020374023,14.762500500642442,Subic,Zambales,Region III (Central Luzon)
7714,132.9890289,120.1875020378262,14.762500500642442,Subic,Zambales,Region III (Central Luzon)
