unique id,value,lon,lat,municipality name,province name,region
24036,96.61413574,125.86250213404855,7.737500262402552,Asuncion (Saug),Davao del Norte,Region XI (Davao Region)
24037,95.66612244,125.88750213447244,7.737500262402552,Asuncion (Saug),Davao del Norte,Region XI (Davao Region)
24038,95.09470367,125.91250213489634,7.737500262402552,Asuncion (Saug),Davao del Norte,Region XI (Davao Region)
24039,97.30470276,125.83750213362465,7.712500261554724,Asuncion (Saug),Davao del Norte,Region XI (Davao Region)
24040,96.63277435,125.86250213404855,7.712500261554724,Asuncion (Saug),Davao del Norte,Region XI (Davao Region)
24041,95.77159882,125.88750213447244,7.712500261554724,Asuncion (Saug),Davao del Norte,Region XI (Davao Region)
24042,95.25840759,125.91250213489634,7.712500261554724,Asuncion (Saug),Davao del Norte,Region XI (Davao Region)
24043,95.62010193,125.83750213362465,7.687500260706896,Asuncion (Saug),Davao del Norte,Region XI (Davao Region)
24044,94.19870758,125.88750213447244,7.687500260706896,Asuncion (Saug),Davao del Norte,Region XI (Davao Region)
24045,97.74976349,125.71250213150525,7.662500259859068,Asuncion (Saug),Davao del Norte,Region XI (Davao Region)
24046,96.14517975,125.762502132353,7.662500259859068,Asuncion (Saug),Davao del Norte,Region XI (Davao Region)
24047,95.21375275,125.78750213277688,7.662500259859068,Asuncion (Saug),Davao del Norte,Region XI (Davao Region)
24048,94.24604797,125.81250213320078,7.662500259859068,Asuncion (Saug),Davao del Norte,Region XI (Davao Region)
24049,96.07553864,125.73750213192912,7.63750025901124,Asuncion (Saug),Davao del Norte,Region XI (Davao Region)
24050,95.91494751,125.762502132353,7.63750025901124,Asuncion (Saug),Davao del Norte,Region XI (Davao Region)
24051,94.57407379,125.78750213277688,7.63750025901124,Asuncion (Saug),Davao del Norte,Region XI (Davao Region)
24052,94.56723022,125.73750213192912,7.612500258163412,Asuncion (Saug),Davao del Norte,Region XI (Davao Region)
24053,92.65285492,125.762502132353,7.612500258163412,Asuncion (Saug),Davao del Norte,Region XI (Davao Region)
24054,92.50507355,125.78750213277688,7.612500258163412,Asuncion (Saug),Davao del Norte,Region XI (Davao Region)
24055,92.30631256,125.73750213192912,7.587500257315584,Asuncion (Saug),Davao del Norte,Region XI (Davao Region)
24056,90.41571808,125.762502132353,7.587500257315584,Asuncion (Saug),Davao del Norte,Region XI (Davao Region)
24057,90.39750671,125.78750213277688,7.587500257315584,Asuncion (Saug),Davao del Norte,Region XI (Davao Region)
24058,92.47967529,125.71250213150525,7.562500256467756,Asuncion (Saug),Davao del Norte,Region XI (Davao Region)
24059,90.39402771,125.73750213192912,7.562500256467756,Asuncion (Saug),Davao del Norte,Region XI (Davao Region)
24060,90.22316742,125.762502132353,7.562500256467756,Asuncion (Saug),Davao del Norte,Region XI (Davao Region)
24061,89.00597382,125.73750213192912,7.537500255619928,Asuncion (Saug),Davao del Norte,Region XI (Davao Region)
24062,88.83624268,125.762502132353,7.537500255619928,Asuncion (Saug),Davao del Norte,Region XI (Davao Region)
24063,88.73991394,125.73750213192912,7.5125002547721,Asuncion (Saug),Davao del Norte,Region XI (Davao Region)
24064,86.70635986,125.762502132353,7.5125002547721,Asuncion (Saug),Davao del Norte,Region XI (Davao Region)
24065,87.09222412,125.71250213150525,7.412500251380788,Carmen,Davao del Norte,Region XI (Davao Region)
24066,86.50123596,125.73750213192912,7.412500251380788,Carmen,Davao del Norte,Region XI (Davao Region)
24067,89.91506195,125.66250213065744,7.38750025053296,Carmen,Davao del Norte,Region XI (Davao Region)
24068,87.73841095,125.68750213108135,7.38750025053296,Carmen,Davao del Norte,Region XI (Davao Region)
24069,87.0809021,125.71250213150525,7.38750025053296,Carmen,Davao del Norte,Region XI (Davao Region)
24070,86.5246582,125.73750213192912,7.38750025053296,Carmen,Davao del Norte,Region XI (Davao Region)
24071,102.7484055,125.56250212896192,7.362500249685132,Carmen,Davao del Norte,Region XI (Davao Region)
24072,98.0189743,125.5875021293858,7.362500249685132,Carmen,Davao del Norte,Region XI (Davao Region)
24073,95.70050049,125.61250212980968,7.362500249685132,Carmen,Davao del Norte,Region XI (Davao Region)
24074,94.52346039,125.63750213023356,7.362500249685132,Carmen,Davao del Norte,Region XI (Davao Region)
24075,90.79932404,125.66250213065744,7.362500249685132,Carmen,Davao del Norte,Region XI (Davao Region)
24076,87.80257416,125.68750213108135,7.362500249685132,Carmen,Davao del Norte,Region XI (Davao Region)
24077,86.9552002,125.71250213150525,7.362500249685132,Carmen,Davao del Norte,Region XI (Davao Region)
24078,85.47268677,125.73750213192912,7.362500249685132,Carmen,Davao del Norte,Region XI (Davao Region)
24079,102.4731445,125.56250212896192,7.337500248837304,Carmen,Davao del Norte,Region XI (Davao Region)
24080,87.26858521,125.68750213108135,7.337500248837304,Carmen,Davao del Norte,Region XI (Davao Region)
24081,86.4740448,125.71250213150525,7.337500248837304,Carmen,Davao del Norte,Region XI (Davao Region)
24082,85.44605255,125.73750213192912,7.337500248837304,Carmen,Davao del Norte,Region XI (Davao Region)
24083,112.1376953,125.3875021259947,7.98750027088083,Kapalong,Davao del Norte,Region XI (Davao Region)
24084,111.9775848,125.41250212641857,7.98750027088083,Kapalong,Davao del Norte,Region XI (Davao Region)
24085,112.8163528,125.43750212684247,7.98750027088083,Kapalong,Davao del Norte,Region XI (Davao Region)
24086,112.4201737,125.46250212726636,7.98750027088083,Kapalong,Davao del Norte,Region XI (Davao Region)
24087,112.329834,125.48750212769026,7.98750027088083,Kapalong,Davao del Norte,Region XI (Davao Region)
24088,112.5966644,125.51250212811412,7.98750027088083,Kapalong,Davao del Norte,Region XI (Davao Region)
24089,112.6818771,125.53750212853802,7.98750027088083,Kapalong,Davao del Norte,Region XI (Davao Region)
24090,111.5732803,125.56250212896192,7.98750027088083,Kapalong,Davao del Norte,Region XI (Davao Region)
24091,110.1778717,125.5875021293858,7.98750027088083,Kapalong,Davao del Norte,Region XI (Davao Region)
24092,109.3858948,125.61250212980968,7.98750027088083,Kapalong,Davao del Norte,Region XI (Davao Region)
24093,109.1800385,125.63750213023356,7.98750027088083,Kapalong,Davao del Norte,Region XI (Davao Region)
24094,112.3547211,125.41250212641857,7.962500270033004,Kapalong,Davao del Norte,Region XI (Davao Region)
24095,112.4746475,125.43750212684247,7.962500270033004,Kapalong,Davao del Norte,Region XI (Davao Region)
24096,112.7756271,125.46250212726636,7.962500270033004,Kapalong,Davao del Norte,Region XI (Davao Region)
24097,112.4916306,125.48750212769026,7.962500270033004,Kapalong,Davao del Norte,Region XI (Davao Region)
24098,112.7153244,125.51250212811412,7.962500270033004,Kapalong,Davao del Norte,Region XI (Davao Region)
24099,112.4887238,125.53750212853802,7.962500270033004,Kapalong,Davao del Norte,Region XI (Davao Region)
24100,112.4211121,125.56250212896192,7.962500270033004,Kapalong,Davao del Norte,Region XI (Davao Region)
24101,110.2471008,125.5875021293858,7.962500270033004,Kapalong,Davao del Norte,Region XI (Davao Region)
24102,109.2909927,125.61250212980968,7.962500270033004,Kapalong,Davao del Norte,Region XI (Davao Region)
24103,108.2371292,125.63750213023356,7.962500270033004,Kapalong,Davao del Norte,Region XI (Davao Region)
24104,112.2177277,125.43750212684247,7.937500269185176,Kapalong,Davao del Norte,Region XI (Davao Region)
24105,112.5179062,125.46250212726636,7.937500269185176,Kapalong,Davao del Norte,Region XI (Davao Region)
24106,112.3925018,125.48750212769026,7.937500269185176,Kapalong,Davao del Norte,Region XI (Davao Region)
24107,112.6868362,125.51250212811412,7.937500269185176,Kapalong,Davao del Norte,Region XI (Davao Region)
24108,112.6969605,125.53750212853802,7.937500269185176,Kapalong,Davao del Norte,Region XI (Davao Region)
24109,112.6293945,125.56250212896192,7.937500269185176,Kapalong,Davao del Norte,Region XI (Davao Region)
24110,111.0492859,125.5875021293858,7.937500269185176,Kapalong,Davao del Norte,Region XI (Davao Region)
24111,110.1244125,125.61250212980968,7.937500269185176,Kapalong,Davao del Norte,Region XI (Davao Region)
24112,108.6756287,125.63750213023356,7.937500269185176,Kapalong,Davao del Norte,Region XI (Davao Region)
24113,111.6568985,125.43750212684247,7.912500268337348,Kapalong,Davao del Norte,Region XI (Davao Region)
24114,112.0955505,125.46250212726636,7.912500268337348,Kapalong,Davao del Norte,Region XI (Davao Region)
24115,112.1145477,125.48750212769026,7.912500268337348,Kapalong,Davao del Norte,Region XI (Davao Region)
24116,112.3713608,125.51250212811412,7.912500268337348,Kapalong,Davao del Norte,Region XI (Davao Region)
24117,112.5034485,125.53750212853802,7.912500268337348,Kapalong,Davao del Norte,Region XI (Davao Region)
24118,112.2411575,125.56250212896192,7.912500268337348,Kapalong,Davao del Norte,Region XI (Davao Region)
24119,110.5857925,125.5875021293858,7.912500268337348,Kapalong,Davao del Norte,Region XI (Davao Region)
24120,109.7006683,125.61250212980968,7.912500268337348,Kapalong,Davao del Norte,Region XI (Davao Region)
24121,109.4956207,125.63750213023356,7.912500268337348,Kapalong,Davao del Norte,Region XI (Davao Region)
24122,104.7829819,125.66250213065744,7.912500268337348,Kapalong,Davao del Norte,Region XI (Davao Region)
24123,111.2615891,125.43750212684247,7.88750026748952,Kapalong,Davao del Norte,Region XI (Davao Region)
24124,111.6917038,125.46250212726636,7.88750026748952,Kapalong,Davao del Norte,Region XI (Davao Region)
24125,111.8126984,125.48750212769026,7.88750026748952,Kapalong,Davao del Norte,Region XI (Davao Region)
24126,112.0660782,125.51250212811412,7.88750026748952,Kapalong,Davao del Norte,Region XI (Davao Region)
24127,112.2283325,125.53750212853802,7.88750026748952,Kapalong,Davao del Norte,Region XI (Davao Region)
24128,112.0346451,125.56250212896192,7.88750026748952,Kapalong,Davao del Norte,Region XI (Davao Region)
24129,110.1819,125.5875021293858,7.88750026748952,Kapalong,Davao del Norte,Region XI (Davao Region)
24130,109.2739792,125.61250212980968,7.88750026748952,Kapalong,Davao del Norte,Region XI (Davao Region)
24131,109.1941757,125.63750213023356,7.88750026748952,Kapalong,Davao del Norte,Region XI (Davao Region)
24132,104.3997192,125.66250213065744,7.88750026748952,Kapalong,Davao del Norte,Region XI (Davao Region)
24133,111.2205048,125.46250212726636,7.862500266641692,Kapalong,Davao del Norte,Region XI (Davao Region)
24134,111.7185288,125.48750212769026,7.862500266641692,Kapalong,Davao del Norte,Region XI (Davao Region)
24135,112.0914459,125.51250212811412,7.862500266641692,Kapalong,Davao del Norte,Region XI (Davao Region)
24136,112.3729248,125.53750212853802,7.862500266641692,Kapalong,Davao del Norte,Region XI (Davao Region)
24137,112.4006577,125.56250212896192,7.862500266641692,Kapalong,Davao del Norte,Region XI (Davao Region)
24138,110.3289642,125.5875021293858,7.862500266641692,Kapalong,Davao del Norte,Region XI (Davao Region)
24139,109.4204636,125.61250212980968,7.862500266641692,Kapalong,Davao del Norte,Region XI (Davao Region)
24140,108.6834641,125.63750213023356,7.862500266641692,Kapalong,Davao del Norte,Region XI (Davao Region)
24141,106.3628159,125.66250213065744,7.862500266641692,Kapalong,Davao del Norte,Region XI (Davao Region)
24142,111.5366745,125.48750212769026,7.837500265793864,Kapalong,Davao del Norte,Region XI (Davao Region)
24143,111.8861237,125.51250212811412,7.837500265793864,Kapalong,Davao del Norte,Region XI (Davao Region)
24144,112.2610092,125.53750212853802,7.837500265793864,Kapalong,Davao del Norte,Region XI (Davao Region)
24145,112.2887039,125.56250212896192,7.837500265793864,Kapalong,Davao del Norte,Region XI (Davao Region)
24146,110.6947708,125.5875021293858,7.837500265793864,Kapalong,Davao del Norte,Region XI (Davao Region)
24147,109.7649231,125.61250212980968,7.837500265793864,Kapalong,Davao del Norte,Region XI (Davao Region)
24148,108.6713562,125.63750213023356,7.837500265793864,Kapalong,Davao del Norte,Region XI (Davao Region)
24149,111.8196945,125.53750212853802,7.812500264946036,Kapalong,Davao del Norte,Region XI (Davao Region)
24150,112.3823013,125.56250212896192,7.812500264946036,Kapalong,Davao del Norte,Region XI (Davao Region)
24151,110.3738022,125.5875021293858,7.812500264946036,Kapalong,Davao del Norte,Region XI (Davao Region)
24152,109.4318924,125.61250212980968,7.812500264946036,Kapalong,Davao del Norte,Region XI (Davao Region)
24153,109.3681717,125.63750213023356,7.812500264946036,Kapalong,Davao del Norte,Region XI (Davao Region)
24154,110.5027313,125.5875021293858,7.787500264098208,Kapalong,Davao del Norte,Region XI (Davao Region)
24155,109.6036835,125.61250212980968,7.787500264098208,Kapalong,Davao del Norte,Region XI (Davao Region)
24156,109.6341476,125.63750213023356,7.787500264098208,Kapalong,Davao del Norte,Region XI (Davao Region)
24157,109.0465851,125.61250212980968,7.76250026325038,Kapalong,Davao del Norte,Region XI (Davao Region)
24158,108.6095734,125.63750213023356,7.76250026325038,Kapalong,Davao del Norte,Region XI (Davao Region)
24159,108.1155777,125.63750213023356,7.737500262402552,Kapalong,Davao del Norte,Region XI (Davao Region)
24160,105.3747711,125.66250213065744,7.737500262402552,Kapalong,Davao del Norte,Region XI (Davao Region)
24161,108.7815094,125.63750213023356,7.712500261554724,Kapalong,Davao del Norte,Region XI (Davao Region)
24162,104.2813568,125.66250213065744,7.712500261554724,Kapalong,Davao del Norte,Region XI (Davao Region)
24163,102.4507675,125.66250213065744,7.687500260706896,Kapalong,Davao del Norte,Region XI (Davao Region)
24164,100.5216217,125.68750213108135,7.687500260706896,Kapalong,Davao del Norte,Region XI (Davao Region)
24165,105.288887,125.63750213023356,7.662500259859068,Kapalong,Davao del Norte,Region XI (Davao Region)
24166,101.8085327,125.66250213065744,7.662500259859068,Kapalong,Davao del Norte,Region XI (Davao Region)
24167,98.68202972,125.68750213108135,7.662500259859068,Kapalong,Davao del Norte,Region XI (Davao Region)
24168,101.4343948,125.66250213065744,7.63750025901124,Kapalong,Davao del Norte,Region XI (Davao Region)
24169,97.91212463,125.68750213108135,7.63750025901124,Kapalong,Davao del Norte,Region XI (Davao Region)
24170,97.00086975,125.71250213150525,7.63750025901124,Kapalong,Davao del Norte,Region XI (Davao Region)
24171,109.3257217,125.56250212896192,7.612500258163412,Kapalong,Davao del Norte,Region XI (Davao Region)
24172,97.92917633,125.66250213065744,7.612500258163412,Kapalong,Davao del Norte,Region XI (Davao Region)
24173,95.705513,125.68750213108135,7.612500258163412,Kapalong,Davao del Norte,Region XI (Davao Region)
24174,95.04672241,125.71250213150525,7.612500258163412,Kapalong,Davao del Norte,Region XI (Davao Region)
24175,108.3470993,125.56250212896192,7.587500257315584,Kapalong,Davao del Norte,Region XI (Davao Region)
24176,103.8582993,125.5875021293858,7.587500257315584,Kapalong,Davao del Norte,Region XI (Davao Region)
24177,101.7475891,125.61250212980968,7.587500257315584,Kapalong,Davao del Norte,Region XI (Davao Region)
24178,101.6011658,125.63750213023356,7.587500257315584,Kapalong,Davao del Norte,Region XI (Davao Region)
24179,95.79089355,125.66250213065744,7.587500257315584,Kapalong,Davao del Norte,Region XI (Davao Region)
24180,93.57077026,125.68750213108135,7.587500257315584,Kapalong,Davao del Norte,Region XI (Davao Region)
24181,92.91641998,125.71250213150525,7.587500257315584,Kapalong,Davao del Norte,Region XI (Davao Region)
24182,94.95842743,125.86250213404855,7.687500260706896,New Corella,Davao del Norte,Region XI (Davao Region)
24183,93.79255676,125.83750213362465,7.662500259859068,New Corella,Davao del Norte,Region XI (Davao Region)
24184,93.73454285,125.86250213404855,7.662500259859068,New Corella,Davao del Norte,Region XI (Davao Region)
24185,92.62596893,125.88750213447244,7.662500259859068,New Corella,Davao del Norte,Region XI (Davao Region)
24186,92.18321228,125.91250213489634,7.662500259859068,New Corella,Davao del Norte,Region XI (Davao Region)
24187,93.60510254,125.81250213320078,7.63750025901124,New Corella,Davao del Norte,Region XI (Davao Region)
24188,93.51921082,125.83750213362465,7.63750025901124,New Corella,Davao del Norte,Region XI (Davao Region)
24189,93.46115875,125.86250213404855,7.63750025901124,New Corella,Davao del Norte,Region XI (Davao Region)
24190,91.8245163,125.88750213447244,7.63750025901124,New Corella,Davao del Norte,Region XI (Davao Region)
24191,91.36917877,125.91250213489634,7.63750025901124,New Corella,Davao del Norte,Region XI (Davao Region)
24192,91.56724548,125.81250213320078,7.612500258163412,New Corella,Davao del Norte,Region XI (Davao Region)
24193,91.18556976,125.83750213362465,7.612500258163412,New Corella,Davao del Norte,Region XI (Davao Region)
24194,90.38426971,125.86250213404855,7.612500258163412,New Corella,Davao del Norte,Region XI (Davao Region)
24195,89.78295898,125.88750213447244,7.612500258163412,New Corella,Davao del Norte,Region XI (Davao Region)
24196,89.41825104,125.91250213489634,7.612500258163412,New Corella,Davao del Norte,Region XI (Davao Region)
24197,89.4540863,125.81250213320078,7.587500257315584,New Corella,Davao del Norte,Region XI (Davao Region)
24198,88.91638947,125.83750213362465,7.587500257315584,New Corella,Davao del Norte,Region XI (Davao Region)
24199,88.11157227,125.86250213404855,7.587500257315584,New Corella,Davao del Norte,Region XI (Davao Region)
24200,87.7179718,125.88750213447244,7.587500257315584,New Corella,Davao del Norte,Region XI (Davao Region)
24201,90.08013153,125.78750213277688,7.562500256467756,New Corella,Davao del Norte,Region XI (Davao Region)
24202,89.08543396,125.81250213320078,7.562500256467756,New Corella,Davao del Norte,Region XI (Davao Region)
24203,87.65956116,125.83750213362465,7.562500256467756,New Corella,Davao del Norte,Region XI (Davao Region)
24204,87.57794952,125.86250213404855,7.562500256467756,New Corella,Davao del Norte,Region XI (Davao Region)
24205,87.38082886,125.88750213447244,7.562500256467756,New Corella,Davao del Norte,Region XI (Davao Region)
24206,87.4874115,125.78750213277688,7.537500255619928,New Corella,Davao del Norte,Region XI (Davao Region)
24207,86.51709747,125.81250213320078,7.537500255619928,New Corella,Davao del Norte,Region XI (Davao Region)
24208,86.30688477,125.83750213362465,7.537500255619928,New Corella,Davao del Norte,Region XI (Davao Region)
24209,86.22566986,125.86250213404855,7.537500255619928,New Corella,Davao del Norte,Region XI (Davao Region)
24210,84.88601685,125.88750213447244,7.537500255619928,New Corella,Davao del Norte,Region XI (Davao Region)
24211,86.54946136,125.78750213277688,7.5125002547721,New Corella,Davao del Norte,Region XI (Davao Region)
24212,104.3336487,125.56250212896192,7.437500252228616,City of Panabo,Davao del Norte,Region XI (Davao Region)
24213,98.91862488,125.5875021293858,7.437500252228616,City of Panabo,Davao del Norte,Region XI (Davao Region)
24214,96.56103516,125.61250212980968,7.437500252228616,City of Panabo,Davao del Norte,Region XI (Davao Region)
24215,103.5907669,125.56250212896192,7.412500251380788,City of Panabo,Davao del Norte,Region XI (Davao Region)
24216,98.73231506,125.5875021293858,7.412500251380788,City of Panabo,Davao del Norte,Region XI (Davao Region)
24217,96.44569397,125.61250212980968,7.412500251380788,City of Panabo,Davao del Norte,Region XI (Davao Region)
24218,103.0863266,125.56250212896192,7.38750025053296,City of Panabo,Davao del Norte,Region XI (Davao Region)
24219,98.34202576,125.5875021293858,7.38750025053296,City of Panabo,Davao del Norte,Region XI (Davao Region)
24220,96.0750885,125.61250212980968,7.38750025053296,City of Panabo,Davao del Norte,Region XI (Davao Region)
24221,95.88369751,125.63750213023356,7.38750025053296,City of Panabo,Davao del Norte,Region XI (Davao Region)
24222,97.18422699,125.5875021293858,7.337500248837304,City of Panabo,Davao del Norte,Region XI (Davao Region)
24223,94.86235809,125.61250212980968,7.337500248837304,City of Panabo,Davao del Norte,Region XI (Davao Region)
24224,94.12823486,125.63750213023356,7.337500248837304,City of Panabo,Davao del Norte,Region XI (Davao Region)
24225,90.41896057,125.66250213065744,7.337500248837304,City of Panabo,Davao del Norte,Region XI (Davao Region)
24226,101.5468903,125.56250212896192,7.312500247989476,City of Panabo,Davao del Norte,Region XI (Davao Region)
24227,96.97624969,125.5875021293858,7.312500247989476,City of Panabo,Davao del Norte,Region XI (Davao Region)
24228,94.78784943,125.61250212980968,7.312500247989476,City of Panabo,Davao del Norte,Region XI (Davao Region)
24229,94.62191772,125.63750213023356,7.312500247989476,City of Panabo,Davao del Norte,Region XI (Davao Region)
24230,89.4942627,125.66250213065744,7.312500247989476,City of Panabo,Davao del Norte,Region XI (Davao Region)
24231,87.61638641,125.68750213108135,7.312500247989476,City of Panabo,Davao del Norte,Region XI (Davao Region)
24232,87.06690979,125.71250213150525,7.312500247989476,City of Panabo,Davao del Norte,Region XI (Davao Region)
24233,101.165596,125.56250212896192,7.287500247141648,City of Panabo,Davao del Norte,Region XI (Davao Region)
24234,96.79079437,125.5875021293858,7.287500247141648,City of Panabo,Davao del Norte,Region XI (Davao Region)
24235,94.63789368,125.61250212980968,7.287500247141648,City of Panabo,Davao del Norte,Region XI (Davao Region)
24236,94.37100983,125.63750213023356,7.287500247141648,City of Panabo,Davao del Norte,Region XI (Davao Region)
24237,89.63658142,125.66250213065744,7.287500247141648,City of Panabo,Davao del Norte,Region XI (Davao Region)
24238,88.03416443,125.68750213108135,7.287500247141648,City of Panabo,Davao del Norte,Region XI (Davao Region)
24239,101.2902145,125.56250212896192,7.26250024629382,City of Panabo,Davao del Norte,Region XI (Davao Region)
24240,96.72909546,125.5875021293858,7.26250024629382,City of Panabo,Davao del Norte,Region XI (Davao Region)
24241,94.43591309,125.61250212980968,7.26250024629382,City of Panabo,Davao del Norte,Region XI (Davao Region)
24242,101.3719864,125.56250212896192,7.237500245445992,City of Panabo,Davao del Norte,Region XI (Davao Region)
24243,97.19107819,125.5875021293858,7.237500245445992,City of Panabo,Davao del Norte,Region XI (Davao Region)
24244,94.94632721,125.61250212980968,7.237500245445992,City of Panabo,Davao del Norte,Region XI (Davao Region)
24245,88.9300766,125.71250213150525,7.187500243750336,Island Garden City of Samal,Davao del Norte,Region XI (Davao Region)
24246,89.29662323,125.71250213150525,7.162500242902508,Island Garden City of Samal,Davao del Norte,Region XI (Davao Region)
24247,88.1723175,125.73750213192912,7.162500242902508,Island Garden City of Samal,Davao del Norte,Region XI (Davao Region)
24248,91.64627838,125.68750213108135,7.13750024205468,Island Garden City of Samal,Davao del Norte,Region XI (Davao Region)
24249,90.57872772,125.71250213150525,7.13750024205468,Island Garden City of Samal,Davao del Norte,Region XI (Davao Region)
24250,88.63256836,125.73750213192912,7.13750024205468,Island Garden City of Samal,Davao del Norte,Region XI (Davao Region)
24251,88.47642517,125.762502132353,7.13750024205468,Island Garden City of Samal,Davao del Norte,Region XI (Davao Region)
24252,91.66069031,125.68750213108135,7.112500241206854,Island Garden City of Samal,Davao del Norte,Region XI (Davao Region)
24253,90.83526611,125.71250213150525,7.112500241206854,Island Garden City of Samal,Davao del Norte,Region XI (Davao Region)
24254,90.12575531,125.73750213192912,7.112500241206854,Island Garden City of Samal,Davao del Norte,Region XI (Davao Region)
24255,88.04351044,125.762502132353,7.112500241206854,Island Garden City of Samal,Davao del Norte,Region XI (Davao Region)
24256,88.07868195,125.78750213277688,7.112500241206854,Island Garden City of Samal,Davao del Norte,Region XI (Davao Region)
24257,93.00985718,125.68750213108135,7.087500240359026,Island Garden City of Samal,Davao del Norte,Region XI (Davao Region)
24258,92.09589386,125.71250213150525,7.087500240359026,Island Garden City of Samal,Davao del Norte,Region XI (Davao Region)
24259,91.36083984,125.73750213192912,7.087500240359026,Island Garden City of Samal,Davao del Norte,Region XI (Davao Region)
24260,89.21611786,125.762502132353,7.087500240359026,Island Garden City of Samal,Davao del Norte,Region XI (Davao Region)
24261,91.36750031,125.73750213192912,7.062500239511198,Island Garden City of Samal,Davao del Norte,Region XI (Davao Region)
24262,91.1556015,125.762502132353,7.062500239511198,Island Garden City of Samal,Davao del Norte,Region XI (Davao Region)
24263,91.68267059,125.73750213192912,7.03750023866337,Island Garden City of Samal,Davao del Norte,Region XI (Davao Region)
24264,91.47077942,125.762502132353,7.03750023866337,Island Garden City of Samal,Davao del Norte,Region XI (Davao Region)
24265,94.98564911,125.73750213192912,7.012500237815542,Island Garden City of Samal,Davao del Norte,Region XI (Davao Region)
24266,92.65278625,125.762502132353,7.012500237815542,Island Garden City of Samal,Davao del Norte,Region XI (Davao Region)
24267,96.77059174,125.73750213192912,6.987500236967714,Island Garden City of Samal,Davao del Norte,Region XI (Davao Region)
24268,94.42333984,125.762502132353,6.987500236967714,Island Garden City of Samal,Davao del Norte,Region XI (Davao Region)
24269,95.842659,125.73750213192912,6.962500236119886,Island Garden City of Samal,Davao del Norte,Region XI (Davao Region)
24270,95.65370941,125.762502132353,6.962500236119886,Island Garden City of Samal,Davao del Norte,Region XI (Davao Region)
24271,94.58404541,125.78750213277688,6.962500236119886,Island Garden City of Samal,Davao del Norte,Region XI (Davao Region)
24272,100.1831665,125.68750213108135,6.937500235272058,Island Garden City of Samal,Davao del Norte,Region XI (Davao Region)
24273,99.05337524,125.71250213150525,6.937500235272058,Island Garden City of Samal,Davao del Norte,Region XI (Davao Region)
24274,96.828125,125.762502132353,6.937500235272058,Island Garden City of Samal,Davao del Norte,Region XI (Davao Region)
24275,96.48471832,125.78750213277688,6.937500235272058,Island Garden City of Samal,Davao del Norte,Region XI (Davao Region)
24276,100.8362579,125.68750213108135,6.91250023442423,Island Garden City of Samal,Davao del Norte,Region XI (Davao Region)
24277,100.039711,125.71250213150525,6.91250023442423,Island Garden City of Samal,Davao del Norte,Region XI (Davao Region)
24278,97.33122253,125.762502132353,6.91250023442423,Island Garden City of Samal,Davao del Norte,Region XI (Davao Region)
24279,107.8870468,125.56250212896192,7.562500256467756,Santo Tomas,Davao del Norte,Region XI (Davao Region)
24280,103.6487351,125.5875021293858,7.562500256467756,Santo Tomas,Davao del Norte,Region XI (Davao Region)
24281,101.453186,125.61250212980968,7.562500256467756,Santo Tomas,Davao del Norte,Region XI (Davao Region)
24282,100.1797714,125.63750213023356,7.562500256467756,Santo Tomas,Davao del Norte,Region XI (Davao Region)
24283,96.11203766,125.66250213065744,7.562500256467756,Santo Tomas,Davao del Norte,Region XI (Davao Region)
24284,93.38043213,125.68750213108135,7.562500256467756,Santo Tomas,Davao del Norte,Region XI (Davao Region)
24285,107.0783234,125.56250212896192,7.537500255619928,Santo Tomas,Davao del Norte,Region XI (Davao Region)
24286,101.6997299,125.5875021293858,7.537500255619928,Santo Tomas,Davao del Norte,Region XI (Davao Region)
24287,99.43279266,125.61250212980968,7.537500255619928,Santo Tomas,Davao del Norte,Region XI (Davao Region)
24288,98.9806366,125.63750213023356,7.537500255619928,Santo Tomas,Davao del Norte,Region XI (Davao Region)
24289,94.86901855,125.66250213065744,7.537500255619928,Santo Tomas,Davao del Norte,Region XI (Davao Region)
24290,90.9570694,125.68750213108135,7.537500255619928,Santo Tomas,Davao del Norte,Region XI (Davao Region)
24291,90.03919983,125.71250213150525,7.537500255619928,Santo Tomas,Davao del Norte,Region XI (Davao Region)
24292,105.854393,125.56250212896192,7.5125002547721,Santo Tomas,Davao del Norte,Region XI (Davao Region)
24293,100.9702301,125.5875021293858,7.5125002547721,Santo Tomas,Davao del Norte,Region XI (Davao Region)
24294,98.69356537,125.61250212980968,7.5125002547721,Santo Tomas,Davao del Norte,Region XI (Davao Region)
24295,98.60595703,125.63750213023356,7.5125002547721,Santo Tomas,Davao del Norte,Region XI (Davao Region)
24296,92.34492493,125.66250213065744,7.5125002547721,Santo Tomas,Davao del Norte,Region XI (Davao Region)
24297,89.94442749,125.68750213108135,7.5125002547721,Santo Tomas,Davao del Norte,Region XI (Davao Region)
24298,89.25016785,125.71250213150525,7.5125002547721,Santo Tomas,Davao del Norte,Region XI (Davao Region)
24299,105.4342194,125.56250212896192,7.487500253924272,Santo Tomas,Davao del Norte,Region XI (Davao Region)
24300,100.6672287,125.5875021293858,7.487500253924272,Santo Tomas,Davao del Norte,Region XI (Davao Region)
24301,98.38751221,125.61250212980968,7.487500253924272,Santo Tomas,Davao del Norte,Region XI (Davao Region)
24302,98.18540955,125.63750213023356,7.487500253924272,Santo Tomas,Davao del Norte,Region XI (Davao Region)
24303,91.91679382,125.66250213065744,7.487500253924272,Santo Tomas,Davao del Norte,Region XI (Davao Region)
24304,89.60575867,125.68750213108135,7.487500253924272,Santo Tomas,Davao del Norte,Region XI (Davao Region)
24305,88.8635025,125.71250213150525,7.487500253924272,Santo Tomas,Davao del Norte,Region XI (Davao Region)
24306,88.18041992,125.73750213192912,7.487500253924272,Santo Tomas,Davao del Norte,Region XI (Davao Region)
24307,104.9425888,125.56250212896192,7.462500253076444,Santo Tomas,Davao del Norte,Region XI (Davao Region)
24308,100.2850266,125.5875021293858,7.462500253076444,Santo Tomas,Davao del Norte,Region XI (Davao Region)
24309,97.92192841,125.61250212980968,7.462500253076444,Santo Tomas,Davao del Norte,Region XI (Davao Region)
24310,92.29965973,125.66250213065744,7.462500253076444,Santo Tomas,Davao del Norte,Region XI (Davao Region)
24311,85.64188385,125.81250213320078,7.5125002547721,City of Tagum (Capital),Davao del Norte,Region XI (Davao Region)
24312,85.26228333,125.83750213362465,7.5125002547721,City of Tagum (Capital),Davao del Norte,Region XI (Davao Region)
24313,86.1361618,125.762502132353,7.487500253924272,City of Tagum (Capital),Davao del Norte,Region XI (Davao Region)
24314,86.14026642,125.78750213277688,7.487500253924272,City of Tagum (Capital),Davao del Norte,Region XI (Davao Region)
24315,85.25898743,125.81250213320078,7.487500253924272,City of Tagum (Capital),Davao del Norte,Region XI (Davao Region)
24316,84.76491547,125.83750213362465,7.487500253924272,City of Tagum (Capital),Davao del Norte,Region XI (Davao Region)
24317,84.07901764,125.86250213404855,7.487500253924272,City of Tagum (Capital),Davao del Norte,Region XI (Davao Region)
24318,85.83145142,125.762502132353,7.462500253076444,City of Tagum (Capital),Davao del Norte,Region XI (Davao Region)
24319,85.65895081,125.78750213277688,7.462500253076444,City of Tagum (Capital),Davao del Norte,Region XI (Davao Region)
24320,84.75379944,125.81250213320078,7.462500253076444,City of Tagum (Capital),Davao del Norte,Region XI (Davao Region)
24321,83.55098724,125.83750213362465,7.462500253076444,City of Tagum (Capital),Davao del Norte,Region XI (Davao Region)
24322,85.27062225,125.762502132353,7.437500252228616,City of Tagum (Capital),Davao del Norte,Region XI (Davao Region)
24323,84.64630127,125.78750213277688,7.437500252228616,City of Tagum (Capital),Davao del Norte,Region XI (Davao Region)
24324,83.75561523,125.81250213320078,7.437500252228616,City of Tagum (Capital),Davao del Norte,Region XI (Davao Region)
24325,84.69376373,125.762502132353,7.412500251380788,City of Tagum (Capital),Davao del Norte,Region XI (Davao Region)
24326,84.67229462,125.78750213277688,7.412500251380788,City of Tagum (Capital),Davao del Norte,Region XI (Davao Region)
24327,83.81687164,125.81250213320078,7.412500251380788,City of Tagum (Capital),Davao del Norte,Region XI (Davao Region)
24328,83.4078598,125.83750213362465,7.412500251380788,City of Tagum (Capital),Davao del Norte,Region XI (Davao Region)
24329,84.75727081,125.762502132353,7.38750025053296,City of Tagum (Capital),Davao del Norte,Region XI (Davao Region)
24330,84.7455368,125.78750213277688,7.38750025053296,City of Tagum (Capital),Davao del Norte,Region XI (Davao Region)
24331,84.00663757,125.81250213320078,7.38750025053296,City of Tagum (Capital),Davao del Norte,Region XI (Davao Region)
24332,85.34680939,125.762502132353,7.362500249685132,City of Tagum (Capital),Davao del Norte,Region XI (Davao Region)
24333,84.81404114,125.78750213277688,7.362500249685132,City of Tagum (Capital),Davao del Norte,Region XI (Davao Region)
24334,85.3201828,125.762502132353,7.337500248837304,City of Tagum (Capital),Davao del Norte,Region XI (Davao Region)
24335,110.9808655,125.43750212684247,7.862500266641692,Talaingod,Davao del Norte,Region XI (Davao Region)
24336,110.7192154,125.43750212684247,7.837500265793864,Talaingod,Davao del Norte,Region XI (Davao Region)
24337,110.8880005,125.46250212726636,7.837500265793864,Talaingod,Davao del Norte,Region XI (Davao Region)
24338,110.188118,125.43750212684247,7.812500264946036,Talaingod,Davao del Norte,Region XI (Davao Region)
24339,111.229866,125.46250212726636,7.812500264946036,Talaingod,Davao del Norte,Region XI (Davao Region)
24340,111.4322815,125.48750212769026,7.812500264946036,Talaingod,Davao del Norte,Region XI (Davao Region)
24341,111.644928,125.51250212811412,7.812500264946036,Talaingod,Davao del Norte,Region XI (Davao Region)
24342,110.1839676,125.43750212684247,7.787500264098208,Talaingod,Davao del Norte,Region XI (Davao Region)
24343,111.2533569,125.46250212726636,7.787500264098208,Talaingod,Davao del Norte,Region XI (Davao Region)
24344,111.466919,125.48750212769026,7.787500264098208,Talaingod,Davao del Norte,Region XI (Davao Region)
24345,111.709404,125.51250212811412,7.787500264098208,Talaingod,Davao del Norte,Region XI (Davao Region)
24346,111.9299469,125.53750212853802,7.787500264098208,Talaingod,Davao del Norte,Region XI (Davao Region)
24347,112.524437,125.56250212896192,7.787500264098208,Talaingod,Davao del Norte,Region XI (Davao Region)
24348,110.4829483,125.43750212684247,7.76250026325038,Talaingod,Davao del Norte,Region XI (Davao Region)
24349,110.5261841,125.46250212726636,7.76250026325038,Talaingod,Davao del Norte,Region XI (Davao Region)
24350,111.2088471,125.48750212769026,7.76250026325038,Talaingod,Davao del Norte,Region XI (Davao Region)
24351,111.4775162,125.51250212811412,7.76250026325038,Talaingod,Davao del Norte,Region XI (Davao Region)
24352,112.1266632,125.53750212853802,7.76250026325038,Talaingod,Davao del Norte,Region XI (Davao Region)
24353,112.1986771,125.56250212896192,7.76250026325038,Talaingod,Davao del Norte,Region XI (Davao Region)
24354,110.0112915,125.5875021293858,7.76250026325038,Talaingod,Davao del Norte,Region XI (Davao Region)
24355,110.4094772,125.46250212726636,7.737500262402552,Talaingod,Davao del Norte,Region XI (Davao Region)
24356,111.27314,125.48750212769026,7.737500262402552,Talaingod,Davao del Norte,Region XI (Davao Region)
24357,111.4462051,125.51250212811412,7.737500262402552,Talaingod,Davao del Norte,Region XI (Davao Region)
24358,111.8664246,125.53750212853802,7.737500262402552,Talaingod,Davao del Norte,Region XI (Davao Region)
24359,111.9382248,125.56250212896192,7.737500262402552,Talaingod,Davao del Norte,Region XI (Davao Region)
24360,109.8104935,125.5875021293858,7.737500262402552,Talaingod,Davao del Norte,Region XI (Davao Region)
24361,108.7554321,125.61250212980968,7.737500262402552,Talaingod,Davao del Norte,Region XI (Davao Region)
24362,110.0815811,125.43750212684247,7.712500261554724,Talaingod,Davao del Norte,Region XI (Davao Region)
24363,111.1612244,125.46250212726636,7.712500261554724,Talaingod,Davao del Norte,Region XI (Davao Region)
24364,111.3948441,125.48750212769026,7.712500261554724,Talaingod,Davao del Norte,Region XI (Davao Region)
24365,111.4472046,125.51250212811412,7.712500261554724,Talaingod,Davao del Norte,Region XI (Davao Region)
24366,111.5593338,125.53750212853802,7.712500261554724,Talaingod,Davao del Norte,Region XI (Davao Region)
24367,112.2559662,125.56250212896192,7.712500261554724,Talaingod,Davao del Norte,Region XI (Davao Region)
24368,109.8330994,125.5875021293858,7.712500261554724,Talaingod,Davao del Norte,Region XI (Davao Region)
24369,108.7583847,125.61250212980968,7.712500261554724,Talaingod,Davao del Norte,Region XI (Davao Region)
24370,109.9917526,125.43750212684247,7.687500260706896,Talaingod,Davao del Norte,Region XI (Davao Region)
24371,110.8608704,125.46250212726636,7.687500260706896,Talaingod,Davao del Norte,Region XI (Davao Region)
24372,111.0387497,125.48750212769026,7.687500260706896,Talaingod,Davao del Norte,Region XI (Davao Region)
24373,110.8712311,125.51250212811412,7.687500260706896,Talaingod,Davao del Norte,Region XI (Davao Region)
24374,110.8938217,125.53750212853802,7.687500260706896,Talaingod,Davao del Norte,Region XI (Davao Region)
24375,111.5683594,125.56250212896192,7.687500260706896,Talaingod,Davao del Norte,Region XI (Davao Region)
24376,108.5923157,125.5875021293858,7.687500260706896,Talaingod,Davao del Norte,Region XI (Davao Region)
24377,107.2647247,125.61250212980968,7.687500260706896,Talaingod,Davao del Norte,Region XI (Davao Region)
24378,107.2827454,125.63750213023356,7.687500260706896,Talaingod,Davao del Norte,Region XI (Davao Region)
24379,110.5024872,125.43750212684247,7.662500259859068,Talaingod,Davao del Norte,Region XI (Davao Region)
24380,110.0374222,125.46250212726636,7.662500259859068,Talaingod,Davao del Norte,Region XI (Davao Region)
24381,110.6237793,125.48750212769026,7.662500259859068,Talaingod,Davao del Norte,Region XI (Davao Region)
24382,110.3277893,125.51250212811412,7.662500259859068,Talaingod,Davao del Norte,Region XI (Davao Region)
24383,110.6543655,125.53750212853802,7.662500259859068,Talaingod,Davao del Norte,Region XI (Davao Region)
24384,110.7007446,125.56250212896192,7.662500259859068,Talaingod,Davao del Norte,Region XI (Davao Region)
24385,107.3437882,125.5875021293858,7.662500259859068,Talaingod,Davao del Norte,Region XI (Davao Region)
24386,105.7729187,125.61250212980968,7.662500259859068,Talaingod,Davao del Norte,Region XI (Davao Region)
24387,110.5645828,125.43750212684247,7.63750025901124,Talaingod,Davao del Norte,Region XI (Davao Region)
24388,110.0992279,125.46250212726636,7.63750025901124,Talaingod,Davao del Norte,Region XI (Davao Region)
24389,110.4755707,125.48750212769026,7.63750025901124,Talaingod,Davao del Norte,Region XI (Davao Region)
24390,110.1416702,125.51250212811412,7.63750025901124,Talaingod,Davao del Norte,Region XI (Davao Region)
24391,110.4618759,125.53750212853802,7.63750025901124,Talaingod,Davao del Norte,Region XI (Davao Region)
24392,110.5082169,125.56250212896192,7.63750025901124,Talaingod,Davao del Norte,Region XI (Davao Region)
24393,106.6256561,125.5875021293858,7.63750025901124,Talaingod,Davao del Norte,Region XI (Davao Region)
24394,105.0346375,125.61250212980968,7.63750025901124,Talaingod,Davao del Norte,Region XI (Davao Region)
24395,104.9024887,125.63750213023356,7.63750025901124,Talaingod,Davao del Norte,Region XI (Davao Region)
24396,110.6504898,125.33750212514693,7.612500258163412,Talaingod,Davao del Norte,Region XI (Davao Region)
24397,110.7175369,125.3625021255708,7.612500258163412,Talaingod,Davao del Norte,Region XI (Davao Region)
24398,110.9345474,125.3875021259947,7.612500258163412,Talaingod,Davao del Norte,Region XI (Davao Region)
24399,111.1980743,125.41250212641857,7.612500258163412,Talaingod,Davao del Norte,Region XI (Davao Region)
24400,109.7638168,125.43750212684247,7.612500258163412,Talaingod,Davao del Norte,Region XI (Davao Region)
24401,109.9463959,125.46250212726636,7.612500258163412,Talaingod,Davao del Norte,Region XI (Davao Region)
24402,110.0485687,125.48750212769026,7.612500258163412,Talaingod,Davao del Norte,Region XI (Davao Region)
24403,109.4170532,125.51250212811412,7.612500258163412,Talaingod,Davao del Norte,Region XI (Davao Region)
24404,109.2158203,125.53750212853802,7.612500258163412,Talaingod,Davao del Norte,Region XI (Davao Region)
24405,105.2576065,125.5875021293858,7.612500258163412,Talaingod,Davao del Norte,Region XI (Davao Region)
24406,103.4207077,125.61250212980968,7.612500258163412,Talaingod,Davao del Norte,Region XI (Davao Region)
24407,103.4399185,125.63750213023356,7.612500258163412,Talaingod,Davao del Norte,Region XI (Davao Region)
24408,110.8665543,125.33750212514693,7.587500257315584,Talaingod,Davao del Norte,Region XI (Davao Region)
24409,110.9453888,125.3625021255708,7.587500257315584,Talaingod,Davao del Norte,Region XI (Davao Region)
24410,111.1463852,125.3875021259947,7.587500257315584,Talaingod,Davao del Norte,Region XI (Davao Region)
24411,111.3861694,125.41250212641857,7.587500257315584,Talaingod,Davao del Norte,Region XI (Davao Region)
24412,109.5249558,125.43750212684247,7.587500257315584,Talaingod,Davao del Norte,Region XI (Davao Region)
24413,109.4881363,125.46250212726636,7.587500257315584,Talaingod,Davao del Norte,Region XI (Davao Region)
24414,109.5781555,125.48750212769026,7.587500257315584,Talaingod,Davao del Norte,Region XI (Davao Region)
24415,108.6904602,125.51250212811412,7.587500257315584,Talaingod,Davao del Norte,Region XI (Davao Region)
24416,108.2932053,125.53750212853802,7.587500257315584,Talaingod,Davao del Norte,Region XI (Davao Region)
24417,96.43386078,125.63750213023356,7.462500253076444,Braulio E. Dujali,Davao del Norte,Region XI (Davao Region)
24418,89.29605865,125.68750213108135,7.462500253076444,Braulio E. Dujali,Davao del Norte,Region XI (Davao Region)
24419,88.24573517,125.71250213150525,7.462500253076444,Braulio E. Dujali,Davao del Norte,Region XI (Davao Region)
24420,86.01477051,125.73750213192912,7.462500253076444,Braulio E. Dujali,Davao del Norte,Region XI (Davao Region)
24421,95.77562714,125.63750213023356,7.437500252228616,Braulio E. Dujali,Davao del Norte,Region XI (Davao Region)
24422,91.66830444,125.66250213065744,7.437500252228616,Braulio E. Dujali,Davao del Norte,Region XI (Davao Region)
24423,88.04140472,125.68750213108135,7.437500252228616,Braulio E. Dujali,Davao del Norte,Region XI (Davao Region)
24424,87.0005722,125.71250213150525,7.437500252228616,Braulio E. Dujali,Davao del Norte,Region XI (Davao Region)
24425,85.45361328,125.73750213192912,7.437500252228616,Braulio E. Dujali,Davao del Norte,Region XI (Davao Region)
24426,96.31987762,125.63750213023356,7.412500251380788,Braulio E. Dujali,Davao del Norte,Region XI (Davao Region)
24427,90.15653992,125.66250213065744,7.412500251380788,Braulio E. Dujali,Davao del Norte,Region XI (Davao Region)
24428,87.81577301,125.68750213108135,7.412500251380788,Braulio E. Dujali,Davao del Norte,Region XI (Davao Region)
24429,106.2727356,125.66250213065744,7.837500265793864,San Isidro,Davao del Norte,Region XI (Davao Region)
24430,104.742981,125.66250213065744,7.812500264946036,San Isidro,Davao del Norte,Region XI (Davao Region)
24431,103.0246964,125.68750213108135,7.812500264946036,San Isidro,Davao del Norte,Region XI (Davao Region)
24432,102.1141434,125.71250213150525,7.812500264946036,San Isidro,Davao del Norte,Region XI (Davao Region)
24433,105.0299835,125.66250213065744,7.787500264098208,San Isidro,Davao del Norte,Region XI (Davao Region)
24434,103.2463532,125.68750213108135,7.787500264098208,San Isidro,Davao del Norte,Region XI (Davao Region)
24435,102.3549194,125.71250213150525,7.787500264098208,San Isidro,Davao del Norte,Region XI (Davao Region)
24436,106.0148773,125.66250213065744,7.76250026325038,San Isidro,Davao del Norte,Region XI (Davao Region)
24437,102.7123032,125.68750213108135,7.76250026325038,San Isidro,Davao del Norte,Region XI (Davao Region)
24438,101.5180893,125.71250213150525,7.76250026325038,San Isidro,Davao del Norte,Region XI (Davao Region)
24439,102.5837326,125.68750213108135,7.737500262402552,San Isidro,Davao del Norte,Region XI (Davao Region)
24440,101.4327545,125.71250213150525,7.737500262402552,San Isidro,Davao del Norte,Region XI (Davao Region)
24441,99.44104004,125.73750213192912,7.737500262402552,San Isidro,Davao del Norte,Region XI (Davao Region)
24442,102.4830399,125.68750213108135,7.712500261554724,San Isidro,Davao del Norte,Region XI (Davao Region)
24443,101.6766739,125.71250213150525,7.712500261554724,San Isidro,Davao del Norte,Region XI (Davao Region)
24444,100.987999,125.73750213192912,7.712500261554724,San Isidro,Davao del Norte,Region XI (Davao Region)
24445,98.81650543,125.762502132353,7.712500261554724,San Isidro,Davao del Norte,Region XI (Davao Region)
24446,99.79154205,125.71250213150525,7.687500260706896,San Isidro,Davao del Norte,Region XI (Davao Region)
24447,99.2035675,125.73750213192912,7.687500260706896,San Isidro,Davao del Norte,Region XI (Davao Region)
24448,97.10170746,125.762502132353,7.687500260706896,San Isidro,Davao del Norte,Region XI (Davao Region)
24449,96.30577087,125.73750213192912,7.662500259859068,San Isidro,Davao del Norte,Region XI (Davao Region)
