unique id,value,lon,lat,municipality name,province name,region
26232,116.3219528,125.63750213023356,6.28750021322853,Don Marcelino,Davao Occidental,Region XI (Davao Region)
26233,115.0233154,125.66250213065744,6.28750021322853,Don Marcelino,Davao Occidental,Region XI (Davao Region)
26234,115.5394974,125.61250212980968,6.262500212380704,Don Marcelino,Davao Occidental,Region XI (Davao Region)
26235,115.8517151,125.63750213023356,6.262500212380704,Don Marcelino,Davao Occidental,Region XI (Davao Region)
26236,114.946579,125.66250213065744,6.262500212380704,Don Marcelino,Davao Occidental,Region XI (Davao Region)
26237,114.8598557,125.61250212980968,6.237500211532876,Don Marcelino,Davao Occidental,Region XI (Davao Region)
26238,115.2618713,125.63750213023356,6.237500211532876,Don Marcelino,Davao Occidental,Region XI (Davao Region)
26239,114.4457626,125.66250213065744,6.237500211532876,Don Marcelino,Davao Occidental,Region XI (Davao Region)
26240,113.4833374,125.68750213108135,6.237500211532876,Don Marcelino,Davao Occidental,Region XI (Davao Region)
26241,114.7897415,125.61250212980968,6.212500210685048,Don Marcelino,Davao Occidental,Region XI (Davao Region)
26242,115.0545349,125.63750213023356,6.212500210685048,Don Marcelino,Davao Occidental,Region XI (Davao Region)
26243,114.0809174,125.66250213065744,6.212500210685048,Don Marcelino,Davao Occidental,Region XI (Davao Region)
26244,113.4022064,125.68750213108135,6.212500210685048,Don Marcelino,Davao Occidental,Region XI (Davao Region)
26245,113.5356522,125.61250212980968,6.18750020983722,Don Marcelino,Davao Occidental,Region XI (Davao Region)
26246,113.7854843,125.63750213023356,6.18750020983722,Don Marcelino,Davao Occidental,Region XI (Davao Region)
26247,112.9087906,125.66250213065744,6.18750020983722,Don Marcelino,Davao Occidental,Region XI (Davao Region)
26248,112.2882538,125.68750213108135,6.18750020983722,Don Marcelino,Davao Occidental,Region XI (Davao Region)
26249,112.3394089,125.61250212980968,6.162500208989392,Don Marcelino,Davao Occidental,Region XI (Davao Region)
26250,112.6901474,125.63750213023356,6.162500208989392,Don Marcelino,Davao Occidental,Region XI (Davao Region)
26251,112.0648193,125.66250213065744,6.162500208989392,Don Marcelino,Davao Occidental,Region XI (Davao Region)
26252,111.2437134,125.68750213108135,6.162500208989392,Don Marcelino,Davao Occidental,Region XI (Davao Region)
26253,112.6784821,125.61250212980968,6.137500208141564,Don Marcelino,Davao Occidental,Region XI (Davao Region)
26254,112.7858124,125.63750213023356,6.137500208141564,Don Marcelino,Davao Occidental,Region XI (Davao Region)
26255,112.1599274,125.66250213065744,6.137500208141564,Don Marcelino,Davao Occidental,Region XI (Davao Region)
26256,111.3131561,125.68750213108135,6.137500208141564,Don Marcelino,Davao Occidental,Region XI (Davao Region)
26257,111.5523148,125.56250212896192,6.112500207293736,Don Marcelino,Davao Occidental,Region XI (Davao Region)
26258,111.5479584,125.5875021293858,6.112500207293736,Don Marcelino,Davao Occidental,Region XI (Davao Region)
26259,111.7034836,125.61250212980968,6.112500207293736,Don Marcelino,Davao Occidental,Region XI (Davao Region)
26260,111.9041672,125.63750213023356,6.112500207293736,Don Marcelino,Davao Occidental,Region XI (Davao Region)
26261,110.7600327,125.66250213065744,6.112500207293736,Don Marcelino,Davao Occidental,Region XI (Davao Region)
26262,110.1134033,125.68750213108135,6.112500207293736,Don Marcelino,Davao Occidental,Region XI (Davao Region)
26263,109.7059174,125.71250213150525,6.112500207293736,Don Marcelino,Davao Occidental,Region XI (Davao Region)
26264,110.1458054,125.53750212853802,6.087500206445908,Don Marcelino,Davao Occidental,Region XI (Davao Region)
26265,110.9755249,125.56250212896192,6.087500206445908,Don Marcelino,Davao Occidental,Region XI (Davao Region)
26266,110.7381744,125.5875021293858,6.087500206445908,Don Marcelino,Davao Occidental,Region XI (Davao Region)
26267,110.7989578,125.61250212980968,6.087500206445908,Don Marcelino,Davao Occidental,Region XI (Davao Region)
26268,111.0298843,125.63750213023356,6.087500206445908,Don Marcelino,Davao Occidental,Region XI (Davao Region)
26269,109.7568588,125.66250213065744,6.087500206445908,Don Marcelino,Davao Occidental,Region XI (Davao Region)
26270,108.9997177,125.68750213108135,6.087500206445908,Don Marcelino,Davao Occidental,Region XI (Davao Region)
26271,110.8903275,125.53750212853802,6.06250020559808,Don Marcelino,Davao Occidental,Region XI (Davao Region)
26272,110.9400559,125.56250212896192,6.06250020559808,Don Marcelino,Davao Occidental,Region XI (Davao Region)
26273,110.8240585,125.5875021293858,6.06250020559808,Don Marcelino,Davao Occidental,Region XI (Davao Region)
26274,110.9587402,125.61250212980968,6.06250020559808,Don Marcelino,Davao Occidental,Region XI (Davao Region)
26275,111.2970123,125.63750213023356,6.06250020559808,Don Marcelino,Davao Occidental,Region XI (Davao Region)
26276,110.4238205,125.66250213065744,6.06250020559808,Don Marcelino,Davao Occidental,Region XI (Davao Region)
26277,109.1348496,125.68750213108135,6.06250020559808,Don Marcelino,Davao Occidental,Region XI (Davao Region)
26278,108.953476,125.68750213108135,6.037500204750252,Don Marcelino,Davao Occidental,Region XI (Davao Region)
26279,111.0428314,125.53750212853802,6.037500204750252,Jose Abad Santos (Trinidad),Davao Occidental,Region XI (Davao Region)
26280,111.0925369,125.56250212896192,6.037500204750252,Jose Abad Santos (Trinidad),Davao Occidental,Region XI (Davao Region)
26281,111.3828735,125.5875021293858,6.037500204750252,Jose Abad Santos (Trinidad),Davao Occidental,Region XI (Davao Region)
26282,111.462265,125.61250212980968,6.037500204750252,Jose Abad Santos (Trinidad),Davao Occidental,Region XI (Davao Region)
26283,111.2686081,125.63750213023356,6.037500204750252,Jose Abad Santos (Trinidad),Davao Occidental,Region XI (Davao Region)
26284,110.2709045,125.66250213065744,6.037500204750252,Jose Abad Santos (Trinidad),Davao Occidental,Region XI (Davao Region)
26285,111.0672989,125.53750212853802,6.012500203902424,Jose Abad Santos (Trinidad),Davao Occidental,Region XI (Davao Region)
26286,111.6857758,125.56250212896192,6.012500203902424,Jose Abad Santos (Trinidad),Davao Occidental,Region XI (Davao Region)
26287,111.2764359,125.5875021293858,6.012500203902424,Jose Abad Santos (Trinidad),Davao Occidental,Region XI (Davao Region)
26288,111.2277603,125.61250212980968,6.012500203902424,Jose Abad Santos (Trinidad),Davao Occidental,Region XI (Davao Region)
26289,111.3920975,125.63750213023356,6.012500203902424,Jose Abad Santos (Trinidad),Davao Occidental,Region XI (Davao Region)
26290,109.3664246,125.66250213065744,6.012500203902424,Jose Abad Santos (Trinidad),Davao Occidental,Region XI (Davao Region)
26291,108.4251785,125.68750213108135,6.012500203902424,Jose Abad Santos (Trinidad),Davao Occidental,Region XI (Davao Region)
26292,111.0057983,125.51250212811412,5.987500203054596,Jose Abad Santos (Trinidad),Davao Occidental,Region XI (Davao Region)
26293,111.3152618,125.53750212853802,5.987500203054596,Jose Abad Santos (Trinidad),Davao Occidental,Region XI (Davao Region)
26294,111.9396362,125.56250212896192,5.987500203054596,Jose Abad Santos (Trinidad),Davao Occidental,Region XI (Davao Region)
26295,111.4720612,125.5875021293858,5.987500203054596,Jose Abad Santos (Trinidad),Davao Occidental,Region XI (Davao Region)
26296,111.438736,125.61250212980968,5.987500203054596,Jose Abad Santos (Trinidad),Davao Occidental,Region XI (Davao Region)
26297,111.6899262,125.63750213023356,5.987500203054596,Jose Abad Santos (Trinidad),Davao Occidental,Region XI (Davao Region)
26298,109.6303101,125.66250213065744,5.987500203054596,Jose Abad Santos (Trinidad),Davao Occidental,Region XI (Davao Region)
26299,108.5681381,125.68750213108135,5.987500203054596,Jose Abad Santos (Trinidad),Davao Occidental,Region XI (Davao Region)
26300,111.2667999,125.51250212811412,5.962500202206768,Jose Abad Santos (Trinidad),Davao Occidental,Region XI (Davao Region)
26301,112.040657,125.53750212853802,5.962500202206768,Jose Abad Santos (Trinidad),Davao Occidental,Region XI (Davao Region)
26302,112.0986099,125.56250212896192,5.962500202206768,Jose Abad Santos (Trinidad),Davao Occidental,Region XI (Davao Region)
26303,111.6411972,125.5875021293858,5.962500202206768,Jose Abad Santos (Trinidad),Davao Occidental,Region XI (Davao Region)
26304,111.6814117,125.61250212980968,5.962500202206768,Jose Abad Santos (Trinidad),Davao Occidental,Region XI (Davao Region)
26305,111.9626236,125.63750213023356,5.962500202206768,Jose Abad Santos (Trinidad),Davao Occidental,Region XI (Davao Region)
26306,110.6568375,125.66250213065744,5.962500202206768,Jose Abad Santos (Trinidad),Davao Occidental,Region XI (Davao Region)
26307,112.0118561,125.51250212811412,5.93750020135894,Jose Abad Santos (Trinidad),Davao Occidental,Region XI (Davao Region)
26308,112.4297791,125.53750212853802,5.93750020135894,Jose Abad Santos (Trinidad),Davao Occidental,Region XI (Davao Region)
26309,112.4878388,125.56250212896192,5.93750020135894,Jose Abad Santos (Trinidad),Davao Occidental,Region XI (Davao Region)
26310,112.302948,125.5875021293858,5.93750020135894,Jose Abad Santos (Trinidad),Davao Occidental,Region XI (Davao Region)
26311,112.3016129,125.61250212980968,5.93750020135894,Jose Abad Santos (Trinidad),Davao Occidental,Region XI (Davao Region)
26312,112.1979981,125.63750213023356,5.93750020135894,Jose Abad Santos (Trinidad),Davao Occidental,Region XI (Davao Region)
26313,111.3710556,125.48750212769026,5.912500200511112,Jose Abad Santos (Trinidad),Davao Occidental,Region XI (Davao Region)
26314,112.0750961,125.51250212811412,5.912500200511112,Jose Abad Santos (Trinidad),Davao Occidental,Region XI (Davao Region)
26315,112.3792954,125.53750212853802,5.912500200511112,Jose Abad Santos (Trinidad),Davao Occidental,Region XI (Davao Region)
26316,112.9799805,125.56250212896192,5.912500200511112,Jose Abad Santos (Trinidad),Davao Occidental,Region XI (Davao Region)
26317,112.3943329,125.5875021293858,5.912500200511112,Jose Abad Santos (Trinidad),Davao Occidental,Region XI (Davao Region)
26318,112.2784576,125.61250212980968,5.912500200511112,Jose Abad Santos (Trinidad),Davao Occidental,Region XI (Davao Region)
26319,112.4751892,125.63750213023356,5.912500200511112,Jose Abad Santos (Trinidad),Davao Occidental,Region XI (Davao Region)
26320,111.9137039,125.48750212769026,5.887500199663284,Jose Abad Santos (Trinidad),Davao Occidental,Region XI (Davao Region)
26321,112.5875473,125.51250212811412,5.887500199663284,Jose Abad Santos (Trinidad),Davao Occidental,Region XI (Davao Region)
26322,112.9094544,125.53750212853802,5.887500199663284,Jose Abad Santos (Trinidad),Davao Occidental,Region XI (Davao Region)
26323,113.5031128,125.56250212896192,5.887500199663284,Jose Abad Santos (Trinidad),Davao Occidental,Region XI (Davao Region)
26324,112.7289887,125.5875021293858,5.887500199663284,Jose Abad Santos (Trinidad),Davao Occidental,Region XI (Davao Region)
26325,112.5163956,125.61250212980968,5.887500199663284,Jose Abad Santos (Trinidad),Davao Occidental,Region XI (Davao Region)
26326,112.4433899,125.48750212769026,5.862500198815456,Jose Abad Santos (Trinidad),Davao Occidental,Region XI (Davao Region)
26327,113.0898361,125.51250212811412,5.862500198815456,Jose Abad Santos (Trinidad),Davao Occidental,Region XI (Davao Region)
26328,113.6583405,125.53750212853802,5.862500198815456,Jose Abad Santos (Trinidad),Davao Occidental,Region XI (Davao Region)
26329,113.7037201,125.56250212896192,5.862500198815456,Jose Abad Santos (Trinidad),Davao Occidental,Region XI (Davao Region)
26330,113.0147629,125.5875021293858,5.862500198815456,Jose Abad Santos (Trinidad),Davao Occidental,Region XI (Davao Region)
26331,112.9290314,125.48750212769026,5.837500197967628,Jose Abad Santos (Trinidad),Davao Occidental,Region XI (Davao Region)
26332,113.5888901,125.51250212811412,5.837500197967628,Jose Abad Santos (Trinidad),Davao Occidental,Region XI (Davao Region)
26333,113.8887558,125.53750212853802,5.837500197967628,Jose Abad Santos (Trinidad),Davao Occidental,Region XI (Davao Region)
26334,113.9341736,125.56250212896192,5.837500197967628,Jose Abad Santos (Trinidad),Davao Occidental,Region XI (Davao Region)
26335,114.1623688,125.48750212769026,5.8125001971198,Jose Abad Santos (Trinidad),Davao Occidental,Region XI (Davao Region)
26336,114.7124786,125.51250212811412,5.8125001971198,Jose Abad Santos (Trinidad),Davao Occidental,Region XI (Davao Region)
26337,114.9505234,125.53750212853802,5.8125001971198,Jose Abad Santos (Trinidad),Davao Occidental,Region XI (Davao Region)
26338,115.27211,125.56250212896192,5.8125001971198,Jose Abad Santos (Trinidad),Davao Occidental,Region XI (Davao Region)
26339,115.3894959,125.46250212726636,5.787500196271972,Jose Abad Santos (Trinidad),Davao Occidental,Region XI (Davao Region)
26340,115.4112473,125.48750212769026,5.787500196271972,Jose Abad Santos (Trinidad),Davao Occidental,Region XI (Davao Region)
26341,115.8685837,125.51250212811412,5.787500196271972,Jose Abad Santos (Trinidad),Davao Occidental,Region XI (Davao Region)
26342,116.1183167,125.53750212853802,5.787500196271972,Jose Abad Santos (Trinidad),Davao Occidental,Region XI (Davao Region)
26343,115.3963165,125.46250212726636,5.762500195424144,Jose Abad Santos (Trinidad),Davao Occidental,Region XI (Davao Region)
26344,115.5037689,125.48750212769026,5.762500195424144,Jose Abad Santos (Trinidad),Davao Occidental,Region XI (Davao Region)
26345,115.9919891,125.51250212811412,5.762500195424144,Jose Abad Santos (Trinidad),Davao Occidental,Region XI (Davao Region)
26346,115.6723633,125.43750212684247,5.737500194576316,Jose Abad Santos (Trinidad),Davao Occidental,Region XI (Davao Region)
26347,116.3751984,125.46250212726636,5.737500194576316,Jose Abad Santos (Trinidad),Davao Occidental,Region XI (Davao Region)
26348,116.7183838,125.48750212769026,5.737500194576316,Jose Abad Santos (Trinidad),Davao Occidental,Region XI (Davao Region)
26349,116.2965164,125.43750212684247,5.712500193728488,Jose Abad Santos (Trinidad),Davao Occidental,Region XI (Davao Region)
26350,117.5234146,125.46250212726636,5.712500193728488,Jose Abad Santos (Trinidad),Davao Occidental,Region XI (Davao Region)
26351,117.5642395,125.48750212769026,5.712500193728488,Jose Abad Santos (Trinidad),Davao Occidental,Region XI (Davao Region)
26352,114.8089523,125.41250212641857,5.68750019288066,Jose Abad Santos (Trinidad),Davao Occidental,Region XI (Davao Region)
26353,116.4175263,125.43750212684247,5.68750019288066,Jose Abad Santos (Trinidad),Davao Occidental,Region XI (Davao Region)
26354,117.6240082,125.46250212726636,5.68750019288066,Jose Abad Santos (Trinidad),Davao Occidental,Region XI (Davao Region)
26355,115.8616715,125.41250212641857,5.662500192032832,Jose Abad Santos (Trinidad),Davao Occidental,Region XI (Davao Region)
26356,117.7247696,125.43750212684247,5.662500192032832,Jose Abad Santos (Trinidad),Davao Occidental,Region XI (Davao Region)
26357,118.3461151,125.46250212726636,5.662500192032832,Jose Abad Santos (Trinidad),Davao Occidental,Region XI (Davao Region)
26358,116.7785492,125.3875021259947,5.637500191185004,Jose Abad Santos (Trinidad),Davao Occidental,Region XI (Davao Region)
26359,117.010643,125.41250212641857,5.637500191185004,Jose Abad Santos (Trinidad),Davao Occidental,Region XI (Davao Region)
26360,118.5444717,125.43750212684247,5.637500191185004,Jose Abad Santos (Trinidad),Davao Occidental,Region XI (Davao Region)
26361,116.6856003,125.3625021255708,5.612500190337176,Jose Abad Santos (Trinidad),Davao Occidental,Region XI (Davao Region)
26362,116.8068771,125.3875021259947,5.612500190337176,Jose Abad Santos (Trinidad),Davao Occidental,Region XI (Davao Region)
26363,116.9534836,125.41250212641857,5.612500190337176,Jose Abad Santos (Trinidad),Davao Occidental,Region XI (Davao Region)
26364,118.2542877,125.43750212684247,5.612500190337176,Jose Abad Santos (Trinidad),Davao Occidental,Region XI (Davao Region)
26365,117.6270828,125.33750212514693,5.587500189489348,Jose Abad Santos (Trinidad),Davao Occidental,Region XI (Davao Region)
26366,118.3102875,125.3625021255708,5.587500189489348,Jose Abad Santos (Trinidad),Davao Occidental,Region XI (Davao Region)
26367,118.399437,125.3875021259947,5.587500189489348,Jose Abad Santos (Trinidad),Davao Occidental,Region XI (Davao Region)
26368,118.5061798,125.41250212641857,5.587500189489348,Jose Abad Santos (Trinidad),Davao Occidental,Region XI (Davao Region)
26369,119.650589,125.33750212514693,5.56250018864152,Jose Abad Santos (Trinidad),Davao Occidental,Region XI (Davao Region)
26370,119.9708023,125.3875021259947,5.56250018864152,Jose Abad Santos (Trinidad),Davao Occidental,Region XI (Davao Region)
26371,118.3179398,125.56250212896192,6.512500220858982,Malita,Davao Occidental,Region XI (Davao Region)
26372,117.4166107,125.53750212853802,6.487500220011154,Malita,Davao Occidental,Region XI (Davao Region)
26373,118.0574875,125.56250212896192,6.487500220011154,Malita,Davao Occidental,Region XI (Davao Region)
26374,116.8553085,125.5875021293858,6.487500220011154,Malita,Davao Occidental,Region XI (Davao Region)
26375,116.8181915,125.51250212811412,6.462500219163326,Malita,Davao Occidental,Region XI (Davao Region)
26376,117.4204102,125.53750212853802,6.462500219163326,Malita,Davao Occidental,Region XI (Davao Region)
26377,117.4942169,125.56250212896192,6.462500219163326,Malita,Davao Occidental,Region XI (Davao Region)
26378,116.3770142,125.51250212811412,6.437500218315498,Malita,Davao Occidental,Region XI (Davao Region)
26379,117.3560638,125.53750212853802,6.437500218315498,Malita,Davao Occidental,Region XI (Davao Region)
26380,117.4298477,125.56250212896192,6.437500218315498,Malita,Davao Occidental,Region XI (Davao Region)
26381,114.8135986,125.48750212769026,6.41250021746767,Malita,Davao Occidental,Region XI (Davao Region)
26382,115.6752777,125.51250212811412,6.41250021746767,Malita,Davao Occidental,Region XI (Davao Region)
26383,116.1720352,125.53750212853802,6.41250021746767,Malita,Davao Occidental,Region XI (Davao Region)
26384,117.321022,125.56250212896192,6.41250021746767,Malita,Davao Occidental,Region XI (Davao Region)
26385,116.7134552,125.5875021293858,6.41250021746767,Malita,Davao Occidental,Region XI (Davao Region)
26386,116.5443039,125.61250212980968,6.41250021746767,Malita,Davao Occidental,Region XI (Davao Region)
26387,112.0168991,125.43750212684247,6.387500216619842,Malita,Davao Occidental,Region XI (Davao Region)
26388,113.7101593,125.46250212726636,6.387500216619842,Malita,Davao Occidental,Region XI (Davao Region)
26389,113.9805374,125.48750212769026,6.387500216619842,Malita,Davao Occidental,Region XI (Davao Region)
26390,115.0094986,125.51250212811412,6.387500216619842,Malita,Davao Occidental,Region XI (Davao Region)
26391,115.5756073,125.53750212853802,6.387500216619842,Malita,Davao Occidental,Region XI (Davao Region)
26392,116.7580948,125.56250212896192,6.387500216619842,Malita,Davao Occidental,Region XI (Davao Region)
26393,116.4520645,125.5875021293858,6.387500216619842,Malita,Davao Occidental,Region XI (Davao Region)
26394,116.4437408,125.61250212980968,6.387500216619842,Malita,Davao Occidental,Region XI (Davao Region)
26395,111.9664612,125.43750212684247,6.362500215772014,Malita,Davao Occidental,Region XI (Davao Region)
26396,113.0087891,125.46250212726636,6.362500215772014,Malita,Davao Occidental,Region XI (Davao Region)
26397,113.8243103,125.48750212769026,6.362500215772014,Malita,Davao Occidental,Region XI (Davao Region)
26398,115.0063782,125.51250212811412,6.362500215772014,Malita,Davao Occidental,Region XI (Davao Region)
26399,116.0726624,125.53750212853802,6.362500215772014,Malita,Davao Occidental,Region XI (Davao Region)
26400,116.2005539,125.56250212896192,6.362500215772014,Malita,Davao Occidental,Region XI (Davao Region)
26401,116.4263382,125.5875021293858,6.362500215772014,Malita,Davao Occidental,Region XI (Davao Region)
26402,116.5205307,125.61250212980968,6.362500215772014,Malita,Davao Occidental,Region XI (Davao Region)
26403,116.7048798,125.63750213023356,6.362500215772014,Malita,Davao Occidental,Region XI (Davao Region)
26404,111.3914948,125.43750212684247,6.337500214924186,Malita,Davao Occidental,Region XI (Davao Region)
26405,112.3691711,125.46250212726636,6.337500214924186,Malita,Davao Occidental,Region XI (Davao Region)
26406,113.0053482,125.48750212769026,6.337500214924186,Malita,Davao Occidental,Region XI (Davao Region)
26407,114.2505188,125.51250212811412,6.337500214924186,Malita,Davao Occidental,Region XI (Davao Region)
26408,115.5941696,125.53750212853802,6.337500214924186,Malita,Davao Occidental,Region XI (Davao Region)
26409,115.7216339,125.56250212896192,6.337500214924186,Malita,Davao Occidental,Region XI (Davao Region)
26410,116.1596375,125.5875021293858,6.337500214924186,Malita,Davao Occidental,Region XI (Davao Region)
26411,116.3434982,125.61250212980968,6.337500214924186,Malita,Davao Occidental,Region XI (Davao Region)
26412,116.6084137,125.63750213023356,6.337500214924186,Malita,Davao Occidental,Region XI (Davao Region)
26413,112.3127365,125.46250212726636,6.312500214076358,Malita,Davao Occidental,Region XI (Davao Region)
26414,112.578331,125.48750212769026,6.312500214076358,Malita,Davao Occidental,Region XI (Davao Region)
26415,113.7376709,125.51250212811412,6.312500214076358,Malita,Davao Occidental,Region XI (Davao Region)
26416,114.3968964,125.53750212853802,6.312500214076358,Malita,Davao Occidental,Region XI (Davao Region)
26417,115.90625,125.56250212896192,6.312500214076358,Malita,Davao Occidental,Region XI (Davao Region)
26418,115.9190369,125.5875021293858,6.312500214076358,Malita,Davao Occidental,Region XI (Davao Region)
26419,116.0935974,125.61250212980968,6.312500214076358,Malita,Davao Occidental,Region XI (Davao Region)
26420,116.3166199,125.63750213023356,6.312500214076358,Malita,Davao Occidental,Region XI (Davao Region)
26421,112.5406036,125.48750212769026,6.28750021322853,Malita,Davao Occidental,Region XI (Davao Region)
26422,113.6784363,125.51250212811412,6.28750021322853,Malita,Davao Occidental,Region XI (Davao Region)
26423,114.2998962,125.53750212853802,6.28750021322853,Malita,Davao Occidental,Region XI (Davao Region)
26424,115.8143463,125.56250212896192,6.28750021322853,Malita,Davao Occidental,Region XI (Davao Region)
26425,115.87043,125.5875021293858,6.28750021322853,Malita,Davao Occidental,Region XI (Davao Region)
26426,116.0783463,125.61250212980968,6.28750021322853,Malita,Davao Occidental,Region XI (Davao Region)
26427,111.8226395,125.48750212769026,6.262500212380704,Malita,Davao Occidental,Region XI (Davao Region)
26428,113.0437927,125.51250212811412,6.262500212380704,Malita,Davao Occidental,Region XI (Davao Region)
26429,114.2450333,125.53750212853802,6.262500212380704,Malita,Davao Occidental,Region XI (Davao Region)
26430,114.3785553,125.56250212896192,6.262500212380704,Malita,Davao Occidental,Region XI (Davao Region)
26431,115.1742554,125.5875021293858,6.262500212380704,Malita,Davao Occidental,Region XI (Davao Region)
26432,112.4289017,125.51250212811412,6.237500211532876,Malita,Davao Occidental,Region XI (Davao Region)
26433,113.5191193,125.53750212853802,6.237500211532876,Malita,Davao Occidental,Region XI (Davao Region)
26434,113.6518631,125.56250212896192,6.237500211532876,Malita,Davao Occidental,Region XI (Davao Region)
26435,114.4617691,125.5875021293858,6.237500211532876,Malita,Davao Occidental,Region XI (Davao Region)
26436,112.4197388,125.51250212811412,6.212500210685048,Malita,Davao Occidental,Region XI (Davao Region)
26437,112.9819717,125.53750212853802,6.212500210685048,Malita,Davao Occidental,Region XI (Davao Region)
26438,114.3407669,125.56250212896192,6.212500210685048,Malita,Davao Occidental,Region XI (Davao Region)
26439,114.5136337,125.5875021293858,6.212500210685048,Malita,Davao Occidental,Region XI (Davao Region)
26440,111.2799759,125.51250212811412,6.18750020983722,Malita,Davao Occidental,Region XI (Davao Region)
26441,111.7932587,125.53750212853802,6.18750020983722,Malita,Davao Occidental,Region XI (Davao Region)
26442,113.1145935,125.56250212896192,6.18750020983722,Malita,Davao Occidental,Region XI (Davao Region)
26443,113.2742844,125.5875021293858,6.18750020983722,Malita,Davao Occidental,Region XI (Davao Region)
26444,110.1695328,125.51250212811412,6.162500208989392,Malita,Davao Occidental,Region XI (Davao Region)
26445,111.199173,125.53750212853802,6.162500208989392,Malita,Davao Occidental,Region XI (Davao Region)
26446,111.2971802,125.56250212896192,6.162500208989392,Malita,Davao Occidental,Region XI (Davao Region)
26447,111.9812012,125.5875021293858,6.162500208989392,Malita,Davao Occidental,Region XI (Davao Region)
26448,110.9487991,125.51250212811412,6.137500208141564,Malita,Davao Occidental,Region XI (Davao Region)
26449,111.3760681,125.53750212853802,6.137500208141564,Malita,Davao Occidental,Region XI (Davao Region)
26450,111.4741058,125.56250212896192,6.137500208141564,Malita,Davao Occidental,Region XI (Davao Region)
26451,112.3328095,125.5875021293858,6.137500208141564,Malita,Davao Occidental,Region XI (Davao Region)
26452,110.6830139,125.53750212853802,6.112500207293736,Malita,Davao Occidental,Region XI (Davao Region)
26453,117.494072,125.43750212684247,6.612500224250294,Santa Maria,Davao Occidental,Region XI (Davao Region)
26454,117.6656342,125.46250212726636,6.587500223402466,Santa Maria,Davao Occidental,Region XI (Davao Region)
26455,117.2444458,125.46250212726636,6.562500222554638,Santa Maria,Davao Occidental,Region XI (Davao Region)
26456,117.5763397,125.48750212769026,6.562500222554638,Santa Maria,Davao Occidental,Region XI (Davao Region)
26457,116.3097763,125.43750212684247,6.53750022170681,Santa Maria,Davao Occidental,Region XI (Davao Region)
26458,116.9101486,125.46250212726636,6.53750022170681,Santa Maria,Davao Occidental,Region XI (Davao Region)
26459,117.0971603,125.48750212769026,6.53750022170681,Santa Maria,Davao Occidental,Region XI (Davao Region)
26460,117.5383148,125.51250212811412,6.53750022170681,Santa Maria,Davao Occidental,Region XI (Davao Region)
26461,115.865799,125.43750212684247,6.512500220858982,Santa Maria,Davao Occidental,Region XI (Davao Region)
26462,116.9357452,125.46250212726636,6.512500220858982,Santa Maria,Davao Occidental,Region XI (Davao Region)
26463,117.0381699,125.48750212769026,6.512500220858982,Santa Maria,Davao Occidental,Region XI (Davao Region)
26464,117.4497528,125.51250212811412,6.512500220858982,Santa Maria,Davao Occidental,Region XI (Davao Region)
26465,117.7040634,125.53750212853802,6.512500220858982,Santa Maria,Davao Occidental,Region XI (Davao Region)
26466,115.110466,125.43750212684247,6.487500220011154,Santa Maria,Davao Occidental,Region XI (Davao Region)
26467,116.3913117,125.46250212726636,6.487500220011154,Santa Maria,Davao Occidental,Region XI (Davao Region)
26468,116.5530243,125.48750212769026,6.487500220011154,Santa Maria,Davao Occidental,Region XI (Davao Region)
26469,117.1120911,125.51250212811412,6.487500220011154,Santa Maria,Davao Occidental,Region XI (Davao Region)
26470,112.2810364,125.41250212641857,6.462500219163326,Santa Maria,Davao Occidental,Region XI (Davao Region)
26471,114.470932,125.43750212684247,6.462500219163326,Santa Maria,Davao Occidental,Region XI (Davao Region)
26472,115.4854889,125.46250212726636,6.462500219163326,Santa Maria,Davao Occidental,Region XI (Davao Region)
26473,116.0551453,125.48750212769026,6.462500219163326,Santa Maria,Davao Occidental,Region XI (Davao Region)
26474,111.6244812,125.41250212641857,6.437500218315498,Santa Maria,Davao Occidental,Region XI (Davao Region)
26475,114.1769257,125.43750212684247,6.437500218315498,Santa Maria,Davao Occidental,Region XI (Davao Region)
26476,115.1889343,125.46250212726636,6.437500218315498,Santa Maria,Davao Occidental,Region XI (Davao Region)
26477,115.580307,125.48750212769026,6.437500218315498,Santa Maria,Davao Occidental,Region XI (Davao Region)
26478,110.761261,125.41250212641857,6.41250021746767,Santa Maria,Davao Occidental,Region XI (Davao Region)
26479,112.9515762,125.43750212684247,6.41250021746767,Santa Maria,Davao Occidental,Region XI (Davao Region)
26480,114.6290512,125.46250212726636,6.41250021746767,Santa Maria,Davao Occidental,Region XI (Davao Region)
26481,0.0,125.48750212769026,5.512500186945864,Sarangani,Davao Occidental,Region XI (Davao Region)
26482,122.9259796,125.48750212769026,5.487500186098036,Sarangani,Davao Occidental,Region XI (Davao Region)
26483,122.9585266,125.46250212726636,5.462500185250208,Sarangani,Davao Occidental,Region XI (Davao Region)
26484,122.9716644,125.48750212769026,5.462500185250208,Sarangani,Davao Occidental,Region XI (Davao Region)
26485,123.3166809,125.46250212726636,5.43750018440238,Sarangani,Davao Occidental,Region XI (Davao Region)
26486,123.626236,125.48750212769026,5.43750018440238,Sarangani,Davao Occidental,Region XI (Davao Region)
26487,123.2990646,125.3625021255708,5.412500183554554,Sarangani,Davao Occidental,Region XI (Davao Region)
26488,123.3791733,125.3875021259947,5.412500183554554,Sarangani,Davao Occidental,Region XI (Davao Region)
26489,123.458786,125.41250212641857,5.412500183554554,Sarangani,Davao Occidental,Region XI (Davao Region)
26490,123.9227905,125.48750212769026,5.412500183554554,Sarangani,Davao Occidental,Region XI (Davao Region)
26491,122.9069672,125.33750212514693,5.387500182706726,Sarangani,Davao Occidental,Region XI (Davao Region)
26492,123.3814926,125.3625021255708,5.387500182706726,Sarangani,Davao Occidental,Region XI (Davao Region)
26493,123.454483,125.3875021259947,5.387500182706726,Sarangani,Davao Occidental,Region XI (Davao Region)
26494,123.5592117,125.41250212641857,5.387500182706726,Sarangani,Davao Occidental,Region XI (Davao Region)
