unique id,value,lon,lat,municipality name,province name,region
25011,92.06732178,126.5375021454935,7.712500261554724,Baganga,Davao Oriental,Region XI (Davao Region)
25012,99.52891541,126.5625021459174,7.712500261554724,Baganga,Davao Oriental,Region XI (Davao Region)
25013,81.95315552,126.41250214337408,7.687500260706896,Baganga,Davao Oriental,Region XI (Davao Region)
25014,83.14090729,126.43750214379796,7.687500260706896,Baganga,Davao Oriental,Region XI (Davao Region)
25015,87.88298035,126.46250214422184,7.687500260706896,Baganga,Davao Oriental,Region XI (Davao Region)
25016,88.85024261,126.48750214464572,7.687500260706896,Baganga,Davao Oriental,Region XI (Davao Region)
25017,89.96858215,126.5125021450696,7.687500260706896,Baganga,Davao Oriental,Region XI (Davao Region)
25018,90.87922668,126.5375021454935,7.687500260706896,Baganga,Davao Oriental,Region XI (Davao Region)
25019,73.31495667,126.28750214125463,7.662500259859068,Baganga,Davao Oriental,Region XI (Davao Region)
25020,73.32327271,126.31250214167852,7.662500259859068,Baganga,Davao Oriental,Region XI (Davao Region)
25021,73.6934967,126.33750214210242,7.662500259859068,Baganga,Davao Oriental,Region XI (Davao Region)
25022,74.35570526,126.36250214252628,7.662500259859068,Baganga,Davao Oriental,Region XI (Davao Region)
25023,77.43920898,126.38750214295018,7.662500259859068,Baganga,Davao Oriental,Region XI (Davao Region)
25024,80.37744904,126.41250214337408,7.662500259859068,Baganga,Davao Oriental,Region XI (Davao Region)
25025,83.16482544,126.43750214379796,7.662500259859068,Baganga,Davao Oriental,Region XI (Davao Region)
25026,83.67510223,126.46250214422184,7.662500259859068,Baganga,Davao Oriental,Region XI (Davao Region)
25027,87.28352356,126.48750214464572,7.662500259859068,Baganga,Davao Oriental,Region XI (Davao Region)
25028,88.91337585,126.5125021450696,7.662500259859068,Baganga,Davao Oriental,Region XI (Davao Region)
25029,91.78427887,126.5375021454935,7.662500259859068,Baganga,Davao Oriental,Region XI (Davao Region)
25030,69.46900177,126.31250214167852,7.63750025901124,Baganga,Davao Oriental,Region XI (Davao Region)
25031,72.19285583,126.33750214210242,7.63750025901124,Baganga,Davao Oriental,Region XI (Davao Region)
25032,72.84608459,126.36250214252628,7.63750025901124,Baganga,Davao Oriental,Region XI (Davao Region)
25033,74.67273712,126.38750214295018,7.63750025901124,Baganga,Davao Oriental,Region XI (Davao Region)
25034,77.69475555,126.41250214337408,7.63750025901124,Baganga,Davao Oriental,Region XI (Davao Region)
25035,82.52857971,126.43750214379796,7.63750025901124,Baganga,Davao Oriental,Region XI (Davao Region)
25036,83.03873444,126.46250214422184,7.63750025901124,Baganga,Davao Oriental,Region XI (Davao Region)
25037,86.50794983,126.48750214464572,7.63750025901124,Baganga,Davao Oriental,Region XI (Davao Region)
25038,88.24497223,126.5125021450696,7.63750025901124,Baganga,Davao Oriental,Region XI (Davao Region)
25039,91.85125732,126.5375021454935,7.63750025901124,Baganga,Davao Oriental,Region XI (Davao Region)
25040,67.27134705,126.31250214167852,7.612500258163412,Baganga,Davao Oriental,Region XI (Davao Region)
25041,68.64123535,126.33750214210242,7.612500258163412,Baganga,Davao Oriental,Region XI (Davao Region)
25042,72.3403244,126.36250214252628,7.612500258163412,Baganga,Davao Oriental,Region XI (Davao Region)
25043,73.21768188,126.38750214295018,7.612500258163412,Baganga,Davao Oriental,Region XI (Davao Region)
25044,76.19513702,126.41250214337408,7.612500258163412,Baganga,Davao Oriental,Region XI (Davao Region)
25045,78.07900238,126.43750214379796,7.612500258163412,Baganga,Davao Oriental,Region XI (Davao Region)
25046,84.63228607,126.46250214422184,7.612500258163412,Baganga,Davao Oriental,Region XI (Davao Region)
25047,85.69689178,126.48750214464572,7.612500258163412,Baganga,Davao Oriental,Region XI (Davao Region)
25048,87.01368713,126.5125021450696,7.612500258163412,Baganga,Davao Oriental,Region XI (Davao Region)
25049,88.12463379,126.5375021454935,7.612500258163412,Baganga,Davao Oriental,Region XI (Davao Region)
25050,99.21576691,126.5625021459174,7.612500258163412,Baganga,Davao Oriental,Region XI (Davao Region)
25051,64.94373322,126.28750214125463,7.587500257315584,Baganga,Davao Oriental,Region XI (Davao Region)
25052,65.00782013,126.31250214167852,7.587500257315584,Baganga,Davao Oriental,Region XI (Davao Region)
25053,66.51739502,126.33750214210242,7.587500257315584,Baganga,Davao Oriental,Region XI (Davao Region)
25054,70.36657715,126.36250214252628,7.587500257315584,Baganga,Davao Oriental,Region XI (Davao Region)
25055,71.47823334,126.38750214295018,7.587500257315584,Baganga,Davao Oriental,Region XI (Davao Region)
25056,74.86328125,126.41250214337408,7.587500257315584,Baganga,Davao Oriental,Region XI (Davao Region)
25057,76.83592987,126.43750214379796,7.587500257315584,Baganga,Davao Oriental,Region XI (Davao Region)
25058,83.4125824,126.46250214422184,7.587500257315584,Baganga,Davao Oriental,Region XI (Davao Region)
25059,84.6109314,126.48750214464572,7.587500257315584,Baganga,Davao Oriental,Region XI (Davao Region)
25060,86.0175705,126.5125021450696,7.587500257315584,Baganga,Davao Oriental,Region XI (Davao Region)
25061,87.16975403,126.5375021454935,7.587500257315584,Baganga,Davao Oriental,Region XI (Davao Region)
25062,64.42725372,126.28750214125463,7.562500256467756,Baganga,Davao Oriental,Region XI (Davao Region)
25063,64.53955078,126.31250214167852,7.562500256467756,Baganga,Davao Oriental,Region XI (Davao Region)
25064,66.37633514,126.33750214210242,7.562500256467756,Baganga,Davao Oriental,Region XI (Davao Region)
25065,67.3886795,126.36250214252628,7.562500256467756,Baganga,Davao Oriental,Region XI (Davao Region)
25066,70.86174011,126.38750214295018,7.562500256467756,Baganga,Davao Oriental,Region XI (Davao Region)
25067,74.78617859,126.41250214337408,7.562500256467756,Baganga,Davao Oriental,Region XI (Davao Region)
25068,79.16347504,126.43750214379796,7.562500256467756,Baganga,Davao Oriental,Region XI (Davao Region)
25069,79.79265594,126.46250214422184,7.562500256467756,Baganga,Davao Oriental,Region XI (Davao Region)
25070,84.20300293,126.48750214464572,7.562500256467756,Baganga,Davao Oriental,Region XI (Davao Region)
25071,86.20728302,126.5125021450696,7.562500256467756,Baganga,Davao Oriental,Region XI (Davao Region)
25072,89.71997833,126.5375021454935,7.562500256467756,Baganga,Davao Oriental,Region XI (Davao Region)
25073,96.56425476,126.5625021459174,7.562500256467756,Baganga,Davao Oriental,Region XI (Davao Region)
25074,63.09822464,126.28750214125463,7.537500255619928,Baganga,Davao Oriental,Region XI (Davao Region)
25075,63.22041321,126.31250214167852,7.537500255619928,Baganga,Davao Oriental,Region XI (Davao Region)
25076,65.62365723,126.33750214210242,7.537500255619928,Baganga,Davao Oriental,Region XI (Davao Region)
25077,66.70383453,126.36250214252628,7.537500255619928,Baganga,Davao Oriental,Region XI (Davao Region)
25078,70.08076477,126.38750214295018,7.537500255619928,Baganga,Davao Oriental,Region XI (Davao Region)
25079,74.14910126,126.41250214337408,7.537500255619928,Baganga,Davao Oriental,Region XI (Davao Region)
25080,78.84177399,126.43750214379796,7.537500255619928,Baganga,Davao Oriental,Region XI (Davao Region)
25081,79.4683609,126.46250214422184,7.537500255619928,Baganga,Davao Oriental,Region XI (Davao Region)
25082,84.09247589,126.48750214464572,7.537500255619928,Baganga,Davao Oriental,Region XI (Davao Region)
25083,86.11756897,126.5125021450696,7.537500255619928,Baganga,Davao Oriental,Region XI (Davao Region)
25084,89.54504395,126.5375021454935,7.537500255619928,Baganga,Davao Oriental,Region XI (Davao Region)
25085,96.6537323,126.5625021459174,7.537500255619928,Baganga,Davao Oriental,Region XI (Davao Region)
25086,62.70207977,126.28750214125463,7.5125002547721,Baganga,Davao Oriental,Region XI (Davao Region)
25087,62.7880249,126.31250214167852,7.5125002547721,Baganga,Davao Oriental,Region XI (Davao Region)
25088,64.66145325,126.33750214210242,7.5125002547721,Baganga,Davao Oriental,Region XI (Davao Region)
25089,68.95991516,126.36250214252628,7.5125002547721,Baganga,Davao Oriental,Region XI (Davao Region)
25090,70.09159088,126.38750214295018,7.5125002547721,Baganga,Davao Oriental,Region XI (Davao Region)
25091,73.78099823,126.41250214337408,7.5125002547721,Baganga,Davao Oriental,Region XI (Davao Region)
25092,75.93553925,126.43750214379796,7.5125002547721,Baganga,Davao Oriental,Region XI (Davao Region)
25093,82.96520996,126.46250214422184,7.5125002547721,Baganga,Davao Oriental,Region XI (Davao Region)
25094,84.21806335,126.48750214464572,7.5125002547721,Baganga,Davao Oriental,Region XI (Davao Region)
25095,85.67446136,126.5125021450696,7.5125002547721,Baganga,Davao Oriental,Region XI (Davao Region)
25096,86.84609985,126.5375021454935,7.5125002547721,Baganga,Davao Oriental,Region XI (Davao Region)
25097,99.25471497,126.5625021459174,7.5125002547721,Baganga,Davao Oriental,Region XI (Davao Region)
25098,103.1098785,126.58750214634128,7.5125002547721,Baganga,Davao Oriental,Region XI (Davao Region)
25099,63.02978134,126.28750214125463,7.487500253924272,Baganga,Davao Oriental,Region XI (Davao Region)
25100,63.11143112,126.31250214167852,7.487500253924272,Baganga,Davao Oriental,Region XI (Davao Region)
25101,65.10764313,126.33750214210242,7.487500253924272,Baganga,Davao Oriental,Region XI (Davao Region)
25102,69.39929962,126.36250214252628,7.487500253924272,Baganga,Davao Oriental,Region XI (Davao Region)
25103,70.40274048,126.38750214295018,7.487500253924272,Baganga,Davao Oriental,Region XI (Davao Region)
25104,74.07698059,126.41250214337408,7.487500253924272,Baganga,Davao Oriental,Region XI (Davao Region)
25105,76.32076263,126.43750214379796,7.487500253924272,Baganga,Davao Oriental,Region XI (Davao Region)
25106,83.32529449,126.46250214422184,7.487500253924272,Baganga,Davao Oriental,Region XI (Davao Region)
25107,84.46589661,126.48750214464572,7.487500253924272,Baganga,Davao Oriental,Region XI (Davao Region)
25108,85.88961029,126.5125021450696,7.487500253924272,Baganga,Davao Oriental,Region XI (Davao Region)
25109,87.11116791,126.5375021454935,7.487500253924272,Baganga,Davao Oriental,Region XI (Davao Region)
25110,99.50426483,126.5625021459174,7.487500253924272,Baganga,Davao Oriental,Region XI (Davao Region)
25111,103.2714157,126.58750214634128,7.487500253924272,Baganga,Davao Oriental,Region XI (Davao Region)
25112,63.32236481,126.31250214167852,7.462500253076444,Baganga,Davao Oriental,Region XI (Davao Region)
25113,66.85147095,126.33750214210242,7.462500253076444,Baganga,Davao Oriental,Region XI (Davao Region)
25114,68.01573944,126.36250214252628,7.462500253076444,Baganga,Davao Oriental,Region XI (Davao Region)
25115,70.37686157,126.38750214295018,7.462500253076444,Baganga,Davao Oriental,Region XI (Davao Region)
25116,74.557724,126.41250214337408,7.462500253076444,Baganga,Davao Oriental,Region XI (Davao Region)
25117,80.09423065,126.43750214379796,7.462500253076444,Baganga,Davao Oriental,Region XI (Davao Region)
25118,80.68313599,126.46250214422184,7.462500253076444,Baganga,Davao Oriental,Region XI (Davao Region)
25119,84.42353821,126.48750214464572,7.462500253076444,Baganga,Davao Oriental,Region XI (Davao Region)
25120,86.34480286,126.5125021450696,7.462500253076444,Baganga,Davao Oriental,Region XI (Davao Region)
25121,90.23220062,126.5375021454935,7.462500253076444,Baganga,Davao Oriental,Region XI (Davao Region)
25122,97.6202774,126.5625021459174,7.462500253076444,Baganga,Davao Oriental,Region XI (Davao Region)
25123,103.2850876,126.58750214634128,7.462500253076444,Baganga,Davao Oriental,Region XI (Davao Region)
25124,97.09912109,126.03750213701576,7.13750024205468,Banaybanay,Davao Oriental,Region XI (Davao Region)
25125,97.36565399,126.06250213743964,7.13750024205468,Banaybanay,Davao Oriental,Region XI (Davao Region)
25126,98.35964203,126.08750213786352,7.13750024205468,Banaybanay,Davao Oriental,Region XI (Davao Region)
25127,95.1481781,126.01250213659188,7.112500241206854,Banaybanay,Davao Oriental,Region XI (Davao Region)
25128,95.72052002,126.03750213701576,7.112500241206854,Banaybanay,Davao Oriental,Region XI (Davao Region)
25129,97.96380615,126.06250213743964,7.112500241206854,Banaybanay,Davao Oriental,Region XI (Davao Region)
25130,95.09798431,125.9625021357441,7.087500240359026,Banaybanay,Davao Oriental,Region XI (Davao Region)
25131,95.84712219,125.987502136168,7.087500240359026,Banaybanay,Davao Oriental,Region XI (Davao Region)
25132,96.25437927,126.01250213659188,7.087500240359026,Banaybanay,Davao Oriental,Region XI (Davao Region)
25133,96.82531738,126.03750213701576,7.087500240359026,Banaybanay,Davao Oriental,Region XI (Davao Region)
25134,99.13906097,126.06250213743964,7.087500240359026,Banaybanay,Davao Oriental,Region XI (Davao Region)
25135,95.32957458,125.9625021357441,7.062500239511198,Banaybanay,Davao Oriental,Region XI (Davao Region)
25136,96.94447327,125.987502136168,7.062500239511198,Banaybanay,Davao Oriental,Region XI (Davao Region)
25137,97.4641037,126.01250213659188,7.062500239511198,Banaybanay,Davao Oriental,Region XI (Davao Region)
25138,98.83330536,126.03750213701576,7.062500239511198,Banaybanay,Davao Oriental,Region XI (Davao Region)
25139,99.18591309,126.06250213743964,7.062500239511198,Banaybanay,Davao Oriental,Region XI (Davao Region)
25140,96.84679413,125.987502136168,7.03750023866337,Banaybanay,Davao Oriental,Region XI (Davao Region)
25141,97.33686829,126.01250213659188,7.03750023866337,Banaybanay,Davao Oriental,Region XI (Davao Region)
25142,98.69139862,126.03750213701576,7.03750023866337,Banaybanay,Davao Oriental,Region XI (Davao Region)
25143,99.04372406,126.06250213743964,7.03750023866337,Banaybanay,Davao Oriental,Region XI (Davao Region)
25144,97.99589539,126.01250213659188,7.012500237815542,Banaybanay,Davao Oriental,Region XI (Davao Region)
25145,98.62194824,126.03750213701576,7.012500237815542,Banaybanay,Davao Oriental,Region XI (Davao Region)
25146,98.3981781,125.987502136168,6.987500236967714,Banaybanay,Davao Oriental,Region XI (Davao Region)
25147,98.73752594,126.01250213659188,6.987500236967714,Banaybanay,Davao Oriental,Region XI (Davao Region)
25148,99.37906647,126.03750213701576,6.987500236967714,Banaybanay,Davao Oriental,Region XI (Davao Region)
25149,98.43566895,125.987502136168,6.962500236119886,Banaybanay,Davao Oriental,Region XI (Davao Region)
25150,98.88726807,126.01250213659188,6.962500236119886,Banaybanay,Davao Oriental,Region XI (Davao Region)
25151,100.4591141,126.03750213701576,6.962500236119886,Banaybanay,Davao Oriental,Region XI (Davao Region)
25152,99.43852997,125.987502136168,6.937500235272058,Banaybanay,Davao Oriental,Region XI (Davao Region)
25153,99.88174438,126.01250213659188,6.937500235272058,Banaybanay,Davao Oriental,Region XI (Davao Region)
25154,93.06025696,126.21250213998296,7.98750027088083,Boston,Davao Oriental,Region XI (Davao Region)
25155,93.11026001,126.23750214040686,7.98750027088083,Boston,Davao Oriental,Region XI (Davao Region)
25156,94.3145752,126.26250214083073,7.98750027088083,Boston,Davao Oriental,Region XI (Davao Region)
25157,94.68897247,126.28750214125463,7.98750027088083,Boston,Davao Oriental,Region XI (Davao Region)
25158,94.96180725,126.31250214167852,7.98750027088083,Boston,Davao Oriental,Region XI (Davao Region)
25159,95.15451813,126.33750214210242,7.98750027088083,Boston,Davao Oriental,Region XI (Davao Region)
25160,91.32157898,126.1625021391352,7.962500270033004,Boston,Davao Oriental,Region XI (Davao Region)
25161,92.16526794,126.18750213955909,7.962500270033004,Boston,Davao Oriental,Region XI (Davao Region)
25162,92.58499908,126.21250213998296,7.962500270033004,Boston,Davao Oriental,Region XI (Davao Region)
25163,92.81556702,126.23750214040686,7.962500270033004,Boston,Davao Oriental,Region XI (Davao Region)
25164,93.33987427,126.26250214083073,7.962500270033004,Boston,Davao Oriental,Region XI (Davao Region)
25165,94.37813568,126.28750214125463,7.962500270033004,Boston,Davao Oriental,Region XI (Davao Region)
25166,94.73548126,126.31250214167852,7.962500270033004,Boston,Davao Oriental,Region XI (Davao Region)
25167,95.27705383,126.33750214210242,7.962500270033004,Boston,Davao Oriental,Region XI (Davao Region)
25168,91.30536652,126.1625021391352,7.937500269185176,Boston,Davao Oriental,Region XI (Davao Region)
25169,91.74232483,126.18750213955909,7.937500269185176,Boston,Davao Oriental,Region XI (Davao Region)
25170,92.11168671,126.21250213998296,7.937500269185176,Boston,Davao Oriental,Region XI (Davao Region)
25171,92.47802734,126.23750214040686,7.937500269185176,Boston,Davao Oriental,Region XI (Davao Region)
25172,93.00068665,126.26250214083073,7.937500269185176,Boston,Davao Oriental,Region XI (Davao Region)
25173,93.29389954,126.28750214125463,7.937500269185176,Boston,Davao Oriental,Region XI (Davao Region)
25174,93.62294769,126.31250214167852,7.937500269185176,Boston,Davao Oriental,Region XI (Davao Region)
25175,94.75093842,126.33750214210242,7.937500269185176,Boston,Davao Oriental,Region XI (Davao Region)
25176,90.73233795,126.18750213955909,7.912500268337348,Boston,Davao Oriental,Region XI (Davao Region)
25177,90.99980927,126.21250213998296,7.912500268337348,Boston,Davao Oriental,Region XI (Davao Region)
25178,91.00273132,126.23750214040686,7.912500268337348,Boston,Davao Oriental,Region XI (Davao Region)
25179,91.84350586,126.26250214083073,7.912500268337348,Boston,Davao Oriental,Region XI (Davao Region)
25180,92.20601654,126.28750214125463,7.912500268337348,Boston,Davao Oriental,Region XI (Davao Region)
25181,92.41638184,126.31250214167852,7.912500268337348,Boston,Davao Oriental,Region XI (Davao Region)
25182,92.69876862,126.33750214210242,7.912500268337348,Boston,Davao Oriental,Region XI (Davao Region)
25183,93.74010468,126.36250214252628,7.912500268337348,Boston,Davao Oriental,Region XI (Davao Region)
25184,89.72129822,126.18750213955909,7.88750026748952,Boston,Davao Oriental,Region XI (Davao Region)
25185,89.85871887,126.21250213998296,7.88750026748952,Boston,Davao Oriental,Region XI (Davao Region)
25186,89.73731995,126.23750214040686,7.88750026748952,Boston,Davao Oriental,Region XI (Davao Region)
25187,90.58577728,126.26250214083073,7.88750026748952,Boston,Davao Oriental,Region XI (Davao Region)
25188,91.03807831,126.28750214125463,7.88750026748952,Boston,Davao Oriental,Region XI (Davao Region)
25189,91.19810486,126.31250214167852,7.88750026748952,Boston,Davao Oriental,Region XI (Davao Region)
25190,91.37634277,126.33750214210242,7.88750026748952,Boston,Davao Oriental,Region XI (Davao Region)
25191,89.6962738,126.18750213955909,7.862500266641692,Boston,Davao Oriental,Region XI (Davao Region)
25192,89.71711731,126.21250213998296,7.862500266641692,Boston,Davao Oriental,Region XI (Davao Region)
25193,89.33191681,126.23750214040686,7.862500266641692,Boston,Davao Oriental,Region XI (Davao Region)
25194,89.90809631,126.26250214083073,7.862500266641692,Boston,Davao Oriental,Region XI (Davao Region)
25195,90.77806091,126.28750214125463,7.862500266641692,Boston,Davao Oriental,Region XI (Davao Region)
25196,90.95929718,126.31250214167852,7.862500266641692,Boston,Davao Oriental,Region XI (Davao Region)
25197,91.08338165,126.33750214210242,7.862500266641692,Boston,Davao Oriental,Region XI (Davao Region)
25198,91.1991272,126.36250214252628,7.862500266641692,Boston,Davao Oriental,Region XI (Davao Region)
25199,87.94654083,126.28750214125463,7.837500265793864,Boston,Davao Oriental,Region XI (Davao Region)
25200,88.09147644,126.31250214167852,7.837500265793864,Boston,Davao Oriental,Region XI (Davao Region)
25201,89.52714539,126.33750214210242,7.837500265793864,Boston,Davao Oriental,Region XI (Davao Region)
25202,89.67771149,126.36250214252628,7.837500265793864,Boston,Davao Oriental,Region XI (Davao Region)
25203,66.42913818,126.31250214167852,7.437500252228616,Caraga,Davao Oriental,Region XI (Davao Region)
25204,68.04873657,126.33750214210242,7.437500252228616,Caraga,Davao Oriental,Region XI (Davao Region)
25205,69.23779297,126.36250214252628,7.437500252228616,Caraga,Davao Oriental,Region XI (Davao Region)
25206,73.07478333,126.38750214295018,7.437500252228616,Caraga,Davao Oriental,Region XI (Davao Region)
25207,77.3313446,126.41250214337408,7.437500252228616,Caraga,Davao Oriental,Region XI (Davao Region)
25208,81.02419281,126.43750214379796,7.437500252228616,Caraga,Davao Oriental,Region XI (Davao Region)
25209,81.61335754,126.46250214422184,7.437500252228616,Caraga,Davao Oriental,Region XI (Davao Region)
25210,86.13563538,126.48750214464572,7.437500252228616,Caraga,Davao Oriental,Region XI (Davao Region)
25211,87.97709656,126.5125021450696,7.437500252228616,Caraga,Davao Oriental,Region XI (Davao Region)
25212,90.63772583,126.5375021454935,7.437500252228616,Caraga,Davao Oriental,Region XI (Davao Region)
25213,67.2149353,126.31250214167852,7.412500251380788,Caraga,Davao Oriental,Region XI (Davao Region)
25214,69.12156677,126.33750214210242,7.412500251380788,Caraga,Davao Oriental,Region XI (Davao Region)
25215,72.90396118,126.36250214252628,7.412500251380788,Caraga,Davao Oriental,Region XI (Davao Region)
25216,74.00208282,126.38750214295018,7.412500251380788,Caraga,Davao Oriental,Region XI (Davao Region)
25217,77.75794983,126.41250214337408,7.412500251380788,Caraga,Davao Oriental,Region XI (Davao Region)
25218,79.79172516,126.43750214379796,7.412500251380788,Caraga,Davao Oriental,Region XI (Davao Region)
25219,85.66631317,126.46250214422184,7.412500251380788,Caraga,Davao Oriental,Region XI (Davao Region)
25220,86.79640961,126.48750214464572,7.412500251380788,Caraga,Davao Oriental,Region XI (Davao Region)
25221,88.05101776,126.5125021450696,7.412500251380788,Caraga,Davao Oriental,Region XI (Davao Region)
25222,89.02601624,126.5375021454935,7.412500251380788,Caraga,Davao Oriental,Region XI (Davao Region)
25223,69.06350708,126.31250214167852,7.38750025053296,Caraga,Davao Oriental,Region XI (Davao Region)
25224,71.203125,126.33750214210242,7.38750025053296,Caraga,Davao Oriental,Region XI (Davao Region)
25225,74.91168976,126.36250214252628,7.38750025053296,Caraga,Davao Oriental,Region XI (Davao Region)
25226,75.61763763,126.38750214295018,7.38750025053296,Caraga,Davao Oriental,Region XI (Davao Region)
25227,79.13298035,126.41250214337408,7.38750025053296,Caraga,Davao Oriental,Region XI (Davao Region)
25228,81.29000092,126.43750214379796,7.38750025053296,Caraga,Davao Oriental,Region XI (Davao Region)
25229,87.07939148,126.46250214422184,7.38750025053296,Caraga,Davao Oriental,Region XI (Davao Region)
25230,87.90536499,126.48750214464572,7.38750025053296,Caraga,Davao Oriental,Region XI (Davao Region)
25231,89.00528717,126.5125021450696,7.38750025053296,Caraga,Davao Oriental,Region XI (Davao Region)
25232,89.98722839,126.5375021454935,7.38750025053296,Caraga,Davao Oriental,Region XI (Davao Region)
25233,101.1135788,126.5625021459174,7.38750025053296,Caraga,Davao Oriental,Region XI (Davao Region)
25234,70.7773819,126.31250214167852,7.362500249685132,Caraga,Davao Oriental,Region XI (Davao Region)
25235,74.90042877,126.33750214210242,7.362500249685132,Caraga,Davao Oriental,Region XI (Davao Region)
25236,75.95738983,126.36250214252628,7.362500249685132,Caraga,Davao Oriental,Region XI (Davao Region)
25237,76.90659332,126.38750214295018,7.362500249685132,Caraga,Davao Oriental,Region XI (Davao Region)
25238,80.58744049,126.41250214337408,7.362500249685132,Caraga,Davao Oriental,Region XI (Davao Region)
25239,85.93585205,126.43750214379796,7.362500249685132,Caraga,Davao Oriental,Region XI (Davao Region)
25240,86.35691833,126.46250214422184,7.362500249685132,Caraga,Davao Oriental,Region XI (Davao Region)
25241,88.72434998,126.48750214464572,7.362500249685132,Caraga,Davao Oriental,Region XI (Davao Region)
25242,90.10979462,126.5125021450696,7.362500249685132,Caraga,Davao Oriental,Region XI (Davao Region)
25243,93.4475174,126.5375021454935,7.362500249685132,Caraga,Davao Oriental,Region XI (Davao Region)
25244,76.11392212,126.31250214167852,7.337500248837304,Caraga,Davao Oriental,Region XI (Davao Region)
25245,77.00647736,126.33750214210242,7.337500248837304,Caraga,Davao Oriental,Region XI (Davao Region)
25246,78.08774567,126.36250214252628,7.337500248837304,Caraga,Davao Oriental,Region XI (Davao Region)
25247,81.58656311,126.38750214295018,7.337500248837304,Caraga,Davao Oriental,Region XI (Davao Region)
25248,85.31327057,126.41250214337408,7.337500248837304,Caraga,Davao Oriental,Region XI (Davao Region)
25249,87.5263443,126.43750214379796,7.337500248837304,Caraga,Davao Oriental,Region XI (Davao Region)
25250,87.94767761,126.46250214422184,7.337500248837304,Caraga,Davao Oriental,Region XI (Davao Region)
25251,91.56961823,126.48750214464572,7.337500248837304,Caraga,Davao Oriental,Region XI (Davao Region)
25252,92.80306244,126.5125021450696,7.337500248837304,Caraga,Davao Oriental,Region XI (Davao Region)
25253,94.04067993,126.5375021454935,7.337500248837304,Caraga,Davao Oriental,Region XI (Davao Region)
25254,100.7300415,126.5625021459174,7.337500248837304,Caraga,Davao Oriental,Region XI (Davao Region)
25255,79.33983612,126.31250214167852,7.312500247989476,Caraga,Davao Oriental,Region XI (Davao Region)
25256,80.8325882,126.33750214210242,7.312500247989476,Caraga,Davao Oriental,Region XI (Davao Region)
25257,83.64640045,126.36250214252628,7.312500247989476,Caraga,Davao Oriental,Region XI (Davao Region)
25258,84.56126404,126.38750214295018,7.312500247989476,Caraga,Davao Oriental,Region XI (Davao Region)
25259,87.53637695,126.41250214337408,7.312500247989476,Caraga,Davao Oriental,Region XI (Davao Region)
25260,89.04042053,126.43750214379796,7.312500247989476,Caraga,Davao Oriental,Region XI (Davao Region)
25261,92.97283936,126.46250214422184,7.312500247989476,Caraga,Davao Oriental,Region XI (Davao Region)
25262,93.76889801,126.48750214464572,7.312500247989476,Caraga,Davao Oriental,Region XI (Davao Region)
25263,94.56639099,126.5125021450696,7.312500247989476,Caraga,Davao Oriental,Region XI (Davao Region)
25264,95.12142944,126.5375021454935,7.312500247989476,Caraga,Davao Oriental,Region XI (Davao Region)
25265,82.83092499,126.31250214167852,7.287500247141648,Caraga,Davao Oriental,Region XI (Davao Region)
25266,84.48226166,126.33750214210242,7.287500247141648,Caraga,Davao Oriental,Region XI (Davao Region)
25267,87.17499542,126.36250214252628,7.287500247141648,Caraga,Davao Oriental,Region XI (Davao Region)
25268,87.6222229,126.38750214295018,7.287500247141648,Caraga,Davao Oriental,Region XI (Davao Region)
25269,90.12941742,126.41250214337408,7.287500247141648,Caraga,Davao Oriental,Region XI (Davao Region)
25270,91.7670517,126.43750214379796,7.287500247141648,Caraga,Davao Oriental,Region XI (Davao Region)
25271,95.62324524,126.46250214422184,7.287500247141648,Caraga,Davao Oriental,Region XI (Davao Region)
25272,95.98506165,126.48750214464572,7.287500247141648,Caraga,Davao Oriental,Region XI (Davao Region)
25273,96.58335114,126.5125021450696,7.287500247141648,Caraga,Davao Oriental,Region XI (Davao Region)
25274,97.18979645,126.5375021454935,7.287500247141648,Caraga,Davao Oriental,Region XI (Davao Region)
25275,104.7148209,126.5625021459174,7.287500247141648,Caraga,Davao Oriental,Region XI (Davao Region)
25276,107.1417465,126.58750214634128,7.287500247141648,Caraga,Davao Oriental,Region XI (Davao Region)
25277,87.92341614,126.21250213998296,7.837500265793864,Cateel,Davao Oriental,Region XI (Davao Region)
25278,87.86122131,126.23750214040686,7.837500265793864,Cateel,Davao Oriental,Region XI (Davao Region)
25279,88.48686218,126.26250214083073,7.837500265793864,Cateel,Davao Oriental,Region XI (Davao Region)
25280,86.94363403,126.21250213998296,7.812500264946036,Cateel,Davao Oriental,Region XI (Davao Region)
25281,86.72777557,126.23750214040686,7.812500264946036,Cateel,Davao Oriental,Region XI (Davao Region)
25282,86.56964874,126.26250214083073,7.812500264946036,Cateel,Davao Oriental,Region XI (Davao Region)
25283,86.8484726,126.28750214125463,7.812500264946036,Cateel,Davao Oriental,Region XI (Davao Region)
25284,86.93255615,126.31250214167852,7.812500264946036,Cateel,Davao Oriental,Region XI (Davao Region)
25285,87.36208344,126.33750214210242,7.812500264946036,Cateel,Davao Oriental,Region XI (Davao Region)
25286,88.52451324,126.36250214252628,7.812500264946036,Cateel,Davao Oriental,Region XI (Davao Region)
25287,88.68164063,126.38750214295018,7.812500264946036,Cateel,Davao Oriental,Region XI (Davao Region)
25288,89.41156006,126.41250214337408,7.812500264946036,Cateel,Davao Oriental,Region XI (Davao Region)
25289,86.07615662,126.23750214040686,7.787500264098208,Cateel,Davao Oriental,Region XI (Davao Region)
25290,85.82789612,126.26250214083073,7.787500264098208,Cateel,Davao Oriental,Region XI (Davao Region)
25291,86.27552795,126.28750214125463,7.787500264098208,Cateel,Davao Oriental,Region XI (Davao Region)
25292,86.32260895,126.31250214167852,7.787500264098208,Cateel,Davao Oriental,Region XI (Davao Region)
25293,86.50762177,126.33750214210242,7.787500264098208,Cateel,Davao Oriental,Region XI (Davao Region)
25294,87.70090485,126.36250214252628,7.787500264098208,Cateel,Davao Oriental,Region XI (Davao Region)
25295,88.13600159,126.38750214295018,7.787500264098208,Cateel,Davao Oriental,Region XI (Davao Region)
25296,88.97596741,126.41250214337408,7.787500264098208,Cateel,Davao Oriental,Region XI (Davao Region)
25297,89.43444824,126.43750214379796,7.787500264098208,Cateel,Davao Oriental,Region XI (Davao Region)
25298,83.42015076,126.23750214040686,7.76250026325038,Cateel,Davao Oriental,Region XI (Davao Region)
25299,83.99897003,126.26250214083073,7.76250026325038,Cateel,Davao Oriental,Region XI (Davao Region)
25300,84.76906586,126.28750214125463,7.76250026325038,Cateel,Davao Oriental,Region XI (Davao Region)
25301,84.80417633,126.31250214167852,7.76250026325038,Cateel,Davao Oriental,Region XI (Davao Region)
25302,84.74051666,126.33750214210242,7.76250026325038,Cateel,Davao Oriental,Region XI (Davao Region)
25303,85.00858307,126.36250214252628,7.76250026325038,Cateel,Davao Oriental,Region XI (Davao Region)
25304,86.71118927,126.38750214295018,7.76250026325038,Cateel,Davao Oriental,Region XI (Davao Region)
25305,87.97870636,126.41250214337408,7.76250026325038,Cateel,Davao Oriental,Region XI (Davao Region)
25306,89.16344452,126.43750214379796,7.76250026325038,Cateel,Davao Oriental,Region XI (Davao Region)
25307,89.45791626,126.46250214422184,7.76250026325038,Cateel,Davao Oriental,Region XI (Davao Region)
25308,81.4997406,126.26250214083073,7.737500262402552,Cateel,Davao Oriental,Region XI (Davao Region)
25309,79.88499451,126.28750214125463,7.737500262402552,Cateel,Davao Oriental,Region XI (Davao Region)
25310,79.90349579,126.31250214167852,7.737500262402552,Cateel,Davao Oriental,Region XI (Davao Region)
25311,82.2306366,126.33750214210242,7.737500262402552,Cateel,Davao Oriental,Region XI (Davao Region)
25312,82.5359726,126.36250214252628,7.737500262402552,Cateel,Davao Oriental,Region XI (Davao Region)
25313,82.85746765,126.38750214295018,7.737500262402552,Cateel,Davao Oriental,Region XI (Davao Region)
25314,84.42616272,126.41250214337408,7.737500262402552,Cateel,Davao Oriental,Region XI (Davao Region)
25315,87.84320068,126.43750214379796,7.737500262402552,Cateel,Davao Oriental,Region XI (Davao Region)
25316,88.1354599,126.46250214422184,7.737500262402552,Cateel,Davao Oriental,Region XI (Davao Region)
25317,90.28315735,126.48750214464572,7.737500262402552,Cateel,Davao Oriental,Region XI (Davao Region)
25318,78.90287781,126.26250214083073,7.712500261554724,Cateel,Davao Oriental,Region XI (Davao Region)
25319,79.05976868,126.28750214125463,7.712500261554724,Cateel,Davao Oriental,Region XI (Davao Region)
25320,79.07139587,126.31250214167852,7.712500261554724,Cateel,Davao Oriental,Region XI (Davao Region)
25321,79.67166901,126.33750214210242,7.712500261554724,Cateel,Davao Oriental,Region XI (Davao Region)
25322,81.87680817,126.36250214252628,7.712500261554724,Cateel,Davao Oriental,Region XI (Davao Region)
25323,82.32028198,126.38750214295018,7.712500261554724,Cateel,Davao Oriental,Region XI (Davao Region)
25324,83.8034668,126.41250214337408,7.712500261554724,Cateel,Davao Oriental,Region XI (Davao Region)
25325,84.85368347,126.43750214379796,7.712500261554724,Cateel,Davao Oriental,Region XI (Davao Region)
25326,89.49306488,126.46250214422184,7.712500261554724,Cateel,Davao Oriental,Region XI (Davao Region)
25327,90.26445007,126.48750214464572,7.712500261554724,Cateel,Davao Oriental,Region XI (Davao Region)
25328,91.2388382,126.5125021450696,7.712500261554724,Cateel,Davao Oriental,Region XI (Davao Region)
25329,76.08288574,126.28750214125463,7.687500260706896,Cateel,Davao Oriental,Region XI (Davao Region)
25330,76.09098053,126.31250214167852,7.687500260706896,Cateel,Davao Oriental,Region XI (Davao Region)
25331,76.61328888,126.33750214210242,7.687500260706896,Cateel,Davao Oriental,Region XI (Davao Region)
25332,78.99259186,126.36250214252628,7.687500260706896,Cateel,Davao Oriental,Region XI (Davao Region)
25333,79.87663269,126.38750214295018,7.687500260706896,Cateel,Davao Oriental,Region XI (Davao Region)
25334,109.2858124,126.11250213828743,6.687500226793778,Governor Generoso,Davao Oriental,Region XI (Davao Region)
25335,109.5219421,126.13750213871133,6.687500226793778,Governor Generoso,Davao Oriental,Region XI (Davao Region)
25336,110.1164093,126.1625021391352,6.687500226793778,Governor Generoso,Davao Oriental,Region XI (Davao Region)
25337,109.1098023,126.08750213786352,6.66250022594595,Governor Generoso,Davao Oriental,Region XI (Davao Region)
25338,109.4260254,126.11250213828743,6.66250022594595,Governor Generoso,Davao Oriental,Region XI (Davao Region)
25339,110.0870972,126.13750213871133,6.66250022594595,Governor Generoso,Davao Oriental,Region XI (Davao Region)
25340,110.0220642,126.08750213786352,6.637500225098122,Governor Generoso,Davao Oriental,Region XI (Davao Region)
25341,110.3036652,126.11250213828743,6.637500225098122,Governor Generoso,Davao Oriental,Region XI (Davao Region)
25342,110.414299,126.13750213871133,6.637500225098122,Governor Generoso,Davao Oriental,Region XI (Davao Region)
25343,110.3567352,126.08750213786352,6.612500224250294,Governor Generoso,Davao Oriental,Region XI (Davao Region)
25344,110.5426865,126.11250213828743,6.612500224250294,Governor Generoso,Davao Oriental,Region XI (Davao Region)
25345,110.6695175,126.13750213871133,6.612500224250294,Governor Generoso,Davao Oriental,Region XI (Davao Region)
25346,110.8639526,126.1625021391352,6.612500224250294,Governor Generoso,Davao Oriental,Region XI (Davao Region)
25347,110.6941223,126.11250213828743,6.587500223402466,Governor Generoso,Davao Oriental,Region XI (Davao Region)
25348,110.8462067,126.13750213871133,6.587500223402466,Governor Generoso,Davao Oriental,Region XI (Davao Region)
25349,111.0227509,126.1625021391352,6.587500223402466,Governor Generoso,Davao Oriental,Region XI (Davao Region)
25350,111.0547562,126.11250213828743,6.562500222554638,Governor Generoso,Davao Oriental,Region XI (Davao Region)
25351,111.5274811,126.13750213871133,6.562500222554638,Governor Generoso,Davao Oriental,Region XI (Davao Region)
25352,111.530983,126.1625021391352,6.562500222554638,Governor Generoso,Davao Oriental,Region XI (Davao Region)
25353,111.6094055,126.08750213786352,6.53750022170681,Governor Generoso,Davao Oriental,Region XI (Davao Region)
25354,111.7699127,126.11250213828743,6.53750022170681,Governor Generoso,Davao Oriental,Region XI (Davao Region)
25355,111.8842468,126.13750213871133,6.53750022170681,Governor Generoso,Davao Oriental,Region XI (Davao Region)
25356,111.8877258,126.1625021391352,6.53750022170681,Governor Generoso,Davao Oriental,Region XI (Davao Region)
25357,111.7800293,126.11250213828743,6.512500220858982,Governor Generoso,Davao Oriental,Region XI (Davao Region)
25358,111.8690262,126.13750213871133,6.512500220858982,Governor Generoso,Davao Oriental,Region XI (Davao Region)
25359,111.9321213,126.1625021391352,6.512500220858982,Governor Generoso,Davao Oriental,Region XI (Davao Region)
25360,112.0711823,126.11250213828743,6.487500220011154,Governor Generoso,Davao Oriental,Region XI (Davao Region)
25361,112.1703491,126.13750213871133,6.487500220011154,Governor Generoso,Davao Oriental,Region XI (Davao Region)
25362,112.2366257,126.1625021391352,6.487500220011154,Governor Generoso,Davao Oriental,Region XI (Davao Region)
25363,112.6187515,126.13750213871133,6.462500219163326,Governor Generoso,Davao Oriental,Region XI (Davao Region)
25364,112.6265335,126.1625021391352,6.462500219163326,Governor Generoso,Davao Oriental,Region XI (Davao Region)
25365,112.6355515,126.1625021391352,6.437500218315498,Governor Generoso,Davao Oriental,Region XI (Davao Region)
25366,112.5131607,126.1625021391352,6.41250021746767,Governor Generoso,Davao Oriental,Region XI (Davao Region)
25367,112.2887955,126.13750213871133,6.387500216619842,Governor Generoso,Davao Oriental,Region XI (Davao Region)
25368,112.4052582,126.1625021391352,6.387500216619842,Governor Generoso,Davao Oriental,Region XI (Davao Region)
25369,111.2883911,126.18750213955909,6.387500216619842,Governor Generoso,Davao Oriental,Region XI (Davao Region)
25370,111.285881,126.18750213955909,6.362500215772014,Governor Generoso,Davao Oriental,Region XI (Davao Region)
25371,110.964325,126.18750213955909,6.337500214924186,Governor Generoso,Davao Oriental,Region XI (Davao Region)
25372,94.15202332,126.18750213955909,7.212500244598164,Lupon,Davao Oriental,Region XI (Davao Region)
25373,92.95833588,126.21250213998296,7.212500244598164,Lupon,Davao Oriental,Region XI (Davao Region)
25374,92.38217926,126.23750214040686,7.212500244598164,Lupon,Davao Oriental,Region XI (Davao Region)
25375,92.37652588,126.26250214083073,7.212500244598164,Lupon,Davao Oriental,Region XI (Davao Region)
25376,97.12863922,126.13750213871133,7.187500243750336,Lupon,Davao Oriental,Region XI (Davao Region)
25377,96.44467163,126.1625021391352,7.187500243750336,Lupon,Davao Oriental,Region XI (Davao Region)
25378,94.64271545,126.18750213955909,7.187500243750336,Lupon,Davao Oriental,Region XI (Davao Region)
25379,93.67832184,126.21250213998296,7.187500243750336,Lupon,Davao Oriental,Region XI (Davao Region)
25380,93.53596497,126.23750214040686,7.187500243750336,Lupon,Davao Oriental,Region XI (Davao Region)
25381,93.66172791,126.26250214083073,7.187500243750336,Lupon,Davao Oriental,Region XI (Davao Region)
25382,94.01928711,126.28750214125463,7.187500243750336,Lupon,Davao Oriental,Region XI (Davao Region)
25383,98.1203537,126.11250213828743,7.162500242902508,Lupon,Davao Oriental,Region XI (Davao Region)
25384,98.71648407,126.13750213871133,7.162500242902508,Lupon,Davao Oriental,Region XI (Davao Region)
25385,98.7727356,126.1625021391352,7.162500242902508,Lupon,Davao Oriental,Region XI (Davao Region)
25386,96.38287354,126.18750213955909,7.162500242902508,Lupon,Davao Oriental,Region XI (Davao Region)
25387,95.57896423,126.21250213998296,7.162500242902508,Lupon,Davao Oriental,Region XI (Davao Region)
25388,96.03598785,126.23750214040686,7.162500242902508,Lupon,Davao Oriental,Region XI (Davao Region)
25389,96.95298767,126.26250214083073,7.162500242902508,Lupon,Davao Oriental,Region XI (Davao Region)
25390,95.89841461,126.28750214125463,7.162500242902508,Lupon,Davao Oriental,Region XI (Davao Region)
25391,98.8936615,126.11250213828743,7.13750024205468,Lupon,Davao Oriental,Region XI (Davao Region)
25392,99.93320465,126.13750213871133,7.13750024205468,Lupon,Davao Oriental,Region XI (Davao Region)
25393,99.99003601,126.1625021391352,7.13750024205468,Lupon,Davao Oriental,Region XI (Davao Region)
25394,99.3104248,126.18750213955909,7.13750024205468,Lupon,Davao Oriental,Region XI (Davao Region)
25395,98.75637054,126.21250213998296,7.13750024205468,Lupon,Davao Oriental,Region XI (Davao Region)
25396,98.61384583,126.23750214040686,7.13750024205468,Lupon,Davao Oriental,Region XI (Davao Region)
25397,99.34342957,126.26250214083073,7.13750024205468,Lupon,Davao Oriental,Region XI (Davao Region)
25398,100.4131928,126.28750214125463,7.13750024205468,Lupon,Davao Oriental,Region XI (Davao Region)
25399,98.27294159,126.08750213786352,7.112500241206854,Lupon,Davao Oriental,Region XI (Davao Region)
25400,98.68537903,126.11250213828743,7.112500241206854,Lupon,Davao Oriental,Region XI (Davao Region)
25401,99.05670166,126.13750213871133,7.112500241206854,Lupon,Davao Oriental,Region XI (Davao Region)
25402,100.3196564,126.1625021391352,7.112500241206854,Lupon,Davao Oriental,Region XI (Davao Region)
25403,99.32320404,126.18750213955909,7.112500241206854,Lupon,Davao Oriental,Region XI (Davao Region)
25404,98.87969971,126.21250213998296,7.112500241206854,Lupon,Davao Oriental,Region XI (Davao Region)
25405,98.86616516,126.23750214040686,7.112500241206854,Lupon,Davao Oriental,Region XI (Davao Region)
25406,100.2156754,126.26250214083073,7.112500241206854,Lupon,Davao Oriental,Region XI (Davao Region)
25407,100.7313385,126.28750214125463,7.112500241206854,Lupon,Davao Oriental,Region XI (Davao Region)
25408,99.55276489,126.08750213786352,7.087500240359026,Lupon,Davao Oriental,Region XI (Davao Region)
25409,100.0097733,126.11250213828743,7.087500240359026,Lupon,Davao Oriental,Region XI (Davao Region)
25410,100.360054,126.13750213871133,7.087500240359026,Lupon,Davao Oriental,Region XI (Davao Region)
25411,101.7227478,126.1625021391352,7.087500240359026,Lupon,Davao Oriental,Region XI (Davao Region)
25412,101.2383499,126.18750213955909,7.087500240359026,Lupon,Davao Oriental,Region XI (Davao Region)
25413,100.7770309,126.08750213786352,7.062500239511198,Lupon,Davao Oriental,Region XI (Davao Region)
25414,101.4410324,126.11250213828743,7.062500239511198,Lupon,Davao Oriental,Region XI (Davao Region)
25415,102.4366074,126.13750213871133,7.062500239511198,Lupon,Davao Oriental,Region XI (Davao Region)
25416,102.6101227,126.1625021391352,7.062500239511198,Lupon,Davao Oriental,Region XI (Davao Region)
25417,103.1258774,126.18750213955909,7.062500239511198,Lupon,Davao Oriental,Region XI (Davao Region)
25418,100.4608994,126.08750213786352,7.03750023866337,Lupon,Davao Oriental,Region XI (Davao Region)
25419,101.1306229,126.11250213828743,7.03750023866337,Lupon,Davao Oriental,Region XI (Davao Region)
25420,102.3317108,126.13750213871133,7.03750023866337,Lupon,Davao Oriental,Region XI (Davao Region)
25421,102.505249,126.1625021391352,7.03750023866337,Lupon,Davao Oriental,Region XI (Davao Region)
25422,100.8317261,126.06250213743964,7.012500237815542,Lupon,Davao Oriental,Region XI (Davao Region)
25423,101.2409973,126.08750213786352,7.012500237815542,Lupon,Davao Oriental,Region XI (Davao Region)
25424,101.7199173,126.11250213828743,7.012500237815542,Lupon,Davao Oriental,Region XI (Davao Region)
25425,101.5792999,126.06250213743964,6.987500236967714,Lupon,Davao Oriental,Region XI (Davao Region)
25426,101.947052,126.08750213786352,6.987500236967714,Lupon,Davao Oriental,Region XI (Davao Region)
25427,102.4035339,126.11250213828743,6.987500236967714,Lupon,Davao Oriental,Region XI (Davao Region)
25428,100.7795715,126.06250213743964,6.962500236119886,Lupon,Davao Oriental,Region XI (Davao Region)
25429,101.9203033,126.08750213786352,6.962500236119886,Lupon,Davao Oriental,Region XI (Davao Region)
25430,102.5239868,126.11250213828743,6.962500236119886,Lupon,Davao Oriental,Region XI (Davao Region)
25431,100.8886108,126.03750213701576,6.937500235272058,Lupon,Davao Oriental,Region XI (Davao Region)
25432,101.201767,126.06250213743964,6.937500235272058,Lupon,Davao Oriental,Region XI (Davao Region)
25433,102.6508484,126.08750213786352,6.937500235272058,Lupon,Davao Oriental,Region XI (Davao Region)
25434,103.2327881,126.11250213828743,6.937500235272058,Lupon,Davao Oriental,Region XI (Davao Region)
25435,100.1526184,126.01250213659188,6.91250023442423,Lupon,Davao Oriental,Region XI (Davao Region)
25436,100.6868515,126.03750213701576,6.91250023442423,Lupon,Davao Oriental,Region XI (Davao Region)
25437,102.6301117,126.06250213743964,6.91250023442423,Lupon,Davao Oriental,Region XI (Davao Region)
25438,103.0061646,126.08750213786352,6.91250023442423,Lupon,Davao Oriental,Region XI (Davao Region)
25439,100.3886185,126.01250213659188,6.887500233576402,Lupon,Davao Oriental,Region XI (Davao Region)
25440,101.0018082,126.03750213701576,6.887500233576402,Lupon,Davao Oriental,Region XI (Davao Region)
25441,102.9304657,126.06250213743964,6.887500233576402,Lupon,Davao Oriental,Region XI (Davao Region)
25442,83.85572815,126.31250214167852,7.26250024629382,Manay,Davao Oriental,Region XI (Davao Region)
25443,87.68531036,126.33750214210242,7.26250024629382,Manay,Davao Oriental,Region XI (Davao Region)
25444,88.50519562,126.36250214252628,7.26250024629382,Manay,Davao Oriental,Region XI (Davao Region)
25445,88.441185,126.38750214295018,7.26250024629382,Manay,Davao Oriental,Region XI (Davao Region)
25446,91.1733551,126.41250214337408,7.26250024629382,Manay,Davao Oriental,Region XI (Davao Region)
25447,95.64321899,126.43750214379796,7.26250024629382,Manay,Davao Oriental,Region XI (Davao Region)
25448,95.88713074,126.46250214422184,7.26250024629382,Manay,Davao Oriental,Region XI (Davao Region)
25449,96.53723145,126.48750214464572,7.26250024629382,Manay,Davao Oriental,Region XI (Davao Region)
25450,97.19019318,126.5125021450696,7.26250024629382,Manay,Davao Oriental,Region XI (Davao Region)
25451,99.56877899,126.5375021454935,7.26250024629382,Manay,Davao Oriental,Region XI (Davao Region)
25452,104.5560532,126.5625021459174,7.26250024629382,Manay,Davao Oriental,Region XI (Davao Region)
25453,107.3561859,126.58750214634128,7.26250024629382,Manay,Davao Oriental,Region XI (Davao Region)
25454,90.75452423,126.31250214167852,7.237500245445992,Manay,Davao Oriental,Region XI (Davao Region)
25455,91.16884613,126.33750214210242,7.237500245445992,Manay,Davao Oriental,Region XI (Davao Region)
25456,91.93501282,126.36250214252628,7.237500245445992,Manay,Davao Oriental,Region XI (Davao Region)
25457,94.60704041,126.38750214295018,7.237500245445992,Manay,Davao Oriental,Region XI (Davao Region)
25458,97.12457275,126.41250214337408,7.237500245445992,Manay,Davao Oriental,Region XI (Davao Region)
25459,98.219841,126.43750214379796,7.237500245445992,Manay,Davao Oriental,Region XI (Davao Region)
25460,98.46633911,126.46250214422184,7.237500245445992,Manay,Davao Oriental,Region XI (Davao Region)
25461,100.520958,126.48750214464572,7.237500245445992,Manay,Davao Oriental,Region XI (Davao Region)
25462,101.0285187,126.5125021450696,7.237500245445992,Manay,Davao Oriental,Region XI (Davao Region)
25463,101.1886444,126.5375021454935,7.237500245445992,Manay,Davao Oriental,Region XI (Davao Region)
25464,105.7084503,126.5625021459174,7.237500245445992,Manay,Davao Oriental,Region XI (Davao Region)
25465,93.04161835,126.31250214167852,7.212500244598164,Manay,Davao Oriental,Region XI (Davao Region)
25466,94.10564423,126.33750214210242,7.212500244598164,Manay,Davao Oriental,Region XI (Davao Region)
25467,96.07943726,126.36250214252628,7.212500244598164,Manay,Davao Oriental,Region XI (Davao Region)
25468,96.74018097,126.38750214295018,7.212500244598164,Manay,Davao Oriental,Region XI (Davao Region)
25469,98.73257446,126.41250214337408,7.212500244598164,Manay,Davao Oriental,Region XI (Davao Region)
25470,99.71312714,126.43750214379796,7.212500244598164,Manay,Davao Oriental,Region XI (Davao Region)
25471,101.6607056,126.46250214422184,7.212500244598164,Manay,Davao Oriental,Region XI (Davao Region)
25472,101.99926,126.48750214464572,7.212500244598164,Manay,Davao Oriental,Region XI (Davao Region)
25473,102.2851105,126.5125021450696,7.212500244598164,Manay,Davao Oriental,Region XI (Davao Region)
25474,102.4408951,126.5375021454935,7.212500244598164,Manay,Davao Oriental,Region XI (Davao Region)
25475,107.3701401,126.5625021459174,7.212500244598164,Manay,Davao Oriental,Region XI (Davao Region)
25476,94.06426239,126.31250214167852,7.187500243750336,Manay,Davao Oriental,Region XI (Davao Region)
25477,95.53879547,126.33750214210242,7.187500243750336,Manay,Davao Oriental,Region XI (Davao Region)
25478,97.48451996,126.36250214252628,7.187500243750336,Manay,Davao Oriental,Region XI (Davao Region)
25479,97.70623016,126.38750214295018,7.187500243750336,Manay,Davao Oriental,Region XI (Davao Region)
25480,99.58203125,126.41250214337408,7.187500243750336,Manay,Davao Oriental,Region XI (Davao Region)
25481,100.7657318,126.43750214379796,7.187500243750336,Manay,Davao Oriental,Region XI (Davao Region)
25482,102.5911636,126.46250214422184,7.187500243750336,Manay,Davao Oriental,Region XI (Davao Region)
25483,102.5980682,126.48750214464572,7.187500243750336,Manay,Davao Oriental,Region XI (Davao Region)
25484,102.7279587,126.5125021450696,7.187500243750336,Manay,Davao Oriental,Region XI (Davao Region)
25485,95.9937439,126.31250214167852,7.162500242902508,Manay,Davao Oriental,Region XI (Davao Region)
25486,99.01446533,126.33750214210242,7.162500242902508,Manay,Davao Oriental,Region XI (Davao Region)
25487,99.60845947,126.36250214252628,7.162500242902508,Manay,Davao Oriental,Region XI (Davao Region)
25488,99.24211884,126.38750214295018,7.162500242902508,Manay,Davao Oriental,Region XI (Davao Region)
25489,101.0457077,126.41250214337408,7.162500242902508,Manay,Davao Oriental,Region XI (Davao Region)
25490,103.931694,126.43750214379796,7.162500242902508,Manay,Davao Oriental,Region XI (Davao Region)
25491,104.0093155,126.46250214422184,7.162500242902508,Manay,Davao Oriental,Region XI (Davao Region)
25492,103.6762238,126.48750214464572,7.162500242902508,Manay,Davao Oriental,Region XI (Davao Region)
25493,103.7324371,126.5125021450696,7.162500242902508,Manay,Davao Oriental,Region XI (Davao Region)
25494,105.6311417,126.46250214422184,7.13750024205468,Manay,Davao Oriental,Region XI (Davao Region)
25495,106.1863709,126.48750214464572,7.13750024205468,Manay,Davao Oriental,Region XI (Davao Region)
25496,106.1580124,126.5125021450696,7.13750024205468,Manay,Davao Oriental,Region XI (Davao Region)
25497,106.3827362,126.46250214422184,7.112500241206854,Manay,Davao Oriental,Region XI (Davao Region)
25498,101.1241455,126.21250213998296,7.087500240359026,City of Mati (Capital),Davao Oriental,Region XI (Davao Region)
25499,101.2833328,126.23750214040686,7.087500240359026,City of Mati (Capital),Davao Oriental,Region XI (Davao Region)
25500,102.4789658,126.26250214083073,7.087500240359026,City of Mati (Capital),Davao Oriental,Region XI (Davao Region)
25501,102.8091736,126.28750214125463,7.087500240359026,City of Mati (Capital),Davao Oriental,Region XI (Davao Region)
25502,103.3742447,126.21250213998296,7.062500239511198,City of Mati (Capital),Davao Oriental,Region XI (Davao Region)
25503,104.1902542,126.23750214040686,7.062500239511198,City of Mati (Capital),Davao Oriental,Region XI (Davao Region)
25504,104.5375519,126.26250214083073,7.062500239511198,City of Mati (Capital),Davao Oriental,Region XI (Davao Region)
25505,104.8000107,126.28750214125463,7.062500239511198,City of Mati (Capital),Davao Oriental,Region XI (Davao Region)
25506,103.4869232,126.18750213955909,7.03750023866337,City of Mati (Capital),Davao Oriental,Region XI (Davao Region)
25507,103.8150711,126.21250213998296,7.03750023866337,City of Mati (Capital),Davao Oriental,Region XI (Davao Region)
25508,104.6108398,126.23750214040686,7.03750023866337,City of Mati (Capital),Davao Oriental,Region XI (Davao Region)
25509,104.9590378,126.26250214083073,7.03750023866337,City of Mati (Capital),Davao Oriental,Region XI (Davao Region)
25510,102.109375,126.13750213871133,7.012500237815542,City of Mati (Capital),Davao Oriental,Region XI (Davao Region)
25511,104.1811295,126.1625021391352,7.012500237815542,City of Mati (Capital),Davao Oriental,Region XI (Davao Region)
25512,104.5322876,126.18750213955909,7.012500237815542,City of Mati (Capital),Davao Oriental,Region XI (Davao Region)
25513,104.8978043,126.21250213998296,7.012500237815542,City of Mati (Capital),Davao Oriental,Region XI (Davao Region)
25514,105.1633301,126.23750214040686,7.012500237815542,City of Mati (Capital),Davao Oriental,Region XI (Davao Region)
25515,106.8346024,126.26250214083073,7.012500237815542,City of Mati (Capital),Davao Oriental,Region XI (Davao Region)
25516,107.1330719,126.28750214125463,7.012500237815542,City of Mati (Capital),Davao Oriental,Region XI (Davao Region)
25517,107.3981552,126.31250214167852,7.012500237815542,City of Mati (Capital),Davao Oriental,Region XI (Davao Region)
25518,107.8058929,126.33750214210242,7.012500237815542,City of Mati (Capital),Davao Oriental,Region XI (Davao Region)
25519,108.7742157,126.36250214252628,7.012500237815542,City of Mati (Capital),Davao Oriental,Region XI (Davao Region)
25520,102.7909546,126.13750213871133,6.987500236967714,City of Mati (Capital),Davao Oriental,Region XI (Davao Region)
25521,104.8824844,126.1625021391352,6.987500236967714,City of Mati (Capital),Davao Oriental,Region XI (Davao Region)
25522,105.525734,126.18750213955909,6.987500236967714,City of Mati (Capital),Davao Oriental,Region XI (Davao Region)
25523,106.0615692,126.21250213998296,6.987500236967714,City of Mati (Capital),Davao Oriental,Region XI (Davao Region)
25524,106.3972473,126.23750214040686,6.987500236967714,City of Mati (Capital),Davao Oriental,Region XI (Davao Region)
25525,107.9973679,126.26250214083073,6.987500236967714,City of Mati (Capital),Davao Oriental,Region XI (Davao Region)
25526,108.1984787,126.28750214125463,6.987500236967714,City of Mati (Capital),Davao Oriental,Region XI (Davao Region)
25527,108.4499893,126.31250214167852,6.987500236967714,City of Mati (Capital),Davao Oriental,Region XI (Davao Region)
25528,103.903244,126.13750213871133,6.962500236119886,City of Mati (Capital),Davao Oriental,Region XI (Davao Region)
25529,104.0884476,126.1625021391352,6.962500236119886,City of Mati (Capital),Davao Oriental,Region XI (Davao Region)
25530,105.5047531,126.18750213955909,6.962500236119886,City of Mati (Capital),Davao Oriental,Region XI (Davao Region)
25531,106.213707,126.21250213998296,6.962500236119886,City of Mati (Capital),Davao Oriental,Region XI (Davao Region)
25532,107.3801575,126.23750214040686,6.962500236119886,City of Mati (Capital),Davao Oriental,Region XI (Davao Region)
25533,107.5525284,126.26250214083073,6.962500236119886,City of Mati (Capital),Davao Oriental,Region XI (Davao Region)
25534,108.2539597,126.28750214125463,6.962500236119886,City of Mati (Capital),Davao Oriental,Region XI (Davao Region)
25535,104.1820221,126.13750213871133,6.937500235272058,City of Mati (Capital),Davao Oriental,Region XI (Davao Region)
25536,104.3673935,126.1625021391352,6.937500235272058,City of Mati (Capital),Davao Oriental,Region XI (Davao Region)
25537,107.8612366,126.26250214083073,6.937500235272058,City of Mati (Capital),Davao Oriental,Region XI (Davao Region)
25538,108.3954315,126.28750214125463,6.937500235272058,City of Mati (Capital),Davao Oriental,Region XI (Davao Region)
25539,103.7249603,126.13750213871133,6.91250023442423,City of Mati (Capital),Davao Oriental,Region XI (Davao Region)
25540,105.5338287,126.1625021391352,6.91250023442423,City of Mati (Capital),Davao Oriental,Region XI (Davao Region)
25541,108.4317551,126.26250214083073,6.91250023442423,City of Mati (Capital),Davao Oriental,Region XI (Davao Region)
25542,108.5503693,126.28750214125463,6.91250023442423,City of Mati (Capital),Davao Oriental,Region XI (Davao Region)
25543,103.9414139,126.13750213871133,6.887500233576402,City of Mati (Capital),Davao Oriental,Region XI (Davao Region)
25544,105.7058792,126.1625021391352,6.887500233576402,City of Mati (Capital),Davao Oriental,Region XI (Davao Region)
25545,106.4531708,126.18750213955909,6.887500233576402,City of Mati (Capital),Davao Oriental,Region XI (Davao Region)
25546,108.4286041,126.28750214125463,6.887500233576402,City of Mati (Capital),Davao Oriental,Region XI (Davao Region)
25547,105.7114945,126.1625021391352,6.862500232728574,City of Mati (Capital),Davao Oriental,Region XI (Davao Region)
25548,108.500206,126.31250214167852,6.862500232728574,City of Mati (Capital),Davao Oriental,Region XI (Davao Region)
25549,108.3365097,126.33750214210242,6.862500232728574,City of Mati (Capital),Davao Oriental,Region XI (Davao Region)
25550,106.532608,126.1625021391352,6.837500231880746,City of Mati (Capital),Davao Oriental,Region XI (Davao Region)
25551,107.3688278,126.18750213955909,6.837500231880746,City of Mati (Capital),Davao Oriental,Region XI (Davao Region)
25552,107.7860947,126.28750214125463,6.837500231880746,City of Mati (Capital),Davao Oriental,Region XI (Davao Region)
25553,107.8258743,126.31250214167852,6.837500231880746,City of Mati (Capital),Davao Oriental,Region XI (Davao Region)
25554,107.9157105,126.33750214210242,6.837500231880746,City of Mati (Capital),Davao Oriental,Region XI (Davao Region)
25555,107.4651947,126.18750213955909,6.812500231032918,City of Mati (Capital),Davao Oriental,Region XI (Davao Region)
25556,107.6623917,126.21250213998296,6.812500231032918,City of Mati (Capital),Davao Oriental,Region XI (Davao Region)
25557,107.6808624,126.31250214167852,6.812500231032918,City of Mati (Capital),Davao Oriental,Region XI (Davao Region)
25558,107.5525284,126.33750214210242,6.812500231032918,City of Mati (Capital),Davao Oriental,Region XI (Davao Region)
25559,107.9754105,126.18750213955909,6.78750023018509,City of Mati (Capital),Davao Oriental,Region XI (Davao Region)
25560,107.9443359,126.21250213998296,6.78750023018509,City of Mati (Capital),Davao Oriental,Region XI (Davao Region)
25561,108.4565582,126.18750213955909,6.762500229337262,City of Mati (Capital),Davao Oriental,Region XI (Davao Region)
25562,108.2397156,126.21250213998296,6.762500229337262,City of Mati (Capital),Davao Oriental,Region XI (Davao Region)
25563,108.3111877,126.23750214040686,6.762500229337262,City of Mati (Capital),Davao Oriental,Region XI (Davao Region)
25564,108.3872452,126.21250213998296,6.737500228489434,City of Mati (Capital),Davao Oriental,Region XI (Davao Region)
25565,108.2310715,126.23750214040686,6.737500228489434,City of Mati (Capital),Davao Oriental,Region XI (Davao Region)
25566,108.8963089,126.18750213955909,6.712500227641606,City of Mati (Capital),Davao Oriental,Region XI (Davao Region)
25567,108.5407333,126.21250213998296,6.712500227641606,City of Mati (Capital),Davao Oriental,Region XI (Davao Region)
25568,108.5195923,126.23750214040686,6.712500227641606,City of Mati (Capital),Davao Oriental,Region XI (Davao Region)
25569,109.1546936,126.18750213955909,6.687500226793778,City of Mati (Capital),Davao Oriental,Region XI (Davao Region)
25570,108.6899262,126.21250213998296,6.687500226793778,City of Mati (Capital),Davao Oriental,Region XI (Davao Region)
25571,108.6451416,126.23750214040686,6.687500226793778,City of Mati (Capital),Davao Oriental,Region XI (Davao Region)
25572,110.1156921,126.1625021391352,6.66250022594595,City of Mati (Capital),Davao Oriental,Region XI (Davao Region)
25573,109.1951065,126.18750213955909,6.66250022594595,City of Mati (Capital),Davao Oriental,Region XI (Davao Region)
25574,108.6844482,126.21250213998296,6.66250022594595,City of Mati (Capital),Davao Oriental,Region XI (Davao Region)
25575,110.4429092,126.1625021391352,6.637500225098122,City of Mati (Capital),Davao Oriental,Region XI (Davao Region)
25576,109.6317291,126.18750213955909,6.637500225098122,City of Mati (Capital),Davao Oriental,Region XI (Davao Region)
25577,109.0858231,126.21250213998296,6.637500225098122,City of Mati (Capital),Davao Oriental,Region XI (Davao Region)
25578,109.8154068,126.18750213955909,6.612500224250294,City of Mati (Capital),Davao Oriental,Region XI (Davao Region)
25579,109.2791138,126.21250213998296,6.612500224250294,City of Mati (Capital),Davao Oriental,Region XI (Davao Region)
25580,109.9282684,126.18750213955909,6.587500223402466,City of Mati (Capital),Davao Oriental,Region XI (Davao Region)
25581,109.3854218,126.21250213998296,6.587500223402466,City of Mati (Capital),Davao Oriental,Region XI (Davao Region)
25582,110.2100372,126.18750213955909,6.562500222554638,City of Mati (Capital),Davao Oriental,Region XI (Davao Region)
25583,109.6104813,126.21250213998296,6.562500222554638,City of Mati (Capital),Davao Oriental,Region XI (Davao Region)
25584,110.771904,126.18750213955909,6.53750022170681,City of Mati (Capital),Davao Oriental,Region XI (Davao Region)
25585,110.1562119,126.21250213998296,6.53750022170681,City of Mati (Capital),Davao Oriental,Region XI (Davao Region)
25586,110.7913208,126.18750213955909,6.512500220858982,City of Mati (Capital),Davao Oriental,Region XI (Davao Region)
25587,111.0617905,126.18750213955909,6.487500220011154,City of Mati (Capital),Davao Oriental,Region XI (Davao Region)
25588,110.4869385,126.21250213998296,6.487500220011154,City of Mati (Capital),Davao Oriental,Region XI (Davao Region)
25589,111.3401947,126.18750213955909,6.462500219163326,City of Mati (Capital),Davao Oriental,Region XI (Davao Region)
25590,110.7320709,126.21250213998296,6.462500219163326,City of Mati (Capital),Davao Oriental,Region XI (Davao Region)
25591,111.4346314,126.18750213955909,6.437500218315498,City of Mati (Capital),Davao Oriental,Region XI (Davao Region)
25592,110.8352737,126.21250213998296,6.437500218315498,City of Mati (Capital),Davao Oriental,Region XI (Davao Region)
25593,111.3572311,126.18750213955909,6.41250021746767,City of Mati (Capital),Davao Oriental,Region XI (Davao Region)
25594,103.4162293,126.11250213828743,6.91250023442423,San Isidro,Davao Oriental,Region XI (Davao Region)
25595,103.2117767,126.08750213786352,6.887500233576402,San Isidro,Davao Oriental,Region XI (Davao Region)
25596,103.5929947,126.11250213828743,6.887500233576402,San Isidro,Davao Oriental,Region XI (Davao Region)
25597,103.8264771,126.08750213786352,6.862500232728574,San Isidro,Davao Oriental,Region XI (Davao Region)
25598,104.3271256,126.11250213828743,6.862500232728574,San Isidro,Davao Oriental,Region XI (Davao Region)
25599,105.5876236,126.13750213871133,6.862500232728574,San Isidro,Davao Oriental,Region XI (Davao Region)
25600,105.2225494,126.08750213786352,6.837500231880746,San Isidro,Davao Oriental,Region XI (Davao Region)
25601,105.7112198,126.11250213828743,6.837500231880746,San Isidro,Davao Oriental,Region XI (Davao Region)
25602,106.4081879,126.13750213871133,6.837500231880746,San Isidro,Davao Oriental,Region XI (Davao Region)
25603,105.4239349,126.08750213786352,6.812500231032918,San Isidro,Davao Oriental,Region XI (Davao Region)
25604,105.7783966,126.11250213828743,6.812500231032918,San Isidro,Davao Oriental,Region XI (Davao Region)
25605,106.0447083,126.13750213871133,6.812500231032918,San Isidro,Davao Oriental,Region XI (Davao Region)
25606,107.2192535,126.1625021391352,6.812500231032918,San Isidro,Davao Oriental,Region XI (Davao Region)
25607,106.3383408,126.08750213786352,6.78750023018509,San Isidro,Davao Oriental,Region XI (Davao Region)
25608,106.6893921,126.11250213828743,6.78750023018509,San Isidro,Davao Oriental,Region XI (Davao Region)
25609,107.0091934,126.13750213871133,6.78750023018509,San Isidro,Davao Oriental,Region XI (Davao Region)
25610,108.1570664,126.1625021391352,6.78750023018509,San Isidro,Davao Oriental,Region XI (Davao Region)
25611,107.1620789,126.08750213786352,6.762500229337262,San Isidro,Davao Oriental,Region XI (Davao Region)
25612,107.6401749,126.11250213828743,6.762500229337262,San Isidro,Davao Oriental,Region XI (Davao Region)
25613,108.6508408,126.13750213871133,6.762500229337262,San Isidro,Davao Oriental,Region XI (Davao Region)
25614,108.7275696,126.1625021391352,6.762500229337262,San Isidro,Davao Oriental,Region XI (Davao Region)
25615,108.3627319,126.11250213828743,6.737500228489434,San Isidro,Davao Oriental,Region XI (Davao Region)
25616,108.8666687,126.13750213871133,6.737500228489434,San Isidro,Davao Oriental,Region XI (Davao Region)
25617,108.9433594,126.1625021391352,6.737500228489434,San Isidro,Davao Oriental,Region XI (Davao Region)
25618,108.6494598,126.18750213955909,6.737500228489434,San Isidro,Davao Oriental,Region XI (Davao Region)
25619,108.7872696,126.11250213828743,6.712500227641606,San Isidro,Davao Oriental,Region XI (Davao Region)
25620,109.0217514,126.13750213871133,6.712500227641606,San Isidro,Davao Oriental,Region XI (Davao Region)
25621,109.6485672,126.1625021391352,6.712500227641606,San Isidro,Davao Oriental,Region XI (Davao Region)
25622,100.5548706,126.31250214167852,7.13750024205468,Tarragona,Davao Oriental,Region XI (Davao Region)
25623,101.451622,126.33750214210242,7.13750024205468,Tarragona,Davao Oriental,Region XI (Davao Region)
25624,101.9692841,126.36250214252628,7.13750024205468,Tarragona,Davao Oriental,Region XI (Davao Region)
25625,103.3148193,126.38750214295018,7.13750024205468,Tarragona,Davao Oriental,Region XI (Davao Region)
25626,104.9165039,126.41250214337408,7.13750024205468,Tarragona,Davao Oriental,Region XI (Davao Region)
25627,105.552887,126.43750214379796,7.13750024205468,Tarragona,Davao Oriental,Region XI (Davao Region)
25628,100.8732376,126.31250214167852,7.112500241206854,Tarragona,Davao Oriental,Region XI (Davao Region)
25629,101.8582916,126.33750214210242,7.112500241206854,Tarragona,Davao Oriental,Region XI (Davao Region)
25630,103.3962174,126.36250214252628,7.112500241206854,Tarragona,Davao Oriental,Region XI (Davao Region)
25631,103.717865,126.38750214295018,7.112500241206854,Tarragona,Davao Oriental,Region XI (Davao Region)
25632,105.1581497,126.41250214337408,7.112500241206854,Tarragona,Davao Oriental,Region XI (Davao Region)
25633,105.8602524,126.43750214379796,7.112500241206854,Tarragona,Davao Oriental,Region XI (Davao Region)
25634,103.0215759,126.31250214167852,7.087500240359026,Tarragona,Davao Oriental,Region XI (Davao Region)
25635,103.9248276,126.33750214210242,7.087500240359026,Tarragona,Davao Oriental,Region XI (Davao Region)
25636,105.348381,126.36250214252628,7.087500240359026,Tarragona,Davao Oriental,Region XI (Davao Region)
25637,105.4699631,126.38750214295018,7.087500240359026,Tarragona,Davao Oriental,Region XI (Davao Region)
25638,106.5625305,126.41250214337408,7.087500240359026,Tarragona,Davao Oriental,Region XI (Davao Region)
25639,107.2109375,126.43750214379796,7.087500240359026,Tarragona,Davao Oriental,Region XI (Davao Region)
25640,107.687233,126.46250214422184,7.087500240359026,Tarragona,Davao Oriental,Region XI (Davao Region)
25641,105.1490784,126.31250214167852,7.062500239511198,Tarragona,Davao Oriental,Region XI (Davao Region)
25642,106.7645874,126.33750214210242,7.062500239511198,Tarragona,Davao Oriental,Region XI (Davao Region)
25643,107.0289459,126.36250214252628,7.062500239511198,Tarragona,Davao Oriental,Region XI (Davao Region)
25644,107.1145248,126.38750214295018,7.062500239511198,Tarragona,Davao Oriental,Region XI (Davao Region)
25645,107.9580841,126.41250214337408,7.062500239511198,Tarragona,Davao Oriental,Region XI (Davao Region)
25646,109.1690064,126.43750214379796,7.062500239511198,Tarragona,Davao Oriental,Region XI (Davao Region)
25647,109.1767197,126.46250214422184,7.062500239511198,Tarragona,Davao Oriental,Region XI (Davao Region)
25648,106.0424576,126.28750214125463,7.03750023866337,Tarragona,Davao Oriental,Region XI (Davao Region)
25649,106.41362,126.31250214167852,7.03750023866337,Tarragona,Davao Oriental,Region XI (Davao Region)
25650,107.3331451,126.33750214210242,7.03750023866337,Tarragona,Davao Oriental,Region XI (Davao Region)
25651,107.5984879,126.36250214252628,7.03750023866337,Tarragona,Davao Oriental,Region XI (Davao Region)
25652,108.1132431,126.38750214295018,7.03750023866337,Tarragona,Davao Oriental,Region XI (Davao Region)
25653,108.9048538,126.41250214337408,7.03750023866337,Tarragona,Davao Oriental,Region XI (Davao Region)
25654,109.3661652,126.43750214379796,7.03750023866337,Tarragona,Davao Oriental,Region XI (Davao Region)
25655,108.8754349,126.38750214295018,7.012500237815542,Tarragona,Davao Oriental,Region XI (Davao Region)
25656,109.3920059,126.41250214337408,7.012500237815542,Tarragona,Davao Oriental,Region XI (Davao Region)
25657,109.674324,126.43750214379796,7.012500237815542,Tarragona,Davao Oriental,Region XI (Davao Region)
