unique id,value,lon,lat,municipality name,province name,region
25658,86.55387115,126.21250213998296,7.787500264098208,Compostela,Davao de Oro (Compostela Valley),Region XI (Davao Region)
25659,87.32806396,126.1625021391352,7.76250026325038,Compostela,Davao de Oro (Compostela Valley),Region XI (Davao Region)
25660,85.92887878,126.18750213955909,7.76250026325038,Compostela,Davao de Oro (Compostela Valley),Region XI (Davao Region)
25661,85.05052185,126.21250213998296,7.76250026325038,Compostela,Davao de Oro (Compostela Valley),Region XI (Davao Region)
25662,88.23204041,126.11250213828743,7.737500262402552,Compostela,Davao de Oro (Compostela Valley),Region XI (Davao Region)
25663,86.52384949,126.13750213871133,7.737500262402552,Compostela,Davao de Oro (Compostela Valley),Region XI (Davao Region)
25664,86.25263977,126.1625021391352,7.737500262402552,Compostela,Davao de Oro (Compostela Valley),Region XI (Davao Region)
25665,82.6595993,126.18750213955909,7.737500262402552,Compostela,Davao de Oro (Compostela Valley),Region XI (Davao Region)
25666,81.49658966,126.21250213998296,7.737500262402552,Compostela,Davao de Oro (Compostela Valley),Region XI (Davao Region)
25667,80.89529419,126.23750214040686,7.737500262402552,Compostela,Davao de Oro (Compostela Valley),Region XI (Davao Region)
25668,89.5275116,126.06250213743964,7.712500261554724,Compostela,Davao de Oro (Compostela Valley),Region XI (Davao Region)
25669,88.8966217,126.08750213786352,7.712500261554724,Compostela,Davao de Oro (Compostela Valley),Region XI (Davao Region)
25670,88.16584015,126.11250213828743,7.712500261554724,Compostela,Davao de Oro (Compostela Valley),Region XI (Davao Region)
25671,87.59849548,126.13750213871133,7.712500261554724,Compostela,Davao de Oro (Compostela Valley),Region XI (Davao Region)
25672,83.31237793,126.1625021391352,7.712500261554724,Compostela,Davao de Oro (Compostela Valley),Region XI (Davao Region)
25673,82.03965759,126.18750213955909,7.712500261554724,Compostela,Davao de Oro (Compostela Valley),Region XI (Davao Region)
25674,81.00430298,126.21250213998296,7.712500261554724,Compostela,Davao de Oro (Compostela Valley),Region XI (Davao Region)
25675,80.45602417,126.23750214040686,7.712500261554724,Compostela,Davao de Oro (Compostela Valley),Region XI (Davao Region)
25676,90.66688538,126.03750213701576,7.687500260706896,Compostela,Davao de Oro (Compostela Valley),Region XI (Davao Region)
25677,87.86533356,126.06250213743964,7.687500260706896,Compostela,Davao de Oro (Compostela Valley),Region XI (Davao Region)
25678,87.18763733,126.08750213786352,7.687500260706896,Compostela,Davao de Oro (Compostela Valley),Region XI (Davao Region)
25679,86.34376526,126.11250213828743,7.687500260706896,Compostela,Davao de Oro (Compostela Valley),Region XI (Davao Region)
25680,85.60408783,126.13750213871133,7.687500260706896,Compostela,Davao de Oro (Compostela Valley),Region XI (Davao Region)
25681,81.24685669,126.1625021391352,7.687500260706896,Compostela,Davao de Oro (Compostela Valley),Region XI (Davao Region)
25682,79.39777374,126.18750213955909,7.687500260706896,Compostela,Davao de Oro (Compostela Valley),Region XI (Davao Region)
25683,77.89373016,126.21250213998296,7.687500260706896,Compostela,Davao de Oro (Compostela Valley),Region XI (Davao Region)
25684,76.92723846,126.23750214040686,7.687500260706896,Compostela,Davao de Oro (Compostela Valley),Region XI (Davao Region)
25685,75.51073456,126.26250214083073,7.687500260706896,Compostela,Davao de Oro (Compostela Valley),Region XI (Davao Region)
25686,88.02309418,126.03750213701576,7.662500259859068,Compostela,Davao de Oro (Compostela Valley),Region XI (Davao Region)
25687,87.5166626,126.06250213743964,7.662500259859068,Compostela,Davao de Oro (Compostela Valley),Region XI (Davao Region)
25688,85.65096283,126.08750213786352,7.662500259859068,Compostela,Davao de Oro (Compostela Valley),Region XI (Davao Region)
25689,84.4213562,126.11250213828743,7.662500259859068,Compostela,Davao de Oro (Compostela Valley),Region XI (Davao Region)
25690,81.33785248,126.13750213871133,7.662500259859068,Compostela,Davao de Oro (Compostela Valley),Region XI (Davao Region)
25691,80.87266541,126.1625021391352,7.662500259859068,Compostela,Davao de Oro (Compostela Valley),Region XI (Davao Region)
25692,77.05063629,126.18750213955909,7.662500259859068,Compostela,Davao de Oro (Compostela Valley),Region XI (Davao Region)
25693,74.77793121,126.21250213998296,7.662500259859068,Compostela,Davao de Oro (Compostela Valley),Region XI (Davao Region)
25694,71.55732727,126.23750214040686,7.662500259859068,Compostela,Davao de Oro (Compostela Valley),Region XI (Davao Region)
25695,72.34380341,126.26250214083073,7.662500259859068,Compostela,Davao de Oro (Compostela Valley),Region XI (Davao Region)
25696,87.54998779,126.03750213701576,7.63750025901124,Compostela,Davao de Oro (Compostela Valley),Region XI (Davao Region)
25697,87.0447464,126.06250213743964,7.63750025901124,Compostela,Davao de Oro (Compostela Valley),Region XI (Davao Region)
25698,83.87623596,126.08750213786352,7.63750025901124,Compostela,Davao de Oro (Compostela Valley),Region XI (Davao Region)
25699,82.57283783,126.11250213828743,7.63750025901124,Compostela,Davao de Oro (Compostela Valley),Region XI (Davao Region)
25700,80.38110352,126.13750213871133,7.63750025901124,Compostela,Davao de Oro (Compostela Valley),Region XI (Davao Region)
25701,70.79121399,126.26250214083073,7.63750025901124,Compostela,Davao de Oro (Compostela Valley),Region XI (Davao Region)
25702,69.44830322,126.28750214125463,7.63750025901124,Compostela,Davao de Oro (Compostela Valley),Region XI (Davao Region)
25703,82.32479858,126.06250213743964,7.612500258163412,Compostela,Davao de Oro (Compostela Valley),Region XI (Davao Region)
25704,66.75042725,126.26250214083073,7.612500258163412,Compostela,Davao de Oro (Compostela Valley),Region XI (Davao Region)
25705,67.23806763,126.28750214125463,7.612500258163412,Compostela,Davao de Oro (Compostela Valley),Region XI (Davao Region)
25706,104.6048355,125.66250213065744,7.98750027088083,Laak (San Vicente),Davao de Oro (Compostela Valley),Region XI (Davao Region)
25707,103.1112976,125.68750213108135,7.98750027088083,Laak (San Vicente),Davao de Oro (Compostela Valley),Region XI (Davao Region)
25708,102.271431,125.71250213150525,7.98750027088083,Laak (San Vicente),Davao de Oro (Compostela Valley),Region XI (Davao Region)
25709,101.5959244,125.73750213192912,7.98750027088083,Laak (San Vicente),Davao de Oro (Compostela Valley),Region XI (Davao Region)
25710,95.42456055,125.91250213489634,7.98750027088083,Laak (San Vicente),Davao de Oro (Compostela Valley),Region XI (Davao Region)
25711,95.26717377,125.9375021353202,7.98750027088083,Laak (San Vicente),Davao de Oro (Compostela Valley),Region XI (Davao Region)
25712,106.1388016,125.66250213065744,7.962500270033004,Laak (San Vicente),Davao de Oro (Compostela Valley),Region XI (Davao Region)
25713,103.0613785,125.68750213108135,7.962500270033004,Laak (San Vicente),Davao de Oro (Compostela Valley),Region XI (Davao Region)
25714,101.8929825,125.71250213150525,7.962500270033004,Laak (San Vicente),Davao de Oro (Compostela Valley),Region XI (Davao Region)
25715,100.1799698,125.73750213192912,7.962500270033004,Laak (San Vicente),Davao de Oro (Compostela Valley),Region XI (Davao Region)
25716,99.97099304,125.762502132353,7.962500270033004,Laak (San Vicente),Davao de Oro (Compostela Valley),Region XI (Davao Region)
25717,97.93076324,125.81250213320078,7.962500270033004,Laak (San Vicente),Davao de Oro (Compostela Valley),Region XI (Davao Region)
25718,97.30870056,125.83750213362465,7.962500270033004,Laak (San Vicente),Davao de Oro (Compostela Valley),Region XI (Davao Region)
25719,94.58598328,125.9375021353202,7.962500270033004,Laak (San Vicente),Davao de Oro (Compostela Valley),Region XI (Davao Region)
25720,106.5696793,125.66250213065744,7.937500269185176,Laak (San Vicente),Davao de Oro (Compostela Valley),Region XI (Davao Region)
25721,103.9479141,125.68750213108135,7.937500269185176,Laak (San Vicente),Davao de Oro (Compostela Valley),Region XI (Davao Region)
25722,102.7541962,125.71250213150525,7.937500269185176,Laak (San Vicente),Davao de Oro (Compostela Valley),Region XI (Davao Region)
25723,100.4414673,125.73750213192912,7.937500269185176,Laak (San Vicente),Davao de Oro (Compostela Valley),Region XI (Davao Region)
25724,100.2324905,125.762502132353,7.937500269185176,Laak (San Vicente),Davao de Oro (Compostela Valley),Region XI (Davao Region)
25725,99.63596344,125.78750213277688,7.937500269185176,Laak (San Vicente),Davao de Oro (Compostela Valley),Region XI (Davao Region)
25726,98.62503052,125.81250213320078,7.937500269185176,Laak (San Vicente),Davao de Oro (Compostela Valley),Region XI (Davao Region)
25727,97.59412384,125.83750213362465,7.937500269185176,Laak (San Vicente),Davao de Oro (Compostela Valley),Region XI (Davao Region)
25728,97.527771,125.86250213404855,7.937500269185176,Laak (San Vicente),Davao de Oro (Compostela Valley),Region XI (Davao Region)
25729,95.77127838,125.91250213489634,7.937500269185176,Laak (San Vicente),Davao de Oro (Compostela Valley),Region XI (Davao Region)
25730,94.93596649,125.9375021353202,7.937500269185176,Laak (San Vicente),Davao de Oro (Compostela Valley),Region XI (Davao Region)
25731,103.2125397,125.68750213108135,7.912500268337348,Laak (San Vicente),Davao de Oro (Compostela Valley),Region XI (Davao Region)
25732,102.3282166,125.71250213150525,7.912500268337348,Laak (San Vicente),Davao de Oro (Compostela Valley),Region XI (Davao Region)
25733,101.5576553,125.73750213192912,7.912500268337348,Laak (San Vicente),Davao de Oro (Compostela Valley),Region XI (Davao Region)
25734,99.07809448,125.762502132353,7.912500268337348,Laak (San Vicente),Davao de Oro (Compostela Valley),Region XI (Davao Region)
25735,99.0351181,125.78750213277688,7.912500268337348,Laak (San Vicente),Davao de Oro (Compostela Valley),Region XI (Davao Region)
25736,98.05743408,125.81250213320078,7.912500268337348,Laak (San Vicente),Davao de Oro (Compostela Valley),Region XI (Davao Region)
25737,97.55142975,125.83750213362465,7.912500268337348,Laak (San Vicente),Davao de Oro (Compostela Valley),Region XI (Davao Region)
25738,96.87429047,125.86250213404855,7.912500268337348,Laak (San Vicente),Davao de Oro (Compostela Valley),Region XI (Davao Region)
25739,95.82609558,125.88750213447244,7.912500268337348,Laak (San Vicente),Davao de Oro (Compostela Valley),Region XI (Davao Region)
25740,95.22001648,125.91250213489634,7.912500268337348,Laak (San Vicente),Davao de Oro (Compostela Valley),Region XI (Davao Region)
25741,95.0248642,125.9375021353202,7.912500268337348,Laak (San Vicente),Davao de Oro (Compostela Valley),Region XI (Davao Region)
25742,102.678299,125.68750213108135,7.88750026748952,Laak (San Vicente),Davao de Oro (Compostela Valley),Region XI (Davao Region)
25743,101.7687225,125.71250213150525,7.88750026748952,Laak (San Vicente),Davao de Oro (Compostela Valley),Region XI (Davao Region)
25744,101.0488739,125.73750213192912,7.88750026748952,Laak (San Vicente),Davao de Oro (Compostela Valley),Region XI (Davao Region)
25745,98.57756042,125.762502132353,7.88750026748952,Laak (San Vicente),Davao de Oro (Compostela Valley),Region XI (Davao Region)
25746,98.4786911,125.78750213277688,7.88750026748952,Laak (San Vicente),Davao de Oro (Compostela Valley),Region XI (Davao Region)
25747,97.50242615,125.81250213320078,7.88750026748952,Laak (San Vicente),Davao de Oro (Compostela Valley),Region XI (Davao Region)
25748,97.06430817,125.83750213362465,7.88750026748952,Laak (San Vicente),Davao de Oro (Compostela Valley),Region XI (Davao Region)
25749,96.40343475,125.86250213404855,7.88750026748952,Laak (San Vicente),Davao de Oro (Compostela Valley),Region XI (Davao Region)
25750,95.26856995,125.88750213447244,7.88750026748952,Laak (San Vicente),Davao de Oro (Compostela Valley),Region XI (Davao Region)
25751,94.66880798,125.91250213489634,7.88750026748952,Laak (San Vicente),Davao de Oro (Compostela Valley),Region XI (Davao Region)
25752,94.56694031,125.9375021353202,7.88750026748952,Laak (San Vicente),Davao de Oro (Compostela Valley),Region XI (Davao Region)
25753,103.037323,125.68750213108135,7.862500266641692,Laak (San Vicente),Davao de Oro (Compostela Valley),Region XI (Davao Region)
25754,101.7680969,125.71250213150525,7.862500266641692,Laak (San Vicente),Davao de Oro (Compostela Valley),Region XI (Davao Region)
25755,100.0316467,125.73750213192912,7.862500266641692,Laak (San Vicente),Davao de Oro (Compostela Valley),Region XI (Davao Region)
25756,99.81147003,125.762502132353,7.862500266641692,Laak (San Vicente),Davao de Oro (Compostela Valley),Region XI (Davao Region)
25757,98.64207458,125.78750213277688,7.862500266641692,Laak (San Vicente),Davao de Oro (Compostela Valley),Region XI (Davao Region)
25758,97.6407547,125.81250213320078,7.862500266641692,Laak (San Vicente),Davao de Oro (Compostela Valley),Region XI (Davao Region)
25759,97.21572113,125.83750213362465,7.862500266641692,Laak (San Vicente),Davao de Oro (Compostela Valley),Region XI (Davao Region)
25760,97.1658783,125.86250213404855,7.862500266641692,Laak (San Vicente),Davao de Oro (Compostela Valley),Region XI (Davao Region)
25761,95.47058868,125.88750213447244,7.862500266641692,Laak (San Vicente),Davao de Oro (Compostela Valley),Region XI (Davao Region)
25762,94.82189178,125.91250213489634,7.862500266641692,Laak (San Vicente),Davao de Oro (Compostela Valley),Region XI (Davao Region)
25763,103.5760574,125.68750213108135,7.837500265793864,Laak (San Vicente),Davao de Oro (Compostela Valley),Region XI (Davao Region)
25764,102.3085938,125.71250213150525,7.837500265793864,Laak (San Vicente),Davao de Oro (Compostela Valley),Region XI (Davao Region)
25765,99.90196991,125.73750213192912,7.837500265793864,Laak (San Vicente),Davao de Oro (Compostela Valley),Region XI (Davao Region)
25766,99.68301392,125.762502132353,7.837500265793864,Laak (San Vicente),Davao de Oro (Compostela Valley),Region XI (Davao Region)
25767,99.16950989,125.78750213277688,7.837500265793864,Laak (San Vicente),Davao de Oro (Compostela Valley),Region XI (Davao Region)
25768,98.16532898,125.81250213320078,7.837500265793864,Laak (San Vicente),Davao de Oro (Compostela Valley),Region XI (Davao Region)
25769,97.10421753,125.83750213362465,7.837500265793864,Laak (San Vicente),Davao de Oro (Compostela Valley),Region XI (Davao Region)
25770,97.05471039,125.86250213404855,7.837500265793864,Laak (San Vicente),Davao de Oro (Compostela Valley),Region XI (Davao Region)
25771,96.0657196,125.88750213447244,7.837500265793864,Laak (San Vicente),Davao de Oro (Compostela Valley),Region XI (Davao Region)
25772,95.43419647,125.91250213489634,7.837500265793864,Laak (San Vicente),Davao de Oro (Compostela Valley),Region XI (Davao Region)
25773,101.3162155,125.73750213192912,7.812500264946036,Laak (San Vicente),Davao de Oro (Compostela Valley),Region XI (Davao Region)
25774,98.84187317,125.762502132353,7.812500264946036,Laak (San Vicente),Davao de Oro (Compostela Valley),Region XI (Davao Region)
25775,98.82146454,125.78750213277688,7.812500264946036,Laak (San Vicente),Davao de Oro (Compostela Valley),Region XI (Davao Region)
25776,97.84583282,125.81250213320078,7.812500264946036,Laak (San Vicente),Davao de Oro (Compostela Valley),Region XI (Davao Region)
25777,97.3343811,125.83750213362465,7.812500264946036,Laak (San Vicente),Davao de Oro (Compostela Valley),Region XI (Davao Region)
25778,96.72220612,125.86250213404855,7.812500264946036,Laak (San Vicente),Davao de Oro (Compostela Valley),Region XI (Davao Region)
25779,95.734375,125.88750213447244,7.812500264946036,Laak (San Vicente),Davao de Oro (Compostela Valley),Region XI (Davao Region)
25780,95.17228699,125.91250213489634,7.812500264946036,Laak (San Vicente),Davao de Oro (Compostela Valley),Region XI (Davao Region)
25781,101.6560135,125.73750213192912,7.787500264098208,Laak (San Vicente),Davao de Oro (Compostela Valley),Region XI (Davao Region)
25782,99.18782806,125.762502132353,7.787500264098208,Laak (San Vicente),Davao de Oro (Compostela Valley),Region XI (Davao Region)
25783,99.07505035,125.78750213277688,7.787500264098208,Laak (San Vicente),Davao de Oro (Compostela Valley),Region XI (Davao Region)
25784,98.09236908,125.81250213320078,7.787500264098208,Laak (San Vicente),Davao de Oro (Compostela Valley),Region XI (Davao Region)
25785,97.66207886,125.83750213362465,7.787500264098208,Laak (San Vicente),Davao de Oro (Compostela Valley),Region XI (Davao Region)
25786,97.04434204,125.86250213404855,7.787500264098208,Laak (San Vicente),Davao de Oro (Compostela Valley),Region XI (Davao Region)
25787,95.96611023,125.88750213447244,7.787500264098208,Laak (San Vicente),Davao de Oro (Compostela Valley),Region XI (Davao Region)
25788,99.88709259,125.73750213192912,7.76250026325038,Laak (San Vicente),Davao de Oro (Compostela Valley),Region XI (Davao Region)
25789,99.67970276,125.762502132353,7.76250026325038,Laak (San Vicente),Davao de Oro (Compostela Valley),Region XI (Davao Region)
25790,98.45471954,125.78750213277688,7.76250026325038,Laak (San Vicente),Davao de Oro (Compostela Valley),Region XI (Davao Region)
25791,97.44809723,125.81250213320078,7.76250026325038,Laak (San Vicente),Davao de Oro (Compostela Valley),Region XI (Davao Region)
25792,97.09793854,125.83750213362465,7.76250026325038,Laak (San Vicente),Davao de Oro (Compostela Valley),Region XI (Davao Region)
25793,97.04133606,125.86250213404855,7.76250026325038,Laak (San Vicente),Davao de Oro (Compostela Valley),Region XI (Davao Region)
25794,95.45079803,125.88750213447244,7.76250026325038,Laak (San Vicente),Davao de Oro (Compostela Valley),Region XI (Davao Region)
25795,99.23542786,125.762502132353,7.737500262402552,Laak (San Vicente),Davao de Oro (Compostela Valley),Region XI (Davao Region)
25796,98.64847565,125.78750213277688,7.737500262402552,Laak (San Vicente),Davao de Oro (Compostela Valley),Region XI (Davao Region)
25797,97.64358521,125.81250213320078,7.737500262402552,Laak (San Vicente),Davao de Oro (Compostela Valley),Region XI (Davao Region)
25798,96.67016602,125.83750213362465,7.737500262402552,Laak (San Vicente),Davao de Oro (Compostela Valley),Region XI (Davao Region)
25799,98.77832031,125.78750213277688,7.712500261554724,Laak (San Vicente),Davao de Oro (Compostela Valley),Region XI (Davao Region)
25800,97.80458069,125.81250213320078,7.712500261554724,Laak (San Vicente),Davao de Oro (Compostela Valley),Region XI (Davao Region)
25801,97.00656128,125.78750213277688,7.687500260706896,Laak (San Vicente),Davao de Oro (Compostela Valley),Region XI (Davao Region)
25802,96.0500946,125.81250213320078,7.687500260706896,Laak (San Vicente),Davao de Oro (Compostela Valley),Region XI (Davao Region)
25803,84.24864197,125.86250213404855,7.337500248837304,Mabini (Doña Alicia),Davao de Oro (Compostela Valley),Region XI (Davao Region)
25804,84.50991058,125.88750213447244,7.337500248837304,Mabini (Doña Alicia),Davao de Oro (Compostela Valley),Region XI (Davao Region)
25805,84.51493835,125.91250213489634,7.337500248837304,Mabini (Doña Alicia),Davao de Oro (Compostela Valley),Region XI (Davao Region)
25806,84.64026642,125.9375021353202,7.337500248837304,Mabini (Doña Alicia),Davao de Oro (Compostela Valley),Region XI (Davao Region)
25807,83.87576294,125.9625021357441,7.337500248837304,Mabini (Doña Alicia),Davao de Oro (Compostela Valley),Region XI (Davao Region)
25808,84.70087433,125.987502136168,7.337500248837304,Mabini (Doña Alicia),Davao de Oro (Compostela Valley),Region XI (Davao Region)
25809,84.85562897,126.01250213659188,7.337500248837304,Mabini (Doña Alicia),Davao de Oro (Compostela Valley),Region XI (Davao Region)
25810,83.24217224,126.03750213701576,7.337500248837304,Mabini (Doña Alicia),Davao de Oro (Compostela Valley),Region XI (Davao Region)
25811,85.96643066,125.86250213404855,7.312500247989476,Mabini (Doña Alicia),Davao de Oro (Compostela Valley),Region XI (Davao Region)
25812,86.11784363,125.88750213447244,7.312500247989476,Mabini (Doña Alicia),Davao de Oro (Compostela Valley),Region XI (Davao Region)
25813,86.30516815,125.91250213489634,7.312500247989476,Mabini (Doña Alicia),Davao de Oro (Compostela Valley),Region XI (Davao Region)
25814,86.4380722,125.9375021353202,7.312500247989476,Mabini (Doña Alicia),Davao de Oro (Compostela Valley),Region XI (Davao Region)
25815,87.30014038,125.9625021357441,7.312500247989476,Mabini (Doña Alicia),Davao de Oro (Compostela Valley),Region XI (Davao Region)
25816,87.36092377,125.987502136168,7.312500247989476,Mabini (Doña Alicia),Davao de Oro (Compostela Valley),Region XI (Davao Region)
25817,87.55400848,126.01250213659188,7.312500247989476,Mabini (Doña Alicia),Davao de Oro (Compostela Valley),Region XI (Davao Region)
25818,87.08265686,126.03750213701576,7.312500247989476,Mabini (Doña Alicia),Davao de Oro (Compostela Valley),Region XI (Davao Region)
25819,87.14794159,125.86250213404855,7.287500247141648,Mabini (Doña Alicia),Davao de Oro (Compostela Valley),Region XI (Davao Region)
25820,87.71579742,125.88750213447244,7.287500247141648,Mabini (Doña Alicia),Davao de Oro (Compostela Valley),Region XI (Davao Region)
25821,88.18963623,125.91250213489634,7.287500247141648,Mabini (Doña Alicia),Davao de Oro (Compostela Valley),Region XI (Davao Region)
25822,88.50408173,125.9375021353202,7.287500247141648,Mabini (Doña Alicia),Davao de Oro (Compostela Valley),Region XI (Davao Region)
25823,89.90007782,125.9625021357441,7.287500247141648,Mabini (Doña Alicia),Davao de Oro (Compostela Valley),Region XI (Davao Region)
25824,90.08596039,125.987502136168,7.287500247141648,Mabini (Doña Alicia),Davao de Oro (Compostela Valley),Region XI (Davao Region)
25825,90.42214966,126.01250213659188,7.287500247141648,Mabini (Doña Alicia),Davao de Oro (Compostela Valley),Region XI (Davao Region)
25826,90.52825165,126.03750213701576,7.287500247141648,Mabini (Doña Alicia),Davao de Oro (Compostela Valley),Region XI (Davao Region)
25827,86.89913177,125.86250213404855,7.26250024629382,Mabini (Doña Alicia),Davao de Oro (Compostela Valley),Region XI (Davao Region)
25828,87.78980255,125.88750213447244,7.26250024629382,Mabini (Doña Alicia),Davao de Oro (Compostela Valley),Region XI (Davao Region)
25829,88.46858978,125.91250213489634,7.26250024629382,Mabini (Doña Alicia),Davao de Oro (Compostela Valley),Region XI (Davao Region)
25830,89.92776489,125.9375021353202,7.26250024629382,Mabini (Doña Alicia),Davao de Oro (Compostela Valley),Region XI (Davao Region)
25831,90.10888672,125.9625021357441,7.26250024629382,Mabini (Doña Alicia),Davao de Oro (Compostela Valley),Region XI (Davao Region)
25832,83.51068115,125.86250213404855,7.462500253076444,Maco,Davao de Oro (Compostela Valley),Region XI (Davao Region)
25833,83.16579437,125.88750213447244,7.462500253076444,Maco,Davao de Oro (Compostela Valley),Region XI (Davao Region)
25834,82.78827667,125.91250213489634,7.462500253076444,Maco,Davao de Oro (Compostela Valley),Region XI (Davao Region)
25835,83.1150589,125.83750213362465,7.437500252228616,Maco,Davao de Oro (Compostela Valley),Region XI (Davao Region)
25836,83.07479095,125.86250213404855,7.437500252228616,Maco,Davao de Oro (Compostela Valley),Region XI (Davao Region)
25837,82.67180634,125.88750213447244,7.437500252228616,Maco,Davao de Oro (Compostela Valley),Region XI (Davao Region)
25838,82.30966187,125.91250213489634,7.437500252228616,Maco,Davao de Oro (Compostela Valley),Region XI (Davao Region)
25839,81.65065765,125.9375021353202,7.437500252228616,Maco,Davao de Oro (Compostela Valley),Region XI (Davao Region)
25840,80.54660034,125.9625021357441,7.437500252228616,Maco,Davao de Oro (Compostela Valley),Region XI (Davao Region)
25841,80.34881592,125.987502136168,7.437500252228616,Maco,Davao de Oro (Compostela Valley),Region XI (Davao Region)
25842,80.09648895,126.01250213659188,7.437500252228616,Maco,Davao de Oro (Compostela Valley),Region XI (Davao Region)
25843,77.41902161,126.03750213701576,7.437500252228616,Maco,Davao de Oro (Compostela Valley),Region XI (Davao Region)
25844,83.32197571,125.86250213404855,7.412500251380788,Maco,Davao de Oro (Compostela Valley),Region XI (Davao Region)
25845,82.80666351,125.88750213447244,7.412500251380788,Maco,Davao de Oro (Compostela Valley),Region XI (Davao Region)
25846,82.5300293,125.91250213489634,7.412500251380788,Maco,Davao de Oro (Compostela Valley),Region XI (Davao Region)
25847,82.44721985,125.9375021353202,7.412500251380788,Maco,Davao de Oro (Compostela Valley),Region XI (Davao Region)
25848,81.17373657,125.9625021357441,7.412500251380788,Maco,Davao de Oro (Compostela Valley),Region XI (Davao Region)
25849,80.68017578,125.987502136168,7.412500251380788,Maco,Davao de Oro (Compostela Valley),Region XI (Davao Region)
25850,80.55579376,126.01250213659188,7.412500251380788,Maco,Davao de Oro (Compostela Valley),Region XI (Davao Region)
25851,79.33460236,126.03750213701576,7.412500251380788,Maco,Davao de Oro (Compostela Valley),Region XI (Davao Region)
25852,77.08695221,126.06250213743964,7.412500251380788,Maco,Davao de Oro (Compostela Valley),Region XI (Davao Region)
25853,83.68293762,125.83750213362465,7.38750025053296,Maco,Davao de Oro (Compostela Valley),Region XI (Davao Region)
25854,83.64686584,125.86250213404855,7.38750025053296,Maco,Davao de Oro (Compostela Valley),Region XI (Davao Region)
25855,83.17750549,125.88750213447244,7.38750025053296,Maco,Davao de Oro (Compostela Valley),Region XI (Davao Region)
25856,83.00518799,125.91250213489634,7.38750025053296,Maco,Davao de Oro (Compostela Valley),Region XI (Davao Region)
25857,83.08078766,125.9375021353202,7.38750025053296,Maco,Davao de Oro (Compostela Valley),Region XI (Davao Region)
25858,82.00945282,125.9625021357441,7.38750025053296,Maco,Davao de Oro (Compostela Valley),Region XI (Davao Region)
25859,81.50325775,125.987502136168,7.38750025053296,Maco,Davao de Oro (Compostela Valley),Region XI (Davao Region)
25860,81.48429108,126.01250213659188,7.38750025053296,Maco,Davao de Oro (Compostela Valley),Region XI (Davao Region)
25861,80.66532135,126.03750213701576,7.38750025053296,Maco,Davao de Oro (Compostela Valley),Region XI (Davao Region)
25862,78.55886841,126.06250213743964,7.38750025053296,Maco,Davao de Oro (Compostela Valley),Region XI (Davao Region)
25863,84.10161591,125.86250213404855,7.362500249685132,Maco,Davao de Oro (Compostela Valley),Region XI (Davao Region)
25864,83.51516724,125.88750213447244,7.362500249685132,Maco,Davao de Oro (Compostela Valley),Region XI (Davao Region)
25865,83.44293976,125.91250213489634,7.362500249685132,Maco,Davao de Oro (Compostela Valley),Region XI (Davao Region)
25866,83.97222137,125.9375021353202,7.362500249685132,Maco,Davao de Oro (Compostela Valley),Region XI (Davao Region)
25867,83.21396637,125.9625021357441,7.362500249685132,Maco,Davao de Oro (Compostela Valley),Region XI (Davao Region)
25868,82.26441193,125.987502136168,7.362500249685132,Maco,Davao de Oro (Compostela Valley),Region XI (Davao Region)
25869,82.32145691,126.01250213659188,7.362500249685132,Maco,Davao de Oro (Compostela Valley),Region XI (Davao Region)
25870,81.95316315,126.03750213701576,7.362500249685132,Maco,Davao de Oro (Compostela Valley),Region XI (Davao Region)
25871,76.65136719,126.08750213786352,7.412500251380788,Maragusan (San Mariano),Davao de Oro (Compostela Valley),Region XI (Davao Region)
25872,75.97255707,126.11250213828743,7.412500251380788,Maragusan (San Mariano),Davao de Oro (Compostela Valley),Region XI (Davao Region)
25873,75.26622009,126.13750213871133,7.412500251380788,Maragusan (San Mariano),Davao de Oro (Compostela Valley),Region XI (Davao Region)
25874,71.59137726,126.1625021391352,7.412500251380788,Maragusan (San Mariano),Davao de Oro (Compostela Valley),Region XI (Davao Region)
25875,68.62870789,126.18750213955909,7.412500251380788,Maragusan (San Mariano),Davao de Oro (Compostela Valley),Region XI (Davao Region)
25876,77.95893097,126.08750213786352,7.38750025053296,Maragusan (San Mariano),Davao de Oro (Compostela Valley),Region XI (Davao Region)
25877,77.39251709,126.11250213828743,7.38750025053296,Maragusan (San Mariano),Davao de Oro (Compostela Valley),Region XI (Davao Region)
25878,77.06591034,126.13750213871133,7.38750025053296,Maragusan (San Mariano),Davao de Oro (Compostela Valley),Region XI (Davao Region)
25879,73.42459106,126.1625021391352,7.38750025053296,Maragusan (San Mariano),Davao de Oro (Compostela Valley),Region XI (Davao Region)
25880,70.46154022,126.18750213955909,7.38750025053296,Maragusan (San Mariano),Davao de Oro (Compostela Valley),Region XI (Davao Region)
25881,68.724617,126.21250213998296,7.38750025053296,Maragusan (San Mariano),Davao de Oro (Compostela Valley),Region XI (Davao Region)
25882,68.23769379,126.23750214040686,7.38750025053296,Maragusan (San Mariano),Davao de Oro (Compostela Valley),Region XI (Davao Region)
25883,68.29558563,126.26250214083073,7.38750025053296,Maragusan (San Mariano),Davao de Oro (Compostela Valley),Region XI (Davao Region)
25884,81.52680969,126.06250213743964,7.362500249685132,Maragusan (San Mariano),Davao de Oro (Compostela Valley),Region XI (Davao Region)
25885,79.26222229,126.08750213786352,7.362500249685132,Maragusan (San Mariano),Davao de Oro (Compostela Valley),Region XI (Davao Region)
25886,78.57454681,126.11250213828743,7.362500249685132,Maragusan (San Mariano),Davao de Oro (Compostela Valley),Region XI (Davao Region)
25887,77.97228241,126.13750213871133,7.362500249685132,Maragusan (San Mariano),Davao de Oro (Compostela Valley),Region XI (Davao Region)
25888,77.69625854,126.1625021391352,7.362500249685132,Maragusan (San Mariano),Davao de Oro (Compostela Valley),Region XI (Davao Region)
25889,72.30634308,126.18750213955909,7.362500249685132,Maragusan (San Mariano),Davao de Oro (Compostela Valley),Region XI (Davao Region)
25890,70.43423462,126.21250213998296,7.362500249685132,Maragusan (San Mariano),Davao de Oro (Compostela Valley),Region XI (Davao Region)
25891,70.15035248,126.23750214040686,7.362500249685132,Maragusan (San Mariano),Davao de Oro (Compostela Valley),Region XI (Davao Region)
25892,71.93250275,126.26250214083073,7.362500249685132,Maragusan (San Mariano),Davao de Oro (Compostela Valley),Region XI (Davao Region)
25893,70.75288391,126.28750214125463,7.362500249685132,Maragusan (San Mariano),Davao de Oro (Compostela Valley),Region XI (Davao Region)
25894,82.81070709,126.06250213743964,7.337500248837304,Maragusan (San Mariano),Davao de Oro (Compostela Valley),Region XI (Davao Region)
25895,83.34120941,126.08750213786352,7.337500248837304,Maragusan (San Mariano),Davao de Oro (Compostela Valley),Region XI (Davao Region)
25896,82.75852966,126.11250213828743,7.337500248837304,Maragusan (San Mariano),Davao de Oro (Compostela Valley),Region XI (Davao Region)
25897,79.94669342,126.13750213871133,7.337500248837304,Maragusan (San Mariano),Davao de Oro (Compostela Valley),Region XI (Davao Region)
25898,79.6703186,126.1625021391352,7.337500248837304,Maragusan (San Mariano),Davao de Oro (Compostela Valley),Region XI (Davao Region)
25899,77.40093994,126.18750213955909,7.337500248837304,Maragusan (San Mariano),Davao de Oro (Compostela Valley),Region XI (Davao Region)
25900,75.49862671,126.21250213998296,7.337500248837304,Maragusan (San Mariano),Davao de Oro (Compostela Valley),Region XI (Davao Region)
25901,72.22817993,126.23750214040686,7.337500248837304,Maragusan (San Mariano),Davao de Oro (Compostela Valley),Region XI (Davao Region)
25902,74.06821442,126.26250214083073,7.337500248837304,Maragusan (San Mariano),Davao de Oro (Compostela Valley),Region XI (Davao Region)
25903,76.1060257,126.28750214125463,7.337500248837304,Maragusan (San Mariano),Davao de Oro (Compostela Valley),Region XI (Davao Region)
25904,86.71154785,126.06250213743964,7.312500247989476,Maragusan (San Mariano),Davao de Oro (Compostela Valley),Region XI (Davao Region)
25905,86.56627655,126.08750213786352,7.312500247989476,Maragusan (San Mariano),Davao de Oro (Compostela Valley),Region XI (Davao Region)
25906,86.20754242,126.11250213828743,7.312500247989476,Maragusan (San Mariano),Davao de Oro (Compostela Valley),Region XI (Davao Region)
25907,85.73950958,126.13750213871133,7.312500247989476,Maragusan (San Mariano),Davao de Oro (Compostela Valley),Region XI (Davao Region)
25908,83.03166199,126.1625021391352,7.312500247989476,Maragusan (San Mariano),Davao de Oro (Compostela Valley),Region XI (Davao Region)
25909,80.90679169,126.18750213955909,7.312500247989476,Maragusan (San Mariano),Davao de Oro (Compostela Valley),Region XI (Davao Region)
25910,79.38510132,126.21250213998296,7.312500247989476,Maragusan (San Mariano),Davao de Oro (Compostela Valley),Region XI (Davao Region)
25911,78.54328156,126.23750214040686,7.312500247989476,Maragusan (San Mariano),Davao de Oro (Compostela Valley),Region XI (Davao Region)
25912,78.35331726,126.26250214083073,7.312500247989476,Maragusan (San Mariano),Davao de Oro (Compostela Valley),Region XI (Davao Region)
25913,79.34269714,126.28750214125463,7.312500247989476,Maragusan (San Mariano),Davao de Oro (Compostela Valley),Region XI (Davao Region)
25914,90.38548279,126.06250213743964,7.287500247141648,Maragusan (San Mariano),Davao de Oro (Compostela Valley),Region XI (Davao Region)
25915,90.04222107,126.08750213786352,7.287500247141648,Maragusan (San Mariano),Davao de Oro (Compostela Valley),Region XI (Davao Region)
25916,89.81850433,126.11250213828743,7.287500247141648,Maragusan (San Mariano),Davao de Oro (Compostela Valley),Region XI (Davao Region)
25917,89.80802917,126.13750213871133,7.287500247141648,Maragusan (San Mariano),Davao de Oro (Compostela Valley),Region XI (Davao Region)
25918,87.0984726,126.1625021391352,7.287500247141648,Maragusan (San Mariano),Davao de Oro (Compostela Valley),Region XI (Davao Region)
25919,84.81057739,126.18750213955909,7.287500247141648,Maragusan (San Mariano),Davao de Oro (Compostela Valley),Region XI (Davao Region)
25920,83.40772247,126.21250213998296,7.287500247141648,Maragusan (San Mariano),Davao de Oro (Compostela Valley),Region XI (Davao Region)
25921,82.98806,126.23750214040686,7.287500247141648,Maragusan (San Mariano),Davao de Oro (Compostela Valley),Region XI (Davao Region)
25922,82.44107056,126.26250214083073,7.287500247141648,Maragusan (San Mariano),Davao de Oro (Compostela Valley),Region XI (Davao Region)
25923,82.84976196,126.28750214125463,7.287500247141648,Maragusan (San Mariano),Davao de Oro (Compostela Valley),Region XI (Davao Region)
25924,90.62237549,126.11250213828743,7.26250024629382,Maragusan (San Mariano),Davao de Oro (Compostela Valley),Region XI (Davao Region)
25925,91.0869751,126.13750213871133,7.26250024629382,Maragusan (San Mariano),Davao de Oro (Compostela Valley),Region XI (Davao Region)
25926,90.90547943,126.1625021391352,7.26250024629382,Maragusan (San Mariano),Davao de Oro (Compostela Valley),Region XI (Davao Region)
25927,84.75466919,125.9625021357441,7.562500256467756,Mawab,Davao de Oro (Compostela Valley),Region XI (Davao Region)
25928,84.17442322,125.9375021353202,7.537500255619928,Mawab,Davao de Oro (Compostela Valley),Region XI (Davao Region)
25929,83.30149078,125.9625021357441,7.537500255619928,Mawab,Davao de Oro (Compostela Valley),Region XI (Davao Region)
25930,81.89693451,125.987502136168,7.537500255619928,Mawab,Davao de Oro (Compostela Valley),Region XI (Davao Region)
25931,84.54772186,125.86250213404855,7.5125002547721,Mawab,Davao de Oro (Compostela Valley),Region XI (Davao Region)
25932,83.98643494,125.88750213447244,7.5125002547721,Mawab,Davao de Oro (Compostela Valley),Region XI (Davao Region)
25933,83.62819672,125.91250213489634,7.5125002547721,Mawab,Davao de Oro (Compostela Valley),Region XI (Davao Region)
25934,83.50408173,125.9375021353202,7.5125002547721,Mawab,Davao de Oro (Compostela Valley),Region XI (Davao Region)
25935,81.52175903,125.9625021357441,7.5125002547721,Mawab,Davao de Oro (Compostela Valley),Region XI (Davao Region)
25936,80.87888336,125.987502136168,7.5125002547721,Mawab,Davao de Oro (Compostela Valley),Region XI (Davao Region)
25937,83.66641998,125.88750213447244,7.487500253924272,Mawab,Davao de Oro (Compostela Valley),Region XI (Davao Region)
25938,83.3533783,125.91250213489634,7.487500253924272,Mawab,Davao de Oro (Compostela Valley),Region XI (Davao Region)
25939,83.16773987,125.9375021353202,7.487500253924272,Mawab,Davao de Oro (Compostela Valley),Region XI (Davao Region)
25940,81.21464539,125.9625021357441,7.487500253924272,Mawab,Davao de Oro (Compostela Valley),Region XI (Davao Region)
25941,80.66176605,125.987502136168,7.487500253924272,Mawab,Davao de Oro (Compostela Valley),Region XI (Davao Region)
25942,81.85386658,125.9375021353202,7.462500253076444,Mawab,Davao de Oro (Compostela Valley),Region XI (Davao Region)
25943,80.82364655,125.9625021357441,7.462500253076444,Mawab,Davao de Oro (Compostela Valley),Region XI (Davao Region)
25944,80.11837006,125.987502136168,7.462500253076444,Mawab,Davao de Oro (Compostela Valley),Region XI (Davao Region)
25945,94.09447479,125.9625021357441,7.98750027088083,Monkayo,Davao de Oro (Compostela Valley),Region XI (Davao Region)
25946,92.42168427,126.13750213871133,7.98750027088083,Monkayo,Davao de Oro (Compostela Valley),Region XI (Davao Region)
25947,93.96435547,125.9625021357441,7.962500270033004,Monkayo,Davao de Oro (Compostela Valley),Region XI (Davao Region)
25948,93.17745209,125.987502136168,7.962500270033004,Monkayo,Davao de Oro (Compostela Valley),Region XI (Davao Region)
25949,91.9298172,126.08750213786352,7.962500270033004,Monkayo,Davao de Oro (Compostela Valley),Region XI (Davao Region)
25950,91.66954041,126.11250213828743,7.962500270033004,Monkayo,Davao de Oro (Compostela Valley),Region XI (Davao Region)
25951,91.35366058,126.13750213871133,7.962500270033004,Monkayo,Davao de Oro (Compostela Valley),Region XI (Davao Region)
25952,94.3123703,125.9625021357441,7.937500269185176,Monkayo,Davao de Oro (Compostela Valley),Region XI (Davao Region)
25953,93.99234009,125.987502136168,7.937500269185176,Monkayo,Davao de Oro (Compostela Valley),Region XI (Davao Region)
25954,93.83750153,126.01250213659188,7.937500269185176,Monkayo,Davao de Oro (Compostela Valley),Region XI (Davao Region)
25955,92.7255249,126.06250213743964,7.937500269185176,Monkayo,Davao de Oro (Compostela Valley),Region XI (Davao Region)
25956,92.3020401,126.08750213786352,7.937500269185176,Monkayo,Davao de Oro (Compostela Valley),Region XI (Davao Region)
25957,91.99495697,126.11250213828743,7.937500269185176,Monkayo,Davao de Oro (Compostela Valley),Region XI (Davao Region)
25958,91.33743286,126.13750213871133,7.937500269185176,Monkayo,Davao de Oro (Compostela Valley),Region XI (Davao Region)
25959,93.64881134,125.9625021357441,7.912500268337348,Monkayo,Davao de Oro (Compostela Valley),Region XI (Davao Region)
25960,93.31513977,125.987502136168,7.912500268337348,Monkayo,Davao de Oro (Compostela Valley),Region XI (Davao Region)
25961,93.19789124,126.01250213659188,7.912500268337348,Monkayo,Davao de Oro (Compostela Valley),Region XI (Davao Region)
25962,92.81765747,126.03750213701576,7.912500268337348,Monkayo,Davao de Oro (Compostela Valley),Region XI (Davao Region)
25963,91.68143463,126.06250213743964,7.912500268337348,Monkayo,Davao de Oro (Compostela Valley),Region XI (Davao Region)
25964,91.49094391,126.08750213786352,7.912500268337348,Monkayo,Davao de Oro (Compostela Valley),Region XI (Davao Region)
25965,91.2313385,126.11250213828743,7.912500268337348,Monkayo,Davao de Oro (Compostela Valley),Region XI (Davao Region)
25966,90.99861145,126.13750213871133,7.912500268337348,Monkayo,Davao de Oro (Compostela Valley),Region XI (Davao Region)
25967,90.11618042,126.1625021391352,7.912500268337348,Monkayo,Davao de Oro (Compostela Valley),Region XI (Davao Region)
25968,93.14149475,125.9625021357441,7.88750026748952,Monkayo,Davao de Oro (Compostela Valley),Region XI (Davao Region)
25969,92.69501495,125.987502136168,7.88750026748952,Monkayo,Davao de Oro (Compostela Valley),Region XI (Davao Region)
25970,92.56999969,126.01250213659188,7.88750026748952,Monkayo,Davao de Oro (Compostela Valley),Region XI (Davao Region)
25971,92.22090912,126.03750213701576,7.88750026748952,Monkayo,Davao de Oro (Compostela Valley),Region XI (Davao Region)
25972,91.0453949,126.06250213743964,7.88750026748952,Monkayo,Davao de Oro (Compostela Valley),Region XI (Davao Region)
25973,90.75304413,126.08750213786352,7.88750026748952,Monkayo,Davao de Oro (Compostela Valley),Region XI (Davao Region)
25974,90.43117523,126.11250213828743,7.88750026748952,Monkayo,Davao de Oro (Compostela Valley),Region XI (Davao Region)
25975,90.1808548,126.13750213871133,7.88750026748952,Monkayo,Davao de Oro (Compostela Valley),Region XI (Davao Region)
25976,89.23990631,126.1625021391352,7.88750026748952,Monkayo,Davao de Oro (Compostela Valley),Region XI (Davao Region)
25977,93.94136047,125.9625021357441,7.862500266641692,Monkayo,Davao de Oro (Compostela Valley),Region XI (Davao Region)
25978,92.9071579,125.987502136168,7.862500266641692,Monkayo,Davao de Oro (Compostela Valley),Region XI (Davao Region)
25979,92.72924042,126.01250213659188,7.862500266641692,Monkayo,Davao de Oro (Compostela Valley),Region XI (Davao Region)
25980,92.20520782,126.03750213701576,7.862500266641692,Monkayo,Davao de Oro (Compostela Valley),Region XI (Davao Region)
25981,91.96612549,126.06250213743964,7.862500266641692,Monkayo,Davao de Oro (Compostela Valley),Region XI (Davao Region)
25982,90.93721771,126.08750213786352,7.862500266641692,Monkayo,Davao de Oro (Compostela Valley),Region XI (Davao Region)
25983,90.44634247,126.11250213828743,7.862500266641692,Monkayo,Davao de Oro (Compostela Valley),Region XI (Davao Region)
25984,89.72399139,126.13750213871133,7.862500266641692,Monkayo,Davao de Oro (Compostela Valley),Region XI (Davao Region)
25985,89.59855652,126.1625021391352,7.862500266641692,Monkayo,Davao de Oro (Compostela Valley),Region XI (Davao Region)
25986,93.50793457,125.987502136168,7.837500265793864,Monkayo,Davao de Oro (Compostela Valley),Region XI (Davao Region)
25987,93.32133484,126.01250213659188,7.837500265793864,Monkayo,Davao de Oro (Compostela Valley),Region XI (Davao Region)
25988,92.14180756,126.03750213701576,7.837500265793864,Monkayo,Davao de Oro (Compostela Valley),Region XI (Davao Region)
25989,91.89900208,126.06250213743964,7.837500265793864,Monkayo,Davao de Oro (Compostela Valley),Region XI (Davao Region)
25990,90.9391861,126.08750213786352,7.837500265793864,Monkayo,Davao de Oro (Compostela Valley),Region XI (Davao Region)
25991,90.38599396,126.11250213828743,7.837500265793864,Monkayo,Davao de Oro (Compostela Valley),Region XI (Davao Region)
25992,89.24286652,126.13750213871133,7.837500265793864,Monkayo,Davao de Oro (Compostela Valley),Region XI (Davao Region)
25993,89.11804962,126.1625021391352,7.837500265793864,Monkayo,Davao de Oro (Compostela Valley),Region XI (Davao Region)
25994,88.10290527,126.18750213955909,7.837500265793864,Monkayo,Davao de Oro (Compostela Valley),Region XI (Davao Region)
25995,93.07051849,126.01250213659188,7.812500264946036,Monkayo,Davao de Oro (Compostela Valley),Region XI (Davao Region)
25996,92.61330414,126.03750213701576,7.812500264946036,Monkayo,Davao de Oro (Compostela Valley),Region XI (Davao Region)
25997,90.85747528,126.06250213743964,7.812500264946036,Monkayo,Davao de Oro (Compostela Valley),Region XI (Davao Region)
25998,90.4927597,126.08750213786352,7.812500264946036,Monkayo,Davao de Oro (Compostela Valley),Region XI (Davao Region)
25999,90.03759003,126.11250213828743,7.812500264946036,Monkayo,Davao de Oro (Compostela Valley),Region XI (Davao Region)
26000,89.65749359,126.13750213871133,7.812500264946036,Monkayo,Davao de Oro (Compostela Valley),Region XI (Davao Region)
26001,87.39955139,126.1625021391352,7.812500264946036,Monkayo,Davao de Oro (Compostela Valley),Region XI (Davao Region)
26002,87.21704865,126.18750213955909,7.812500264946036,Monkayo,Davao de Oro (Compostela Valley),Region XI (Davao Region)
26003,93.25698853,126.01250213659188,7.787500264098208,Monkayo,Davao de Oro (Compostela Valley),Region XI (Davao Region)
26004,92.85318756,126.03750213701576,7.787500264098208,Monkayo,Davao de Oro (Compostela Valley),Region XI (Davao Region)
26005,91.05168915,126.06250213743964,7.787500264098208,Monkayo,Davao de Oro (Compostela Valley),Region XI (Davao Region)
26006,90.58334351,126.08750213786352,7.787500264098208,Monkayo,Davao de Oro (Compostela Valley),Region XI (Davao Region)
26007,90.03575134,126.11250213828743,7.787500264098208,Monkayo,Davao de Oro (Compostela Valley),Region XI (Davao Region)
26008,89.58308411,126.13750213871133,7.787500264098208,Monkayo,Davao de Oro (Compostela Valley),Region XI (Davao Region)
26009,87.21730042,126.1625021391352,7.787500264098208,Monkayo,Davao de Oro (Compostela Valley),Region XI (Davao Region)
26010,86.98877716,126.18750213955909,7.787500264098208,Monkayo,Davao de Oro (Compostela Valley),Region XI (Davao Region)
26011,91.53570557,126.06250213743964,7.76250026325038,Monkayo,Davao de Oro (Compostela Valley),Region XI (Davao Region)
26012,90.0904007,126.08750213786352,7.76250026325038,Monkayo,Davao de Oro (Compostela Valley),Region XI (Davao Region)
26013,89.27536774,126.11250213828743,7.76250026325038,Monkayo,Davao de Oro (Compostela Valley),Region XI (Davao Region)
26014,87.60138702,126.13750213871133,7.76250026325038,Monkayo,Davao de Oro (Compostela Valley),Region XI (Davao Region)
26015,91.02165222,126.06250213743964,7.737500262402552,Monkayo,Davao de Oro (Compostela Valley),Region XI (Davao Region)
26016,89.13126373,126.08750213786352,7.737500262402552,Monkayo,Davao de Oro (Compostela Valley),Region XI (Davao Region)
26017,94.68190002,125.9375021353202,7.862500266641692,Montevista,Davao de Oro (Compostela Valley),Region XI (Davao Region)
26018,94.65113068,125.9375021353202,7.837500265793864,Montevista,Davao de Oro (Compostela Valley),Region XI (Davao Region)
26019,93.93399811,125.9625021357441,7.837500265793864,Montevista,Davao de Oro (Compostela Valley),Region XI (Davao Region)
26020,95.00133514,125.9375021353202,7.812500264946036,Montevista,Davao de Oro (Compostela Valley),Region XI (Davao Region)
26021,93.58279419,125.9625021357441,7.812500264946036,Montevista,Davao de Oro (Compostela Valley),Region XI (Davao Region)
26022,93.21431732,125.987502136168,7.812500264946036,Montevista,Davao de Oro (Compostela Valley),Region XI (Davao Region)
26023,95.39485168,125.91250213489634,7.787500264098208,Montevista,Davao de Oro (Compostela Valley),Region XI (Davao Region)
26024,95.29530334,125.9375021353202,7.787500264098208,Montevista,Davao de Oro (Compostela Valley),Region XI (Davao Region)
26025,93.86528778,125.9625021357441,7.787500264098208,Montevista,Davao de Oro (Compostela Valley),Region XI (Davao Region)
26026,93.41487122,125.987502136168,7.787500264098208,Montevista,Davao de Oro (Compostela Valley),Region XI (Davao Region)
26027,94.85043335,125.91250213489634,7.76250026325038,Montevista,Davao de Oro (Compostela Valley),Region XI (Davao Region)
26028,94.68708801,125.9375021353202,7.76250026325038,Montevista,Davao de Oro (Compostela Valley),Region XI (Davao Region)
26029,94.01406097,125.9625021357441,7.76250026325038,Montevista,Davao de Oro (Compostela Valley),Region XI (Davao Region)
26030,92.97422028,125.987502136168,7.76250026325038,Montevista,Davao de Oro (Compostela Valley),Region XI (Davao Region)
26031,92.74880981,126.01250213659188,7.76250026325038,Montevista,Davao de Oro (Compostela Valley),Region XI (Davao Region)
26032,91.86019135,126.03750213701576,7.76250026325038,Montevista,Davao de Oro (Compostela Valley),Region XI (Davao Region)
26033,94.33855438,125.9375021353202,7.737500262402552,Montevista,Davao de Oro (Compostela Valley),Region XI (Davao Region)
26034,93.70256042,125.9625021357441,7.737500262402552,Montevista,Davao de Oro (Compostela Valley),Region XI (Davao Region)
26035,92.99912262,125.987502136168,7.737500262402552,Montevista,Davao de Oro (Compostela Valley),Region XI (Davao Region)
26036,92.74752045,126.01250213659188,7.737500262402552,Montevista,Davao de Oro (Compostela Valley),Region XI (Davao Region)
26037,91.35997009,126.03750213701576,7.737500262402552,Montevista,Davao de Oro (Compostela Valley),Region XI (Davao Region)
26038,95.08109283,125.9375021353202,7.712500261554724,Montevista,Davao de Oro (Compostela Valley),Region XI (Davao Region)
26039,93.45543671,125.9625021357441,7.712500261554724,Montevista,Davao de Oro (Compostela Valley),Region XI (Davao Region)
26040,93.04062653,125.987502136168,7.712500261554724,Montevista,Davao de Oro (Compostela Valley),Region XI (Davao Region)
26041,92.82613373,126.01250213659188,7.712500261554724,Montevista,Davao de Oro (Compostela Valley),Region XI (Davao Region)
26042,92.26374817,126.03750213701576,7.712500261554724,Montevista,Davao de Oro (Compostela Valley),Region XI (Davao Region)
26043,93.75308228,125.91250213489634,7.687500260706896,Montevista,Davao de Oro (Compostela Valley),Region XI (Davao Region)
26044,93.62525177,125.9375021353202,7.687500260706896,Montevista,Davao de Oro (Compostela Valley),Region XI (Davao Region)
26045,92.05312347,125.9625021357441,7.687500260706896,Montevista,Davao de Oro (Compostela Valley),Region XI (Davao Region)
26046,91.59373474,125.987502136168,7.687500260706896,Montevista,Davao de Oro (Compostela Valley),Region XI (Davao Region)
26047,91.33016968,126.01250213659188,7.687500260706896,Montevista,Davao de Oro (Compostela Valley),Region XI (Davao Region)
26048,91.7729187,125.9375021353202,7.662500259859068,Montevista,Davao de Oro (Compostela Valley),Region XI (Davao Region)
26049,91.22493744,125.9625021357441,7.662500259859068,Montevista,Davao de Oro (Compostela Valley),Region XI (Davao Region)
26050,90.17362976,125.987502136168,7.662500259859068,Montevista,Davao de Oro (Compostela Valley),Region XI (Davao Region)
26051,89.77890015,126.01250213659188,7.662500259859068,Montevista,Davao de Oro (Compostela Valley),Region XI (Davao Region)
26052,91.40823364,125.9375021353202,7.63750025901124,Nabunturan (Capital),Davao de Oro (Compostela Valley),Region XI (Davao Region)
26053,90.86193085,125.9625021357441,7.63750025901124,Nabunturan (Capital),Davao de Oro (Compostela Valley),Region XI (Davao Region)
26054,89.11936951,125.987502136168,7.63750025901124,Nabunturan (Capital),Davao de Oro (Compostela Valley),Region XI (Davao Region)
26055,88.70735168,126.01250213659188,7.63750025901124,Nabunturan (Capital),Davao de Oro (Compostela Valley),Region XI (Davao Region)
26056,89.3288269,125.9375021353202,7.612500258163412,Nabunturan (Capital),Davao de Oro (Compostela Valley),Region XI (Davao Region)
26057,87.514534,125.9625021357441,7.612500258163412,Nabunturan (Capital),Davao de Oro (Compostela Valley),Region XI (Davao Region)
26058,86.9463501,125.987502136168,7.612500258163412,Nabunturan (Capital),Davao de Oro (Compostela Valley),Region XI (Davao Region)
26059,86.65615845,126.01250213659188,7.612500258163412,Nabunturan (Capital),Davao de Oro (Compostela Valley),Region XI (Davao Region)
26060,85.82455444,126.03750213701576,7.612500258163412,Nabunturan (Capital),Davao de Oro (Compostela Valley),Region XI (Davao Region)
26061,87.36064148,125.91250213489634,7.587500257315584,Nabunturan (Capital),Davao de Oro (Compostela Valley),Region XI (Davao Region)
26062,87.08615112,125.9375021353202,7.587500257315584,Nabunturan (Capital),Davao de Oro (Compostela Valley),Region XI (Davao Region)
26063,85.1894989,125.9625021357441,7.587500257315584,Nabunturan (Capital),Davao de Oro (Compostela Valley),Region XI (Davao Region)
26064,84.7610321,125.987502136168,7.587500257315584,Nabunturan (Capital),Davao de Oro (Compostela Valley),Region XI (Davao Region)
26065,84.48570251,126.01250213659188,7.587500257315584,Nabunturan (Capital),Davao de Oro (Compostela Valley),Region XI (Davao Region)
26066,83.35092163,126.03750213701576,7.587500257315584,Nabunturan (Capital),Davao de Oro (Compostela Valley),Region XI (Davao Region)
26067,86.92062378,125.91250213489634,7.562500256467756,Nabunturan (Capital),Davao de Oro (Compostela Valley),Region XI (Davao Region)
26068,85.49690247,125.9375021353202,7.562500256467756,Nabunturan (Capital),Davao de Oro (Compostela Valley),Region XI (Davao Region)
26069,84.40692139,125.987502136168,7.562500256467756,Nabunturan (Capital),Davao de Oro (Compostela Valley),Region XI (Davao Region)
26070,84.03760529,126.01250213659188,7.562500256467756,Nabunturan (Capital),Davao de Oro (Compostela Valley),Region XI (Davao Region)
26071,81.10804749,126.03750213701576,7.562500256467756,Nabunturan (Capital),Davao de Oro (Compostela Valley),Region XI (Davao Region)
26072,84.42649841,125.91250213489634,7.537500255619928,Nabunturan (Capital),Davao de Oro (Compostela Valley),Region XI (Davao Region)
26073,81.54159546,126.01250213659188,7.537500255619928,Nabunturan (Capital),Davao de Oro (Compostela Valley),Region XI (Davao Region)
26074,79.58844757,126.03750213701576,7.537500255619928,Nabunturan (Capital),Davao de Oro (Compostela Valley),Region XI (Davao Region)
26075,80.63059998,126.01250213659188,7.5125002547721,Nabunturan (Capital),Davao de Oro (Compostela Valley),Region XI (Davao Region)
26076,79.44397736,126.03750213701576,7.5125002547721,Nabunturan (Capital),Davao de Oro (Compostela Valley),Region XI (Davao Region)
26077,76.09880829,126.06250213743964,7.5125002547721,Nabunturan (Capital),Davao de Oro (Compostela Valley),Region XI (Davao Region)
26078,80.42940521,126.01250213659188,7.487500253924272,Nabunturan (Capital),Davao de Oro (Compostela Valley),Region XI (Davao Region)
26079,79.18797302,126.03750213701576,7.487500253924272,Nabunturan (Capital),Davao de Oro (Compostela Valley),Region XI (Davao Region)
26080,75.88656616,126.06250213743964,7.487500253924272,Nabunturan (Capital),Davao de Oro (Compostela Valley),Region XI (Davao Region)
26081,79.81466675,126.01250213659188,7.462500253076444,Nabunturan (Capital),Davao de Oro (Compostela Valley),Region XI (Davao Region)
26082,77.39867401,126.03750213701576,7.462500253076444,Nabunturan (Capital),Davao de Oro (Compostela Valley),Region XI (Davao Region)
26083,76.73287201,126.06250213743964,7.462500253076444,Nabunturan (Capital),Davao de Oro (Compostela Valley),Region XI (Davao Region)
26084,74.86901093,126.08750213786352,7.462500253076444,Nabunturan (Capital),Davao de Oro (Compostela Valley),Region XI (Davao Region)
26085,76.75136566,126.06250213743964,7.437500252228616,Nabunturan (Capital),Davao de Oro (Compostela Valley),Region XI (Davao Region)
26086,76.17887878,126.08750213786352,7.437500252228616,Nabunturan (Capital),Davao de Oro (Compostela Valley),Region XI (Davao Region)
26087,79.91609955,126.1625021391352,7.63750025901124,New Bataan,Davao de Oro (Compostela Valley),Region XI (Davao Region)
26088,73.94987488,126.18750213955909,7.63750025901124,New Bataan,Davao de Oro (Compostela Valley),Region XI (Davao Region)
26089,71.61608124,126.21250213998296,7.63750025901124,New Bataan,Davao de Oro (Compostela Valley),Region XI (Davao Region)
26090,70.02700806,126.23750214040686,7.63750025901124,New Bataan,Davao de Oro (Compostela Valley),Region XI (Davao Region)
26091,81.4315033,126.08750213786352,7.612500258163412,New Bataan,Davao de Oro (Compostela Valley),Region XI (Davao Region)
26092,80.46800995,126.11250213828743,7.612500258163412,New Bataan,Davao de Oro (Compostela Valley),Region XI (Davao Region)
26093,79.76738739,126.13750213871133,7.612500258163412,New Bataan,Davao de Oro (Compostela Valley),Region XI (Davao Region)
26094,74.28318787,126.1625021391352,7.612500258163412,New Bataan,Davao de Oro (Compostela Valley),Region XI (Davao Region)
26095,71.14904785,126.18750213955909,7.612500258163412,New Bataan,Davao de Oro (Compostela Valley),Region XI (Davao Region)
26096,69.09252167,126.21250213998296,7.612500258163412,New Bataan,Davao de Oro (Compostela Valley),Region XI (Davao Region)
26097,68.25514221,126.23750214040686,7.612500258163412,New Bataan,Davao de Oro (Compostela Valley),Region XI (Davao Region)
26098,79.83803558,126.06250213743964,7.587500257315584,New Bataan,Davao de Oro (Compostela Valley),Region XI (Davao Region)
26099,79.102005,126.08750213786352,7.587500257315584,New Bataan,Davao de Oro (Compostela Valley),Region XI (Davao Region)
26100,78.10668945,126.11250213828743,7.587500257315584,New Bataan,Davao de Oro (Compostela Valley),Region XI (Davao Region)
26101,77.18278503,126.13750213871133,7.587500257315584,New Bataan,Davao de Oro (Compostela Valley),Region XI (Davao Region)
26102,71.79298401,126.1625021391352,7.587500257315584,New Bataan,Davao de Oro (Compostela Valley),Region XI (Davao Region)
26103,68.4945755,126.18750213955909,7.587500257315584,New Bataan,Davao de Oro (Compostela Valley),Region XI (Davao Region)
26104,66.2834549,126.21250213998296,7.587500257315584,New Bataan,Davao de Oro (Compostela Valley),Region XI (Davao Region)
26105,65.25180817,126.23750214040686,7.587500257315584,New Bataan,Davao de Oro (Compostela Valley),Region XI (Davao Region)
26106,64.10054016,126.26250214083073,7.587500257315584,New Bataan,Davao de Oro (Compostela Valley),Region XI (Davao Region)
26107,80.46369934,126.06250213743964,7.562500256467756,New Bataan,Davao de Oro (Compostela Valley),Region XI (Davao Region)
26108,78.85904694,126.08750213786352,7.562500256467756,New Bataan,Davao de Oro (Compostela Valley),Region XI (Davao Region)
26109,77.4565506,126.11250213828743,7.562500256467756,New Bataan,Davao de Oro (Compostela Valley),Region XI (Davao Region)
26110,73.53675842,126.13750213871133,7.562500256467756,New Bataan,Davao de Oro (Compostela Valley),Region XI (Davao Region)
26111,73.05245972,126.1625021391352,7.562500256467756,New Bataan,Davao de Oro (Compostela Valley),Region XI (Davao Region)
26112,68.20254517,126.18750213955909,7.562500256467756,New Bataan,Davao de Oro (Compostela Valley),Region XI (Davao Region)
26113,65.57698822,126.21250213998296,7.562500256467756,New Bataan,Davao de Oro (Compostela Valley),Region XI (Davao Region)
26114,62.32425308,126.23750214040686,7.562500256467756,New Bataan,Davao de Oro (Compostela Valley),Region XI (Davao Region)
26115,63.60578156,126.26250214083073,7.562500256467756,New Bataan,Davao de Oro (Compostela Valley),Region XI (Davao Region)
26116,78.90220642,126.06250213743964,7.537500255619928,New Bataan,Davao de Oro (Compostela Valley),Region XI (Davao Region)
26117,76.45989227,126.08750213786352,7.537500255619928,New Bataan,Davao de Oro (Compostela Valley),Region XI (Davao Region)
26118,75.08683014,126.11250213828743,7.537500255619928,New Bataan,Davao de Oro (Compostela Valley),Region XI (Davao Region)
26119,72.14204407,126.13750213871133,7.537500255619928,New Bataan,Davao de Oro (Compostela Valley),Region XI (Davao Region)
26120,71.66349792,126.1625021391352,7.537500255619928,New Bataan,Davao de Oro (Compostela Valley),Region XI (Davao Region)
26121,66.24440765,126.18750213955909,7.537500255619928,New Bataan,Davao de Oro (Compostela Valley),Region XI (Davao Region)
26122,63.64703751,126.21250213998296,7.537500255619928,New Bataan,Davao de Oro (Compostela Valley),Region XI (Davao Region)
26123,61.1440239,126.23750214040686,7.537500255619928,New Bataan,Davao de Oro (Compostela Valley),Region XI (Davao Region)
26124,62.56792068,126.26250214083073,7.537500255619928,New Bataan,Davao de Oro (Compostela Valley),Region XI (Davao Region)
26125,75.29698944,126.08750213786352,7.5125002547721,New Bataan,Davao de Oro (Compostela Valley),Region XI (Davao Region)
26126,74.35218811,126.11250213828743,7.5125002547721,New Bataan,Davao de Oro (Compostela Valley),Region XI (Davao Region)
26127,73.57419586,126.13750213871133,7.5125002547721,New Bataan,Davao de Oro (Compostela Valley),Region XI (Davao Region)
26128,68.70636749,126.1625021391352,7.5125002547721,New Bataan,Davao de Oro (Compostela Valley),Region XI (Davao Region)
26129,65.25784302,126.18750213955909,7.5125002547721,New Bataan,Davao de Oro (Compostela Valley),Region XI (Davao Region)
26130,63.08334351,126.21250213998296,7.5125002547721,New Bataan,Davao de Oro (Compostela Valley),Region XI (Davao Region)
26131,62.20808411,126.23750214040686,7.5125002547721,New Bataan,Davao de Oro (Compostela Valley),Region XI (Davao Region)
26132,61.7667923,126.26250214083073,7.5125002547721,New Bataan,Davao de Oro (Compostela Valley),Region XI (Davao Region)
26133,75.18797302,126.08750213786352,7.487500253924272,New Bataan,Davao de Oro (Compostela Valley),Region XI (Davao Region)
26134,74.32670593,126.11250213828743,7.487500253924272,New Bataan,Davao de Oro (Compostela Valley),Region XI (Davao Region)
26135,73.60480499,126.13750213871133,7.487500253924272,New Bataan,Davao de Oro (Compostela Valley),Region XI (Davao Region)
26136,68.81650543,126.1625021391352,7.487500253924272,New Bataan,Davao de Oro (Compostela Valley),Region XI (Davao Region)
26137,65.39350128,126.18750213955909,7.487500253924272,New Bataan,Davao de Oro (Compostela Valley),Region XI (Davao Region)
26138,63.31414032,126.21250213998296,7.487500253924272,New Bataan,Davao de Oro (Compostela Valley),Region XI (Davao Region)
26139,62.59563828,126.23750214040686,7.487500253924272,New Bataan,Davao de Oro (Compostela Valley),Region XI (Davao Region)
26140,62.20689774,126.26250214083073,7.487500253924272,New Bataan,Davao de Oro (Compostela Valley),Region XI (Davao Region)
26141,73.76247406,126.11250213828743,7.462500253076444,New Bataan,Davao de Oro (Compostela Valley),Region XI (Davao Region)
26142,71.19099426,126.13750213871133,7.462500253076444,New Bataan,Davao de Oro (Compostela Valley),Region XI (Davao Region)
26143,70.83140564,126.1625021391352,7.462500253076444,New Bataan,Davao de Oro (Compostela Valley),Region XI (Davao Region)
26144,65.47290802,126.18750213955909,7.462500253076444,New Bataan,Davao de Oro (Compostela Valley),Region XI (Davao Region)
26145,63.19876099,126.21250213998296,7.462500253076444,New Bataan,Davao de Oro (Compostela Valley),Region XI (Davao Region)
26146,61.62736511,126.23750214040686,7.462500253076444,New Bataan,Davao de Oro (Compostela Valley),Region XI (Davao Region)
26147,63.34480286,126.26250214083073,7.462500253076444,New Bataan,Davao de Oro (Compostela Valley),Region XI (Davao Region)
26148,63.21421051,126.28750214125463,7.462500253076444,New Bataan,Davao de Oro (Compostela Valley),Region XI (Davao Region)
26149,75.15995026,126.11250213828743,7.437500252228616,New Bataan,Davao de Oro (Compostela Valley),Region XI (Davao Region)
26150,71.77655029,126.13750213871133,7.437500252228616,New Bataan,Davao de Oro (Compostela Valley),Region XI (Davao Region)
26151,71.41866302,126.1625021391352,7.437500252228616,New Bataan,Davao de Oro (Compostela Valley),Region XI (Davao Region)
26152,68.00717926,126.18750213955909,7.437500252228616,New Bataan,Davao de Oro (Compostela Valley),Region XI (Davao Region)
26153,65.80825043,126.21250213998296,7.437500252228616,New Bataan,Davao de Oro (Compostela Valley),Region XI (Davao Region)
26154,62.73204041,126.23750214040686,7.437500252228616,New Bataan,Davao de Oro (Compostela Valley),Region XI (Davao Region)
26155,64.529953,126.26250214083073,7.437500252228616,New Bataan,Davao de Oro (Compostela Valley),Region XI (Davao Region)
26156,66.33301544,126.28750214125463,7.437500252228616,New Bataan,Davao de Oro (Compostela Valley),Region XI (Davao Region)
26157,66.7334137,126.21250213998296,7.412500251380788,New Bataan,Davao de Oro (Compostela Valley),Region XI (Davao Region)
26158,65.90542603,126.23750214040686,7.412500251380788,New Bataan,Davao de Oro (Compostela Valley),Region XI (Davao Region)
26159,66.03694916,126.26250214083073,7.412500251380788,New Bataan,Davao de Oro (Compostela Valley),Region XI (Davao Region)
26160,67.15870667,126.28750214125463,7.412500251380788,New Bataan,Davao de Oro (Compostela Valley),Region XI (Davao Region)
26161,69.03153992,126.28750214125463,7.38750025053296,New Bataan,Davao de Oro (Compostela Valley),Region XI (Davao Region)
26162,90.43321228,125.987502136168,7.26250024629382,Pantukan,Davao de Oro (Compostela Valley),Region XI (Davao Region)
26163,91.00043488,126.01250213659188,7.26250024629382,Pantukan,Davao de Oro (Compostela Valley),Region XI (Davao Region)
26164,92.30407715,126.03750213701576,7.26250024629382,Pantukan,Davao de Oro (Compostela Valley),Region XI (Davao Region)
26165,92.2533493,126.06250213743964,7.26250024629382,Pantukan,Davao de Oro (Compostela Valley),Region XI (Davao Region)
26166,90.8143692,126.08750213786352,7.26250024629382,Pantukan,Davao de Oro (Compostela Valley),Region XI (Davao Region)
26167,85.92215729,126.18750213955909,7.26250024629382,Pantukan,Davao de Oro (Compostela Valley),Region XI (Davao Region)
26168,84.26456451,126.21250213998296,7.26250024629382,Pantukan,Davao de Oro (Compostela Valley),Region XI (Davao Region)
26169,84.38556671,126.23750214040686,7.26250024629382,Pantukan,Davao de Oro (Compostela Valley),Region XI (Davao Region)
26170,85.70792389,126.26250214083073,7.26250024629382,Pantukan,Davao de Oro (Compostela Valley),Region XI (Davao Region)
26171,83.89385986,126.28750214125463,7.26250024629382,Pantukan,Davao de Oro (Compostela Valley),Region XI (Davao Region)
26172,87.74147797,125.86250213404855,7.237500245445992,Pantukan,Davao de Oro (Compostela Valley),Region XI (Davao Region)
26173,89.1149826,125.88750213447244,7.237500245445992,Pantukan,Davao de Oro (Compostela Valley),Region XI (Davao Region)
26174,89.94132233,125.91250213489634,7.237500245445992,Pantukan,Davao de Oro (Compostela Valley),Region XI (Davao Region)
26175,91.30282593,125.9375021353202,7.237500245445992,Pantukan,Davao de Oro (Compostela Valley),Region XI (Davao Region)
26176,91.71170807,125.9625021357441,7.237500245445992,Pantukan,Davao de Oro (Compostela Valley),Region XI (Davao Region)
26177,92.85942078,125.987502136168,7.237500245445992,Pantukan,Davao de Oro (Compostela Valley),Region XI (Davao Region)
26178,93.49770355,126.01250213659188,7.237500245445992,Pantukan,Davao de Oro (Compostela Valley),Region XI (Davao Region)
26179,94.56926727,126.03750213701576,7.237500245445992,Pantukan,Davao de Oro (Compostela Valley),Region XI (Davao Region)
26180,94.57232666,126.06250213743964,7.237500245445992,Pantukan,Davao de Oro (Compostela Valley),Region XI (Davao Region)
26181,94.9797821,126.08750213786352,7.237500245445992,Pantukan,Davao de Oro (Compostela Valley),Region XI (Davao Region)
26182,94.91461182,126.11250213828743,7.237500245445992,Pantukan,Davao de Oro (Compostela Valley),Region XI (Davao Region)
26183,94.2405777,126.13750213871133,7.237500245445992,Pantukan,Davao de Oro (Compostela Valley),Region XI (Davao Region)
26184,94.05535126,126.1625021391352,7.237500245445992,Pantukan,Davao de Oro (Compostela Valley),Region XI (Davao Region)
26185,92.03625488,126.18750213955909,7.237500245445992,Pantukan,Davao de Oro (Compostela Valley),Region XI (Davao Region)
26186,90.45822144,126.21250213998296,7.237500245445992,Pantukan,Davao de Oro (Compostela Valley),Region XI (Davao Region)
26187,88.21206665,126.23750214040686,7.237500245445992,Pantukan,Davao de Oro (Compostela Valley),Region XI (Davao Region)
26188,89.33779144,126.26250214083073,7.237500245445992,Pantukan,Davao de Oro (Compostela Valley),Region XI (Davao Region)
26189,90.78287506,126.28750214125463,7.237500245445992,Pantukan,Davao de Oro (Compostela Valley),Region XI (Davao Region)
26190,90.19351196,125.88750213447244,7.212500244598164,Pantukan,Davao de Oro (Compostela Valley),Region XI (Davao Region)
26191,90.95883179,125.91250213489634,7.212500244598164,Pantukan,Davao de Oro (Compostela Valley),Region XI (Davao Region)
26192,91.28755188,125.9375021353202,7.212500244598164,Pantukan,Davao de Oro (Compostela Valley),Region XI (Davao Region)
26193,93.78283691,125.9625021357441,7.212500244598164,Pantukan,Davao de Oro (Compostela Valley),Region XI (Davao Region)
26194,94.34505463,125.987502136168,7.212500244598164,Pantukan,Davao de Oro (Compostela Valley),Region XI (Davao Region)
26195,94.82493591,126.01250213659188,7.212500244598164,Pantukan,Davao de Oro (Compostela Valley),Region XI (Davao Region)
26196,95.20806885,126.03750213701576,7.212500244598164,Pantukan,Davao de Oro (Compostela Valley),Region XI (Davao Region)
26197,96.70420837,126.06250213743964,7.212500244598164,Pantukan,Davao de Oro (Compostela Valley),Region XI (Davao Region)
26198,96.74304962,126.08750213786352,7.212500244598164,Pantukan,Davao de Oro (Compostela Valley),Region XI (Davao Region)
26199,96.79258728,126.11250213828743,7.212500244598164,Pantukan,Davao de Oro (Compostela Valley),Region XI (Davao Region)
26200,96.81483459,126.13750213871133,7.212500244598164,Pantukan,Davao de Oro (Compostela Valley),Region XI (Davao Region)
26201,95.95683289,126.1625021391352,7.212500244598164,Pantukan,Davao de Oro (Compostela Valley),Region XI (Davao Region)
26202,93.03868866,126.28750214125463,7.212500244598164,Pantukan,Davao de Oro (Compostela Valley),Region XI (Davao Region)
26203,90.12165833,125.88750213447244,7.187500243750336,Pantukan,Davao de Oro (Compostela Valley),Region XI (Davao Region)
26204,90.81140137,125.91250213489634,7.187500243750336,Pantukan,Davao de Oro (Compostela Valley),Region XI (Davao Region)
26205,91.02981567,125.9375021353202,7.187500243750336,Pantukan,Davao de Oro (Compostela Valley),Region XI (Davao Region)
26206,93.49542236,125.9625021357441,7.187500243750336,Pantukan,Davao de Oro (Compostela Valley),Region XI (Davao Region)
26207,94.1368103,125.987502136168,7.187500243750336,Pantukan,Davao de Oro (Compostela Valley),Region XI (Davao Region)
26208,94.62531281,126.01250213659188,7.187500243750336,Pantukan,Davao de Oro (Compostela Valley),Region XI (Davao Region)
26209,94.94523621,126.03750213701576,7.187500243750336,Pantukan,Davao de Oro (Compostela Valley),Region XI (Davao Region)
26210,96.51810455,126.06250213743964,7.187500243750336,Pantukan,Davao de Oro (Compostela Valley),Region XI (Davao Region)
26211,96.70438385,126.08750213786352,7.187500243750336,Pantukan,Davao de Oro (Compostela Valley),Region XI (Davao Region)
26212,96.92583466,126.11250213828743,7.187500243750336,Pantukan,Davao de Oro (Compostela Valley),Region XI (Davao Region)
26213,91.35359192,125.91250213489634,7.162500242902508,Pantukan,Davao de Oro (Compostela Valley),Region XI (Davao Region)
26214,92.15345001,125.9375021353202,7.162500242902508,Pantukan,Davao de Oro (Compostela Valley),Region XI (Davao Region)
26215,92.90413666,125.9625021357441,7.162500242902508,Pantukan,Davao de Oro (Compostela Valley),Region XI (Davao Region)
26216,94.7327652,125.987502136168,7.162500242902508,Pantukan,Davao de Oro (Compostela Valley),Region XI (Davao Region)
26217,95.41313934,126.01250213659188,7.162500242902508,Pantukan,Davao de Oro (Compostela Valley),Region XI (Davao Region)
26218,96.53030396,126.03750213701576,7.162500242902508,Pantukan,Davao de Oro (Compostela Valley),Region XI (Davao Region)
26219,96.74649811,126.06250213743964,7.162500242902508,Pantukan,Davao de Oro (Compostela Valley),Region XI (Davao Region)
26220,97.67899323,126.08750213786352,7.162500242902508,Pantukan,Davao de Oro (Compostela Valley),Region XI (Davao Region)
26221,90.81960297,125.88750213447244,7.13750024205468,Pantukan,Davao de Oro (Compostela Valley),Region XI (Davao Region)
26222,91.6160202,125.91250213489634,7.13750024205468,Pantukan,Davao de Oro (Compostela Valley),Region XI (Davao Region)
26223,92.48415375,125.9375021353202,7.13750024205468,Pantukan,Davao de Oro (Compostela Valley),Region XI (Davao Region)
26224,93.39102173,125.9625021357441,7.13750024205468,Pantukan,Davao de Oro (Compostela Valley),Region XI (Davao Region)
26225,94.71284485,125.987502136168,7.13750024205468,Pantukan,Davao de Oro (Compostela Valley),Region XI (Davao Region)
26226,95.38035583,126.01250213659188,7.13750024205468,Pantukan,Davao de Oro (Compostela Valley),Region XI (Davao Region)
26227,91.54839325,125.91250213489634,7.112500241206854,Pantukan,Davao de Oro (Compostela Valley),Region XI (Davao Region)
26228,91.71592712,125.9375021353202,7.112500241206854,Pantukan,Davao de Oro (Compostela Valley),Region XI (Davao Region)
26229,93.99565125,125.9625021357441,7.112500241206854,Pantukan,Davao de Oro (Compostela Valley),Region XI (Davao Region)
26230,94.69115448,125.987502136168,7.112500241206854,Pantukan,Davao de Oro (Compostela Valley),Region XI (Davao Region)
26231,92.73403931,125.9375021353202,7.087500240359026,Pantukan,Davao de Oro (Compostela Valley),Region XI (Davao Region)
