<?xml version="1.0" encoding="UTF-8"?>
<metadata xml:lang="en"><Esri><CreaDate>20231220</CreaDate><CreaTime>16574600</CreaTime><ArcGISFormat>1.0</ArcGISFormat><SyncOnce>FALSE</SyncOnce><DataProperties><lineage><Process ToolSource="c:\program files (x86)\arcgis\desktop10.2\ArcToolbox\Toolboxes\Data Management Tools.tbx\CalculateField" Date="20180912" Time="094356">CalculateField Merged_PAs+_as_of_August,_2018 Sea_Remark "With Sea Area" VB #</Process><Process ToolSource="c:\program files (x86)\arcgis\desktop10.2\ArcToolbox\Toolboxes\Data Management Tools.tbx\CalculateField" Date="20180912" Time="094556">CalculateField Merged_PAs+_as_of_August,_2018 Sea_Remark "With Sea Area" VB #</Process><Process ToolSource="c:\program files (x86)\arcgis\desktop10.2\ArcToolbox\Toolboxes\Data Management Tools.tbx\CalculateField" Date="20180912" Time="094926">CalculateField Merged_PAs+_as_of_August,_2018 Sea_Area 15822.6964 VB #</Process><Process ToolSource="c:\program files (x86)\arcgis\desktop10.2\ArcToolbox\Toolboxes\Data Management Tools.tbx\CalculateField" Date="20180912" Time="094934">CalculateField Merged_PAs+_as_of_August,_2018 Sea_Area 0 VB #</Process><Process ToolSource="c:\program files (x86)\arcgis\desktop10.2\ArcToolbox\Toolboxes\Data Management Tools.tbx\CalculateField" Date="20180912" Time="094948">CalculateField Merged_PAs+_as_of_August,_2018 Sea_Area 15822.6964 VB #</Process><Process ToolSource="c:\program files (x86)\arcgis\desktop10.2\ArcToolbox\Toolboxes\Data Management Tools.tbx\CalculateField" Date="20180912" Time="095021">CalculateField Merged_PAs+_as_of_August,_2018 Land_Area "[AREA_Has] - [Sea_Area]" VB #</Process><Process ToolSource="c:\program files (x86)\arcgis\desktop10.2\ArcToolbox\Toolboxes\Data Management Tools.tbx\CalculateField" Date="20180912" Time="095505">CalculateField Merged_PAs+_as_of_August,_2018 Sea_Area [AREA_Has] VB #</Process><Process ToolSource="c:\program files (x86)\arcgis\desktop10.2\ArcToolbox\Toolboxes\Data Management Tools.tbx\CalculateField" Date="20180912" Time="100048">CalculateField Merged_PAs+_as_of_August,_2018 Sea_Area "[AREA_Has] - [Land_Area]" VB #</Process><Process ToolSource="c:\program files (x86)\arcgis\desktop10.2\ArcToolbox\Toolboxes\Data Management Tools.tbx\CalculateField" Date="20180912" Time="100109">CalculateField Merged_PAs+_as_of_August,_2018 Land_Area [AREA_Has] VB #</Process><Process ToolSource="c:\program files (x86)\arcgis\desktop10.2\ArcToolbox\Toolboxes\Data Management Tools.tbx\CalculateField" Date="20180912" Time="100200">CalculateField Merged_PAs+_as_of_August,_2018 DEL_STATUS "Delineated" VB #</Process><Process ToolSource="c:\program files (x86)\arcgis\desktop10.2\ArcToolbox\Toolboxes\Data Management Tools.tbx\CalculateField" Date="20180912" Time="100222">CalculateField Merged_PAs+_as_of_August,_2018 Land_Area [AREA_Has] VB #</Process><Process ToolSource="c:\program files (x86)\arcgis\desktop10.2\ArcToolbox\Toolboxes\Data Management Tools.tbx\CalculateField" Date="20180912" Time="113634">CalculateField Merged_PAs+_as_of_August,_2018 Land_Area 0 VB #</Process><Process ToolSource="c:\program files (x86)\arcgis\desktop10.2\ArcToolbox\Toolboxes\Data Management Tools.tbx\CalculateField" Date="20180912" Time="113638">CalculateField Merged_PAs+_as_of_August,_2018 Sea_Area 0 VB #</Process><Process ToolSource="c:\program files (x86)\arcgis\desktop10.2\ArcToolbox\Toolboxes\Data Management Tools.tbx\CalculateField" Date="20180912" Time="114747">CalculateField Merged_PAs+_as_of_August,_2018 Sea_Remark "With Sea Area" VB #</Process><Process ToolSource="c:\program files (x86)\arcgis\desktop10.2\ArcToolbox\Toolboxes\Data Management Tools.tbx\CalculateField" Date="20180912" Time="120524">CalculateField Merged_PAs+_as_of_August,_2018 Sea_Area "[AREA_Has] - [Land_Area]" VB #</Process><Process ToolSource="c:\program files (x86)\arcgis\desktop10.2\ArcToolbox\Toolboxes\Data Management Tools.tbx\CalculateField" Date="20180912" Time="120718">CalculateField Merged_PAs+_as_of_August,_2018 Sea_Area "[AREA_Has] - [Land_Area]" VB #</Process><Process ToolSource="c:\program files (x86)\arcgis\desktop10.2\ArcToolbox\Toolboxes\Data Management Tools.tbx\CalculateField" Date="20180912" Time="121855">CalculateField Merged_PAs+_as_of_August,_2018 Land_Area 21.6568 VB #</Process><Process ToolSource="c:\program files (x86)\arcgis\desktop10.2\ArcToolbox\Toolboxes\Data Management Tools.tbx\CalculateField" Date="20180912" Time="121939">CalculateField Merged_PAs+_as_of_August,_2018 Sea_Area "[Land_Area] - [AREA_Has]" VB #</Process><Process ToolSource="c:\program files (x86)\arcgis\desktop10.2\ArcToolbox\Toolboxes\Data Management Tools.tbx\CalculateField" Date="20180912" Time="121949">CalculateField Merged_PAs+_as_of_August,_2018 Sea_Area "[AREA_Has] - [Land_Area]" VB #</Process><Process ToolSource="c:\program files (x86)\arcgis\desktop10.2\ArcToolbox\Toolboxes\Data Management Tools.tbx\CalculateField" Date="20180912" Time="122149">CalculateField Merged_PAs+_as_of_August,_2018 Land_Area 2283.782 VB #</Process><Process ToolSource="c:\program files (x86)\arcgis\desktop10.2\ArcToolbox\Toolboxes\Data Management Tools.tbx\CalculateField" Date="20180912" Time="122157">CalculateField Merged_PAs+_as_of_August,_2018 Sea_Area "[AREA_Has] - [Land_Area]" VB #</Process><Process ToolSource="c:\program files (x86)\arcgis\desktop10.2\ArcToolbox\Toolboxes\Data Management Tools.tbx\CalculateField" Date="20180912" Time="172116">CalculateField Merged_PAs+_as_of_August,_2018 LEGALBASIS "Proclamation 192 s. 1987 / Proc. 24 s. 1945 / E-NIPAS (RA-11038)" VB #</Process><Process ToolSource="c:\program files (x86)\arcgis\desktop10.2\ArcToolbox\Toolboxes\Data Management Tools.tbx\CalculateField" Date="20180912" Time="172154">CalculateField Merged_PAs+_as_of_August,_2018 LEGALBASIS "Proclamation 192 s. 1987 / Proc. 24 s. 1945 / E-NIPAS (RA-11038)" VB #</Process><Process ToolSource="c:\program files (x86)\arcgis\desktop10.2\ArcToolbox\Toolboxes\Data Management Tools.tbx\CalculateField" Date="20180912" Time="172301">CalculateField Merged_PAs+_as_of_August,_2018 LEGALBASIS "Proclamation 723 s. 2004 / Proc. 42 s. 1954 / E-NIPAS (RA-11038)" VB #</Process><Process ToolSource="c:\program files (x86)\arcgis\desktop10.2\ArcToolbox\Toolboxes\Data Management Tools.tbx\CalculateField" Date="20180912" Time="183733">CalculateField Merged_PAs+_as_of_August,_2018 Sea_Remark "With Sea Area" VB #</Process><Process ToolSource="c:\program files (x86)\arcgis\desktop10.2\ArcToolbox\Toolboxes\Data Management Tools.tbx\CalculateField" Date="20180912" Time="183916">CalculateField Merged_PAs+_as_of_August,_2018 Land_Area 494.9248 VB #</Process><Process ToolSource="c:\program files (x86)\arcgis\desktop10.2\ArcToolbox\Toolboxes\Data Management Tools.tbx\CalculateField" Date="20180912" Time="183927">CalculateField Merged_PAs+_as_of_August,_2018 Sea_Area "[AREA_Has]- [Land_Area]" VB #</Process><Process ToolSource="c:\program files (x86)\arcgis\desktop10.2\ArcToolbox\Toolboxes\Data Management Tools.tbx\CalculateField" Date="20180912" Time="184544">CalculateField Merged_PAs+_as_of_August,_2018 Land_Area 145.9062 VB #</Process><Process ToolSource="c:\program files (x86)\arcgis\desktop10.2\ArcToolbox\Toolboxes\Data Management Tools.tbx\CalculateField" Date="20180912" Time="184553">CalculateField Merged_PAs+_as_of_August,_2018 Sea_Area "[AREA_Has] - [Land_Area]" VB #</Process><Process ToolSource="c:\program files (x86)\arcgis\desktop10.2\ArcToolbox\Toolboxes\Data Management Tools.tbx\CalculateField" Date="20180912" Time="184655">CalculateField Merged_PAs+_as_of_August,_2018 Sea_Remark "With Sea Area" VB #</Process><Process ToolSource="c:\program files (x86)\arcgis\desktop10.2\ArcToolbox\Toolboxes\Data Management Tools.tbx\CalculateField" Date="20180913" Time="164926">CalculateField Merged_PAs+_as_of_August,_2018 MPSA2018 "With MPSA" VB #</Process><Process ToolSource="c:\program files (x86)\arcgis\desktop10.2\ArcToolbox\Toolboxes\Data Management Tools.tbx\CalculateField" Date="20180913" Time="164930">CalculateField Merged_PAs+_as_of_August,_2018 MPSA2017 "With MPSA" VB #</Process><Process ToolSource="c:\program files (x86)\arcgis\desktop10.2\ArcToolbox\Toolboxes\Data Management Tools.tbx\CalculateField" Date="20180913" Time="194332">CalculateField Merged_PAs+_as_of_August,_2018 AREA_Has "[Land_Area] + [Sea_Area]" VB #</Process><Process ToolSource="c:\program files (x86)\arcgis\desktop10.2\ArcToolbox\Toolboxes\Data Management Tools.tbx\CalculateField" Date="20180913" Time="194706">CalculateField Merged_PAs+_as_of_August,_2018 No_of_MPSA "[AREA_Has] - [Land_Area]" VB #</Process><Process ToolSource="c:\program files (x86)\arcgis\desktop10.2\ArcToolbox\Toolboxes\Data Management Tools.tbx\CalculateField" Date="20180913" Time="200933">CalculateField Merged_PAs+_as_of_August,_2018 No_of_MPSA 0 VB #</Process><Process ToolSource="c:\program files (x86)\arcgis\desktop10.2\ArcToolbox\Toolboxes\Data Management Tools.tbx\CalculateField" Date="20180913" Time="202347">CalculateField Merged_PAs+_as_of_August,_2018 No_of_MPSA "[Land_Area] + [Sea_Area]" VB #</Process><Process ToolSource="c:\program files (x86)\arcgis\desktop10.2\ArcToolbox\Toolboxes\Data Management Tools.tbx\CalculateField" Date="20180913" Time="202430">CalculateField Merged_PAs+_as_of_August,_2018 No_of_MPSA 0 VB #</Process><Process ToolSource="c:\program files (x86)\arcgis\desktop10.2\ArcToolbox\Toolboxes\Data Management Tools.tbx\CalculateField" Date="20180913" Time="202437">CalculateField Merged_PAs+_as_of_August,_2018 MPSA_AREA "[Land_Area] + [Sea_Area]" VB #</Process><Process ToolSource="c:\program files (x86)\arcgis\desktop10.2\ArcToolbox\Toolboxes\Data Management Tools.tbx\CalculateField" Date="20180913" Time="202518">CalculateField Merged_PAs+_as_of_August,_2018 MPSA_AREA "[AREA_Has] - [Land_Area]" VB #</Process><Process ToolSource="c:\program files (x86)\arcgis\desktop10.2\ArcToolbox\Toolboxes\Data Management Tools.tbx\CalculateField" Date="20180913" Time="202740">CalculateField Merged_PAs+_as_of_August,_2018 MPSA_AREA "[Land_Area] + [Sea_Area]" VB #</Process><Process ToolSource="c:\program files (x86)\arcgis\desktop10.2\ArcToolbox\Toolboxes\Data Management Tools.tbx\CalculateField" Date="20180913" Time="203153">CalculateField Merged_PAs+_as_of_August,_2018 AREA_Has 181.63 VB #</Process><Process ToolSource="c:\program files (x86)\arcgis\desktop10.2\ArcToolbox\Toolboxes\Data Management Tools.tbx\CalculateField" Date="20180914" Time="092547">CalculateField Merged_PAs+_as_of_August,_2018 Sea_Area "[AREA_Has] - [Land_Area]" VB #</Process><Process ToolSource="c:\program files (x86)\arcgis\desktop10.2\ArcToolbox\Toolboxes\Data Management Tools.tbx\CalculateField" Date="20180914" Time="100356">CalculateField Merged_PAs+_as_of_August,_2018 MPSA_AREA 0 VB #</Process><Process ToolSource="c:\program files (x86)\arcgis\desktop10.2\ArcToolbox\Toolboxes\Data Management Tools.tbx\CalculateField" Date="20180914" Time="100806">CalculateField Merged_PAs+_as_of_August,_2018 MPSA_AREA 13016.7394 VB #</Process><Process ToolSource="c:\program files (x86)\arcgis\desktop10.2\ArcToolbox\Toolboxes\Data Management Tools.tbx\CalculateField" Date="20180914" Time="100814">CalculateField Merged_PAs+_as_of_August,_2018 MPSA_AREA 0.2501 VB #</Process><Process ToolSource="c:\program files (x86)\arcgis\desktop10.2\ArcToolbox\Toolboxes\Data Management Tools.tbx\CalculateField" Date="20180914" Time="100820">CalculateField Merged_PAs+_as_of_August,_2018 MPSA_AREA 7.5498 VB #</Process><Process ToolSource="c:\program files (x86)\arcgis\desktop10.2\ArcToolbox\Toolboxes\Data Management Tools.tbx\CalculateField" Date="20180914" Time="100833">CalculateField Merged_PAs+_as_of_August,_2018 MPSA_AREA 6.5763 VB #</Process><Process ToolSource="c:\program files (x86)\arcgis\desktop10.2\ArcToolbox\Toolboxes\Data Management Tools.tbx\CalculateField" Date="20180914" Time="100840">CalculateField Merged_PAs+_as_of_August,_2018 MPSA_AREA 1164.6533 VB #</Process><Process ToolSource="c:\program files (x86)\arcgis\desktop10.2\ArcToolbox\Toolboxes\Data Management Tools.tbx\CalculateField" Date="20180914" Time="100847">CalculateField Merged_PAs+_as_of_August,_2018 MPSA_AREA 954.3895 VB #</Process><Process ToolSource="c:\program files (x86)\arcgis\desktop10.2\ArcToolbox\Toolboxes\Data Management Tools.tbx\CalculateField" Date="20180914" Time="100859">CalculateField Merged_PAs+_as_of_August,_2018 MPSA_AREA 1137.5189 VB #</Process><Process ToolSource="c:\program files (x86)\arcgis\desktop10.2\ArcToolbox\Toolboxes\Data Management Tools.tbx\CalculateField" Date="20180914" Time="100916">CalculateField Merged_PAs+_as_of_August,_2018 MPSA_AREA 96.7249 VB #</Process><Process ToolSource="c:\program files (x86)\arcgis\desktop10.2\ArcToolbox\Toolboxes\Data Management Tools.tbx\CalculateField" Date="20180914" Time="100923">CalculateField Merged_PAs+_as_of_August,_2018 MPSA_AREA 31.899 VB #</Process><Process ToolSource="c:\program files (x86)\arcgis\desktop10.2\ArcToolbox\Toolboxes\Data Management Tools.tbx\CalculateField" Date="20180914" Time="100933">CalculateField Merged_PAs+_as_of_August,_2018 MPSA_AREA 6980.5668 VB #</Process><Process ToolSource="c:\program files (x86)\arcgis\desktop10.2\ArcToolbox\Toolboxes\Data Management Tools.tbx\CalculateField" Date="20180914" Time="100940">CalculateField Merged_PAs+_as_of_August,_2018 MPSA_AREA 106.1421 VB #</Process><Process ToolSource="c:\program files (x86)\arcgis\desktop10.2\ArcToolbox\Toolboxes\Data Management Tools.tbx\CalculateField" Date="20180914" Time="100950">CalculateField Merged_PAs+_as_of_August,_2018 MPSA_AREA 2.085 VB #</Process><Process ToolSource="c:\program files (x86)\arcgis\desktop10.2\ArcToolbox\Toolboxes\Data Management Tools.tbx\CalculateField" Date="20180914" Time="100956">CalculateField Merged_PAs+_as_of_August,_2018 MPSA_AREA 155.8296 VB #</Process><Process ToolSource="c:\program files (x86)\arcgis\desktop10.2\ArcToolbox\Toolboxes\Data Management Tools.tbx\CalculateField" Date="20180914" Time="101003">CalculateField Merged_PAs+_as_of_August,_2018 MPSA_AREA 13.1208 VB #</Process><Process ToolSource="c:\program files (x86)\arcgis\desktop10.2\ArcToolbox\Toolboxes\Data Management Tools.tbx\CalculateField" Date="20180914" Time="101019">CalculateField Merged_PAs+_as_of_August,_2018 MPSA_AREA 7.5057 VB #</Process><Process ToolSource="c:\program files (x86)\arcgis\desktop10.2\ArcToolbox\Toolboxes\Data Management Tools.tbx\CalculateField" Date="20180914" Time="101032">CalculateField Merged_PAs+_as_of_August,_2018 MPSA_AREA 2559.5765 VB #</Process><Process ToolSource="c:\program files (x86)\arcgis\desktop10.2\ArcToolbox\Toolboxes\Data Management Tools.tbx\CalculateField" Date="20180914" Time="101038">CalculateField Merged_PAs+_as_of_August,_2018 MPSA_AREA 282.6749 VB #</Process><Process ToolSource="c:\program files (x86)\arcgis\desktop10.2\ArcToolbox\Toolboxes\Data Management Tools.tbx\CalculateField" Date="20180914" Time="101051">CalculateField Merged_PAs+_as_of_August,_2018 MPSA_AREA 17495.6164 VB #</Process><Process ToolSource="c:\program files (x86)\arcgis\desktop10.2\ArcToolbox\Toolboxes\Data Management Tools.tbx\CalculateField" Date="20180914" Time="101058">CalculateField Merged_PAs+_as_of_August,_2018 MPSA_AREA 15.9144 VB #</Process><Process ToolSource="c:\program files (x86)\arcgis\desktop10.2\ArcToolbox\Toolboxes\Data Management Tools.tbx\CalculateField" Date="20180914" Time="101110">CalculateField Merged_PAs+_as_of_August,_2018 MPSA_AREA 5857.5936 VB #</Process><Process ToolSource="c:\program files (x86)\arcgis\desktop10.2\ArcToolbox\Toolboxes\Data Management Tools.tbx\CalculateField" Date="20180914" Time="101126">CalculateField Merged_PAs+_as_of_August,_2018 MPSA_AREA 349.9961 VB #</Process><Process ToolSource="c:\program files (x86)\arcgis\desktop10.2\ArcToolbox\Toolboxes\Data Management Tools.tbx\CalculateField" Date="20180914" Time="101138">CalculateField Merged_PAs+_as_of_August,_2018 MPSA_AREA 41.7287 VB #</Process><Process ToolSource="c:\program files (x86)\arcgis\desktop10.2\ArcToolbox\Toolboxes\Data Management Tools.tbx\CalculateField" Date="20180914" Time="101152">CalculateField Merged_PAs+_as_of_August,_2018 MPSA_AREA 502.3653 VB #</Process><Process ToolSource="c:\program files (x86)\arcgis\desktop10.2\ArcToolbox\Toolboxes\Data Management Tools.tbx\CalculateField" Date="20180914" Time="101204">CalculateField Merged_PAs+_as_of_August,_2018 MPSA_AREA 896.9126 VB #</Process><Process ToolSource="c:\program files (x86)\arcgis\desktop10.2\ArcToolbox\Toolboxes\Data Management Tools.tbx\CalculateField" Date="20190228" Time="140006">CalculateField "Protected Areas" PANAME "Mts. Iglit-Baco Natural Park" VB #</Process><Process ToolSource="c:\program files (x86)\arcgis\desktop10.2\ArcToolbox\Toolboxes\Data Management Tools.tbx\CalculateField" Date="20190607" Time="144708">CalculateField Protected_Areas_as_of_2019-5 PANAME "Las Piñas Parañaque Critical Habitat and Ecotourism Area" VB #</Process><Process ToolSource="c:\program files (x86)\arcgis\desktop10.2\ArcToolbox\Toolboxes\Data Management Tools.tbx\CalculateField" Date="20190607" Time="144809">CalculateField Protected_Areas_as_of_2019-5 PANAME "Tumauini Watershed Natural Park" VB #</Process><Process ToolSource="c:\program files (x86)\arcgis\desktop10.2\ArcToolbox\Toolboxes\Data Management Tools.tbx\CalculateField" Date="20190607" Time="144852">CalculateField Protected_Areas_as_of_2019-5 PANAME "Mt. Kalatungan Range Natural Park" VB #</Process><Process ToolSource="c:\program files (x86)\arcgis\desktop10.2\ArcToolbox\Toolboxes\Data Management Tools.tbx\CalculateField" Date="20190607" Time="145052">CalculateField Protected_Areas_as_of_2019-5 PANAME "Dumanquilas Bay Protected Landscape and Seascape" VB #</Process><Process ToolSource="c:\program files (x86)\arcgis\desktop10.2\ArcToolbox\Toolboxes\Data Management Tools.tbx\CalculateField" Date="20190618" Time="143124">CalculateField Protected_Areas_as_of_2019-6 2010_18_Fu "Ecotourism" VB #</Process><Process ToolSource="c:\program files (x86)\arcgis\desktop10.2\ArcToolbox\Toolboxes\Data Management Tools.tbx\CalculateField" Date="20190618" Time="143644">CalculateField Protected_Areas_as_of_2019-6 2010_18_Fu "[2010_18_Fu] &amp; " Habitat Protection"" VB #</Process><Process ToolSource="c:\program files (x86)\arcgis\desktop10.2\ArcToolbox\Toolboxes\Data Management Tools.tbx\CalculateField" Date="20190618" Time="143724">CalculateField Protected_Areas_as_of_2019-6 2010_18_Fu "Habitat Protection" VB #</Process><Process ToolSource="c:\program files (x86)\arcgis\desktop10.2\ArcToolbox\Toolboxes\Data Management Tools.tbx\CalculateField" Date="20190618" Time="143800">CalculateField Protected_Areas_as_of_2019-6 2010_18_Fu "Ecotourism and Habitat Protection" VB #</Process><Process ToolSource="c:\program files (x86)\arcgis\desktop10.2\ArcToolbox\Toolboxes\Data Management Tools.tbx\CalculateField" Date="20190618" Time="150000">CalculateField Protected_Areas_as_of_2019-6 2010_18_Fu "Ecotourism and Habitat Protection" VB #</Process><Process ToolSource="c:\program files (x86)\arcgis\desktop10.2\ArcToolbox\Toolboxes\Data Management Tools.tbx\CalculateField" Date="20190725" Time="091831">CalculateField Protected_Areas_as_of_2019-6 CATEGORY "Watershed Forest Reserve" VB #</Process><Process ToolSource="c:\program files (x86)\arcgis\desktop10.2\ArcToolbox\Toolboxes\Data Management Tools.tbx\CalculateField" Date="20190725" Time="091859">CalculateField Protected_Areas_as_of_2019-6 PANAME "Cabadbaran River Watershed Forest Reserve" VB #</Process><Process ToolSource="c:\program files (x86)\arcgis\desktop10.2\ArcToolbox\Toolboxes\Data Management Tools.tbx\CalculateField" Date="20200217" Time="125140">CalculateField Protected_Areas_as_of_2020-2 LEGALSTATU "Legislated" VB #</Process><Process ToolSource="c:\program files (x86)\arcgis\desktop10.4\ArcToolbox\Toolboxes\Data Management Tools.tbx\CalculateField" Date="20201217" Time="101250">CalculateField Protected_Areas_as_of_2020-2 ECOSYSTEM2 "Terrestrial and Marine" VB #</Process><Process ToolSource="c:\program files (x86)\arcgis\desktop10.4\ArcToolbox\Toolboxes\Data Management Tools.tbx\CalculateField" Date="20201217" Time="101301">CalculateField Protected_Areas_as_of_2020-2 ECOSYSTEM2 [ECOSYSTEM] VB #</Process><Process ToolSource="c:\program files (x86)\arcgis\desktop10.4\ArcToolbox\Toolboxes\Data Management Tools.tbx\CalculateField" Date="20201229" Time="081650">CalculateField Protected_Areas_as_of_2020-2 REMARKS "Subject for PASA" VB #</Process><Process ToolSource="c:\program files (x86)\arcgis\desktop10.4\ArcToolbox\Toolboxes\Data Management Tools.tbx\CalculateField" Date="20201229" Time="084412">CalculateField Protected_Areas_as_of_2020-2 REGION 3 VB #</Process><Process ToolSource="c:\program files (x86)\arcgis\desktop10.4\ArcToolbox\Toolboxes\Data Management Tools.tbx\CalculateField" Date="20201229" Time="084436">CalculateField Protected_Areas_as_of_2020-2 REGION "4A" VB #</Process><Process ToolSource="c:\program files (x86)\arcgis\desktop10.4\ArcToolbox\Toolboxes\Data Management Tools.tbx\CalculateField" Date="20210208" Time="090543">CalculateField "Protected Area" LegStatCod "IC" VB #</Process><Process ToolSource="c:\program files (x86)\arcgis\desktop10.4\ArcToolbox\Toolboxes\Data Management Tools.tbx\CalculateField" Date="20210208" Time="090613">CalculateField "Protected Area" LegStatCod "L" VB #</Process><Process ToolSource="c:\program files (x86)\arcgis\desktop10.4\ArcToolbox\Toolboxes\Data Management Tools.tbx\CalculateField" Date="20210208" Time="090644">CalculateField "Protected Area" LegStatCod "P" VB #</Process><Process ToolSource="c:\program files (x86)\arcgis\desktop10.8\ArcToolbox\Toolboxes\Data Management Tools.tbx\DefineProjection" Date="20210611" Time="095911">DefineProjection Protected_Areas_as_of_2020-2 PROJCS['Luzon_1911_UTM_Zone_51N',GEOGCS['GCS_Luzon_1911',DATUM['D_Luzon_1911',SPHEROID['Clarke_1866',6378206.4,294.9786982]],PRIMEM['Greenwich',0.0],UNIT['Degree',0.0174532925199433]],PROJECTION['Transverse_Mercator'],PARAMETER['False_Easting',500000.0],PARAMETER['False_Northing',0.0],PARAMETER['Central_Meridian',123.0],PARAMETER['Scale_Factor',0.9996],PARAMETER['Latitude_Of_Origin',0.0],UNIT['Meter',1.0]]</Process><Process ToolSource="c:\program files (x86)\arcgis\desktop10.8\ArcToolbox\Toolboxes\Data Management Tools.tbx\CalculateField" Date="20220328" Time="134507">CalculateField "Protected Areas  (244)(7.76m has.)" PANAME "Siargao Island Protected Landscape and Seascape" VB #</Process><Process ToolSource="c:\program files (x86)\arcgis\desktop10.8\ArcToolbox\Toolboxes\Data Management Tools.tbx\Merge" Date="20220511" Time="100118">Merge Protected_Areas_2022A(241PAs)_Luzon1911;Protected_Areas_2022B5PAs_PR D:\Sep\Documents\ArcGIS\Default.gdb\Protected_Areas_2022A241PAs_ "WDPAID "WDPAID" true true false 30 Text 0 0 ,First,#,Protected_Areas_2022A(241PAs)_Luzon1911,WDPAID,-1,-1,Protected_Areas_2022B5PAs_PR,WDPAID,-1,-1;PANAME "PANAME" true true false 250 Text 0 0 ,First,#,Protected_Areas_2022A(241PAs)_Luzon1911,PANAME,-1,-1,Protected_Areas_2022B5PAs_PR,PANAME,-1,-1;REGION "REGION" true true false 5 Text 0 0 ,First,#,Protected_Areas_2022A(241PAs)_Luzon1911,REGION,-1,-1,Protected_Areas_2022B5PAs_PR,REGION,-1,-1;ECOSYSTEM "ECOSYSTEM" true true false 25 Text 0 0 ,First,#,Protected_Areas_2022A(241PAs)_Luzon1911,ECOSYSTEM,-1,-1,Protected_Areas_2022B5PAs_PR,ECOSYSTEM,-1,-1;PA_CODE "PA_CODE" true true false 5 Text 0 0 ,First,#,Protected_Areas_2022A(241PAs)_Luzon1911,PA_CODE,-1,-1,Protected_Areas_2022B5PAs_PR,PA_CODE,-1,-1;BioGeoZone "BioGeoZone" true true false 50 Text 0 0 ,First,#,Protected_Areas_2022A(241PAs)_Luzon1911,BioGeoZone,-1,-1,Protected_Areas_2022B5PAs_PR,BioGeoZone,-1,-1;PA_CODE2 "PA_CODE2" true true false 10 Text 0 0 ,First,#,Protected_Areas_2022A(241PAs)_Luzon1911,PA_CODE2,-1,-1,Protected_Areas_2022B5PAs_PR,PA_CODE2,-1,-1;PROVINCE "PROVINCE" true true false 50 Text 0 0 ,First,#,Protected_Areas_2022A(241PAs)_Luzon1911,PROVINCE,-1,-1,Protected_Areas_2022B5PAs_PR,PROVINCE,-1,-1;MUN_CITY "MUN_CITY" true true false 50 Text 0 0 ,First,#,Protected_Areas_2022A(241PAs)_Luzon1911,MUN_CITY,-1,-1,Protected_Areas_2022B5PAs_PR,MUN_CITY,-1,-1;LEGALBASIS "LEGALBASIS" true true false 100 Text 0 0 ,First,#,Protected_Areas_2022A(241PAs)_Luzon1911,LEGALBASIS,-1,-1,Protected_Areas_2022B5PAs_PR,LEGALBASIS,-1,-1;LEGALSTATU "LEGALSTATU" true true false 100 Text 0 0 ,First,#,Protected_Areas_2022A(241PAs)_Luzon1911,LEGALSTATU,-1,-1,Protected_Areas_2022B5PAs_PR,LEGALSTATU,-1,-1;CATEGORY "CATEGORY" true true false 100 Text 0 0 ,First,#,Protected_Areas_2022A(241PAs)_Luzon1911,CATEGORY,-1,-1,Protected_Areas_2022B5PAs_PR,CATEGORY,-1,-1;VAL_STATUS "VAL_STATUS" true true false 50 Text 0 0 ,First,#,Protected_Areas_2022A(241PAs)_Luzon1911,VAL_STATUS,-1,-1,Protected_Areas_2022B5PAs_PR,VAL_STATUS,-1,-1;DEL_STATUS "DEL_STATUS" true true false 50 Text 0 0 ,First,#,Protected_Areas_2022A(241PAs)_Luzon1911,DEL_STATUS,-1,-1,Protected_Areas_2022B5PAs_PR,DEL_STATUS,-1,-1;REMARKS "REMARKS" true true false 150 Text 0 0 ,First,#,Protected_Areas_2022A(241PAs)_Luzon1911,REMARKS,-1,-1,Protected_Areas_2022B5PAs_PR,REMARKS,-1,-1;MPSA2017 "MPSA2017" true true false 50 Text 0 0 ,First,#,Protected_Areas_2022A(241PAs)_Luzon1911,MPSA2017,-1,-1,Protected_Areas_2022B5PAs_PR,MPSA2017,-1,-1;MPSA2018 "MPSA2018" true true false 50 Text 0 0 ,First,#,Protected_Areas_2022A(241PAs)_Luzon1911,MPSA2018,-1,-1,Protected_Areas_2022B5PAs_PR,MPSA2018,-1,-1;Land_Area "Land_Area" true true false 13 Double 4 12 ,First,#,Protected_Areas_2022A(241PAs)_Luzon1911,Land_Area,-1,-1,Protected_Areas_2022B5PAs_PR,Land_Area,-1,-1;Sea_Area "Sea_Area" true true false 13 Double 4 12 ,First,#,Protected_Areas_2022A(241PAs)_Luzon1911,Sea_Area,-1,-1,Protected_Areas_2022B5PAs_PR,Sea_Area,-1,-1;Sea_Remark "Sea_Remark" true true false 50 Text 0 0 ,First,#,Protected_Areas_2022A(241PAs)_Luzon1911,Sea_Remark,-1,-1,Protected_Areas_2022B5PAs_PR,Sea_Remark,-1,-1;No_of_MPSA "No_of_MPSA" true true false 20 Text 0 0 ,First,#,Protected_Areas_2022A(241PAs)_Luzon1911,No_of_MPSA,-1,-1,Protected_Areas_2022B5PAs_PR,No_of_MPSA,-1,-1;MPSA_AREA "MPSA_AREA" true true false 13 Double 4 12 ,First,#,Protected_Areas_2022A(241PAs)_Luzon1911,MPSA_AREA,-1,-1,Protected_Areas_2022B5PAs_PR,MPSA_AREA,-1,-1;AREA_Has "AREA_Has" true true false 13 Double 4 12 ,First,#,Protected_Areas_2022A(241PAs)_Luzon1911,AREA_Has,-1,-1,Protected_Areas_2022B5PAs_PR,AREA_Has,-1,-1;REMARKS_2 "REMARKS_2" true true false 50 Text 0 0 ,First,#,Protected_Areas_2022A(241PAs)_Luzon1911,REMARKS_2,-1,-1,Protected_Areas_2022B5PAs_PR,REMARKS_2,-1,-1;F2010_18_Fu "F2010_18_Fu" true true false 50 Text 0 0 ,First,#,Protected_Areas_2022A(241PAs)_Luzon1911,2010_18_Fu,-1,-1,Protected_Areas_2022B5PAs_PR,F2010_18_Fu,-1,-1;ECOSYSTEM2 "ECOSYSTEM2" true true false 50 Text 0 0 ,First,#,Protected_Areas_2022A(241PAs)_Luzon1911,ECOSYSTEM2,-1,-1,Protected_Areas_2022B5PAs_PR,ECOSYSTEM2,-1,-1;LegStatCod "LegStatCod" true true false 5 Text 0 0 ,First,#,Protected_Areas_2022A(241PAs)_Luzon1911,LegStatCod,-1,-1,Protected_Areas_2022B5PAs_PR,LegStatCod,-1,-1;Shape_Length "Shape_Length" false true true 8 Double 0 0 ,First,#,Protected_Areas_2022B5PAs_PR,Shape_Length,-1,-1;Shape_Area "Shape_Area" false true true 8 Double 0 0 ,First,#,Protected_Areas_2022B5PAs_PR,Shape_Area,-1,-1"</Process><Process ToolSource="c:\program files (x86)\arcgis\desktop10.8\ArcToolbox\Toolboxes\Data Management Tools.tbx\CalculateField" Date="20220712" Time="091038">CalculateField Protected_Areas_2022_temp_merge_(247_PAs)_Luzon1911 DEL_STATUS "Plotted TD from RA" VB #</Process><Process ToolSource="c:\program files (x86)\arcgis\desktop10.8\ArcToolbox\Toolboxes\Data Management Tools.tbx\CalculateField" Date="20220721" Time="150741">CalculateField Protected_Areas_2022_temp_merge_(247_PAs)_Luzon1911 MPSA_AREA 0 VB #</Process><Process ToolSource="c:\program files (x86)\arcgis\desktop10.8\ArcToolbox\Toolboxes\Data Management Tools.tbx\CalculateField" Date="20220721" Time="152347">CalculateField Protected_Areas_2022_temp_merge_(247_PAs)_Luzon1911 MPSA_AREA "[Land_Area]+ [Sea_Area]" VB #</Process><Process ToolSource="c:\program files (x86)\arcgis\desktop10.8\ArcToolbox\Toolboxes\Data Management Tools.tbx\CalculateField" Date="20220804" Time="094028">CalculateField Protected_Areas_2022_temp_merge_(247_PAs)_Luzon1911 PANAME "Tugbo Protected Landscape" VB #</Process></lineage><itemProps><itemName Sync="TRUE">Protected_Areas_2022_Luzon1911_simple_attri</itemName><imsContentType Sync="TRUE">002</imsContentType><itemLocation><linkage Sync="TRUE">file://\\DESKTOP-T0HCQ1N\D$\GIS Thematic Maps\PAs\Protected_Areas_2022_Luzon1911_simple_attri.shp</linkage><protocol Sync="TRUE">Local Area Network</protocol></itemLocation><nativeExtBox><westBL Sync="TRUE">-170683.130500</westBL><eastBL Sync="TRUE">897068.365300</eastBL><southBL Sync="TRUE">608286.373200</southBL><northBL Sync="TRUE">2342613.865400</northBL><exTypeCode Sync="TRUE">1</exTypeCode></nativeExtBox><itemSize Sync="TRUE">7.719</itemSize></itemProps><coordRef><type Sync="TRUE">Projected</type><geogcsn Sync="TRUE">GCS_Luzon_1911</geogcsn><csUnits Sync="TRUE">Linear Unit: Meter (1.000000)</csUnits><projcsn Sync="TRUE">Luzon_1911_UTM_Zone_51N</projcsn><peXml Sync="TRUE">&lt;ProjectedCoordinateSystem xsi:type='typens:ProjectedCoordinateSystem' xmlns:xsi='http://www.w3.org/2001/XMLSchema-instance' xmlns:xs='http://www.w3.org/2001/XMLSchema' xmlns:typens='http://www.esri.com/schemas/ArcGIS/10.4'&gt;&lt;WKT&gt;PROJCS[&amp;quot;Luzon_1911_UTM_Zone_51N&amp;quot;,GEOGCS[&amp;quot;GCS_Luzon_1911&amp;quot;,DATUM[&amp;quot;D_Luzon_1911&amp;quot;,SPHEROID[&amp;quot;Clarke_1866&amp;quot;,6378206.4,294.9786982]],PRIMEM[&amp;quot;Greenwich&amp;quot;,0.0],UNIT[&amp;quot;Degree&amp;quot;,0.0174532925199433]],PROJECTION[&amp;quot;Transverse_Mercator&amp;quot;],PARAMETER[&amp;quot;False_Easting&amp;quot;,500000.0],PARAMETER[&amp;quot;False_Northing&amp;quot;,0.0],PARAMETER[&amp;quot;Central_Meridian&amp;quot;,123.0],PARAMETER[&amp;quot;Scale_Factor&amp;quot;,0.9996],PARAMETER[&amp;quot;Latitude_Of_Origin&amp;quot;,0.0],UNIT[&amp;quot;Meter&amp;quot;,1.0],AUTHORITY[&amp;quot;Esri&amp;quot;,102454]]&lt;/WKT&gt;&lt;XOrigin&gt;-5121000&lt;/XOrigin&gt;&lt;YOrigin&gt;-9998000&lt;/YOrigin&gt;&lt;XYScale&gt;450450052.74759901&lt;/XYScale&gt;&lt;ZOrigin&gt;-100000&lt;/ZOrigin&gt;&lt;ZScale&gt;10000&lt;/ZScale&gt;&lt;MOrigin&gt;-100000&lt;/MOrigin&gt;&lt;MScale&gt;10000&lt;/MScale&gt;&lt;XYTolerance&gt;0.001&lt;/XYTolerance&gt;&lt;ZTolerance&gt;0.001&lt;/ZTolerance&gt;&lt;MTolerance&gt;0.001&lt;/MTolerance&gt;&lt;HighPrecision&gt;true&lt;/HighPrecision&gt;&lt;WKID&gt;102454&lt;/WKID&gt;&lt;LatestWKID&gt;102454&lt;/LatestWKID&gt;&lt;/ProjectedCoordinateSystem&gt;</peXml></coordRef><copyHistory><copy source="D:\GIS Thematic Maps\PAs\244 PAs\Protected_Areas_2022_Luzon1911_simple_attri" dest="\\DESKTOP-T0HCQ1N\D$\GIS Thematic Maps\PAs\Protected_Areas_2022_Luzon1911_simple_attri" date="20231220" time="16574600"></copy></copyHistory></DataProperties><SyncDate>20231220</SyncDate><SyncTime>16583000</SyncTime><ModDate>20231220</ModDate><ModTime>16583000</ModTime></Esri><dataIdInfo><envirDesc Sync="TRUE"> Version 6.2 (Build 9200) ; Esri ArcGIS 10.4.1.5686</envirDesc><dataLang><languageCode value="eng" Sync="TRUE"></languageCode><countryCode value="PHL" Sync="TRUE"></countryCode></dataLang><idCitation><resTitle Sync="TRUE">Protected_Areas_2022_Luzon1911_simple_attri</resTitle><presForm><PresFormCd value="005" Sync="TRUE"></PresFormCd></presForm></idCitation><spatRpType><SpatRepTypCd value="001" Sync="TRUE"></SpatRepTypCd></spatRpType><dataExt><geoEle><GeoBndBox esriExtentType="search"><exTypeCode Sync="TRUE">1</exTypeCode><westBL Sync="TRUE">116.554252</westBL><eastBL Sync="TRUE">126.822061</eastBL><northBL Sync="TRUE">21.186172</northBL><southBL Sync="TRUE">5.472931</southBL></GeoBndBox></geoEle></dataExt></dataIdInfo><mdLang><languageCode value="eng" Sync="TRUE"></languageCode><countryCode value="PHL" Sync="TRUE"></countryCode></mdLang><distInfo><distFormat><formatName Sync="TRUE">Shapefile</formatName></distFormat><distTranOps><transSize Sync="TRUE">7.719</transSize></distTranOps></distInfo><mdHrLv><ScopeCd value="005" Sync="TRUE"></ScopeCd></mdHrLv><mdHrLvName Sync="TRUE">dataset</mdHrLvName><refSysInfo><RefSystem><refSysID><identCode code="102454" Sync="TRUE"></identCode><idCodeSpace Sync="TRUE">Esri</idCodeSpace><idVersion Sync="TRUE">10.3.1</idVersion></refSysID></RefSystem></refSysInfo><spatRepInfo><VectSpatRep><geometObjs Name="Protected_Areas_2022_Luzon1911_simple_attri"><geoObjTyp><GeoObjTypCd value="002" Sync="TRUE"></GeoObjTypCd></geoObjTyp><geoObjCnt Sync="TRUE">248</geoObjCnt></geometObjs><topLvl><TopoLevCd value="001" Sync="TRUE"></TopoLevCd></topLvl></VectSpatRep></spatRepInfo><spdoinfo><ptvctinf><esriterm Name="Protected_Areas_2022_Luzon1911_simple_attri"><efeatyp Sync="TRUE">Simple</efeatyp><efeageom code="4" Sync="TRUE"></efeageom><esritopo Sync="TRUE">FALSE</esritopo><efeacnt Sync="TRUE">248</efeacnt><spindex Sync="TRUE">TRUE</spindex><linrefer Sync="TRUE">FALSE</linrefer></esriterm></ptvctinf></spdoinfo><eainfo><detailed Name="Protected_Areas_2022_Luzon1911_simple_attri"><enttyp><enttypl Sync="TRUE">Protected_Areas_2022_Luzon1911_simple_attri</enttypl><enttypt Sync="TRUE">Feature Class</enttypt><enttypc Sync="TRUE">248</enttypc></enttyp><attr><attrlabl Sync="TRUE">FID</attrlabl><attalias Sync="TRUE">FID</attalias><attrtype Sync="TRUE">OID</attrtype><attwidth Sync="TRUE">4</attwidth><atprecis Sync="TRUE">0</atprecis><attscale Sync="TRUE">0</attscale><attrdef Sync="TRUE">Internal feature number.</attrdef><attrdefs Sync="TRUE">Esri</attrdefs><attrdomv><udom Sync="TRUE">Sequential unique whole numbers that are automatically generated.</udom></attrdomv></attr><attr><attrlabl Sync="TRUE">OBJECTID</attrlabl><attalias Sync="TRUE">OBJECTID</attalias><attrtype Sync="TRUE">Integer</attrtype><attwidth Sync="TRUE">10</attwidth><atprecis Sync="TRUE">10</atprecis><attscale Sync="TRUE">0</attscale><attrdef Sync="TRUE">Internal feature number.</attrdef><attrdefs Sync="TRUE">Esri</attrdefs><attrdomv><udom Sync="TRUE">Sequential unique whole numbers that are automatically generated.</udom></attrdomv></attr><attr><attrlabl Sync="TRUE">Shape</attrlabl><attalias Sync="TRUE">Shape</attalias><attrtype Sync="TRUE">Geometry</attrtype><attwidth Sync="TRUE">0</attwidth><atprecis Sync="TRUE">0</atprecis><attscale Sync="TRUE">0</attscale><attrdef Sync="TRUE">Feature geometry.</attrdef><attrdefs Sync="TRUE">Esri</attrdefs><attrdomv><udom Sync="TRUE">Coordinates defining the features.</udom></attrdomv></attr><attr><attrlabl Sync="TRUE">PANAME</attrlabl><attalias Sync="TRUE">PANAME</attalias><attrtype Sync="TRUE">String</attrtype><attwidth Sync="TRUE">250</attwidth><atprecis Sync="TRUE">0</atprecis><attscale Sync="TRUE">0</attscale></attr><attr><attrlabl Sync="TRUE">REGION</attrlabl><attalias Sync="TRUE">REGION</attalias><attrtype Sync="TRUE">String</attrtype><attwidth Sync="TRUE">5</attwidth><atprecis Sync="TRUE">0</atprecis><attscale Sync="TRUE">0</attscale></attr><attr><attrlabl Sync="TRUE">AREA_Has</attrlabl><attalias Sync="TRUE">AREA_Has</attalias><attrtype Sync="TRUE">Double</attrtype><attwidth Sync="TRUE">19</attwidth><atprecis Sync="TRUE">0</atprecis><attscale Sync="TRUE">0</attscale></attr></detailed></eainfo><mdDateSt Sync="TRUE">20231220</mdDateSt><mdChar><CharSetCd value="004" Sync="TRUE"></CharSetCd></mdChar></metadata>
